tree
version=v4
num_class=1
num_tree_per_iteration=1
label_index=0
max_feature_idx=24
objective=binary sigmoid:1
feature_names=admission_age motor_max motor_last bun_min prob_m3 gcs_total_first prob_m2 bun_max gcs_motor_first gcs_eye_first motor_slope hemoglobin_max hematocrit_max creatinine_min prob_m1 temp_min rr_mean pt_max platelet_max wbc_min hemoglobin_min motor_sd pt_min platelet_min creatinine_max
feature_infos=[19:97] [1:6] [1:6] [2:143] [0:1] [3:15] [0:1] [3:154] [1:6] [1:4] [-0.28591935426937609:0.39346855108823675] [6.2000000000000002:17.300000000000001] [21.5:53.399999999999999] [0.10000000000000001:11.9] [0:1] [26.666666666666664:39.166666666666664] [10.4:32.529411764705884] [-1.9547185955332484:150] [14:1775] [0.10000000000000001:155.5] [1.8999999999999999:16.899999999999999] [0:2.8867513459481291] [8.3000000000000007:32.100000000000001] [5:1297] [0.29999999999999999:12.9]
tree_sizes=939 961 964 967 969 966 970 970 970 972 967 974 969 972 969 968 974 974 970 976 975 961 970 977 969 971 976 981 978 868 974 875 979 973 956 982 973 964 981 977 973 964 978 975 982 981 984 981 978 971 973 980 866 855 974 979 970 985 858 985 986 871 878 986 984 979 980 985 981 866 986 874 980 972 981 877 985 871 971 984 863 977 876 986 983 880 988 878 781 971 984 884 983 668 668 865 968 676 989 869 880 890 865 983 984 884 887 986 993 979 982 982 989 660 890 888 674 674 987 675 987 677 578 976 985 680 783 778 879 571 883 674 863 679 880 887 677 880 677 897 878 877 994 984 868 682 982 983 983 668 877 653 981 891 783 675 994 992 781 876 766 994 876 889 669 772 877 879 888 678 992 680 793 785 884 675 880 679 877 988 975 887 761 674 881 894 992 677 988 994 973 991 988 883 885 881 579 789 573 883 679 992 874 875 991 571 995 989 575 886 577 997 778 567 870 678 886 575 677 666 674 578 878 676 880 985 992 679 886 576 880 677 876 987 870 975 786 884 881 987 987 989 686 979 782 977 878 676 887 689 794 985 558 678 573 784 884 579 686 990 573 870 672 577 987 574 575 885 573 677 678 873 889 990 887 866 991 887 983 775 1000 779 989 677 988 679 779 992 879 780 984 877 780 580 784 783 984 886 874 678 684 571 787 573 787 896 676 883 883 888 574 993 987 571 672 779 679 572 887 895 776 987 988 984 572 781 869 890 888 988 575 676 575 1000 886 992 683 996 985 786 869 886 787 575 999 981 882 884 981 876 681 989 975 885 988 882 990 789 884 988 989 892 977 889 984 996 578 678 578 668 886 670 684 902 668 993 861 995 680 879 574 882 991 998 683 981 998 894 878 685 891 888 782 788 574 679 975 995 883 573

Tree=0
num_leaves=8
num_cat=0
split_feature=9 0 0 2 3 5 0
split_gain=906.267 413.773 158.693 282 131.187 98.3439 41.203
threshold=2.4643355279778301 75.500000000000014 48.500000000000007 4.5000000000000009 63.500000000000007 13.500000000000002 74.500000000000014
decision_type=2 2 2 2 2 2 2
left_child=2 4 3 -1 -2 -3 -4
right_child=1 5 6 -5 -6 -7 -8
leaf_value=-1.5829937664570934 -1.755340029917704 -1.6161464543785617 -1.6024075605008465 -1.7753070303146306 -1.5581694636205072 -1.6855773883822069 -1.5608500046203881
leaf_weight=17.775935888290409 85.604952692985535 35.439709722995758 34.60079687833786 11.177309036254881 3.1487395763397208 38.098315954208374 56.58870929479599
leaf_count=46 627 124 108 88 6 206 112
internal_value=-1.6585 -1.70474 -1.59605 -1.65724 -1.74834 -1.65212 -1.57662
internal_weight=282.434 162.292 120.143 28.9532 88.7537 73.538 91.1895
internal_count=1317 963 354 134 633 330 220
is_linear=0
shrinkage=1


Tree=1
num_leaves=8
num_cat=0
split_feature=2 0 22 1 0 9 2
split_gain=688.691 394.763 145.514 139.288 170.4 111.684 5.06219
threshold=5.4545080514575197 75.500000000000014 15.250000000000002 4.2231070829209783 59.500000000000007 3.0543010807556441 2.5000000000000004
decision_type=2 2 2 2 2 2 2
left_child=3 2 -2 6 -5 -3 -1
right_child=1 5 -4 4 -6 -7 -8
leaf_value=0.16881046664640767 -0.024077627456717141 0.11890442860383764 0.095189481550041838 0.02802085335161076 0.12505971614268444 0.043784582805449224 0.14770333335241337
leaf_weight=38.363743394613266 76.557902723550797 39.721823677420616 10.465275615453718 21.532135710120201 66.848605111241341 32.294007793068886 13.943111956119536
leaf_count=56 582 117 43 128 185 173 28
internal_value=0.0760326 0.0332619 -0.00973475 0.124382 0.101418 0.0852185 0.163184
internal_weight=299.727 159.039 87.0232 140.688 88.3807 72.0158 52.3069
internal_count=1312 915 625 397 313 290 84
is_linear=0
shrinkage=0.03


Tree=2
num_leaves=8
num_cat=0
split_feature=2 0 11 1 0 10 0
split_gain=511.705 351.189 103.028 88.8668 175.218 64.6442 7.63475
threshold=5.4545080514575197 75.500000000000014 11.450000000000001 4.2231070829209783 46.500000000000007 1.6015698158648337e-16 47.500000000000007
decision_type=2 2 2 2 2 2 2
left_child=3 2 -2 6 -5 -3 -1
right_child=1 5 -4 4 -6 -7 -8
leaf_value=0.12531397476131539 0.04118704136844839 0.05533133301023746 -0.029494042698571185 -0.019701278261942949 0.1082182077078206 0.10971831920744461 0.15112274578689344
leaf_weight=14.71868649125099 26.754168413579464 44.843060418963432 60.604193419218063 10.851713985204695 86.10438971221447 35.036763995885849 34.485239148139954
leaf_count=28 150 206 477 79 237 96 42
internal_value=0.0695604 0.0337235 -0.00784742 0.110565 0.0939009 0.0791865 0.143402
internal_weight=313.398 167.238 87.3584 146.16 96.9561 79.8798 49.2039
internal_count=1315 929 627 386 316 302 70
is_linear=0
shrinkage=0.03


Tree=3
num_leaves=8
num_cat=0
split_feature=2 0 11 5 7 2 0
split_gain=447.946 326.176 112.019 82.3699 64.9461 69.7934 24.8038
threshold=5.4545080514575197 75.500000000000014 11.450000000000001 13.500000000000002 15.500000000000002 4.5000000000000009 39.500000000000007
decision_type=2 2 2 2 2 2 2
left_child=4 2 -2 -3 5 -1 -6
right_child=1 3 -4 -5 6 -7 -8
leaf_value=0.10609409960885598 0.042741519812582167 0.10561502179553754 -0.029405019543277591 0.045973078140570396 0.067799349332544973 0.030422060510221567 0.11770457600497984
leaf_weight=23.755210041999817 28.335711374878883 41.811545044183731 61.206666216254234 41.551090389490128 9.7505324780940992 20.380728423595428 111.02033101022243
leaf_count=52 152 98 492 196 35 102 207
internal_value=0.0669203 0.0331829 -0.00657423 0.0758872 0.102294 0.0711509 0.113675
internal_weight=337.812 172.905 89.5424 83.3626 164.907 44.1359 120.771
internal_count=1334 938 644 294 396 154 242
is_linear=0
shrinkage=0.03


Tree=4
num_leaves=8
num_cat=0
split_feature=9 0 3 4 0 23 21
split_gain=369.991 273.414 82.8386 79.9027 164.536 61.9766 15.6786
threshold=2.4643355279778301 66.500000000000014 26.500000000000004 1.0315013628699678e-31 55.500000000000007 77.500000000000014 1.266961168413214
decision_type=2 2 2 2 2 2 2
left_child=3 5 -3 4 -1 -2 -5
right_child=1 2 -4 6 -6 -7 -8
leaf_value=-0.023344570579699096 0.063445213479806917 0.039428798280679599 0.093910536000392647 0.1180815337863594 0.091035806197999405 -0.032017354821033905 0.085590466647906413
leaf_weight=13.983498975634573 6.883380487561225 80.486636236310005 36.5113774985075 69.590177953243256 59.397479996085167 55.244460687041283 16.544460371136665
leaf_count=103 32 365 106 90 137 443 42
internal_value=0.0590136 0.0294219 0.0564308 0.0922431 0.0692395 -0.0214407 0.111841
internal_weight=338.641 179.126 116.998 159.516 73.381 62.1278 86.1346
internal_count=1318 946 471 372 240 475 132
is_linear=0
shrinkage=0.03


Tree=5
num_leaves=8
num_cat=0
split_feature=2 0 22 13 4 0 0
split_gain=357.04 256.991 114.075 59.641 57.5542 123.421 6.65207
threshold=5.4545080514575197 75.500000000000014 15.250000000000002 1.0500000000000003 0.1440979329112361 74.500000000000014 37.500000000000007
decision_type=2 2 2 2 2 2 2
left_child=4 2 -2 -3 5 -1 -6
right_child=1 3 -4 -5 6 -7 -8
leaf_value=0.035241253075774769 -0.025545502166892827 0.038999273977599974 0.072511903346069481 0.087679542608538427 0.093416804513524493 0.099577704876804091 0.11546405673143535
leaf_weight=44.521926298737526 72.269686453044415 48.985748142004013 12.528585404157637 42.13250558078289 16.668925881385803 67.555307328701019 47.170943632721901
leaf_count=193 576 200 48 109 29 111 46
internal_value=0.0567501 0.0265289 -0.0110579 0.0615087 0.0869712 0.0740205 0.109707
internal_weight=351.834 175.917 84.7983 91.1183 175.917 112.077 63.8399
internal_count=1312 933 624 309 379 304 75
is_linear=0
shrinkage=0.03


Tree=6
num_leaves=8
num_cat=0
split_feature=2 0 11 16 4 0 0
split_gain=283.422 173.063 120.659 66.064 40.7888 103.476 6.21716
threshold=5.4545080514575197 75.500000000000014 11.450000000000001 18.106203007518801 0.57697845111028812 46.500000000000007 38.500000000000007
decision_type=2 2 2 2 2 2 2
left_child=4 2 -2 -3 5 -1 -6
right_child=1 3 -4 -5 6 -7 -8
leaf_value=-0.020145492284730428 0.046469120632040256 0.023620891722589916 -0.028751944330117133 0.075621324817576552 0.082828396178529828 0.078283075189535617 0.10400291851954742
leaf_weight=10.560708761215208 28.877048745751381 35.825488537549973 57.224922060966492 56.929931655526161 16.580446153879166 107.06680946052074 50.460411041975021
leaf_count=71 138 151 480 157 29 234 49
internal_value=0.054021 0.0271049 -0.00352416 0.0555369 0.0800902 0.0694461 0.0987661
internal_weight=363.526 178.857 86.102 92.7554 184.668 117.628 67.0409
internal_count=1309 926 618 308 383 305 78
is_linear=0
shrinkage=0.03


Tree=7
num_leaves=8
num_cat=0
split_feature=2 0 3 5 0 1 4
split_gain=239.025 229.897 92.3994 41.4631 35.9018 84.0523 25.1323
threshold=5.0851076018176009 75.500000000000014 49.500000000000007 13.500000000000002 37.500000000000007 4.2231070829209783 2.6696576854298232e-05
decision_type=2 2 2 2 2 2 2
left_child=4 2 -2 -3 5 -1 -6
right_child=1 3 -4 -5 6 -7 -8
leaf_value=0.080652241863230778 -0.015930661993054769 0.079246808652014528 0.10725508012412568 0.040021098279643293 0.072236224411066946 -0.035746294995369271 0.096395632872442558
leaf_weight=16.73357126116753 80.607543811202049 48.702323704957962 5.8798736035823813 48.310735166072845 118.14655743539333 8.3792181313037855 57.668148785829544
leaf_count=26 627 100 12 192 254 63 54
internal_value=0.0527614 0.0280079 -0.00755584 0.0597131 0.0753679 0.0418143 0.0801606
internal_weight=384.428 183.5 86.4874 97.0131 200.927 25.1128 175.815
internal_count=1328 931 639 292 397 89 308
is_linear=0
shrinkage=0.03


Tree=8
num_leaves=8
num_cat=0
split_feature=9 0 20 12 0 4 7
split_gain=257.481 181.77 60.7214 45.3143 44.8623 101.306 8.94582
threshold=2.4643355279778301 66.500000000000014 8.8500000000000032 33.650000000000013 74.500000000000014 0.57697845111028812 17.500000000000004
decision_type=2 2 2 2 2 2 2
left_child=4 3 -3 -2 5 -1 -6
right_child=1 2 -4 -5 6 -7 -8
leaf_value=0.02502342590093605 0.021711417014124896 0.076182305929533817 0.030412077090466443 -0.034765835024188139 0.063974328831419458 0.086071409400804461 0.091012406824560466
leaf_weight=45.616553895175457 17.716274492442608 35.455914430320263 98.719284385442734 45.943397745490074 12.863619953393934 52.760041579604149 76.557509049773216
leaf_count=203 100 85 397 398 25 60 83
internal_value=0.0465832 0.0226995 0.0425069 -0.0190484 0.0717434 0.0577639 0.0871229
internal_weight=385.633 197.835 134.175 63.6597 187.798 98.3766 89.4211
internal_count=1351 980 482 498 371 263 108
is_linear=0
shrinkage=0.03


Tree=9
num_leaves=8
num_cat=0
split_feature=9 11 0 16 0 4 0
split_gain=225.26 157.992 124.704 67.19 35.0619 105.179 9.68541
threshold=2.4643355279778301 11.350000000000003 81.500000000000014 16.206389452332662 58.500000000000007 0.99141910385054011 80.500000000000014
decision_type=2 2 2 2 2 2 2
left_child=4 3 -3 -2 5 -1 -6
right_child=1 2 -4 -5 6 -7 -8
leaf_value=-0.0042738595987241359 -0.010269143750050945 -0.023767928363770233 0.041503050471304724 0.065491567659855351 0.06849926696925264 0.080386627583438369 0.084060556551824039
leaf_weight=20.999919585883617 12.299560666084288 70.608541026711464 42.022859320044518 73.461217023432255 67.307144790887833 35.590438276529312 77.38364115357399
leaf_count=130 67 540 135 213 117 41 85
internal_value=0.0466313 0.0239457 0.000584722 0.0546262 0.0689913 0.0489703 0.0768218
internal_weight=399.673 198.392 112.631 85.7608 201.281 56.5904 144.691
internal_count=1328 955 675 280 373 171 202
is_linear=0
shrinkage=0.03


Tree=10
num_leaves=8
num_cat=0
split_feature=5 20 7 4 18 3 10
split_gain=189.036 116.349 91.1456 68.0505 36.6279 32.6895 23.0536
threshold=13.500000000000002 10.15 14.500000000000002 5.1910388223691674e-35 139.50000000000003 24.500000000000004 -0.020197747389888384
decision_type=2 2 2 2 2 2 2
left_child=2 4 3 -1 -2 -4 -3
right_child=1 6 5 -5 -6 -7 -8
leaf_value=-0.0043656648003311989 0.078952055023969431 0.049754435107248751 0.055573873528172543 0.05881441675500531 0.023553255889613003 0.080179886660163693 -0.026549934541048686
leaf_weight=36.019059479236603 15.902872316539286 3.8184478133916846 151.2477154135704 26.728827357292175 33.093438245356083 71.593928761780262 53.382762774825096
leaf_count=218 38 12 368 56 146 93 396
internal_value=0.0417786 0.00760563 0.0544859 0.0225473 0.0415342 0.0634792 -0.0214563
internal_weight=391.787 106.198 285.59 62.7479 48.9963 222.842 57.2012
internal_count=1327 592 735 274 184 461 408
is_linear=0
shrinkage=0.03


Tree=11
num_leaves=8
num_cat=0
split_feature=6 0 11 14 0 16 24
split_gain=167.78 127.456 82.9261 49.1817 95.2122 37.6087 6.63639
threshold=0.99999581501663115 78.500000000000014 11.450000000000001 0.0012021922878133579 74.500000000000014 18.204166666666669 1.0500000000000003
decision_type=2 2 2 2 2 2 2
left_child=3 2 -2 6 -5 -3 -1
right_child=1 5 -4 4 -6 -7 -8
leaf_value=0.063327902403193997 0.028891856839821643 0.01969766172372004 -0.031599978955634503 0.012088862811656843 0.065135738314804084 0.05908150034635342 0.079284437237435362
leaf_weight=39.033994622528553 33.208984985947609 37.196476444602013 52.861383177340031 49.55023592710495 79.007299780845642 52.79555968940258 58.788646914064884
leaf_count=63 147 142 459 223 117 126 67
internal_value=0.0398048 0.0178401 -0.00826009 0.0568874 0.0446898 0.0428029 0.0729173
internal_weight=402.443 176.062 86.0704 226.38 128.558 89.992 97.8226
internal_count=1344 874 606 470 340 268 130
is_linear=0
shrinkage=0.03


Tree=12
num_leaves=8
num_cat=0
split_feature=2 3 17 23 3 5 8
split_gain=181.087 113.654 60.5972 35.4122 21.4993 34.9555 2.06571
threshold=5.4545080514575197 13.500000000000002 13.850000000000003 58.000000000000007 22.438041079976468 6.5000000000000009 4.3476888312049242
decision_type=2 2 2 2 2 2 2
left_child=4 3 -3 -2 5 -1 -6
right_child=1 2 -4 -5 6 -7 -8
leaf_value=0.065746206984874503 0.063863725559185042 0.014367657435834144 0.055622616173650212 -0.01875794621620067 0.068738531991639734 0.03749537260829322 0.079327150230545915
leaf_weight=92.368381395936012 5.0650453716516486 59.922346778213978 68.874858222901821 59.682663850486279 33.481038391590118 68.762462042272091 32.85228630900383
leaf_count=120 19 275 190 446 34 208 35
internal_value=0.0414589 0.0201291 0.0364289 -0.0122947 0.0596079 0.0536902 0.0739827
internal_weight=421.009 193.545 128.797 64.7477 227.464 161.131 66.3333
internal_count=1327 930 465 465 397 328 69
is_linear=0
shrinkage=0.03


Tree=13
num_leaves=8
num_cat=0
split_feature=6 20 9 7 2 16 15
split_gain=192.481 65.0977 54.807 46.1632 56.6744 40.8449 9.77101
threshold=0.99998040245852537 11.734927607334676 2.4643355279778301 17.500000000000004 4.5000000000000009 17.321290322580648 36.361111111111121
decision_type=2 2 2 2 2 2 2
left_child=3 5 -3 4 -1 -2 -5
right_child=1 2 -4 6 -6 -7 -8
leaf_value=0.060192040640088873 0.0030624877132520789 0.053414215472917234 -0.027952996791528916 0.071083611325196167 0.0083964547373608141 0.03839223855455897 0.056880640760238431
leaf_weight=41.261277914047241 44.526917494833469 9.0598616302013379 41.939474396407604 90.849772676825523 35.260120995342731 86.983657412230968 83.80880068987608
leaf_count=59 230 32 330 104 163 306 137
internal_value=0.0387192 0.0152729 -0.0134984 0.0557556 0.0363253 0.0264303 0.0642684
internal_weight=433.69 182.51 50.9993 251.18 76.5214 131.511 174.659
internal_count=1361 898 362 463 222 536 241
is_linear=0
shrinkage=0.03


Tree=14
num_leaves=8
num_cat=0
split_feature=2 0 22 9 7 2 12
split_gain=144.218 147.121 70.764 44.4418 32.0503 36.5534 10.3243
threshold=5.4545080514575197 75.500000000000014 15.250000000000002 3.4275364450117736 17.500000000000004 4.5000000000000009 32.350000000000001
decision_type=2 2 2 2 2 2 2
left_child=4 2 -2 -3 5 -1 -6
right_child=1 3 -4 -5 6 -7 -8
leaf_value=0.055355152803370535 -0.021426437823246672 0.058709813297438691 0.049298290426524484 0.020400246089466865 0.073963373968182519 0.011612532814997096 0.056704827315012814
leaf_weight=41.299904599785805 75.073331780731678 62.930088564753532 15.332933522760866 48.072125732898712 43.20194473862648 29.456082448363304 112.25028431415558
leaf_count=63 611 113 49 180 40 123 165
internal_value=0.0374432 0.0189795 -0.0094315 0.042119 0.0538827 0.0371449 0.0615012
internal_weight=427.617 201.408 90.4063 111.002 226.208 70.756 155.452
internal_count=1344 953 660 293 391 186 205
is_linear=0
shrinkage=0.03


Tree=15
num_leaves=8
num_cat=0
split_feature=5 0 7 10 22 8 15
split_gain=112.853 141.771 52.8746 13.854 19.8442 8.36058 2.12193
threshold=6.5000000000000009 49.500000000000007 21.500000000000004 0.0024083538092637834 11.909298945556699 4.3476888312049242 36.361111111111121
decision_type=2 2 2 2 2 2 2
left_child=3 5 -3 6 -5 -2 -1
right_child=1 2 -4 4 -6 -7 -8
leaf_value=0.068465569789399702 0.020965308664769568 0.016095953302713475 0.044270674498420079 0.010624155658884483 0.054726615519445757 -0.034879886444375549 0.058745358237057045
leaf_weight=49.674346253275871 2.594276286661624 106.2097171023488 137.62810804694891 11.806191720068453 41.315630182623863 34.47577627748251 34.079668000340462
leaf_count=41 9 474 351 37 66 302 38
internal_value=0.0345725 0.0236886 0.0319985 0.0569092 0.044925 -0.0309717 0.0645104
internal_weight=417.784 280.908 243.838 136.876 53.1218 37.0701 83.754
internal_count=1318 1136 825 182 103 311 79
is_linear=0
shrinkage=0.03


Tree=16
num_leaves=8
num_cat=0
split_feature=6 0 11 7 2 9 0
split_gain=162.015 99.8553 78.5426 33.4063 62.901 29.6108 10.805
threshold=0.99998040245852537 79.500000000000014 11.450000000000001 17.500000000000004 4.5000000000000009 3.4275364450117736 74.500000000000014
decision_type=2 2 2 2 2 2 2
left_child=3 2 -2 4 -1 -3 -5
right_child=1 5 -4 6 -6 -7 -8
leaf_value=0.054909779267914127 0.024274376218476224 0.050663332809510173 -0.031875834435062533 0.045988133630382066 -0.00049322784904065609 0.015836123073855179 0.061783711555545774
leaf_weight=47.039787948131561 37.75526987016201 50.013592228293419 55.200760073959827 57.135865151882172 30.337702840566635 39.185811579227448 122.62864585220814
leaf_count=63 159 97 488 107 152 144 130
internal_value=0.0343351 0.0126887 -0.00906971 0.0496691 0.0331877 0.0353635 0.0567633
internal_weight=439.297 182.155 92.956 257.142 77.3775 89.1994 179.765
internal_count=1340 888 647 452 215 241 237
is_linear=0
shrinkage=0.03


Tree=17
num_leaves=8
num_cat=0
split_feature=9 0 20 20 0 4 4
split_gain=113.907 115.957 55.1642 37.712 23.124 69.3526 8.32353
threshold=2.4643355279778301 75.500000000000014 10.050000000000002 12.550000000000002 47.500000000000007 0.99141910385054011 2.6696576854298232e-05
decision_type=2 2 2 2 2 2 2
left_child=4 2 -2 -3 5 -1 -6
right_child=1 3 -4 -5 6 -7 -8
leaf_value=-0.025281919959686747 0.019339921963236296 0.040801703868864864 -0.028373748587012138 -0.022889765815540107 0.049522331343551038 0.054741877004653466 0.063551327112901027
leaf_weight=14.099567078053949 38.220527738332748 122.56277307868004 50.784691624343395 8.9798173457384092 119.01953944563866 31.573190674185753 55.9577666670084
leaf_count=95 179 293 444 42 194 35 43
internal_value=0.0338072 0.0185604 -0.00788459 0.0364538 0.049047 0.0300379 0.0540088
internal_weight=441.198 220.548 89.0052 131.543 220.65 45.6728 174.977
internal_count=1325 958 623 335 367 130 237
is_linear=0
shrinkage=0.03


Tree=18
num_leaves=8
num_cat=0
split_feature=2 16 0 22 20 6 16
split_gain=121.763 92.1795 76.2886 32.1313 23.5041 31.2343 6.50318
threshold=5.4545080514575197 17.754310344827591 55.500000000000007 13.403620605521427 9.4500000000000011 1.186207745328435e-19 20.080540540540543
decision_type=2 2 2 2 2 2 2
left_child=4 3 -3 -2 6 -6 -1
right_child=1 2 -4 -5 5 -7 -8
leaf_value=0.0622536618825726 -0.026809417104040261 -0.025858415544348839 0.039375781523177104 0.015763383146372149 0.052728182106218255 0.02473342011560838 0.04504701643286374
leaf_weight=70.253682628273964 48.225282423198223 18.942133091390133 108.84741269797087 23.84418211132288 69.794594839215279 73.793384656310081 27.509461000561714
leaf_count=76 351 167 309 103 80 203 39
internal_value=0.0317245 0.0144057 0.0297062 -0.0127242 0.046066 0.038341 0.0574119
internal_weight=441.21 199.859 127.79 72.0695 241.351 143.588 97.7631
internal_count=1328 930 476 454 398 283 115
is_linear=0
shrinkage=0.03


Tree=19
num_leaves=8
num_cat=0
split_feature=6 22 3 7 4 16 3
split_gain=119.632 82.4549 49.791 35.0453 53.1038 31.4695 13.2207
threshold=0.99998040245852537 13.813719509747044 20.500000000000004 16.500000000000004 1.1162680223507022e-12 20.037749287749293 22.438041079976468
decision_type=2 2 2 2 2 2 2
left_child=3 2 -2 4 -1 -3 -5
right_child=1 5 -4 6 -6 -7 -8
leaf_value=-0.001445531440759104 -0.01678755418529285 0.02178307195031811 0.024063866748467291 0.042536867255962528 0.051633542327395865 0.065157783557776572 0.058678822084628983
leaf_weight=34.34069537371397 80.438596427440643 37.298835270106792 40.307757779955864 98.730695836246014 33.524054318666458 25.242317326366901 84.962008073925972
leaf_count=164 559 136 130 169 39 52 87
internal_value=0.0297653 0.0113309 -0.00315046 0.0431969 0.0247746 0.0392896 0.0500029
internal_weight=434.845 183.288 120.746 251.557 67.8647 62.5412 183.693
internal_count=1336 877 689 459 203 188 256
is_linear=0
shrinkage=0.03


Tree=20
num_leaves=8
num_cat=0
split_feature=2 0 12 16 20 14 16
split_gain=111.048 117.445 47.1153 32.1453 19.2887 23.9066 9.18015
threshold=5.4545080514575197 78.500000000000014 28.200000000000006 17.321290322580648 10.250000000000002 0.93354450623268803 19.696310935441371
decision_type=2 2 2 2 2 2 2
left_child=4 2 -2 -3 6 -6 -1
right_child=1 3 -4 -5 5 -7 -8
leaf_value=0.056705766734002551 0.038074692547867037 0.0053789120022978577 -0.020337823362675405 0.044239313458997689 0.046695215017807129 0.018717659645278599 0.039772259324175975
leaf_weight=95.687630385160446 14.819505482912062 24.916182905435562 77.003527782857418 82.894760444760323 64.890961088240147 47.688858434557915 41.228451535105705
leaf_count=111 44 92 621 170 102 130 65
internal_value=0.0306991 0.0140226 -0.0109105 0.0352583 0.0440428 0.0348439 0.0516067
internal_weight=449.13 199.634 91.823 107.811 249.496 112.58 136.916
internal_count=1335 927 665 262 408 232 176
is_linear=0
shrinkage=0.03


Tree=21
num_leaves=8
num_cat=0
split_feature=9 11 0 0 2 23 19
split_gain=112.963 70.0169 75.5459 29.1935 54.8436 23.9922 12.6762
threshold=2.4643355279778301 11.15 81.500000000000014 47.500000000000007 4.5000000000000009 106.50000000000001 13.050000000000002
decision_type=2 2 2 2 2 2 2
left_child=3 5 -3 4 -1 -2 -5
right_child=1 2 -4 6 -6 -7 -8
leaf_value=0.043278490143390011 0.056633066132450699 -0.022043903345908604 0.025092706212063002 0.042688149483143305 -0.035872648634122185 0.022543917918481378 0.059625843575009961
leaf_weight=25.529251798987389 27.115821696817875 71.524165742099285 53.483606785535812 124.60196954756975 11.395521670579909 59.037941575050354 58.407962888479233
leaf_count=34 55 574 146 191 88 192 53
internal_value=0.0281369 0.0124643 -0.00187687 0.0431843 0.0188513 0.0332731 0.0480938
internal_weight=431.096 211.162 125.008 219.935 36.9248 86.1538 183.01
internal_count=1333 967 720 366 122 247 244
is_linear=0
shrinkage=0.03


Tree=22
num_leaves=8
num_cat=0
split_feature=1 0 7 13 0 1 11
split_gain=93.6868 140.385 79.8279 25.6012 11.9715 38.4055 4.52966
threshold=5.110472729914906 75.500000000000014 47.500000000000007 0.95000000000000007 56.500000000000007 4.2231070829209783 12.750000000000002
decision_type=2 2 2 2 2 2 2
left_child=4 2 -2 -3 5 -1 -6
right_child=1 3 -4 -5 6 -7 -8
leaf_value=0.046882071834346464 -0.018467313471098049 0.021558377803559955 0.061596588886921558 0.045616807138261509 0.052862902685986167 -0.012869814834391159 0.039545105340558794
leaf_weight=41.294798851013184 97.298696272075176 72.627471804618835 12.667011335492132 88.09179462492466 97.671162635087967 12.646052807569502 30.05863294005394
leaf_count=44 708 199 21 155 96 67 44
internal_value=0.0280591 0.0168742 -0.00924471 0.034745 0.0447243 0.0328737 0.0497288
internal_weight=452.356 270.685 109.966 160.719 181.671 53.9409 127.73
internal_count=1334 1083 729 354 251 111 140
is_linear=0
shrinkage=0.03


Tree=23
num_leaves=8
num_cat=0
split_feature=4 3 22 12 15 21 16
split_gain=77.0457 78.9302 36.7407 34.2133 4.92276 5.06706 1.91006
threshold=8.004254916332089e-24 13.500000000000002 13.403620605521427 32.050000000000004 36.361111111111121 0.6574760077359324 20.080540540540543
decision_type=2 2 2 2 2 2 2
left_child=1 2 -1 -3 6 -6 -2
right_child=4 3 -4 -5 5 -7 -8
leaf_value=-0.015903772335274909 0.057003347952428306 0.045207413079104822 0.024999507454123191 0.020253012428803719 0.050241570986249269 0.029501813418924338 0.046817879111790348
leaf_weight=67.868926368653774 40.212783560156822 74.243257418274879 27.883980251848698 148.05473858863115 21.052417322993279 21.358115002512932 28.18370920419693
leaf_count=470 31 137 111 475 20 39 30
internal_value=0.0262842 0.0187788 -0.00399242 0.0285873 0.0478271 0.0397969 0.0528063
internal_weight=428.858 318.051 95.7529 222.298 110.807 42.4105 68.3965
internal_count=1313 1193 581 612 120 59 61
is_linear=0
shrinkage=0.03


Tree=24
num_leaves=8
num_cat=0
split_feature=2 3 0 0 1 11 18
split_gain=93.9552 99.5515 76.0947 18.5975 34.2319 12.8617 8.76688
threshold=5.4545080514575197 26.500000000000004 78.500000000000014 66.500000000000014 4.2231070829209783 11.350000000000003 157.50000000000003
decision_type=2 2 2 2 2 2 2
left_child=3 2 -2 4 -1 -3 -5
right_child=1 5 -4 6 -6 -7 -8
leaf_value=0.04539201928630944 -0.022360212064310169 0.054332923083674871 0.021273235701237007 0.058235967894709806 0.010361949421308568 0.024187717535366846 0.041602425321245778
leaf_weight=54.393202364444733 76.013907544314861 39.774746507406235 68.285785853862762 38.456038236618042 46.630538672208786 18.739575572311878 110.35161037743092
leaf_count=55 632 63 189 36 170 50 147
internal_value=0.0268421 0.0116724 -0.00171191 0.0391569 0.0292228 0.0446787 0.045901
internal_weight=452.645 202.814 144.3 249.831 101.024 58.5143 148.808
internal_count=1342 934 821 408 225 113 183
is_linear=0
shrinkage=0.03


Tree=25
num_leaves=8
num_cat=0
split_feature=2 0 3 19 22 21 23
split_gain=61.6843 118.323 38.6758 26.9373 6.62801 6.13337 3.4903
threshold=4.5000000000000009 55.500000000000007 19.500000000000004 13.950000000000001 11.909298945556699 0.21570930329580143 30.000000000000004
decision_type=2 2 2 2 2 2 2
left_child=4 3 -3 -2 5 -1 -6
right_child=1 2 -4 -5 6 -7 -8
leaf_value=0.051245448299096573 -0.035239926732039267 0.013925414250939823 0.03705140769418671 0.022978054376225056 -0.065171471801554443 0.020745622942458991 0.047419229393942122
leaf_weight=8.7010845988988894 39.336243398487568 119.33717104047537 143.16561554372311 8.7426813840866071 0.24842582643031974 18.659389957785606 98.280724003911018
leaf_count=7 360 448 294 63 1 35 101
internal_value=0.0257936 0.0186134 0.026538 -0.0246536 0.0435079 0.0304451 0.0471353
internal_weight=436.471 310.582 262.503 48.0789 125.89 27.3605 98.5291
internal_count=1309 1165 742 423 144 42 102
is_linear=0
shrinkage=0.03


Tree=26
num_leaves=8
num_cat=0
split_feature=9 22 18 15 3 19 10
split_gain=82.8523 76.6574 67.0598 20.7099 32.6381 18.6615 8.60704
threshold=2.4643355279778301 13.709040951857917 133.50000000000003 36.361111111111121 12.500000000000002 11.350000000000003 0.051858061574094547
decision_type=2 2 2 2 2 2 2
left_child=3 2 -2 6 -5 -3 -1
right_child=1 5 -4 4 -6 -7 -8
leaf_value=0.052016599988392018 0.040079015262345176 0.024859096323428666 -0.012173408608154464 -0.0012732273869516032 0.037149950373975935 0.057040859006394058 0.031580642714013646
leaf_weight=74.885684445500374 27.323240622878075 48.615139409899712 115.74617378413677 26.041819699108601 84.317753046751022 24.334293551743031 24.655228838324547
leaf_count=74 69 149 676 110 130 48 47
internal_value=0.0236097 0.0105669 -0.0021943 0.0370326 0.0280831 0.0355942 0.0469548
internal_weight=425.919 216.019 143.069 209.9 110.36 72.9494 99.5409
internal_count=1303 942 745 361 240 197 121
is_linear=0
shrinkage=0.03


Tree=27
num_leaves=8
num_cat=0
split_feature=5 11 7 4 12 16 0
split_gain=82.0048 49.2386 42.5613 43.6533 26.2091 18.8978 16.0744
threshold=13.500000000000002 12.250000000000002 17.500000000000004 3.3953528489430142e-16 25.550000000000004 20.080540540540543 67.500000000000014
decision_type=2 2 2 2 2 2 2
left_child=2 4 3 -1 -2 -3 -4
right_child=1 5 6 -5 -6 -7 -8
leaf_value=0.00079454515492926984 0.058376044349908597 -0.036125632566984062 0.023781759094157209 0.041401081633151669 0.0086488447898917537 0.011516117581625875 0.042994157229177904
leaf_weight=66.444032534956932 11.367098227143286 31.164102353155613 50.728381462395191 37.148373782634735 59.316375769674778 9.8655814975500089 172.36664071679115
leaf_count=334 18 283 132 46 230 51 219
internal_value=0.0236595 0.0014714 0.0312468 0.0153561 0.0166458 -0.0246702 0.0386256
internal_weight=438.401 111.713 326.687 103.592 70.6835 41.0297 223.095
internal_count=1313 582 731 380 248 334 351
is_linear=0
shrinkage=0.03


Tree=28
num_leaves=8
num_cat=0
split_feature=6 0 11 10 0 16 0
split_gain=72.578 58.6503 60.3932 31.5296 43.8606 18.7179 7.95242
threshold=0.99998964238358712 79.500000000000014 11.450000000000001 0.0024083538092637834 74.500000000000014 17.321290322580648 38.500000000000007
decision_type=2 2 2 2 2 2 2
left_child=3 2 -2 6 -5 -3 -1
right_child=1 5 -4 4 -6 -7 -8
leaf_value=0.025569244944057452 0.01884911246734158 0.0032346997429802227 -0.031243900909047644 -0.00030517074930996814 0.03732023201092164 0.031978043771396333 0.045442395969645999
leaf_weight=21.095062211155891 39.283845253288746 27.631404504179955 48.284843318164349 47.567848294973373 67.384038224816322 77.809016808867455 128.58748445659876
leaf_count=43 152 91 474 185 92 164 149
internal_value=0.023364 0.00937478 -0.00877187 0.033567 0.0217506 0.0244456 0.0426416
internal_weight=457.644 193.009 87.5687 264.634 114.952 105.44 149.683
internal_count=1350 881 626 469 277 255 192
is_linear=0
shrinkage=0.03


Tree=29
num_leaves=7
num_cat=0
split_feature=5 3 0 4 23 9
split_gain=83.5546 52.7266 43.7904 73.9179 41.3729 13.3756
threshold=13.500000000000002 57.500000000000007 55.500000000000007 0.99141910385054011 64.500000000000014 1.5000000000000002
decision_type=2 2 2 2 2 2
left_child=2 4 3 -1 -2 -4
right_child=1 -3 5 -5 -6 -7
leaf_value=-0.019211985590572651 0.051660712225879958 0.066075025727961714 0.042597089011240215 0.04151475439304976 -0.01135461065294939 0.0291626363032833
leaf_weight=37.126766137778759 10.42364254593849 10.319538623094557 149.33240227401257 35.089944422245026 93.390574738383293 120.53404546529055
leaf_count=273 20 11 174 37 556 264
internal_value=0.0236283 0.00140136 0.0310442 0.010295 -0.00502745 0.0365967
internal_weight=456.217 114.134 342.083 72.2167 103.814 269.866
internal_count=1335 587 748 310 576 438
is_linear=0
shrinkage=0.03


Tree=30
num_leaves=8
num_cat=0
split_feature=2 17 0 11 0 2 18
split_gain=75.7376 64.85 40.6825 36.2411 12.7602 26.9127 8.94477
threshold=5.4545080514575197 12.950000000000001 49.500000000000007 9.6500000000000004 66.500000000000014 4.5000000000000009 157.50000000000003
decision_type=2 2 2 2 2 2 2
left_child=4 3 -3 -2 5 -1 -6
right_child=1 2 -4 -5 6 -7 -8
leaf_value=0.036068333585726864 0.030902259180409539 -0.033858522792321821 0.025823188649367335 -0.024898937875436743 0.049883395061139209 0.0011027089700158693 0.033586331783477044
leaf_weight=57.060295239090919 12.730202011764048 11.269088223576544 117.04618462175131 59.131325997412205 43.171616241335869 30.348593607544899 101.74477538466454
leaf_count=75 29 122 336 438 42 125 143
internal_value=0.0213279 0.00780328 0.0205817 -0.0150138 0.032981 0.0239282 0.0384413
internal_weight=432.502 200.177 128.315 71.8615 232.325 87.4089 144.916
internal_count=1310 925 458 467 385 200 185
is_linear=0
shrinkage=0.03


Tree=31
num_leaves=7
num_cat=0
split_feature=5 23 10 3 4 10
split_gain=67.8273 51.2498 39.8164 31.5474 45.653 3.74626
threshold=13.500000000000002 64.500000000000014 -3.060245954635856e-16 22.438041079976468 0.1440979329112361 -5.4725504043591367e-17
decision_type=2 2 2 2 2 2
left_child=3 -2 -3 4 -1 -5
right_child=1 2 -4 5 -6 -7
leaf_value=0.01356406990970541 0.058000357988220959 0.037944922258995921 -0.013333068203384996 0.050131938450200801 0.04310382181386619 0.038062260934095642
leaf_weight=160.69329462945461 12.947703659534453 16.154252529144287 87.158667780458927 36.172951906919479 66.602864995598793 64.260500326752663
leaf_count=564 20 41 533 33 64 85
internal_value=0.0214231 0.00173619 -0.00531512 0.028407 0.0222199 0.0424094
internal_weight=443.99 116.261 103.313 327.73 227.296 100.433
internal_count=1340 594 574 746 628 118
is_linear=0
shrinkage=0.03


Tree=32
num_leaves=8
num_cat=0
split_feature=4 0 13 18 19 7 2
split_gain=61.3634 72.0323 34.406 8.64117 21.2415 2.93418 0.0494357
threshold=1.0000000180025095e-35 46.500000000000007 0.95000000000000007 260.50000000000006 13.550000000000002 15.500000000000002 5.4545080514575197
decision_type=2 2 2 2 2 2 2
left_child=1 6 -3 5 -5 -2 -1
right_child=3 2 -4 4 -6 -7 -8
leaf_value=-0.036229806960710785 0.032215638174587849 0.0064636691585102067 0.027957612823948624 -0.0043303492454300633 0.044832793905944975 0.04342194284963339 -0.033434286192833979
leaf_weight=8.0058261528611201 29.17470895498991 142.79744412750006 126.3165098130703 14.518793031573297 17.374940373003483 75.308974169194698 19.708829514682293
leaf_count=58 48 577 290 45 18 75 229
internal_value=0.0194631 0.0118099 0.0165525 0.0361206 0.0224526 0.0402928 -0.0342418
internal_weight=433.206 296.829 269.114 136.377 31.8937 104.484 27.7147
internal_count=1340 1154 867 186 63 123 287
is_linear=0
shrinkage=0.03


Tree=33
num_leaves=8
num_cat=0
split_feature=2 3 5 19 0 2 23
split_gain=62.8804 62.8483 30.2177 28.7558 16.3484 37.1054 6.08847
threshold=5.4545080514575197 13.500000000000002 13.500000000000002 2.2000000000000006 66.500000000000014 4.5000000000000009 208.50000000000003
decision_type=2 2 2 2 2 2 2
left_child=4 3 -3 -2 5 -1 -6
right_child=1 2 -4 -5 6 -7 -8
leaf_value=0.035442637933768652 0.049639051904338712 0.03307661961879408 0.0065801928998844728 -0.023572696890745849 0.04131415517911239 -0.0047840013500963412 0.025282036733715513
leaf_weight=64.529946580529213 5.3202349171042433 77.941692054271698 77.012826077640057 52.233173899352551 122.51168258488178 30.340396001935005 25.81057120859623
leaf_count=82 10 166 312 450 139 130 42
internal_value=0.0218863 0.00996491 0.0199078 -0.016805 0.0323035 0.0225778 0.0385243
internal_weight=455.701 212.508 154.955 57.5534 243.193 94.8703 148.322
internal_count=1331 938 478 460 393 212 181
is_linear=0
shrinkage=0.03


Tree=34
num_leaves=8
num_cat=0
split_feature=5 20 0 1 0 23 17
split_gain=52.7631 44.2417 30.0041 54.1963 23.442 20.2199 13.4246
threshold=13.500000000000002 10.15 77.500000000000014 4.2231070829209783 84.500000000000014 64.500000000000014 13.265799712220458
decision_type=2 2 2 2 2 2 2
left_child=2 5 3 -1 -3 -2 -4
right_child=1 4 6 -5 -6 -7 -8
leaf_value=0.041575977752230452 0.054347758492919201 -0.028163310647954156 0.026185947528460384 0.0054967127597658422 0.012894840665314307 0.012172699407361256 0.043877341242222735
leaf_weight=56.93033941090107 13.069762542843817 40.074889235198498 68.78094893693924 109.62669988721609 18.198513060808182 47.099454768002033 87.982036948204041
leaf_count=53 18 355 109 480 61 164 96
internal_value=0.0204198 0.00328991 0.026695 0.0178289 -0.015341 0.0213338 0.0361151
internal_weight=441.763 118.443 323.32 166.557 58.2734 60.1692 156.763
internal_count=1336 598 738 533 416 182 205
is_linear=0
shrinkage=0.03


Tree=35
num_leaves=8
num_cat=0
split_feature=9 3 20 14 14 11 22
split_gain=49.7121 57.4721 28.0372 27.1057 19.6792 26.2583 6.1139
threshold=2.4643355279778301 13.500000000000002 11.450000000000001 1.0150486447978186e-07 4.6382554453868421e-09 13.042596584170877 12.750000000000002
decision_type=2 2 2 2 2 2 2
left_child=4 3 -3 -2 6 -6 -1
right_child=1 2 -4 -5 5 -7 -8
leaf_value=0.029572429558206968 -0.032403765442203046 0.024480548438869695 -0.0050262751974359298 0.011527077756539248 0.02894110738531238 -0.0037083164059376061 0.046280900414241821
leaf_weight=31.331660866737366 37.505467563867569 123.3383554443717 37.884475752711296 19.066484667360783 94.689916625618935 28.946965858340263 53.13774923235178
leaf_count=54 344 304 190 94 158 103 53
internal_value=0.018437 0.00841818 0.017547 -0.0175977 0.0289223 0.0212969 0.0400833
internal_weight=425.901 217.795 161.223 56.572 208.106 123.637 84.4694
internal_count=1300 932 494 438 368 261 107
is_linear=0
shrinkage=0.03


Tree=36
num_leaves=8
num_cat=0
split_feature=2 0 16 0 4 9 11
split_gain=45.6178 50.7751 37.6676 14.9673 25.4634 9.10248 0.0209138
threshold=5.4545080514575197 49.500000000000007 18.506410256410259 37.500000000000007 0.99999144859377509 1.5000000000000002 10.850000000000003
decision_type=2 2 2 2 2 2 2
left_child=3 6 -3 4 -1 -5 -2
right_child=1 2 -4 5 -6 -7 -8
leaf_value=-0.025894448657049023 -0.035944619486261084 0.002183642653089075 0.028588427370261436 0.037356458661502709 0.030740259707422484 0.024241495537730806 -0.033019841798105631
leaf_weight=11.13913979381323 2.4957171231508282 95.38274959474802 99.185100555419922 135.59784828126431 19.925431951880455 73.415847912430763 18.591076921671629
leaf_count=66 19 417 260 160 25 146 237
internal_value=0.0208663 0.0108518 0.015644 0.0298621 0.0104322 0.0327498 -0.033366
internal_weight=455.733 215.655 194.568 240.078 31.0646 209.014 21.0868
internal_count=1330 933 677 397 91 306 256
is_linear=0
shrinkage=0.03


Tree=37
num_leaves=8
num_cat=0
split_feature=9 11 24 14 3 18 22
split_gain=43.4716 38.6339 24.857 18.7201 22.7498 17.8239 2.89424
threshold=2.4643355279778301 11.15 2.0500000000000003 4.6382554453868421e-09 16.189615185421044 259.50000000000006 13.709040951857917
decision_type=2 2 2 2 2 2 2
left_child=3 5 -3 6 -5 -2 -1
right_child=1 2 -4 4 -6 -7 -8
leaf_value=0.034579913805750505 0.027620885400491537 -0.0078791206571004607 0.039600906902947645 0.0050454801230928308 0.030922415348015 -0.0061791133268006655 0.047484676815622455
leaf_weight=51.625279136002064 78.414443045854568 114.40966080501676 10.866080708801745 55.030854217708111 68.810219749808311 17.104316331446171 22.44047224521637
leaf_count=76 180 687 21 175 90 67 20
internal_value=0.0163488 0.00719695 -0.00376083 0.026559 0.0194236 0.0215684 0.0384898
internal_weight=418.701 220.795 125.276 197.907 123.841 95.5188 74.0658
internal_count=1316 955 708 361 265 247 96
is_linear=0
shrinkage=0.03


Tree=38
num_leaves=8
num_cat=0
split_feature=9 7 18 14 20 0 0
split_gain=46.6734 42.9549 40.5412 21.4942 20.6885 18.6469 6.60857
threshold=2.4643355279778301 22.500000000000004 133.50000000000003 4.6382554453868421e-09 11.906284840177682 58.500000000000007 47.500000000000007
decision_type=2 2 2 2 2 2 2
left_child=3 2 -2 6 -3 -5 -1
right_child=1 4 -4 5 -6 -7 -8
leaf_value=0.024446369290337246 0.028127439737984497 0.025145571139696378 -0.014947464458510648 -0.0035751615391784283 -0.017789269607979878 0.025080454698329389 0.043048671284590036
leaf_weight=23.378589645028114 25.124412544071674 97.304530419409275 90.496016334742308 26.615061871707439 11.270642824470995 88.052760377526283 64.905181981623173
leaf_count=42 82 220 617 118 55 139 72
internal_value=0.0165731 0.00713788 -0.00558725 0.0269959 0.0206887 0.0184293 0.0381226
internal_weight=427.147 224.196 115.62 202.952 108.575 114.668 88.2838
internal_count=1345 974 699 371 275 257 114
is_linear=0
shrinkage=0.03


Tree=39
num_leaves=8
num_cat=0
split_feature=2 7 23 15 7 14 18
split_gain=43.3712 43.5204 30.4969 10.6545 16.5181 6.35836 6.08192
threshold=5.4545080514575197 42.500000000000007 58.000000000000007 36.361111111111121 15.500000000000002 5.6246579037056076e-14 235.50000000000003
decision_type=2 2 2 2 2 2 2
left_child=3 2 -2 6 -5 -3 -1
right_child=1 5 -4 4 -6 -7 -8
leaf_value=0.040102065637776164 0.043821483688196855 0.053293784305869084 -0.0017565374051024506 0.001720759256880327 0.027158439229926688 0.027667722665227958 0.025091033278561724
leaf_weight=62.116563349962234 14.397062592208384 14.818539991974829 160.59495678171515 29.916847825050354 99.005885995924473 21.153659395873547 39.892875850200653
leaf_count=74 30 22 861 97 160 38 69
internal_value=0.0180044 0.00817115 0.00199329 0.0269875 0.0212556 0.0382242 0.0342317
internal_weight=441.896 210.964 174.992 230.932 128.923 35.9722 102.009
internal_count=1351 951 891 400 257 60 143
is_linear=0
shrinkage=0.03


Tree=40
num_leaves=8
num_cat=0
split_feature=0 1 11 23 21 23 7
split_gain=41.7891 65.849 31.9182 15.6455 14.5954 23.2395 11.3965
threshold=75.500000000000014 5.110472729914906 11.450000000000001 207.50000000000003 0.21085756520634263 64.500000000000014 17.500000000000004
decision_type=2 2 2 2 2 2 2
left_child=1 3 -3 -1 5 -2 -6
right_child=4 2 -4 -5 6 -7 -8
leaf_value=0.032471721098816055 0.060879806467055098 0.010154619915715767 -0.022261199340680032 0.0028641950195007725 0.014877487483084456 0.011981882990548209 0.036634464729730858
leaf_weight=75.340704724192619 9.7876587361097318 49.308118164539337 61.355635829269886 20.415762938559055 26.714624777436256 82.319000229239464 114.69565743207932
leaf_count=115 8 182 553 58 58 213 144
internal_value=0.0177781 0.00794385 -0.00781778 0.0261592 0.0264712 0.017178 0.0325242
internal_weight=439.937 206.42 110.664 95.7565 233.517 92.1067 141.41
internal_count=1331 908 735 173 423 221 202
is_linear=0
shrinkage=0.03


Tree=41
num_leaves=8
num_cat=0
split_feature=5 11 16 0 4 19 24
split_gain=54.3795 30.4118 32.6033 29.6181 48.6297 15.9769 8.59344
threshold=13.500000000000002 9.5500000000000025 19.459935897435901 46.500000000000007 0.99141910385054011 13.15 1.2500000000000002
decision_type=2 2 2 2 2 2 2
left_child=3 6 -3 4 -1 -5 -2
right_child=1 2 -4 5 -6 -7 -8
leaf_value=-0.029840302496859508 0.0045099573901284861 -0.023741466609369499 0.014798298319462515 0.022626425361928628 0.030831469201890928 0.03947613829174907 0.040891912426658295
leaf_weight=23.212788134813309 9.210931748151781 55.004907622933388 30.827259611338377 198.20486116409302 24.374370530247688 68.030226022005081 15.980125114321707
leaf_count=198 27 418 121 409 30 93 24
internal_value=0.0166516 -0.00139347 -0.00989962 0.0230355 0.00123607 0.026932 0.0275891
internal_weight=424.845 111.023 85.8322 313.822 47.5872 266.235 25.1911
internal_count=1320 590 539 730 228 502 51
is_linear=0
shrinkage=0.03


Tree=42
num_leaves=8
num_cat=0
split_feature=9 0 16 10 15 0 18
split_gain=48.6974 56.6865 27.7918 20.0426 12.4512 28.5412 3.9109
threshold=1.5000000000000002 66.500000000000014 18.569498069498074 -2.3411858341653391e-16 36.361111111111121 48.500000000000007 235.50000000000003
decision_type=2 2 2 2 2 2 2
left_child=4 2 -2 -3 6 -6 -1
right_child=1 3 -4 -5 5 -7 -8
leaf_value=0.040779604419076299 -0.036089805555071588 0.032834591057202329 0.003742469429709459 0.010109277203873463 -0.0244084216918962 0.026530288719966842 0.027684875054946042
leaf_weight=55.631475724279881 33.165977749973536 46.199809953570366 30.047121800482273 143.16400302946568 11.343504436314104 77.775162801146507 32.530059844255447
leaf_count=59 337 77 196 431 66 120 53
internal_value=0.0159017 0.00744222 -0.0171563 0.0156537 0.0279543 0.0200465 0.0359479
internal_weight=429.857 252.577 63.2131 189.364 177.28 89.1187 88.1615
internal_count=1339 1041 533 508 298 186 112
is_linear=0
shrinkage=0.03


Tree=43
num_leaves=8
num_cat=0
split_feature=1 22 18 16 15 7 10
split_gain=50.8816 51.6917 48.1134 22.666 12.6583 16.2801 3.25816
threshold=5.110472729914906 12.750000000000002 128.50000000000003 15.811253561253563 36.361111111111121 15.500000000000002 0.040990188548910712
decision_type=2 2 2 2 2 2 2
left_child=4 2 -2 -3 6 -6 -1
right_child=1 3 -4 -5 5 -7 -8
leaf_value=0.039032877744941311 0.03288898430362578 -0.015918901096573457 -0.017129451703406708 0.022500459256884858 -0.0053002713774273468 0.026418166189367272 0.024937677219710425
leaf_weight=62.114479377865791 20.939977694302797 15.52654769644141 99.790397856384516 125.75921037793159 19.073164723813534 61.600697204470634 19.359774842858315
leaf_count=65 50 83 617 338 62 95 33
internal_value=0.0141346 0.00596076 -0.00845405 0.0182784 0.0273428 0.0189192 0.0356836
internal_weight=424.164 262.016 120.73 141.286 162.148 80.6739 81.4743
internal_count=1343 1088 667 421 255 157 98
is_linear=0
shrinkage=0.03


Tree=44
num_leaves=8
num_cat=0
split_feature=1 0 22 19 10 12 10
split_gain=43.4071 49.9929 33.9841 21.0668 15.8998 21.5569 5.47825
threshold=5.110472729914906 55.500000000000007 12.488511654861655 13.950000000000001 1.841757257543807e-16 37.742756146843369 3.5225956171022237e-17
decision_type=2 2 2 2 2 2 2
left_child=4 3 -3 -2 6 -6 -1
right_child=1 2 -4 -5 5 -7 -8
leaf_value=0.031573929037001791 -0.034969196685216808 -0.0021652464005577493 0.021917542644944662 0.018553275694583791 0.024917447974841699 -0.018654896512940285 0.050187733592448477
leaf_weight=82.079288832843304 31.011867962777615 83.443933486938477 143.29953235387802 8.4145016893744451 45.26870921254158 13.19839673489332 17.214882165193558
leaf_count=110 342 340 340 62 71 46 17
internal_value=0.0150238 0.0076333 0.0130548 -0.0235463 0.0274929 0.0150814 0.0348011
internal_weight=423.931 266.17 226.743 39.4264 157.761 58.4671 99.2942
internal_count=1328 1084 680 404 244 117 127
is_linear=0
shrinkage=0.03


Tree=45
num_leaves=8
num_cat=0
split_feature=5 20 19 1 7 14 16
split_gain=49.4771 45.7696 20.8011 19.203 22.7899 16.7839 1.82408
threshold=13.500000000000002 10.250000000000002 2.6500000000000008 4.2231070829209783 22.500000000000004 2.7680714674619334e-23 19.773504273504276
decision_type=2 2 2 2 2 2 2
left_child=3 2 -2 6 -5 -3 -1
right_child=1 5 -4 4 -6 -7 -8
leaf_value=0.038254688531361047 0.052049433439355398 -0.0048831913843508552 0.0067706743221719679 0.0078295863893767421 0.026588150553987649 -0.038857006789856999 0.028607848755628058
leaf_weight=40.414505869150162 10.969080343842505 24.262238185852766 54.507657919079065 128.90492947027087 106.40221452713013 28.413577895611525 31.305399790406227
leaf_count=40 12 172 182 470 175 240 39
internal_value=0.0141055 -0.00239145 0.0143561 0.020454 0.0163119 -0.0232088 0.0340439
internal_weight=425.18 118.153 65.4767 307.027 235.307 52.6758 71.7199
internal_count=1330 606 194 724 645 412 79
is_linear=0
shrinkage=0.03


Tree=46
num_leaves=8
num_cat=0
split_feature=2 0 19 0 4 20 12
split_gain=46.5637 33.1771 24.4098 18.6723 18.5757 11.5505 0.0227095
threshold=5.4545080514575197 49.500000000000007 10.550000000000002 34.500000000000007 0.99999144859377509 8.2500000000000018 35.350000000000001
decision_type=2 2 2 2 2 2 2
left_child=3 6 -3 4 -1 -5 -2
right_child=1 2 -4 5 -6 -7 -8
leaf_value=-0.037850125396920058 -0.034811262879074642 -0.00030494083304200535 0.023444154752947515 0.040685470203500052 0.019033579523927983 0.022800984376447165 -0.032563544166824575
leaf_weight=8.3648694977164268 5.6414044350385693 116.39512619376183 58.540396761149168 40.934877395629883 13.513474687933922 157.73819939792156 14.299779962748287
leaf_count=60 53 478 187 44 21 269 213
internal_value=0.0141482 0.00346322 0.00764245 0.0235892 -0.00271509 0.0264859 -0.0331994
internal_weight=415.428 194.877 174.936 220.551 21.8783 198.673 19.9412
internal_count=1325 931 665 394 81 313 266
is_linear=0
shrinkage=0.03


Tree=47
num_leaves=8
num_cat=0
split_feature=0 1 13 5 20 10 15
split_gain=38.3505 63.9433 39.5175 22.2512 25.2152 14.1946 10.8175
threshold=75.500000000000014 5.110472729914906 0.35000000000000003 14.500000000000002 10.250000000000002 1.841757257543807e-16 36.861111111111121
decision_type=2 2 2 2 2 2 2
left_child=1 5 -3 6 -5 -1 -2
right_child=3 2 -4 4 -6 -7 -8
leaf_value=0.031338238562612634 0.028666187371365198 0.078074090636033863 -0.015577098654692352 0.021162454929791592 -0.030405258355188116 0.0059347652686687598 0.0075662022365513299
leaf_weight=58.664503574371338 171.84603317081928 4.2245617955923072 101.11485099047422 20.919900357723236 14.413778245449064 29.878608912229538 25.056151568889618
leaf_count=84 272 10 734 47 69 77 50
internal_value=0.0138242 0.00397415 -0.0118213 0.0220475 0.000126276 0.0227659 0.0259812
internal_weight=426.118 193.883 105.339 232.236 35.3337 88.5431 196.902
internal_count=1343 905 744 438 116 161 322
is_linear=0
shrinkage=0.03


Tree=48
num_leaves=8
num_cat=0
split_feature=2 0 11 13 14 3 17
split_gain=36.2557 45.5542 27.1492 20.9925 14.4065 20.8792 5.62397
threshold=5.4545080514575197 78.500000000000014 11.450000000000001 0.95000000000000007 0.91813394189600539 17.500000000000004 15.050000000000002
decision_type=2 2 2 2 2 2 2
left_child=4 2 -2 -3 6 -6 -1
right_child=1 3 -4 -5 5 -7 -8
leaf_value=0.024440522614574064 0.0068659123821530697 0.0027654482535130038 -0.027318078486204815 0.028775748997302054 0.0011135872960574501 0.029948686449847082 0.03775733065479487
leaf_weight=67.708922073245049 38.759610272943974 49.182349622249603 45.405052468180656 64.616843804717064 49.982487253844738 41.253521054983139 49.341537714004517
leaf_count=119 157 146 511 117 146 53 56
internal_value=0.0143511 0.00515827 -0.0115756 0.0175345 0.0230884 0.0141517 0.0300541
internal_weight=406.25 197.964 84.1647 113.799 208.286 91.236 117.05
internal_count=1305 931 668 263 374 199 175
is_linear=0
shrinkage=0.03


Tree=49
num_leaves=8
num_cat=0
split_feature=0 2 5 19 19 22 22
split_gain=45.523 54.7853 28.9426 29.5248 26.0358 12.3995 4.61964
threshold=62.500000000000007 4.5000000000000009 12.500000000000002 4.2500000000000009 13.950000000000001 15.350000000000003 12.750000000000002
decision_type=2 2 2 2 2 2 2
left_child=1 6 5 -4 -3 -2 -1
right_child=2 4 3 -5 -6 -7 -8
leaf_value=0.01211085400722307 0.023459494661298999 -0.028996435994365983 0.046684905266877311 0.001666606188692841 0.016507026328137383 0.04552307139272764 0.032819455124657962
leaf_weight=16.243449702858925 158.37255495786667 54.617993965744972 15.074746184051035 100.67408691346645 14.274498622864483 26.804022267460823 24.048608988523483
leaf_count=31 258 494 24 375 89 29 31
internal_value=0.0132769 -0.00331653 0.0192974 0.00752964 -0.0195681 0.0266532 0.0244709
internal_weight=410.11 109.185 300.925 115.749 68.8925 185.177 40.2921
internal_count=1331 645 686 399 583 287 62
is_linear=0
shrinkage=0.03


Tree=50
num_leaves=8
num_cat=0
split_feature=1 3 19 21 0 1 15
split_gain=38.1042 42.2173 36.6618 17.972 10.2981 20.6361 4.20666
threshold=5.110472729914906 25.125581475577352 11.350000000000003 0.41262122891655761 58.500000000000007 4.2231070829209783 36.69444444444445
decision_type=2 2 2 2 2 2 2
left_child=4 2 -2 -3 5 -1 -6
right_child=1 3 -4 -5 6 -7 -8
leaf_value=0.027192825658840843 -0.011899842761483214 0.0091589100581311658 0.018198847289968147 0.037569654148550097 0.034047592610714772 -0.015331037151177025 0.020510163317033776
leaf_weight=29.677290022373199 126.87758583575487 41.271165199577808 51.086986258625984 38.951348841190338 66.07293227314949 15.706617832183836 30.056704431772232
leaf_count=39 701 109 240 46 77 71 47
internal_value=0.0117428 0.00488517 -0.00325963 0.0229535 0.0242542 0.012476 0.0298149
internal_weight=399.701 258.187 177.965 80.2225 141.514 45.3839 96.1296
internal_count=1330 1096 941 155 234 110 124
is_linear=0
shrinkage=0.03


Tree=51
num_leaves=8
num_cat=0
split_feature=2 0 22 19 10 23 10
split_gain=51.2328 46.5288 40.922 17.3037 15.0039 18.7193 6.54611
threshold=5.4545080514575197 82.500000000000014 15.250000000000002 10.550000000000002 0.0098419918455599133 188.50000000000003 4.3166152212277526e-17
decision_type=2 2 2 2 2 2 2
left_child=4 2 -2 -3 6 -6 -1
right_child=1 3 -4 -5 5 -7 -8
leaf_value=0.025478786410342218 -0.022221138419849344 0.0071658493301712794 0.022426481726210628 0.034339179333658272 0.021305127850814339 -0.013067527348276205 0.042043598866982855
leaf_weight=114.32047916948795 80.699460044503212 55.741482362151146 23.961691372096539 33.928539380431175 50.702318012714386 19.839066185057163 26.436082772910595
leaf_count=183 663 145 60 58 94 67 34
internal_value=0.0127058 0.0015883 -0.0119993 0.0174475 0.0229306 0.0116382 0.0285899
internal_weight=405.629 194.331 104.661 89.67 211.298 70.5414 140.757
internal_count=1304 926 723 203 378 161 217
is_linear=0
shrinkage=0.03


Tree=52
num_leaves=7
num_cat=0
split_feature=3 4 0 3 8 0
split_gain=33.6731 36.016 38.4329 9.77266 15.2627 3.18472
threshold=22.438041079976468 0.1440979329112361 83.500000000000014 63.500000000000007 5.150404138274153 38.500000000000007
decision_type=2 2 2 2 2 2
left_child=1 2 -1 4 -2 -3
right_child=3 5 -4 -5 -6 -7
leaf_value=-0.0048676588110385518 0.033231582592604149 0.02053215052402832 0.021337241705005686 0.049154574604447249 0.011974877704837164 0.03724494629822072
leaf_weight=162.14327981695533 65.746156305074692 15.029215455055235 73.070958212018013 14.876084044575689 56.548119500279427 32.348291903734207
leaf_count=884 77 23 150 15 146 34
internal_value=0.0139996 0.00807974 0.00327308 0.0261954 0.0234026 0.0319433
internal_weight=419.762 282.592 235.214 137.17 122.294 47.3775
internal_count=1329 1091 1034 238 223 57
is_linear=0
shrinkage=0.03


Tree=53
num_leaves=7
num_cat=0
split_feature=1 0 22 5 7 22
split_gain=35.1487 45.0964 27.1657 14.0857 4.07044 0.49764
threshold=4.2231070829209783 46.500000000000007 13.15 5.5000000000000009 15.500000000000002 12.750000000000002
decision_type=2 2 2 2 2 2
left_child=4 3 -3 -2 -1 -6
right_child=1 2 -4 -5 5 -7
leaf_value=0.020464039717907872 0.029095702145056558 0.0038010076822878884 0.022048514122702444 -0.034854737564113739 0.033412475269292745 0.0398601569044768
leaf_weight=18.046577885746956 3.5180098637938526 172.63939199224114 127.77073472365737 26.075726587325335 17.770640417933464 27.360509276390076
leaf_count=27 11 606 297 304 20 27
internal_value=0.0120059 0.00808128 0.0115621 -0.0272525 0.0325061 0.0373213
internal_weight=393.182 330.004 300.41 29.5937 63.1777 45.1311
internal_count=1292 1218 903 315 74 47
is_linear=0
shrinkage=0.03


Tree=54
num_leaves=8
num_cat=0
split_feature=6 0 19 21 0 17 15
split_gain=35.4201 41.2693 29.6814 8.36491 14.896 7.23262 4.76539
threshold=1.186207745328435e-19 46.500000000000007 11.350000000000003 1.1889469391884659 68.500000000000014 24.750000000000004 36.305555555555564
decision_type=2 2 2 2 2 2 2
left_child=3 5 -3 6 -5 -2 -1
right_child=1 2 -4 4 -6 -7 -8
leaf_value=0.038878755599722141 -0.033867215412326963 0.0038036234725335356 0.024502340993577197 -0.018737153934894609 0.031874192970851929 0.032832701724399435 0.023294593787717938
leaf_weight=44.85096201300621 23.628692731261257 198.70352112129331 90.861896961927414 8.7325882092118281 13.062867954373358 1.5597279667854298 29.127965301275253
leaf_count=47 301 681 211 33 16 4 45
internal_value=0.0119556 0.00709473 0.0102986 0.0279304 0.0115962 -0.029737 0.0327428
internal_weight=410.528 314.754 289.565 95.7744 21.7955 25.1884 73.9789
internal_count=1338 1197 892 141 49 305 92
is_linear=0
shrinkage=0.03


Tree=55
num_leaves=8
num_cat=0
split_feature=5 18 20 22 0 16 19
split_gain=41.7898 37.7979 26.7636 21.9308 19.9425 16.887 7.35525
threshold=13.500000000000002 158.50000000000003 10.250000000000002 10.350000000000003 46.500000000000007 21.345238095238098 8.5500000000000025
decision_type=2 2 2 2 2 2 2
left_child=3 2 -2 6 -5 -3 -1
right_child=1 5 -4 4 -6 -7 -8
leaf_value=-0.00084437736190821325 0.032385108707663 -0.025780429171594444 -0.024270000275684964 -0.0014752213111969108 0.021815704242149708 0.011130818531473165 -0.055791459277559276
leaf_weight=4.2024439461529237 30.361330337822437 54.490664806216955 9.9680259041488153 38.344628505408764 241.27306425943971 14.026688348501919 4.5843805223703384
leaf_count=16 58 413 60 207 472 53 26
internal_value=0.0111776 -0.00466099 0.0183819 0.0171553 0.0186218 -0.0182241 -0.0295121
internal_weight=397.251 108.847 40.3294 288.405 279.618 68.5174 8.78682
internal_count=1305 584 118 721 679 466 42
is_linear=0
shrinkage=0.03


Tree=56
num_leaves=8
num_cat=0
split_feature=2 3 23 14 7 12 0
split_gain=36.1545 35.695 31.939 13.4469 13.9668 9.35793 4.49177
threshold=5.4545080514575197 33.500000000000007 58.000000000000007 5.6246579037056076e-14 22.500000000000004 32.150000000000013 71.500000000000014
decision_type=2 2 2 2 2 2 2
left_child=3 2 -2 6 -5 -3 -1
right_child=1 5 -4 4 -6 -7 -8
leaf_value=0.025884707831387636 0.03712985945144686 0.036609819484430657 -0.0089386013837749103 0.0069603855913054086 0.025478905872205516 0.0079026424749273332 0.042915129816697005
leaf_weight=40.579376526176929 14.976975739002226 27.809202820062637 141.59108136594296 83.517844751477242 65.324277743697166 16.15765043348074 21.230603992938995
leaf_count=60 33 38 825 216 92 40 22
internal_value=0.0112928 0.00217541 -0.00453179 0.0199723 0.0150878 0.02606 0.0317343
internal_weight=411.187 200.535 156.568 210.652 148.842 43.9669 61.81
internal_count=1326 936 858 390 308 78 82
is_linear=0
shrinkage=0.03


Tree=57
num_leaves=8
num_cat=0
split_feature=6 16 0 17 0 14 3
split_gain=39.3384 29.8518 26.6815 17.8564 17.7477 25.0746 5.56515
threshold=0.99998964238358712 20.159795145116718 79.500000000000014 29.700000000000006 74.500000000000014 8.1455993048920803e-05 14.500000000000002
decision_type=2 2 2 2 2 2 2
left_child=4 2 -2 -3 5 -1 -6
right_child=1 3 -4 -5 6 -7 -8
leaf_value=0.026979657278248304 -0.02404331115617897 0.011446216611573967 0.0038688833978147877 0.063355001099336269 0.010457446599047734 -0.0023958498358748219 0.029814916380900801
leaf_weight=44.554933603852987 56.31620017811656 44.894697818905115 68.086740911006927 6.8779880553483954 15.658336728811262 63.316043317317963 91.329539686441422
leaf_count=66 518 164 186 7 30 240 117
internal_value=0.00970792 -0.000800218 -0.00876674 0.0183423 0.0183242 0.00973738 0.0269818
internal_weight=391.034 176.176 124.403 51.7727 214.859 107.871 106.988
internal_count=1328 875 704 171 453 306 147
is_linear=0
shrinkage=0.03


Tree=58
num_leaves=7
num_cat=0
split_feature=1 0 19 16 7 16
split_gain=25.5061 44.5504 29.8917 23.7497 3.5218 1.70901
threshold=4.2231070829209783 55.500000000000007 13.15 17.593171296296301 15.500000000000002 19.773504273504276
decision_type=2 2 2 2 2 2
left_child=4 2 -2 -3 -1 -6
right_child=1 3 -4 -5 5 -7
leaf_value=0.016077403118205946 -0.036465028737915718 -0.0016427733911130542 0.015832163782866684 0.016890637036428381 0.036683043923873671 0.024801408506771171
leaf_weight=18.827387720346451 33.007789209485054 93.567179840058088 14.011992253363131 185.79517156630754 25.267594188451767 19.154475182294846
leaf_count=31 361 341 93 434 28 27
internal_value=0.009515 0.00613606 -0.0208804 0.0106832 0.0269512 0.0315598
internal_weight=389.632 326.382 47.0198 279.362 63.2495 44.4221
internal_count=1315 1229 454 775 86 55
is_linear=0
shrinkage=0.03


Tree=59
num_leaves=8
num_cat=0
split_feature=9 10 22 0 5 0 10
split_gain=41.9553 38.4798 32.6386 23.8349 34.0691 12.1446 6.44285
threshold=3.0543010807556441 4.4824540198152476e-17 12.488511654861655 49.500000000000007 3.5000000000000004 87.500000000000014 0.0082505384541679723
decision_type=2 2 2 2 2 2 2
left_child=3 2 -2 4 -1 -5 -3
right_child=1 6 -4 5 -6 -7 -8
leaf_value=0.02838570566955486 -0.019780052920489077 -0.042610569111338946 0.020353697261010321 0.016457295781441342 -0.025556855286284121 0.031207472717295032 -0.016722679731093981
leaf_weight=17.991289891302586 27.308093748986721 18.672288507223129 54.901893451809883 164.17209004610777 25.434832263737917 72.389949917793274 16.123273480683565
leaf_count=28 187 139 179 369 228 97 101
internal_value=0.0109161 -0.0041704 0.00702227 0.0172207 -0.00320864 0.020971 -0.0306149
internal_weight=396.994 117.006 82.21 279.988 43.4261 236.562 34.7956
internal_count=1328 606 366 722 256 466 240
is_linear=0
shrinkage=0.03


Tree=60
num_leaves=8
num_cat=0
split_feature=22 19 0 4 9 16 14
split_gain=30.5746 34.4293 32.1586 25.2856 13.738 18.0399 11.228
threshold=12.750000000000002 9.3500000000000032 69.500000000000014 8.004254916332089e-24 2.4643355279778301 18.460498960498963 0.00027808322168618957
decision_type=2 2 2 2 2 2 2
left_child=1 3 -3 -1 6 -6 -2
right_child=4 2 -4 -5 5 -7 -8
leaf_value=-0.024262640958543771 0.035171721974332049 -0.012237018671805291 0.021884968244888114 0.022285556117981688 -0.0019632278985733343 0.021822405491172352 0.013662489438819926
leaf_weight=59.854834910482168 49.740868400782347 37.388329848647118 74.174724064767361 12.738125704228876 57.027469996362925 57.768393561244011 38.942711591720581
leaf_count=376 68 248 149 22 234 153 85
internal_value=0.00884244 -1.39575e-05 0.0104496 -0.0160947 0.0168578 0.0100063 0.0257266
internal_weight=387.635 184.156 111.563 72.593 203.479 114.796 88.6836
internal_count=1335 795 397 398 540 387 153
is_linear=0
shrinkage=0.03


Tree=61
num_leaves=7
num_cat=0
split_feature=9 23 3 0 2 17
split_gain=38.665 29.5522 32.2454 14.0813 23.727 3.47735
threshold=2.4643355279778301 60.500000000000007 31.500000000000004 78.500000000000014 4.5000000000000009 13.950000000000001
decision_type=2 2 2 2 2 2
left_child=3 -2 -3 4 -1 -5
right_child=1 2 -4 5 -6 -7
leaf_value=0.025154048741496279 0.035297917682644661 -0.010215106613797114 0.019824977460155973 0.023421983734914224 -0.0025373441802484264 0.036474865888537787
leaf_weight=60.863977685570717 19.604062035679817 142.71363181993365 41.514416620135307 40.560074418783188 51.337400574237108 33.573099568486214
leaf_count=89 38 824 83 58 203 36
internal_value=0.00931001 0.000280476 -0.0034458 0.0191875 0.0124839 0.0293333
internal_weight=390.167 203.832 184.228 186.335 112.201 74.1332
internal_count=1331 945 907 386 292 94
is_linear=0
shrinkage=0.03


Tree=62
num_leaves=7
num_cat=0
split_feature=5 23 10 0 5 22
split_gain=25.3436 29.224 26.9533 18.9433 32.0369 12.4787
threshold=13.500000000000002 64.500000000000014 -3.060245954635856e-16 44.500000000000007 3.5000000000000004 13.709040951857917
decision_type=2 2 2 2 2 2
left_child=3 -2 -3 4 -1 -5
right_child=1 2 -4 5 -6 -7
leaf_value=0.026408333887869381 0.036652189457336323 0.024849787894060137 -0.015353165997196192 0.014395743805939082 -0.029513666169804262 0.029724042301580992
leaf_weight=16.637316681444645 15.593758568167685 18.588511161506176 77.929419003427029 186.30521339923143 20.680451974272728 64.295541003346443
leaf_count=26 24 45 531 427 185 101
internal_value=0.010647 -0.00145388 -0.00761043 0.015359 -0.00458206 0.0183285
internal_weight=400.03 112.112 96.5179 287.919 37.3178 250.601
internal_count=1339 600 576 739 211 528
is_linear=0
shrinkage=0.03


Tree=63
num_leaves=8
num_cat=0
split_feature=9 0 20 10 0 4 4
split_gain=29.485 36.9974 22.7944 17.6059 13.2912 21.609 5.14581
threshold=1.5000000000000002 66.500000000000014 5.9500000000000011 -2.3411858341653391e-16 55.500000000000007 2.0570390255740267e-31 3.3953528489430142e-16
decision_type=2 2 2 2 2 2 2
left_child=4 2 -2 -3 5 -1 -6
right_child=1 3 -4 -5 6 -7 -8
leaf_value=-0.037367598452304467 0.062060451911798924 0.026118625072716561 -0.023507004671974613 0.0035166435907189241 0.020051017968682933 0.0159683947152141 0.034149636669666285
leaf_weight=8.7909489162266237 2.9548640027642241 40.359385780990124 54.128549251705408 134.00427928939462 75.285842597484589 30.750896833837032 33.741553395986557
leaf_count=75 4 67 531 426 123 59 41
internal_value=0.00858048 0.00188534 -0.0190777 0.00874825 0.0190104 0.00411073 0.0244142
internal_weight=380.016 231.447 57.0834 174.364 148.569 39.5418 109.027
internal_count=1326 1028 535 493 298 134 164
is_linear=0
shrinkage=0.03


Tree=64
num_leaves=8
num_cat=0
split_feature=22 15 1 23 11 18 6
split_gain=31.057 22.7467 31.2008 15.9768 18.7457 13.2365 5.09765
threshold=12.750000000000002 37.083333333333336 5.9442770795559801 162.50000000000003 10.050000000000002 139.50000000000003 0.99998040245852537
decision_type=2 2 2 2 2 2 2
left_child=1 2 -1 6 -5 -3 -2
right_child=3 5 -4 4 -6 -7 -8
leaf_value=0.019301568743116785 0.030376448705613388 0.0099491853759394195 -0.0076568701105220278 0.027817079989266136 -0.0016705197491687085 -0.058282066477839053 0.017057471800222948
leaf_weight=61.538744032382965 60.081388376653194 3.5486037060618392 103.83025021106005 28.122326090931892 62.578575480729342 9.1746810339391214 45.409335292875767
leaf_count=116 92 9 595 47 247 61 128
internal_value=0.00847147 -0.000598758 0.00237517 0.0167049 0.00747228 -0.0392519 0.0246432
internal_weight=374.284 178.092 165.369 196.192 90.7009 12.7233 105.491
internal_count=1295 781 711 514 294 70 220
is_linear=0
shrinkage=0.03


Tree=65
num_leaves=8
num_cat=0
split_feature=20 0 9 3 16 3 22
split_gain=31.6153 30.6783 20.7618 15.0824 14.8487 17.0676 12.024
threshold=10.250000000000002 67.500000000000014 2.4643355279778301 28.500000000000004 16.206389452332662 12.500000000000002 12.750000000000002
decision_type=2 2 2 2 2 2 2
left_child=4 3 -3 -2 5 -1 -6
right_child=1 2 -4 -5 6 -7 -8
leaf_value=-0.04253224398240521 -0.024009040581669919 0.021310741866107184 -0.0031976816845658046 0.036929120039345516 0.010349161411112747 0.0095149488561720938 0.026396347938678111
leaf_weight=7.3099356405436984 50.407866194844246 54.598937720060349 72.305033132433891 3.9412015452980986 70.594944544136524 25.283685471862555 103.83316037803888
leaf_count=54 482 86 267 7 198 64 188
internal_value=0.00841856 -0.000730272 0.00734678 -0.01959 0.0164286 -0.00215794 0.0199017
internal_weight=388.275 181.253 126.904 54.3491 207.022 32.5936 174.428
internal_count=1346 842 353 489 504 118 386
is_linear=0
shrinkage=0.03


Tree=66
num_leaves=8
num_cat=0
split_feature=1 16 17 11 15 14 10
split_gain=28.14 25.2218 29.3896 19.815 8.07906 13.3988 1.75586
threshold=5.110472729914906 18.402702702702708 13.265799712220458 11.350000000000003 36.361111111111121 0.99999995453292267 0.039883309123568973
decision_type=2 2 2 2 2 2 2
left_child=4 2 -2 -3 6 -6 -1
right_child=1 3 -4 -5 5 -7 -8
leaf_value=0.03138525911938865 -0.025360516257302505 0.02432248286548247 0.0051647445514649906 0.0010229845101206653 0.020757247446657891 -0.0092514546013895797 0.019388534080778438
leaf_weight=44.212525278329849 47.358137976378202 62.220897205173969 70.862212285399437 69.594035051763058 55.007173240184784 17.699890911579132 14.607985056936739
leaf_count=60 375 124 262 316 101 50 27
internal_value=0.00890657 0.00299765 -0.00706343 0.0120211 0.0201395 0.0134519 0.0284059
internal_weight=381.563 250.035 118.22 131.815 131.528 72.7071 58.8205
internal_count=1315 1077 637 440 238 151 87
is_linear=0
shrinkage=0.03


Tree=67
num_leaves=8
num_cat=0
split_feature=0 1 7 10 13 14 16
split_gain=25.1299 27.2527 34.2793 19.0372 11.2295 9.82782 7.36285
threshold=83.500000000000014 5.110472729914906 42.500000000000007 0.0098419918455599133 0.65000000000000002 7.610657649873673e-23 19.613247863247867
decision_type=2 2 2 2 2 2 2
left_child=1 3 -3 -1 6 -6 -2
right_child=4 2 -4 -5 5 -7 -8
leaf_value=0.026978160753808808 -0.022370648093706154 -0.0083187098349354043 0.030949264945286818 -0.0019576162376056323 0.040881080485213543 0.019910838254239099 0.020487379521523161
leaf_weight=65.372431583702564 8.110296815633772 133.37318132072687 23.538831576704979 29.787472195923328 25.917644664645195 89.81875416636467 6.4981937110424033
leaf_count=109 29 820 40 85 45 153 11
internal_value=0.0107839 0.00525379 -0.00242801 0.0179205 0.0214785 0.0246068 -0.00330641
internal_weight=382.417 252.072 156.912 95.1599 130.345 115.736 14.6085
internal_count=1292 1054 860 194 238 198 40
is_linear=0
shrinkage=0.03


Tree=68
num_leaves=8
num_cat=0
split_feature=22 16 0 0 19 9 18
split_gain=22.3123 27.7242 26.6533 14.5917 10.7725 11.1467 9.41605
threshold=13.813719509747044 18.014705882352946 70.500000000000014 44.500000000000007 5.9500000000000011 1.5000000000000002 161.50000000000003
decision_type=2 2 2 2 2 2 2
left_child=1 2 -1 -3 5 -2 -6
right_child=4 3 -4 -5 6 -7 -8
leaf_value=-0.029309711976244372 0.032498568047186739 -0.0084448954918725627 0.002999661675471364 0.016429478225405005 0.039147471691656957 -0.013466350041773347 0.018478354813872732
leaf_weight=33.589510384947062 7.0534400492906579 25.16193126142025 72.747332464903593 135.64979279786348 29.257684998214245 14.528813935816288 61.603614825755358
leaf_count=345 10 157 215 344 45 53 155
internal_value=0.00939735 0.00467861 -0.00720617 0.0125374 0.0206083 0.00155575 0.0251339
internal_weight=379.592 267.149 106.337 160.812 112.444 21.5823 90.8613
internal_count=1324 1061 560 501 263 63 200
is_linear=0
shrinkage=0.03


Tree=69
num_leaves=7
num_cat=0
split_feature=2 7 15 15 7 18
split_gain=24 18.2357 17.3837 9.66093 17.0831 6.5345
threshold=5.4545080514575197 65.500000000000014 36.861111111111121 36.361111111111121 15.500000000000002 240.50000000000003
decision_type=2 2 2 2 2 2
left_child=3 2 -2 5 -5 -1
right_child=1 -3 -4 4 -6 -7
leaf_value=0.03070115682898809 0.0029344016655602121 0.034769616272307999 -0.026181833964671542 -0.0083460392215562156 0.018419314767279961 0.012221741480045779
leaf_weight=56.266170769929886 152.13424808532 14.196734219789503 21.002821929752827 29.04901634901762 82.16883822530508 24.818056672811508
leaf_count=80 753 19 163 101 152 56
internal_value=0.00972498 0.00208262 -0.000597616 0.0171699 0.0114285 0.025045
internal_weight=379.636 187.334 173.137 192.302 111.218 81.0842
internal_count=1324 935 916 389 253 136
is_linear=0
shrinkage=0.03


Tree=70
num_leaves=8
num_cat=0
split_feature=22 3 6 19 23 5 10
split_gain=24.4297 27.1891 28.1189 11.158 12.2111 10.9418 8.38485
threshold=13.709040951857917 20.500000000000004 1.6403556168207908e-20 11.450000000000001 165.50000000000003 13.500000000000002 2.5688369565525414e-17
decision_type=2 2 2 2 2 2 2
left_child=1 2 -1 4 -2 -3 -5
right_child=3 5 -4 6 -6 -7 -8
leaf_value=0.016274366789644074 0.023816086467030463 0.024469135335998277 -0.010602176041428411 0.046177884407364457 -0.00066456983644982385 0.0026276368295432887 0.018227795805391633
leaf_weight=49.824550304561853 48.281933203339577 64.442236185073853 118.02178752236068 22.381518449634314 29.568250745534897 30.371621057391167 16.99487491324544
leaf_count=95 104 100 737 30 94 100 42
internal_value=0.00971282 0.00463042 -0.00262398 0.0211006 0.0145181 0.0174727 0.0341146
internal_weight=379.887 262.66 167.846 117.227 77.8502 94.8139 39.3764
internal_count=1302 1032 832 270 198 200 72
is_linear=0
shrinkage=0.03


Tree=71
num_leaves=7
num_cat=0
split_feature=1 3 18 15 22 2
split_gain=17.4572 24.9946 20.9813 6.92882 9.23747 3.13161
threshold=5.110472729914906 63.500000000000007 219.50000000000003 36.361111111111121 11.050000000000002 4.5000000000000009
decision_type=2 2 2 2 2 2
left_child=3 2 -2 5 -5 -1
right_child=1 -3 -4 4 -6 -7
leaf_value=0.030957907830700206 0.0092522822482404826 0.043674397396675196 -0.0094325605493423437 -0.013781585130810561 0.016444106008790545 0.016670528921745666
leaf_weight=38.502428844571114 149.690026845783 14.065811187028883 84.687319936230779 10.612184979021547 63.863471351563931 21.526839829981327
leaf_count=53 532 14 532 34 128 45
internal_value=0.00954494 0.00483198 0.00250091 0.0182502 0.0121372 0.0258344
internal_weight=382.948 248.443 234.377 134.505 74.4757 60.0293
internal_count=1338 1078 1064 260 162 98
is_linear=0
shrinkage=0.03


Tree=72
num_leaves=8
num_cat=0
split_feature=0 2 12 6 3 15 14
split_gain=21.3593 26.9632 16.8054 15.6804 16.8593 12.1245 2.88932
threshold=55.500000000000007 4.5000000000000009 48.550000000000004 4.0532579307376761e-29 6.5000000000000009 36.361111111111121 0.99999967409332702
decision_type=2 2 2 2 2 2 2
left_child=1 5 -3 6 -5 -1 -2
right_child=3 2 -4 4 -6 -7 -8
leaf_value=0.028281469393787877 0.034437437212122127 -0.027270974480299054 0.072599915678613708 0.046590900811998112 0.0077604345309083165 -0.0099708077726912512 0.017989483055684184
leaf_weight=20.033670261502269 27.988220140337944 37.165959505364299 1.5808984972536553 10.460655972361563 264.85766401514411 11.879668369889258 14.639739409089087
leaf_count=29 37 445 10 28 756 33 24
internal_value=0.00854165 -0.00637767 -0.0231962 0.0118573 0.00923579 0.0140421 0.0287887
internal_weight=388.606 70.6602 38.7469 317.946 275.318 31.9133 42.628
internal_count=1362 517 455 845 784 62 61
is_linear=0
shrinkage=0.03


Tree=73
num_leaves=8
num_cat=0
split_feature=5 0 13 15 21 4 22
split_gain=23.9564 36.3297 20.0644 19.8089 7.72848 16.9525 5.8127
threshold=6.5000000000000009 66.500000000000014 0.95000000000000007 36.750000000000007 1.3487851865528819 1.6186964269728279e-07 14.15
decision_type=2 2 2 2 2 2 2
left_child=4 3 -3 -2 6 -6 -1
right_child=1 2 -4 -5 5 -7 -8
leaf_value=0.019526100294532386 -0.027408474312126511 -0.00076193749859802492 0.018104901841605812 0.0041329996625406075 -0.03491337280308264 0.026590521650662259 0.038536705442298223
leaf_weight=60.105925168842077 45.636081803590059 94.401554998010397 109.66202367842197 29.506386807188392 6.7817457653582123 9.9526350349187833 19.067306250333786
leaf_count=109 405 310 227 214 32 16 23
internal_value=0.0072536 0.00281021 0.00937694 -0.015023 0.0201892 0.00166556 0.0241044
internal_weight=375.114 279.206 204.064 75.1425 95.9076 16.7344 79.1732
internal_count=1336 1156 537 619 180 48 132
is_linear=0
shrinkage=0.03


Tree=74
num_leaves=8
num_cat=0
split_feature=20 5 15 16 3 19 7
split_gain=21.2922 31.0037 21.0477 19.6641 13.5962 12.7187 10.2636
threshold=10.250000000000002 14.500000000000002 36.894444444444453 16.206389452332662 12.500000000000002 11.350000000000003 13.040085012771581
decision_type=2 2 2 2 2 2 2
left_child=3 2 -2 4 -1 -3 -5
right_child=1 5 -4 6 -6 -7 -8
leaf_value=-0.045139048370988137 0.012073740977393506 -0.038205610424999183 -0.017707092909206461 0.00066375629401991328 0.0039515877122778542 0.0086655450887760475 0.022472260233888344
leaf_weight=6.5170180201530483 124.33259209245443 21.9007807597518 25.788836153224111 22.336489409208298 22.989882539957762 6.8370433226227751 148.8421572111547
leaf_count=53 418 224 136 85 63 55 298
internal_value=0.00901962 0.00149295 0.0069578 0.0157277 -0.00689078 -0.0270544 0.0196265
internal_weight=379.545 178.859 150.121 200.686 29.5069 28.7378 171.179
internal_count=1332 833 554 499 116 279 383
is_linear=0
shrinkage=0.03


Tree=75
num_leaves=7
num_cat=0
split_feature=4 11 5 24 16 17
split_gain=24.0769 23.4522 21.9053 11.0119 2.66422 1.59895
threshold=0.57697845111028812 12.448545210229701 13.500000000000002 0.55000000000000016 20.080540540540543 16.550000000000004
decision_type=2 2 2 2 2 2
left_child=1 3 -3 -1 -2 -6
right_child=4 2 -4 -5 5 -7
leaf_value=0.036638754046737658 0.033375714080809506 0.00092733290552428967 -0.028532978571524367 0.008123487660564175 0.011255866611383942 0.02656038666971542
leaf_weight=12.987678401172159 24.635741785168648 85.620878744870424 30.917720954865217 198.06517538800836 11.501146316528322 13.189538598060606
leaf_count=39 34 356 333 549 22 20
internal_value=0.00685578 0.00391358 -0.0068885 0.00987825 0.0263958 0.0194314
internal_weight=376.918 327.591 116.539 211.053 49.3264 24.6907
internal_count=1353 1277 689 588 76 42
is_linear=0
shrinkage=0.03


Tree=76
num_leaves=8
num_cat=0
split_feature=0 1 0 19 10 14 0
split_gain=23.1389 24.1612 29.4698 13.3484 14.1822 7.8126 4.13516
threshold=86.500000000000014 4.2231070829209783 46.500000000000007 6.9500000000000011 7.8226834559915856e-17 1.3650074059751963e-25 35.500000000000007
decision_type=2 2 2 2 2 2 2
left_child=1 6 -3 4 -2 -5 -1
right_child=3 2 -4 5 -6 -7 -8
leaf_value=0.0080353988394039327 -0.030167707659917227 -0.03470731816494866 0.0018672882594113493 0.046202585262321336 0.020138724086964956 0.020532029285423838 0.029384003369699728
leaf_weight=11.295447140932081 9.1913467943668383 21.879879636690021 211.33951984345913 12.730841279029844 11.176393449306486 65.916890174150467 29.47119764983654
leaf_count=22 32 307 773 21 20 113 44
internal_value=0.00665248 0.00216064 -0.00156402 0.0190819 -0.00256305 0.0246874 0.0234688
internal_weight=373.002 273.986 233.219 99.0155 20.3677 78.6477 40.7666
internal_count=1332 1146 1080 186 52 134 66
is_linear=0
shrinkage=0.03


Tree=77
num_leaves=7
num_cat=0
split_feature=19 9 7 22 14 16
split_gain=20.1318 26.5928 24.2016 13.1748 12.4862 10.2932
threshold=11.350000000000003 3.0543010807556441 66.500000000000014 15.103608102863411 1.1825474821923402e-22 15.35857142857143
decision_type=2 2 2 2 2 2
left_child=1 4 -3 5 -1 -2
right_child=3 2 -4 -5 -6 -7
leaf_value=0.026105001286761433 -0.029902176322628007 -0.015825158789382059 0.039569632084570677 0.038706800514609618 0.0055311266321085061 0.015049928696183433
leaf_weight=33.682607419788837 4.8086158465594044 78.349429985508323 7.8053565472364417 21.627967916429043 125.34756674245 98.378096390515566
leaf_count=86 32 465 9 31 386 313
internal_value=0.00760948 0.00261664 -0.0108066 0.0174174 0.00988868 0.0129551
internal_weight=370 245.185 86.1548 124.815 159.03 103.187
internal_count=1322 946 474 376 472 345
is_linear=0
shrinkage=0.03


Tree=78
num_leaves=8
num_cat=0
split_feature=2 0 3 12 15 0 15
split_gain=22.722 40.1014 18.0044 16.3741 5.73181 6.89427 3.4311
threshold=4.5000000000000009 66.500000000000014 11.027604376157194 33.650000000000013 36.361111111111121 81.500000000000014 35.305555555555564
decision_type=2 2 2 2 2 2 2
left_child=4 3 -3 -2 6 -6 -1
right_child=1 2 -4 -5 5 -7 -8
leaf_value=0.017542381744617305 0.0013413505566929065 -0.021025561729407831 0.011102078243629188 -0.028744105976149372 0.0024528026116805617 0.029281297225947318 0.03437966349293841
leaf_weight=18.816785678267479 25.861868601292372 17.04651527479291 198.5512729473412 43.949582694098353 25.556293860077858 13.008693367242811 25.865689888596535
leaf_count=36 114 80 475 500 58 19 32
internal_value=0.00618532 0.00216292 0.00856187 -0.0175989 0.0199759 0.0115026 0.0272891
internal_weight=368.657 285.409 215.598 69.8115 83.2475 38.565 44.6825
internal_count=1314 1169 555 614 145 77 68
is_linear=0
shrinkage=0.03


Tree=79
num_leaves=8
num_cat=0
split_feature=9 23 22 17 15 17 10
split_gain=25.3565 22.2922 18.8514 17.8528 7.79385 11.3196 8.80621
threshold=1.5000000000000002 213.50000000000003 12.519519088405891 11.880659309272561 36.361111111111121 16.150000000000002 0.051858061574094547
decision_type=2 2 2 2 2 2 2
left_child=4 2 -2 -3 6 -6 -1
right_child=1 3 -4 -5 5 -7 -8
leaf_value=0.030537803190973902 -0.005998525151838692 0.008220306270919844 0.013963403840021284 -0.027813113096576875 0.0027369686665998485 0.028568350180706008 0.0049096879962306677
leaf_weight=48.384605258703232 73.285024590790272 18.340308783575892 101.614004265517 38.045086121186614 54.625104822218418 21.190698526799679 16.076370567083359
leaf_count=74 403 103 309 243 161 31 40
internal_value=0.00641419 0.000310812 0.00559909 -0.0160926 0.0164773 0.0099569 0.0241462
internal_weight=371.561 231.284 174.899 56.3854 140.277 75.8158 64.461
internal_count=1364 1058 712 346 306 192 114
is_linear=0
shrinkage=0.03


Tree=80
num_leaves=7
num_cat=0
split_feature=19 0 9 22 0 4
split_gain=27.0124 24.4079 19.8255 19.6096 14.6758 13.2587
threshold=11.15 55.500000000000007 1.5000000000000002 15.103608102863411 37.500000000000007 0.99999999974956799
decision_type=2 2 2 2 2 2
left_child=1 5 -3 4 -2 -1
right_child=3 2 -4 -5 -6 -7
leaf_value=-0.037345746650645391 -0.020253910541350239 0.017640326876958025 -0.0037584889662601929 0.041624543547455928 0.01455744047319346 0.0087673621686112507
leaf_weight=23.338564800098542 12.322051864117382 55.429919794201851 131.19028028100729 22.033451281487942 94.40228977240622 7.388197883963584
leaf_count=297 104 99 493 30 267 16
internal_value=0.00496879 -0.00148195 0.00259739 0.0158578 0.0105382 -0.0262579
internal_weight=346.105 217.347 186.62 128.758 106.724 30.7268
internal_count=1306 905 592 401 371 313
is_linear=0
shrinkage=0.03


Tree=81
num_leaves=8
num_cat=0
split_feature=4 3 0 21 3 3 0
split_gain=23.8504 27.6642 21.076 6.45345 5.9611 5.10651 2.74158
threshold=1.7892960410815497e-22 37.500000000000007 49.500000000000007 1.266961168413214 63.500000000000007 16.189615185421044 34.500000000000007
decision_type=2 2 2 2 2 2 2
left_child=1 2 -1 6 -3 -5 -2
right_child=3 4 -4 5 -6 -7 -8
leaf_value=-0.029617241895565621 0.012698350314153941 0.016556278011950226 0.00050808571638948855 -0.0092971625294359633 0.040989115482899234 0.023152579316799742 0.031060213906589376
leaf_weight=22.957842675969005 9.0777953714132291 30.735465005040169 233.29409984685481 9.1694058477878588 12.700897753238676 8.3293158710002881 37.757330872118473
leaf_count=335 18 57 809 28 13 13 59
internal_value=0.00511966 0.00156179 -0.00219087 0.0216934 0.0237005 0.00614877 0.0275012
internal_weight=364.022 299.688 256.252 64.3338 43.4364 17.4987 46.8351
internal_count=1332 1214 1144 118 70 41 77
is_linear=0
shrinkage=0.03


Tree=82
num_leaves=7
num_cat=0
split_feature=9 3 19 22 3 24
split_gain=20.413 24.7633 22.3263 15.1853 19.4543 6.62605
threshold=3.0543010807556441 57.500000000000007 4.1500000000000012 13.403620605521427 20.500000000000004 0.95000000000000007
decision_type=2 2 2 2 2 2
left_child=3 2 -2 4 -1 -5
right_child=1 -3 -4 5 -6 -7
leaf_value=-0.0001794792079442616 0.029088839866078436 0.038155421854082862 -0.012413011911970587 0.010972955136401528 0.021574600389060963 0.028625425378939681
leaf_weight=107.64845734648407 13.358978953212498 12.102673277258871 92.057643119245768 28.516254395246506 56.37280036509037 58.188267841935158
leaf_count=438 31 14 560 73 96 109
internal_value=0.0078294 -0.00248753 -0.00715367 0.0126651 0.00729722 0.0228197
internal_weight=368.245 117.519 105.417 250.726 164.021 86.7045
internal_count=1321 605 591 716 534 182
is_linear=0
shrinkage=0.03


Tree=83
num_leaves=8
num_cat=0
split_feature=1 0 13 15 10 6 10
split_gain=21.8377 27.4408 30.2996 16.7496 9.00024 8.4607 7.38349
threshold=5.110472729914906 75.500000000000014 0.35000000000000003 36.750000000000007 0.0098419918455599133 4.9945788262936104e-19 4.4824540198152476e-17
decision_type=2 2 2 2 2 2 2
left_child=4 2 -2 -3 6 -6 -1
right_child=1 3 -4 -5 5 -7 -8
leaf_value=0.017195643929908973 0.062013029920419002 0.012182989252428807 -0.016804761721578351 -0.017058973646310791 0.013708339934288848 -0.015429002037984876 0.039935879871663908
leaf_weight=57.005310513079166 4.6238345429301253 126.84552007168531 86.67495702020824 20.474951475858688 30.124676570296288 12.771625593304632 16.59014393389225
leaf_count=115 11 288 737 60 61 45 22
internal_value=0.00530807 0.000110058 -0.012813 0.00811887 0.0159556 0.0050332 0.0223218
internal_weight=355.111 238.619 91.2988 147.32 116.492 42.8963 73.5955
internal_count=1339 1096 748 348 243 106 137
is_linear=0
shrinkage=0.03


Tree=84
num_leaves=8
num_cat=0
split_feature=9 0 3 0 0 6 4
split_gain=20.1666 17.9336 15.6259 11.6597 13.5193 6.56973 0.223777
threshold=1.5000000000000002 46.500000000000007 61.500000000000007 37.500000000000007 26.500000000000004 0.00012858615831802704 2.9316847188839995e-25
decision_type=2 2 2 2 2 2 2
left_child=3 6 -3 4 -1 -5 -2
right_child=1 2 -4 5 -6 -7 -8
leaf_value=0.01144985589381318 -0.032225551824136035 0.00082537937366407852 0.038633236560337576 0.022638672659107441 -0.045310343664323266 0.0056134617944801953 -0.046550167625056489
leaf_weight=10.978742465376856 12.122011756524442 202.26774633489549 10.341376245021818 88.680971957743168 5.7571199387311927 26.492825176566839 1.0679784193634976
leaf_count=38 249 754 12 151 37 68 7
internal_value=0.00600293 0.000558529 0.00266437 0.0153225 -0.0080756 0.0187225 -0.0333854
internal_weight=357.709 225.799 212.609 131.91 16.7359 115.174 13.19
internal_count=1316 1022 766 294 75 219 256
is_linear=0
shrinkage=0.03


Tree=85
num_leaves=7
num_cat=0
split_feature=19 13 23 22 21 22
split_gain=13.715 23.684 26.0018 13.8617 17.1137 10.5224
threshold=11.350000000000003 0.95000000000000007 103.50000000000001 15.103608102863411 1.3487851865528819 12.519519088405891
decision_type=2 2 2 2 2 2
left_child=1 2 -1 4 -2 -3
right_child=3 5 -4 -5 -6 -7
leaf_value=0.015137555431717594 0.012476282890315582 -0.00081676409430318916 -0.014644908475631678 0.035971817738442713 -0.038299221391587375 0.019392262907666314
leaf_weight=35.830197617411613 90.485208880156279 35.63574924506247 100.06246077641845 21.072114817798138 6.3964897319674483 66.385439215227962
leaf_count=112 317 120 579 32 31 140
internal_value=0.00555593 0.00140906 -0.0067923 0.0139202 0.0091239 0.0123333
internal_weight=355.868 237.914 135.893 117.954 96.8817 102.021
internal_count=1331 951 691 380 348 260
is_linear=0
shrinkage=0.03


Tree=86
num_leaves=8
num_cat=0
split_feature=0 2 16 18 19 13 14
split_gain=17.8455 24.4329 16.7134 13.703 22.04 12.3958 5.48729
threshold=66.500000000000014 5.4545080514575197 23.27524038461539 161.50000000000003 9.3500000000000032 0.55000000000000016 9.2740327277142025e-28
decision_type=2 2 2 2 2 2 2
left_child=1 5 -3 6 -5 -1 -2
right_child=3 2 -4 4 -6 -7 -8
leaf_value=0.0287745346281915 -0.00077817371236926238 -0.032078714643601278 0.030866897538041886 -0.0074652471223024992 0.013705127832552592 -0.0018318976024060984 0.023492625693235524
leaf_weight=15.171527795493601 9.7400758042931539 33.933257324621081 4.2746769804507485 78.543003022670746 101.39283413812518 55.389111761003733 60.199249304831028
leaf_count=34 26 468 20 263 228 182 107
internal_value=0.00442895 -0.00571399 -0.0250364 0.00884409 0.00446414 0.00474891 0.0201126
internal_weight=358.644 108.769 38.2079 249.875 179.936 70.5606 69.9393
internal_count=1328 704 488 624 491 216 133
is_linear=0
shrinkage=0.03


Tree=87
num_leaves=7
num_cat=0
split_feature=4 0 6 9 0 11
split_gain=21.0195 25.4643 20.9031 14.6092 4.21796 0.667448
threshold=0.1440979329112361 87.500000000000014 1.0000000180025095e-35 3.4275364450117736 37.500000000000007 12.250000000000002
decision_type=2 2 2 2 2 2
left_child=1 2 -1 -3 -2 -6
right_child=4 3 -4 -5 5 -7
leaf_value=-0.071825423056217919 0.010135667808908943 0.023624211043612096 -0.0027570927075383665 -0.0041300509741487882 0.025117837570274228 0.033975426783170885
leaf_weight=4.0178692862391463 14.894417405128477 58.534068867564201 213.41362894512713 24.0954470038414 15.135228276252748 15.494874522089956
leaf_count=20 30 91 1055 67 27 23
internal_value=0.00423598 0.00135412 -0.00403339 0.0155308 0.0232309 0.0295986
internal_weight=345.586 300.061 217.431 82.6295 45.5245 30.6301
internal_count=1313 1233 1075 158 80 50
is_linear=0
shrinkage=0.03


Tree=88
num_leaves=6
num_cat=0
split_feature=22 19 5 22 10
split_gain=19.4264 18.8957 18.3186 16.7804 1.62789
threshold=10.139362430464326 11.350000000000003 8.5000000000000018 15.103608102863411 -5.4055363967338567e-18
decision_type=2 2 2 2 2
left_child=4 2 -2 -3 -1
right_child=1 3 -4 -5 -6
leaf_value=-0.027373528059706033 0.010196136297373024 0.008993013852050832 -0.0074040529185532625 0.0386406886790241 -0.057318960195919061
leaf_weight=2.6159085612744093 87.081682931631804 94.828436583280563 136.88535234518349 20.983541660010815 4.3518975712358943
leaf_count=21 210 337 702 28 35
internal_value=0.00350962 0.00452648 -0.00056084 0.0143648 -0.0460766
internal_weight=346.747 339.779 223.967 115.812 6.96781
internal_count=1333 1277 912 365 56
is_linear=0
shrinkage=0.03


Tree=89
num_leaves=8
num_cat=0
split_feature=20 6 16 2 20 13 22
split_gain=24.4723 24.5773 19.2375 36.4373 17.9001 14.8401 6.48722
threshold=10.250000000000002 1.186207745328435e-19 17.754310344827591 5.4545080514575197 14.65 0.45000000000000007 13.029965346780223
decision_type=2 2 2 2 2 2 2
left_child=2 6 3 -1 -3 -4 -2
right_child=1 4 5 -5 -6 -7 -8
leaf_value=0.018502161666375513 0.0079358820819538829 -0.011206294223299334 0.051989367263334578 -0.027763596944600937 0.041680681916459877 0.016187862991129259 0.033799854866501708
leaf_weight=36.615809746086597 20.161711819469929 130.47588877566159 11.499173700809477 26.342171238735318 6.0257219914346924 111.05349064618349 15.390301525592802
leaf_count=72 46 753 22 149 35 250 23
internal_value=0.00506445 -0.00308511 0.0126228 -0.000855837 -0.00887165 0.0195471 0.0191323
internal_weight=357.564 172.054 185.511 62.958 136.502 122.553 35.552
internal_count=1350 857 493 221 788 272 69
is_linear=0
shrinkage=0.03


Tree=90
num_leaves=8
num_cat=0
split_feature=22 3 17 23 9 16 5
split_gain=15.0698 17.3137 17.0876 14.8606 30.0427 13.5425 12.3257
threshold=12.750000000000002 14.500000000000002 11.750000000000002 213.50000000000003 1.5000000000000002 15.418010752688174 8.5000000000000018
decision_type=2 2 2 2 2 2 2
left_child=1 2 -1 5 -5 -2 -3
right_child=3 6 -4 4 -6 -7 -8
leaf_value=0.0074541491871399981 -0.016042558753433824 0.018710953611436668 -0.024917135032201228 0.024309356961364898 -0.031024013658520602 0.019586549920572439 -0.0012939711334274736
leaf_weight=23.651293510571122 10.374638205394147 47.47069001942873 38.67240702919662 16.767800807952881 18.656694797798991 128.80916927754879 66.619820220395923
leaf_count=177 54 85 300 33 112 308 255
internal_value=0.00626744 8.33971e-05 -0.0126325 0.0125154 -0.00483256 0.0169308 0.00702966
internal_weight=351.023 176.414 62.3237 174.608 35.4245 139.184 114.091
internal_count=1324 817 477 507 145 362 340
is_linear=0
shrinkage=0.03


Tree=91
num_leaves=7
num_cat=0
split_feature=22 9 11 14 20 18
split_gain=23.1562 25.4196 24.2559 11.2033 1.85616 0.201359
threshold=10.139362430464326 2.4643355279778301 11.350000000000003 4.6382554453868421e-09 10.350000000000003 199.50000000000003
decision_type=2 2 2 2 2 2
left_child=4 3 -3 -2 -1 -6
right_child=1 2 -4 -5 5 -7
leaf_value=-0.07460961228675235 0.025242837376116333 0.0077194938164607029 -0.01348966010643337 0.0076197159290492056 -0.048547846911029792 -0.035286153719456211
leaf_weight=2.3037758991122237 50.372613906860352 97.58854603767395 96.538799604400992 91.325811926275492 1.8306236658245323 2.3573065344244242
leaf_count=14 107 278 658 242 15 27
internal_value=0.00313903 0.00422387 -0.00282774 0.0138846 -0.052981 -0.0410831
internal_weight=342.317 335.826 194.127 141.698 6.49171 4.18793
internal_count=1341 1285 936 349 56 42
is_linear=0
shrinkage=0.03


Tree=92
num_leaves=8
num_cat=0
split_feature=22 0 23 23 12 10 6
split_gain=22.7357 34.437 15.4792 8.63565 17.1429 8.30957 7.11902
threshold=13.709040951857917 58.500000000000007 58.000000000000007 213.50000000000003 32.850000000000001 0.045647505823885111 2.2516155625402111e-12
decision_type=2 2 2 2 2 2 2
left_child=1 6 -3 5 -5 -2 -1
right_child=3 2 -4 4 -6 -7 -8
leaf_value=-0.010673546751893224 0.023821293917372297 0.041239572725445359 0.0030829727229088047 0.018851021978759371 -0.039056428341651121 -0.0015481741004505693 -0.03483053208958365
leaf_weight=19.650922439992428 77.143327780067921 10.080706126987932 188.38169591128826 12.939165890216829 7.1399952583014956 13.68041607365012 24.880730157718062
leaf_count=72 160 16 590 28 45 44 386
internal_value=0.00480839 -0.000328627 0.0050211 0.0160639 -0.00174042 0.02 -0.0241705
internal_weight=353.897 242.994 198.462 110.903 20.0792 90.8237 44.5317
internal_count=1341 1064 606 277 73 204 458
is_linear=0
shrinkage=0.03


Tree=93
num_leaves=5
num_cat=0
split_feature=1 17 8 16
split_gain=17.8561 16.1641 17.8859 3.13975
threshold=4.2231070829209783 29.700000000000006 1.5000000000000002 19.812812812812815
decision_type=2 2 2 2
left_child=3 2 -2 -1
right_child=1 -3 -4 -5
leaf_value=0.030312528651982754 -0.050041878619076711 0.027757267680706448 0.0008646895486897182 0.013232440782334017
leaf_weight=22.5357965528965 6.3522412590682498 19.80912459269166 280.59815881215036 16.988073825836182
leaf_count=38 31 35 1195 36
internal_value=0.00399242 0.00154714 -0.000262233 0.0229712
internal_weight=346.283 306.76 286.95 39.5239
internal_count=1335 1261 1226 74
is_linear=0
shrinkage=0.03


Tree=94
num_leaves=5
num_cat=0
split_feature=3 4 0 0
split_gain=13.5945 14.2842 20.9158 5.7081
threshold=61.500000000000007 0.57697845111028812 46.500000000000007 37.500000000000007
decision_type=2 2 2 2
left_child=1 2 -1 -3
right_child=-2 3 -4 -5
leaf_value=-0.028411560293466601 0.034093304651924408 0.0037590141098274039 0.0040201001310141496 0.02898003731766817
leaf_weight=19.116393316537142 14.22824043035507 11.553929328918455 280.54624323546886 26.831600531935692
leaf_count=306 17 26 937 48
internal_value=0.00536737 0.00415831 0.00195119 0.0213886
internal_weight=352.276 338.048 299.663 38.3855
internal_count=1334 1317 1243 74
is_linear=0
shrinkage=0.03


Tree=95
num_leaves=7
num_cat=0
split_feature=0 5 5 23 19 10
split_gain=16.276 19.6985 18.7817 25.2223 14.0396 7.43702
threshold=46.500000000000007 3.5000000000000004 12.500000000000002 64.500000000000014 13.15 -0.045252179551203676
decision_type=2 2 2 2 2 2
left_child=1 -1 4 -4 -2 -3
right_child=2 5 3 -5 -6 -7
leaf_value=0.016446122320990353 0.0072093295919193169 0.0098224982555768746 0.032202695490636632 -0.0087735855441144085 0.026676145692328002 -0.039971692354674883
leaf_weight=10.941869646310804 146.83064425364137 3.1519117504358318 15.514278322458265 105.14886763878167 43.139542669057846 18.807458069175482
leaf_count=25 360 8 27 511 85 318
internal_value=0.00362572 -0.0164387 0.00575088 -0.00350506 0.01163 -0.0328245
internal_weight=343.535 32.9012 310.633 120.663 189.97 21.9594
internal_count=1334 351 983 538 445 326
is_linear=0
shrinkage=0.03


Tree=96
num_leaves=8
num_cat=0
split_feature=0 1 11 9 14 19 7
split_gain=24.0647 21.2411 26.0973 14.7489 17.1081 6.43321 3.99157
threshold=86.500000000000014 4.2231070829209783 11.65 3.4275364450117736 1.7888674771761341e-14 7.4500000000000011 15.500000000000002
decision_type=2 2 2 2 2 2 2
left_child=1 6 -3 5 -5 -2 -1
right_child=3 2 -4 4 -6 -7 -8
leaf_value=0.0075084496335472021 0.0037850305306110135 0.0060284124056785762 -0.015101742586923764 0.012849079920876135 -0.04098620434255941 0.028501533031789726 0.028494179396618045
leaf_weight=13.11204746365547 11.443691939115523 102.94723376259208 107.57760228216648 18.903709024190906 7.3893210887908927 55.162779867649078 21.586080521345139
leaf_count=29 25 317 746 52 28 81 39
internal_value=0.00374155 -0.00118452 -0.00476904 0.0167447 -0.00228064 0.024255 0.0205639
internal_weight=338.122 245.223 210.525 92.8995 26.293 66.6065 34.6981
internal_count=1317 1131 1063 186 80 106 68
is_linear=0
shrinkage=0.03


Tree=97
num_leaves=5
num_cat=0
split_feature=13 0 2 19
split_gain=16.382 15.7672 20.094 10.5098
threshold=0.35000000000000003 86.500000000000014 4.5000000000000009 6.9500000000000011
decision_type=2 2 2 2
left_child=-1 2 -2 -3
right_child=1 3 -4 -5
leaf_value=0.054216751064451091 0.01544734058443192 -0.0052053203169418272 -0.0047655762287769389 0.019683689997853658
leaf_weight=5.9432983361184588 57.907728120684624 19.273866198956966 187.87022339552641 73.492217943072319
leaf_count=13 119 51 1011 139
internal_value=0.00484113 0.00397432 -3.21213e-06 0.0145125
internal_weight=344.487 338.544 245.778 92.7661
internal_count=1333 1320 1130 190
is_linear=0
shrinkage=0.03


Tree=98
num_leaves=8
num_cat=0
split_feature=9 20 19 18 15 0 10
split_gain=14.5745 17.5688 21.6018 17.2628 14.5108 15.4516 7.69171
threshold=2.4643355279778301 10.250000000000002 7.1500000000000012 135.50000000000003 36.361111111111121 55.500000000000007 0.051858061574094547
decision_type=2 2 2 2 2 2 2
left_child=4 3 -3 -2 6 -6 -1
right_child=1 2 -4 -5 5 -7 -8
leaf_value=0.027646886241553474 0.024076476461415731 -0.043876768812584177 -0.0050582618200954417 -0.0022267209052863265 -0.024254989817008701 0.0084421315621005626 0.0037622835336120226
leaf_weight=46.135571785271168 32.956558845937252 15.810525640845297 70.131951170042157 70.481012277305126 15.962741725146769 70.263162583112717 16.465518567711115
leaf_count=85 66 139 470 261 105 149 45
internal_value=0.00334565 -0.00217512 -0.0121996 0.00615382 0.0103708 0.00238901 0.0213647
internal_weight=338.207 189.38 85.9425 103.438 148.827 86.2259 62.6011
internal_count=1320 936 609 327 384 254 130
is_linear=0
shrinkage=0.03


Tree=99
num_leaves=7
num_cat=0
split_feature=4 0 12 19 0 5
split_gain=14.6617 20.6089 14.2237 5.67153 4.9124 0.872578
threshold=0.1440979329112361 46.500000000000007 25.350000000000005 2.7500000000000004 37.500000000000007 3.5000000000000004
decision_type=2 2 2 2 2 2
left_child=1 3 -3 -1 -2 -6
right_child=4 2 -4 -5 5 -7
leaf_value=0.021006051662348573 0.0065122655981024076 0.031176012620156682 0.0031898615166566302 -0.033424289789247261 0.024724389676524686 0.035563466243564205
leaf_weight=1.922694999724629 12.108060941100119 17.415467515587807 265.7585663087666 16.580227963626385 15.194003947079183 11.935078769922255
leaf_count=7 27 25 910 319 30 20
internal_value=0.00515042 0.0029067 0.00491104 -0.0277683 0.0224014 0.0294929
internal_weight=340.914 301.677 283.174 18.5029 39.2371 27.1291
internal_count=1338 1261 935 326 77 50
is_linear=0
shrinkage=0.03


Tree=100
num_leaves=7
num_cat=0
split_feature=22 15 5 10 5 23
split_gain=13.3535 16.9518 12.89 10.6025 13.0682 2.68205
threshold=12.750000000000002 37.250000000000007 14.500000000000002 0.12598178578002353 12.500000000000002 154.50000000000003
decision_type=2 2 2 2 2 2
left_child=1 2 -1 4 -2 -5
right_child=3 -3 -4 5 -6 -7
leaf_value=0.003969457352403654 0.019549165613075143 -0.054077611943263042 -0.018875513013411123 -0.0041912494869373734 0.0024037917104203113 -0.036981415048615796
leaf_weight=137.18190144002438 92.964185496792197 5.3340625315904608 26.527225807309151 4.3069182690232974 70.239139558747411 4.6894750446081161
leaf_count=530 219 36 237 16 258 25
internal_value=0.00454253 -0.00144715 0.000267686 0.0104224 0.0121702 -0.0212835
internal_weight=341.243 169.043 163.709 172.2 163.203 8.99639
internal_count=1321 803 767 518 477 41
is_linear=0
shrinkage=0.03


Tree=101
num_leaves=7
num_cat=0
split_feature=22 6 3 21 19 14
split_gain=18.2978 15.6545 19.3966 5.38996 1.63498 0.841943
threshold=10.139362430464326 1.186207745328435e-19 19.500000000000004 0.34780015411609777 10.850000000000003 1.079409614585138e-08
decision_type=2 2 2 2 2 2
left_child=4 3 -3 -2 5 -1
right_child=1 2 -4 -5 -6 -7
leaf_value=-0.021260403473690591 0.030518778830880083 -0.0074201192892469217 0.0090450485442383592 0.011457613222764259 -0.064932503200763769 -0.046657516977257507
leaf_weight=2.2438160832971326 18.294808320701122 135.55167472176254 122.66160599514842 49.412513896822929 2.4114713035523891 2.4657637774944305
leaf_count=24 33 811 294 114 18 18
internal_value=0.00272885 0.00376827 0.000401492 0.016608 -0.0448436 -0.0345574
internal_weight=333.042 325.921 258.213 67.7073 7.12105 4.70958
internal_count=1312 1252 1105 147 60 42
is_linear=0
shrinkage=0.03


Tree=102
num_leaves=7
num_cat=0
split_feature=22 20 16 3 3 7
split_gain=16.6115 12.7924 15.6046 15.5567 8.9563 15.662
threshold=13.15 11.450000000000001 18.106203007518801 26.500000000000004 61.500000000000007 46.500000000000007
decision_type=2 2 2 2 2 2
left_child=1 2 -1 -3 5 -2
right_child=4 3 -4 -5 -6 -7
leaf_value=-0.0090400554609957641 0.011528046354660303 -0.021608095334568062 0.012000208049235048 0.016721342171008097 0.038293996643742292 -0.031988120653137116
leaf_weight=56.963088434189558 121.60208465531468 48.448962055146694 71.60077253356576 11.863628450781105 10.027214199304579 7.9290553033351889
leaf_count=274 370 403 208 27 11 26
internal_value=0.00312982 -0.00266968 0.00267785 -0.0140686 0.0109788 0.00886427
internal_weight=328.435 188.876 128.564 60.3126 139.558 129.531
internal_count=1319 912 482 430 407 396
is_linear=0
shrinkage=0.03


Tree=103
num_leaves=8
num_cat=0
split_feature=19 0 22 22 13 17 22
split_gain=14.8252 17.5601 16.7699 16.3395 13.5236 11.0949 10.6632
threshold=11.350000000000003 87.500000000000014 12.750000000000002 11.050000000000002 0.95000000000000007 11.450000000000001 10.533498348683317
decision_type=2 2 2 2 2 2 2
left_child=1 2 -1 6 -3 -5 -2
right_child=3 4 -4 5 -6 -7 -8
leaf_value=-0.014701302720744063 -0.059024010749815621 -0.0046217080155953397 0.0039787058797246576 0.054359924671622539 0.026648712630442942 0.015312240833827822 -0.00045323026515355156
leaf_weight=76.68511554505676 3.8414771221578112 19.449861079454422 99.213775988668203 7.0621393844485274 34.571202427148819 90.136185042560101 10.293603803962467
leaf_count=500 30 57 345 15 54 284 47
internal_value=0.00478072 0.000429531 -0.00416506 0.0137666 0.01539 0.0181493 -0.016371
internal_weight=341.253 229.92 175.899 111.333 54.0211 97.1983 14.1351
internal_count=1332 956 845 376 111 299 77
is_linear=0
shrinkage=0.03


Tree=104
num_leaves=8
num_cat=0
split_feature=0 22 18 19 19 3 17
split_gain=19.4806 20.9042 26.4569 15.6615 15.4035 21.1287 12.5381
threshold=86.500000000000014 15.250000000000002 218.50000000000003 11.250000000000002 7.1500000000000012 37.500000000000007 11.450000000000001
decision_type=2 2 2 2 2 2 2
left_child=1 2 -1 -3 5 -2 -6
right_child=4 3 -4 -5 6 -7 -8
leaf_value=0.0025803027019788679 -0.036214435326246595 0.00075931157904437249 -0.019990012224812712 0.037528063923984369 0.048398791105224361 0.026506714942354452 0.01486876687705059
leaf_weight=113.83228691294789 11.187676265835764 24.293588878586888 79.306761153042316 18.264578074216843 12.325410261750219 8.5111298039555532 54.060009360313416
leaf_count=488 44 69 557 27 18 12 107
internal_value=0.00196732 -0.00249363 -0.00668752 0.0165393 0.0141813 -0.00911493 0.0210941
internal_weight=321.781 235.697 193.139 42.5582 86.0842 19.6988 66.3854
internal_count=1322 1141 1045 96 181 56 125
is_linear=0
shrinkage=0.03


Tree=105
num_leaves=7
num_cat=0
split_feature=22 5 20 17 15 19
split_gain=17.7571 18.5125 20.8497 13.4111 1.36384 0.840579
threshold=10.139362430464326 13.500000000000002 11.734927607334676 29.350000000000005 36.861111111111121 7.7500000000000009
decision_type=2 2 2 2 2 2
left_child=4 3 -3 -2 5 -1
right_child=1 2 -4 -5 -6 -7
leaf_value=-0.020869919510508286 0.006296126432992457 -0.00091139064781647742 -0.036694056753833283 0.036352122098246793 -0.061061923369192993 -0.046551342265132654
leaf_weight=2.2252811994403592 206.72596553340554 81.290479097515345 17.878595271147788 14.284421615302561 2.6726797018200159 2.3673177920281887
leaf_count=20 670 325 255 21 17 21
internal_value=0.00235421 0.00340658 -0.00736243 0.00823872 -0.0440234 -0.0341078
internal_weight=327.445 320.179 99.1691 221.01 7.26528 4.5926
internal_count=1329 1271 580 691 58 41
is_linear=0
shrinkage=0.03


Tree=106
num_leaves=7
num_cat=0
split_feature=0 14 2 15 14 12
split_gain=14.2322 16.9506 20.4125 19.4536 9.19248 8.31531
threshold=86.500000000000014 0.99999995453292267 5.4545080514575197 36.527777777777779 1.3650074059751963e-25 37.607058733851488
decision_type=2 2 2 2 2 2
left_child=1 2 -1 -3 -2 -6
right_child=4 3 -4 -5 5 -7
leaf_value=0.013495695334253661 0.034902226092387162 -0.00084480090288671552 -0.004988277728437799 -0.046315211469100503 0.0015629543957591018 0.022111993193921025
leaf_weight=97.407838877290487 15.717552378773687 21.041297111660242 120.02940328791738 14.171326790004967 45.044603258371353 29.21966889500618
leaf_count=236 30 65 785 69 107 50
internal_value=0.00381403 0.000165141 0.0032922 -0.0191444 0.0140593 0.00964808
internal_weight=342.632 252.65 217.437 35.2126 89.9818 74.2643
internal_count=1342 1155 1021 134 187 157
is_linear=0
shrinkage=0.03


Tree=107
num_leaves=8
num_cat=0
split_feature=22 3 20 5 23 23 22
split_gain=11.8642 17.0707 19.2317 10.1975 8.37448 10.6476 9.52754
threshold=13.709040951857917 20.500000000000004 7.4500000000000011 13.500000000000002 215.50000000000003 245.50000000000003 14.350000000000003
decision_type=2 2 2 2 2 2 2
left_child=1 2 -1 -3 6 -6 -2
right_child=4 3 -4 -5 5 -7 -8
leaf_value=-0.050473575893544134 0.03096945956234767 0.018409657370958985 -0.003013404862374175 -0.0035745970330991858 -0.040664498418677301 0.0092508474722453778 0.0094257676207860092
leaf_weight=8.1095780581235868 28.223651122301817 57.678182356059551 146.51832201611251 28.310112042352557 5.4591063726693418 13.01747742667794 53.487138189375401
leaf_count=43 62 107 820 100 28 44 133
internal_value=0.00406821 0.000456328 -0.00550249 0.0111717 0.0127427 -0.00549718 0.0168672
internal_weight=340.804 240.616 154.628 85.9883 100.187 18.4766 81.7108
internal_count=1337 1070 863 207 267 72 195
is_linear=0
shrinkage=0.03


Tree=108
num_leaves=8
num_cat=0
split_feature=16 0 5 14 0 10 23
split_gain=13.8253 15.0654 16.3847 14.8148 10.5585 10.3392 9.86432
threshold=18.106203007518801 84.500000000000014 12.500000000000002 1.1825474821923402e-22 34.500000000000007 -0.025124898255208489 60.500000000000007
decision_type=2 2 2 2 2 2 2
left_child=1 2 -1 -3 5 -2 -6
right_child=4 3 -4 -5 6 -7 -8
leaf_value=-0.0015019476138927353 0.021448148013362527 0.039466396381853661 -0.027933758471107527 0.00058553302622684834 0.031455255361913043 -0.031917583199195992 0.0084612319649366458
leaf_weight=62.947409963235259 4.7591679245233527 11.836512759327887 31.754848377779126 34.607981905341148 18.750616107136011 10.424023013561962 160.67529098875821
leaf_count=265 10 22 330 88 34 103 488
internal_value=0.00364704 -0.00350109 -0.0103649 0.0104944 0.00883146 -0.0151901 0.0108642
internal_weight=335.756 141.147 94.7023 46.4445 194.609 15.1832 179.426
internal_count=1340 705 595 110 635 113 522
is_linear=0
shrinkage=0.03


Tree=109
num_leaves=8
num_cat=0
split_feature=20 0 4 14 2 16 18
split_gain=14.5701 22.8861 19.632 16.74 10.3287 33.3418 9.59279
threshold=10.250000000000002 86.500000000000014 0.1440979329112361 4.5974288721243319e-23 5.0851076018176009 17.792385057471268 251.50000000000003
decision_type=2 2 2 2 2 2 2
left_child=4 2 -2 -3 6 -6 -1
right_child=1 3 -4 -5 5 -7 -8
leaf_value=0.024346808590462767 -0.014166300906926875 0.043790486321094058 0.0194597919926222 0.0044149758153408701 -0.023454559717615658 0.015083228518409156 0.00095182564927173479
leaf_weight=62.001619711518288 98.378740608692169 13.76782478392124 18.576991260051727 33.029451534152031 28.310836972668767 70.56849161721766 21.156494311988354
leaf_count=107 702 24 38 76 157 181 57
internal_value=0.00476192 -0.00173087 -0.00882521 0.0159993 0.0106026 0.0040492 0.0183948
internal_weight=345.79 163.753 116.956 46.7973 182.037 98.8793 83.1581
internal_count=1342 840 740 100 502 338 164
is_linear=0
shrinkage=0.03


Tree=110
num_leaves=8
num_cat=0
split_feature=3 5 19 15 3 15 14
split_gain=16.2337 15.811 17.461 13.5002 11.8139 11.6757 2.08438
threshold=19.500000000000004 6.5000000000000009 10.250000000000002 35.583333333333336 63.500000000000007 36.361111111111121 4.5733545977212686e-21
decision_type=2 2 2 2 2 2 2
left_child=1 5 -3 6 -5 -1 -2
right_child=3 2 -4 4 -6 -7 -8
leaf_value=0.021019404454483435 0.039939652395135007 -0.019385835324726236 0.0028561250073147987 0.0011870979158391491 0.033275454091470029 -0.0075644924724752195 0.021951685014767599
leaf_weight=30.533497180789709 9.3810001909732836 79.047972324304283 53.108109697699547 104.91691729053855 11.453487679362295 22.221119176596403 15.178195737302302
leaf_count=64 13 546 303 291 14 73 28
internal_value=0.000940658 -0.0049052 -0.0104477 0.00861088 0.00434532 0.00897939 0.0288226
internal_weight=325.84 184.911 132.156 140.93 116.37 52.7546 24.5592
internal_count=1332 986 849 346 305 137 41
is_linear=0
shrinkage=0.03


Tree=111
num_leaves=8
num_cat=0
split_feature=0 1 10 3 3 10 21
split_gain=16.4478 19.0092 19.3797 17.528 11.0061 10.4593 5.61829
threshold=75.500000000000014 5.110472729914906 0.026197371011589917 63.500000000000007 11.027604376157194 -3.060245954635856e-16 0.51697347450054409
decision_type=2 2 2 2 2 2 2
left_child=1 2 -1 -3 6 -6 -2
right_child=4 3 -4 -5 5 -7 -8
leaf_value=0.018054723835411964 -0.033537339359216399 -0.017371249879145886 -0.022653407689424178 0.035007253872821803 0.024790268096455136 0.007436070407719794 0.0069337273791374478
leaf_weight=46.389308929443359 7.6831673681735975 75.826564407907426 13.613909032195805 6.2218163460493079 40.814253240823746 133.4706044793129 5.1607840731739998
leaf_count=107 36 705 59 7 67 313 11
internal_value=0.00368234 -0.00401438 0.00881861 -0.0133993 0.00952501 0.0115001 -0.0172758
internal_weight=329.18 142.052 60.0032 82.0484 187.129 174.285 12.844
internal_count=1305 878 166 712 427 380 47
is_linear=0
shrinkage=0.03


Tree=112
num_leaves=8
num_cat=0
split_feature=10 17 0 15 0 22 14
split_gain=24.2397 23.8673 15.7187 10.7232 8.52087 10.3071 5.4264
threshold=-3.060245954635856e-16 11.350000000000003 46.500000000000007 36.138888888888893 58.500000000000007 13.403620605521427 1.2551356729263047e-24
decision_type=2 2 2 2 2 2 2
left_child=4 3 -3 -2 5 -1 -6
right_child=1 2 -4 -5 6 -7 -8
leaf_value=-0.033421229183019992 0.0088012751604562411 -0.026295999545009555 0.0032028315767277929 -0.04573952123099647 0.039955611588604958 0.022544759380359276 0.017541465497376552
leaf_weight=6.0608810707926732 4.1367914732545641 17.63849832303822 207.62009443342686 15.037875717505811 11.83415264636278 5.7917493060231209 54.43930284678936
leaf_count=43 12 252 698 159 18 13 106
internal_value=0.00280733 -0.00184208 0.000892975 -0.0339728 0.017354 -0.00607363 0.0215439
internal_weight=322.559 244.433 225.259 19.1747 78.1261 11.8526 66.2735
internal_count=1301 1121 950 171 180 56 124
is_linear=0
shrinkage=0.03


Tree=113
num_leaves=5
num_cat=0
split_feature=3 5 23 20
split_gain=12.7804 14.1847 21.8818 14.282
threshold=61.500000000000007 14.500000000000002 64.500000000000014 14.65
decision_type=2 2 2 2
left_child=1 3 -3 -1
right_child=-2 2 -4 -5
leaf_value=0.0025690278028115774 0.030563512434495645 0.027541799466196205 -0.021635471155539654 0.048147627174938874
leaf_weight=263.24632060155272 13.510534480214117 9.8894909098744375 46.116609134711325 6.3363370113074771
leaf_count=952 18 15 379 22
internal_value=0.00197263 0.000786227 -0.0129518 0.00364032
internal_weight=339.099 325.589 56.0061 269.583
internal_count=1386 1368 394 974
is_linear=0
shrinkage=0.03


Tree=114
num_leaves=7
num_cat=0
split_feature=22 20 0 18 6 18
split_gain=16.7258 12.7907 15.3007 11.5017 0.949232 0.178025
threshold=10.139362430464326 10.250000000000002 84.500000000000014 258.50000000000006 0.00063010714643578567 193.50000000000003
decision_type=2 2 2 2 2 2
left_child=4 3 -3 -2 -1 -6
right_child=1 2 -4 -5 5 -7
leaf_value=-0.066360305715730802 0.013707451876478999 -0.0092325466277313247 0.010871665030481655 -0.0051306455124624896 -0.049126904594237693 -0.035103944083841508
leaf_weight=1.8705931790173043 132.96122473292053 100.24806991126388 51.611248388886452 37.367497887462378 1.2516832835972311 2.3343238700181246
leaf_count=10 337 672 117 145 13 31
internal_value=0.00304851 0.00393061 -0.00239988 0.00957466 -0.0490357 -0.0399986
internal_weight=327.645 322.188 151.859 170.329 5.4566 3.58601
internal_count=1325 1271 789 482 54 44
is_linear=0
shrinkage=0.03


Tree=115
num_leaves=7
num_cat=0
split_feature=22 2 24 0 6 10
split_gain=16.9867 15.9027 16.4371 10.7931 1.23127 0.0895454
threshold=10.139362430464326 5.0851076018176009 0.55000000000000016 47.500000000000007 1.4367507842049112e-12 0.019133758447761402
decision_type=2 2 2 2 2 2
left_child=4 3 -3 -2 -1 -6
right_child=1 2 -4 -5 5 -7
leaf_value=-0.069533684597883741 -0.0088204938601448221 0.035714966289825421 -0.0053886105187457272 0.013577983845858442 -0.035314843076258318 -0.044703507487764013
leaf_weight=1.8799077719449986 22.795136075466871 9.2588954484090191 161.2276607984677 128.55816935747862 1.9647575085982683 1.7100136242806909
leaf_count=9 108 41 869 266 27 16
internal_value=0.00222923 0.00312697 -0.00315633 0.0102046 -0.0497861 -0.0396838
internal_weight=327.395 321.84 170.487 151.353 5.55468 3.67477
internal_count=1336 1284 910 374 52 43
is_linear=0
shrinkage=0.03


Tree=116
num_leaves=5
num_cat=0
split_feature=17 21 13 0
split_gain=15.5368 14.4475 12.965 7.47912
threshold=29.350000000000005 1.7348986462441494 0.35000000000000003 76.500000000000014
decision_type=2 2 2 2
left_child=1 2 -1 -3
right_child=-2 3 -4 -5
leaf_value=0.049499934662296331 0.029050614178048287 -0.050875677377274137 0.002849676473165654 -0.0051523220768607096
leaf_weight=5.4616419859230509 20.949270956218243 6.6488698218017799 293.19532557111233 6.2427657544612885
leaf_count=14 36 47 1220 15
internal_value=0.0040422 0.00236057 0.00370279 -0.0287342
internal_weight=332.498 311.549 298.657 12.8916
internal_count=1332 1296 1234 62
is_linear=0
shrinkage=0.03


Tree=117
num_leaves=5
num_cat=0
split_feature=13 18 3 19
split_gain=14.6842 16.6826 17.8138 12.584
threshold=0.35000000000000003 219.50000000000003 33.500000000000007 11.350000000000003
decision_type=2 2 2 2
left_child=-1 3 -3 -2
right_child=1 2 -4 -5
leaf_value=0.050038861636063962 0.0030806204901927675 -0.010789124467490854 0.023674567937104814 0.020557575750127142
leaf_weight=5.8661035969853392 140.84833442885429 107.80174449644983 15.430281214416025 50.32842443138361
leaf_count=12 527 626 25 121
internal_value=0.0030108 0.00213337 -0.00647381 0.00768153
internal_weight=320.275 314.409 123.232 191.177
internal_count=1311 1299 651 648
is_linear=0
shrinkage=0.03


Tree=118
num_leaves=8
num_cat=0
split_feature=15 20 24 19 22 20 10
split_gain=13.0164 12.7191 12.3808 11.3244 9.26273 6.96367 3.81564
threshold=37.083333333333336 14.250000000000002 0.55000000000000016 13.350000000000003 12.950000000000001 10.050000000000002 -0.020197747389888384
decision_type=2 2 2 2 2 2 2
left_child=1 2 -1 -3 5 -2 -6
right_child=4 3 -4 -5 6 -7 -8
leaf_value=0.033000614283113544 -0.0074127192385813889 -0.0037942242043645579 0.0034776490836604026 0.062796402079952102 0.022811744914842585 -0.051155881501503089 -0.012015353035576602
leaf_weight=13.386270523071287 5.5253709368407753 3.5644957749173027 284.19445479754359 6.4710233621299267 5.0416364371776581 8.0433825328946096 6.4576395247131568
leaf_count=49 19 32 1112 19 8 67 33
internal_value=0.00423197 0.00592594 0.0048057 0.0391442 -0.0165552 -0.0333431 0.00325392
internal_weight=332.684 307.616 297.581 10.0355 25.068 13.5688 11.4993
internal_count=1339 1212 1161 51 127 86 41
is_linear=0
shrinkage=0.03


Tree=119
num_leaves=5
num_cat=0
split_feature=13 18 0 19
split_gain=10.9896 12.7915 19.1618 11.2131
threshold=0.35000000000000003 218.50000000000003 88.500000000000014 8.5500000000000025
decision_type=2 2 2 2
left_child=-1 3 -3 -2
right_child=1 2 -4 -5
leaf_value=0.042556126824328605 0.00012849145016449664 -0.010761709687487004 0.01760510541211547 0.014753279945125828
leaf_weight=6.2755730450153342 94.307670726440847 102.07910426612943 27.127153128385544 94.425640808418393
leaf_count=16 357 616 53 280
internal_value=0.0032426 0.00246662 -0.00480603 0.00744546
internal_weight=324.215 317.94 129.206 188.733
internal_count=1322 1306 669 637
is_linear=0
shrinkage=0.03


Tree=120
num_leaves=8
num_cat=0
split_feature=10 19 13 20 0 15 21
split_gain=16.4001 17.3692 18.7757 12.9567 10.512 15.4384 4.18501
threshold=-2.3411858341653391e-16 11.350000000000003 0.95000000000000007 13.950000000000001 62.500000000000007 36.361111111111121 0.44897775854487959
decision_type=2 2 2 2 2 2 2
left_child=4 2 -2 -3 5 -1 -6
right_child=1 3 -4 -5 6 -7 -8
leaf_value=0.017597116214228662 -0.015654044059810412 0.0070459237674659761 0.0048416138318800664 0.048519628000305043 0.028806838582330744 -0.046342213762885179 0.01345240593704428
leaf_weight=8.4127850923687202 87.057216173037887 71.4396290499717 74.781011071056128 7.490227833390235 28.990670993924141 5.702352018095552 35.587781548500061
leaf_count=26 585 278 224 29 45 49 73
internal_value=0.00332965 -0.000556367 -0.00618356 0.0109817 0.0152192 -0.00823363 0.0203453
internal_weight=319.462 240.768 161.838 78.9299 78.6936 14.1151 64.5785
internal_count=1309 1116 809 307 193 75 118
is_linear=0
shrinkage=0.03


Tree=121
num_leaves=5
num_cat=0
split_feature=12 6 16 7
split_gain=15.8817 13.4529 18.4891 7.51712
threshold=25.350000000000005 1.186207745328435e-19 25.150268336314848 15.500000000000002
decision_type=2 2 2 2
left_child=-1 3 -3 -2
right_child=1 2 -4 -5
leaf_value=0.029361230499242892 -0.00097639077023712315 -0.0036177388196568742 0.033046354062240317 0.021674882591822285
leaf_weight=19.558945134282112 19.642623949795961 230.95424426998943 13.07978158444166 40.11375118046999
leaf_count=31 60 1123 25 81
internal_value=0.00315839 0.00147137 -0.00165261 0.0142291
internal_weight=323.349 303.79 244.034 59.7564
internal_count=1320 1289 1148 141
is_linear=0
shrinkage=0.03


Tree=122
num_leaves=4
num_cat=0
split_feature=13 7 10
split_gain=14.7965 14.9607 16.9719
threshold=0.35000000000000003 64.500000000000014 -0.011707811890440322
decision_type=2 2 2
left_child=-1 2 -2
right_child=1 -3 -4
leaf_value=0.049757893724481167 0.014075940016998597 0.030117055553245436 -0.0038916382276775819
leaf_weight=5.7230256013572207 58.802696209400892 15.207170665264128 242.17940477561206
leaf_count=13 135 21 1173
internal_value=0.00195081 0.0010855 -0.000381323
internal_weight=321.912 316.189 300.982
internal_count=1342 1329 1308
is_linear=0
shrinkage=0.03


Tree=123
num_leaves=8
num_cat=0
split_feature=5 16 22 15 3 21 15
split_gain=13.2074 21.0892 16.4883 12.9634 10.8047 13.0403 4.91959
threshold=13.500000000000002 17.321290322580648 9.8500000000000032 36.472222222222229 25.125581475577352 1.0700989071886469 35.583333333333336
decision_type=2 2 2 2 2 2 2
left_child=4 2 -2 -3 5 -1 -6
right_child=1 3 -4 -5 6 -7 -8
leaf_value=0.0077101881483291768 0.063901176553412611 0.01315611329134461 -0.033766395607829326 -0.012981123403228779 0.037692010090385766 -0.013942126402104377 0.014751183836024005
leaf_weight=139.64228420518339 1.6539245946332837 43.174163119867444 26.1860774718225 28.254754429683089 10.85567309707403 30.50146671757102 37.389739073812962
leaf_count=491 12 136 263 178 16 136 71
internal_value=0.00325769 -0.00581548 -0.0279641 0.00281715 0.0073819 0.0038286 0.0199131
internal_weight=317.658 99.2689 27.84 71.4289 218.389 170.144 48.2454
internal_count=1303 589 275 314 714 627 87
is_linear=0
shrinkage=0.03


Tree=124
num_leaves=8
num_cat=0
split_feature=20 5 16 19 17 18 16
split_gain=13.3952 14.6571 14.223 11.374 10.805 9.46896 9.00628
threshold=10.250000000000002 14.500000000000002 16.206389452332662 11.350000000000003 30.200000000000006 139.50000000000003 15.446360153256707
decision_type=2 2 2 2 2 2 2
left_child=2 4 6 -3 -2 -4 -1
right_child=1 3 5 -5 -6 -7 -8
leaf_value=-0.0014784667455234387 -0.00083257575282292943 -0.038084402341708769 0.026079359131614348 0.009727542453959211 0.038363590185716598 0.0085468480174293159 -0.044184557341494977
leaf_weight=19.407736498862509 131.16426908317953 16.397477740421895 37.767980225384235 6.1603151448070994 6.6506152525544158 104.25013621151447 5.7643897021189323
leaf_count=75 574 214 67 57 12 302 39
internal_value=0.00358392 -0.00261033 0.00952558 -0.0250274 0.00105894 0.0132094 -0.0112581
internal_weight=327.563 160.373 167.19 22.5578 137.815 142.018 25.1721
internal_count=1340 857 483 271 586 369 114
is_linear=0
shrinkage=0.03


Tree=125
num_leaves=5
num_cat=0
split_feature=17 18 14 16
split_gain=16.076 15.0141 14.9019 8.91187
threshold=30.700000000000006 158.50000000000003 4.2315990594125236e-29 22.215277777777782
decision_type=2 2 2 2
left_child=1 3 -3 -1
right_child=-2 2 -4 -5
leaf_value=0.014491998129486938 0.02814429709805439 0.017436237639331515 -0.0068682724582791975 -0.017272411411532469
leaf_weight=72.590270802378654 19.448789119720459 25.685699877329171 195.61058081779629 8.9268917068839055
leaf_count=205 35 88 967 30
internal_value=0.00170519 7.08134e-06 -0.00404727 0.0110135
internal_weight=322.262 302.813 221.296 81.5172
internal_count=1325 1290 1055 235
is_linear=0
shrinkage=0.03


Tree=126
num_leaves=6
num_cat=0
split_feature=22 6 6 21 19
split_gain=14.3873 12.4214 19.5546 11.4719 1.30319
threshold=10.139362430464326 0.0031980800249093665 0.061046216626248338 0.31154763663392609 9.1500000000000004
decision_type=2 2 2 2 2
left_child=4 3 -3 -2 -1
right_child=1 2 -4 -5 -6
leaf_value=-0.026127749927277809 0.027355954248197575 -0.062407473353770344 0.0016612989473024332 0.0065724971420499465 -0.054118222458717037
leaf_weight=2.6692595006898037 33.612722337245941 4.3825075868517152 197.65876874607056 82.740948390215635 3.4088594745844603
leaf_count=27 68 23 940 231 26
internal_value=0.00389545 0.00476827 0.000271574 0.0125765 -0.041826
internal_weight=324.473 318.395 202.041 116.354 6.07812
internal_count=1315 1262 963 299 53
is_linear=0
shrinkage=0.03


Tree=127
num_leaves=6
num_cat=0
split_feature=0 23 23 17 5
split_gain=11.3996 20.1031 23.7919 8.80371 11.8695
threshold=86.500000000000014 35.000000000000007 77.500000000000014 11.450000000000001 13.500000000000002
decision_type=2 2 2 2 2
left_child=1 -1 -3 -2 -5
right_child=3 2 -4 4 -6
leaf_value=-0.064608685338845132 0.034140367256608878 0.027638585864451781 -0.003784567589529888 0.015239240104934907 -0.011672908096738717
leaf_weight=4.4755329303443423 12.859640702605246 24.303539019078016 201.31653160322458 48.992175921797752 21.102726206183434
leaf_count=22 25 54 1040 91 68
internal_value=0.00178875 -0.00164861 -0.000399701 0.0113231 0.00713709
internal_weight=313.05 230.096 225.62 82.9545 70.0949
internal_count=1300 1116 1094 184 159
is_linear=0
shrinkage=0.03


Tree=128
num_leaves=7
num_cat=0
split_feature=21 5 23 5 16 0
split_gain=12.5337 11.4635 14.5413 9.51209 6.20583 1.77571
threshold=1.700145145719514 6.5000000000000009 58.000000000000007 4.5000000000000009 21.826836581709149 70.500000000000014
decision_type=2 2 2 2 2 2
left_child=1 4 -3 -2 -1 -5
right_child=3 2 -4 5 -6 -7
leaf_value=0.018637181584788078 0.0023129738582142413 0.025469162027406247 -0.0019012934731112978 -0.039793555348625713 -0.0053532506527733748 -0.071939693147965847
leaf_weight=54.723318571224809 5.0236596912145597 18.990051411092281 218.17735222633928 3.8216336127370596 11.796229362487791 2.5977963954210281
leaf_count=121 17 40 1044 35 37 12
internal_value=0.00221572 0.0033771 0.000290266 -0.028606 0.0143828 -0.0528024
internal_weight=315.13 303.687 237.167 11.4431 66.5195 6.41943
internal_count=1306 1242 1084 64 158 47
is_linear=0
shrinkage=0.03


Tree=129
num_leaves=4
num_cat=0
split_feature=7 24 5
split_gain=17.1218 17.8657 14.486
threshold=64.500000000000014 3.2000000000000006 13.500000000000002
decision_type=2 2 2
left_child=1 2 -1
right_child=-2 -3 -4
leaf_value=0.005445540314799764 0.031991061141599351 -0.051731111646182729 -0.009250583398872806
leaf_weight=211.98839905112982 16.096356272697449 5.8387250564992419 84.397981271147728
leaf_count=725 21 30 570
internal_value=0.00184265 0.000236966 0.00126072
internal_weight=318.321 302.225 296.386
internal_count=1346 1325 1295
is_linear=0
shrinkage=0.03


Tree=130
num_leaves=7
num_cat=0
split_feature=19 18 9 22 7 0
split_gain=13.3501 13.0807 15.4787 12.1919 7.92933 7.22559
threshold=11.350000000000003 158.50000000000003 2.4643355279778301 15.103608102863411 13.040085012771581 37.500000000000007
decision_type=2 2 2 2 2 2
left_child=1 4 -3 5 -1 -2
right_child=3 2 -4 -5 -6 -7
leaf_value=-0.013957530503797751 -0.017080304686909721 0.0049519441216862017 -0.015398926626891839 0.033179555637156695 0.014109858211323068 0.0097795800325187424
leaf_weight=10.871804514899848 10.158770875073968 57.888757035136223 80.288069159723818 19.027932733297348 54.324753288179636 79.974954025819898
leaf_count=61 106 174 543 29 141 251
internal_value=0.00289576 -0.00164681 -0.00687299 0.0113588 0.0094295 0.00675226
internal_weight=312.535 203.373 138.177 109.162 65.1966 90.1337
internal_count=1305 919 717 386 202 357
is_linear=0
shrinkage=0.03


Tree=131
num_leaves=5
num_cat=0
split_feature=12 3 5 13
split_gain=12.8656 12.252 11.9857 10.6976
threshold=25.350000000000005 9.5000000000000018 14.500000000000002 0.35000000000000003
decision_type=2 2 2 2
left_child=-1 3 -3 -2
right_child=1 2 -4 -5
leaf_value=0.030158510282406879 0.04648863870324086 0.0086036702963066935 -0.0076570178827255111 -0.018784306403221301
leaf_weight=17.362114235758781 2.4445017427206031 225.80801101401448 49.793206841684878 29.900760709308088
leaf_count=27 9 696 296 285
internal_value=0.00503246 0.00361584 0.00566583 -0.0138513
internal_weight=325.309 307.946 275.601 32.3453
internal_count=1313 1286 992 294
is_linear=0
shrinkage=0.03


Tree=132
num_leaves=7
num_cat=0
split_feature=1 0 20 16 15 2
split_gain=12.4808 20.5799 13.4021 2.52994 0.878359 0.278345
threshold=4.2231070829209783 46.500000000000007 14.65 19.773504273504276 36.305555555555564 4.5000000000000009
decision_type=2 2 2 2 2 2
left_child=3 5 -3 4 -1 -2
right_child=1 2 -4 -5 -6 -7
leaf_value=0.032117473751812599 -0.046302600384968695 0.0013190228497035549 0.045335209252261338 0.0099298306937934937 0.019636950146640395 -0.032561711775258143
leaf_weight=10.847116917371752 1.4729427993297566 264.2653687717393 6.3759649246931067 14.636419028043745 9.537601560354231 13.369524898938833
leaf_count=23 8 934 21 37 22 309
internal_value=0.00254318 0.000469701 0.00235599 0.0194456 0.0262781 -0.0339253
internal_weight=320.505 285.484 270.641 35.0211 20.3847 14.8425
internal_count=1354 1272 955 82 45 317
is_linear=0
shrinkage=0.03


Tree=133
num_leaves=5
num_cat=0
split_feature=3 5 20 0
split_gain=12.5541 12.2325 20.5645 13.0596
threshold=63.500000000000007 12.500000000000002 12.037993230483993 74.500000000000014
decision_type=2 2 2 2
left_child=1 3 -3 -1
right_child=-2 2 -4 -5
leaf_value=-0.0018014510005671194 0.033403674305122574 -0.00081310408095829284 -0.034844581480827412 0.013650038847503024
leaf_weight=98.132374862208962 11.393369868397711 100.83745965827256 18.990488093346357 98.790519580245018
leaf_count=467 14 428 270 191
internal_value=0.00246412 0.00135124 -0.00620646 0.00595011
internal_weight=328.144 316.751 119.828 196.923
internal_count=1370 1356 698 658
is_linear=0
shrinkage=0.03


Tree=134
num_leaves=7
num_cat=0
split_feature=22 6 3 13 11 3
split_gain=15.5879 25.3528 19.0377 13.7873 8.16047 8.02015
threshold=12.519519088405891 0.11413130690884128 44.500000000000007 0.55000000000000016 15.750000000000002 61.500000000000007
decision_type=2 2 2 2 2 2
left_child=1 3 -3 -1 5 -2
right_child=4 2 -4 -5 -6 -7
leaf_value=0.036978097650539353 0.0052399246113042364 -0.022769325290442951 0.024371123306337977 0.0016541814225657381 0.042056729531096314 0.034436484456612626
leaf_weight=12.205380100756882 168.5071626836434 66.416881948709488 8.7228950783610326 53.685235003009439 6.0787954470142713 8.9156483560800535
leaf_count=26 572 549 15 159 21 11
internal_value=0.00211412 -0.00538568 -0.0172968 0.00819748 0.00787809 0.00670708
internal_weight=324.532 141.03 75.1398 65.8906 183.502 177.423
internal_count=1353 749 564 185 604 583
is_linear=0
shrinkage=0.03


Tree=135
num_leaves=7
num_cat=0
split_feature=6 16 3 10 0 10
split_gain=17.5091 17.5374 16.1691 14.0765 13.1237 9.50176
threshold=0.99998964238358712 25.150268336314848 83.000000000000014 0.0024083538092637834 75.500000000000014 4.3166152212277526e-17
decision_type=2 2 2 2 2 2
left_child=3 2 -2 5 -5 -1
right_child=1 -3 -4 4 -6 -7
leaf_value=0.010896177180890735 -0.012415181138041602 0.034933999899370786 0.04149022948051273 -0.015853991862846695 0.0088885130263159483 0.039306672371606649
leaf_weight=64.94119668006897 134.74659397080541 8.1214773338288051 5.2013131082057944 35.846500286832452 41.781235419213772 12.660121425986288
leaf_count=165 851 13 5 187 86 22
internal_value=-0.000544292 -0.00792456 -0.0104117 0.00649557 -0.00253694 0.0155312
internal_weight=303.298 148.069 139.948 155.229 77.6277 77.6013
internal_count=1329 869 856 460 273 187
is_linear=0
shrinkage=0.03


Tree=136
num_leaves=5
num_cat=0
split_feature=13 4 0 0
split_gain=11.4781 11.9997 13.4996 7.1074
threshold=0.35000000000000003 0.1440979329112361 87.500000000000014 38.500000000000007
decision_type=2 2 2 2
left_child=-1 2 -2 -3
right_child=1 3 -4 -5
leaf_value=0.043870050714345799 -0.0063457745202889848 -0.0015031917975667057 0.0088587799617080767 0.028041153428099999
leaf_weight=5.373744197189807 201.73747180588543 11.595547378063204 71.069978415966034 19.913594879209995
leaf_count=12 1106 30 159 45
internal_value=0.000407275 -0.000360208 -0.00238479 0.0171687
internal_weight=309.69 304.317 272.807 31.5091
internal_count=1352 1340 1265 75
is_linear=0
shrinkage=0.03


Tree=137
num_leaves=7
num_cat=0
split_feature=5 19 16 0 5 17
split_gain=14.0203 17.6248 16.0077 12.8061 13.1312 8.64822
threshold=13.500000000000002 4.1500000000000012 25.699095022624437 55.500000000000007 3.5000000000000004 13.750000000000002
decision_type=2 2 2 2 2 2
left_child=3 -2 -3 4 -1 -5
right_child=1 2 -4 5 -6 -7
leaf_value=0.016782364633859806 0.023387658968889658 -0.016611356000431694 0.036797941962525373 0.0029281363460982261 -0.020602406403041947 0.016145819611507402
leaf_weight=12.091554809361694 13.932282600551842 76.836742824874818 5.4058734141290179 91.27202545851469 28.122525592334569 87.033222410827875
leaf_count=33 30 565 8 245 278 176
internal_value=0.00172999 -0.00781487 -0.0131007 0.00593088 -0.00936157 0.00937987
internal_weight=314.694 96.1749 82.2426 218.519 40.2141 178.305
internal_count=1335 603 573 732 311 421
is_linear=0
shrinkage=0.03


Tree=138
num_leaves=5
num_cat=0
split_feature=7 17 21 20
split_gain=12.2687 9.01914 13.3296 3.52769
threshold=65.500000000000014 29.700000000000006 1.7348986462441494 10.750000000000002
decision_type=2 2 2 2
left_child=1 2 -1 -3
right_child=-2 3 -4 -5
leaf_value=0.00057207947586880256 0.028785036468133237 0.0087872110223540141 -0.035502078297663879 0.034798049315932902
leaf_weight=273.92253057006747 14.673557192087172 10.188037142157556 9.5397298354655486 8.7000399641692621
leaf_count=1230 21 24 57 16
internal_value=0.00199566 0.000695531 -0.000641972 0.0207681
internal_weight=317.024 302.35 283.462 18.8881
internal_count=1348 1327 1287 40
is_linear=0
shrinkage=0.03


Tree=139
num_leaves=7
num_cat=0
split_feature=22 14 0 14 15 17
split_gain=12.1598 10.7517 12.0636 8.86254 0.384601 0.0839879
threshold=10.139362430464326 4.2315990594125236e-29 47.500000000000007 7.0669422449243774e-30 36.972222222222221 10.696629257543618
decision_type=2 2 2 2 2 2
left_child=4 3 -3 -2 5 -1
right_child=1 2 -4 -5 -6 -7
leaf_value=-0.033843970122884121 0.0087155874995363553 -0.02536653129279309 0.00077483802381380523 0.044092905117205192 -0.055970161404187292 -0.043076373895713942
leaf_weight=1.6482053268700831 31.711518387310207 17.006919565610588 241.44115746300668 7.9760659867897621 1.7534359581768511 1.9196838336065409
leaf_count=27 106 299 828 18 12 17
internal_value=0.000484842 0.00128714 -0.000945369 0.0158254 -0.0444654 -0.0388114
internal_weight=303.457 298.136 258.448 39.6876 5.32133 3.56789
internal_count=1307 1251 1127 124 56 44
is_linear=0
shrinkage=0.03


Tree=140
num_leaves=7
num_cat=0
split_feature=20 4 24 3 7 16
split_gain=10.0318 12.9109 14.3098 9.46658 13.0175 7.5737
threshold=10.050000000000002 7.2220274591168371e-33 2.1198281591485819 6.5000000000000009 13.040085012771581 20.709375000000005
decision_type=2 2 2 2 2 2
left_child=3 2 -2 -1 -5 -3
right_child=1 5 -4 4 -6 -7
leaf_value=0.03663581752790513 -0.010949001091358081 0.021208670947811637 0.026308151061600317 -0.02480461695231341 0.0079728863706086794 -0.0114968421671414
leaf_weight=9.1747821355238539 117.95817733276635 25.028725875541568 10.070122072473167 11.921044496819375 127.92088313214481 8.5491585284471494
leaf_count=28 784 57 20 76 339 28
internal_value=0.00150107 -0.00367597 -0.00801852 0.00711549 0.00517872 0.0128816
internal_weight=310.623 161.606 128.028 149.017 139.842 33.5779
internal_count=1332 889 804 443 415 85
is_linear=0
shrinkage=0.03


Tree=141
num_leaves=7
num_cat=0
split_feature=14 19 9 15 19 14
split_gain=13.4977 15.5527 14.0868 12.4977 10.3819 4.61697
threshold=1.1825474821923402e-22 2.7500000000000004 1.5000000000000002 36.861111111111121 10.65 1.0513829913859381e-31
decision_type=2 2 2 2 2 2
left_child=3 -2 -3 4 -1 -5
right_child=1 2 -4 5 -6 -7
leaf_value=0.0063593331147102014 0.031213436698448307 0.0062240092521795966 -0.0096141945096246666 0.0037507339005325331 0.029198364647766956 -0.049475969837364277
leaf_weight=42.587578781880438 12.145170725882052 80.840126069262624 134.84539353381842 2.4162530563771716 30.916869214735925 3.7321827542036772
leaf_count=207 22 244 706 8 96 43
internal_value=0.00189855 -0.00181796 -0.00367795 0.0125289 0.0159657 -0.0285586
internal_weight=307.484 227.831 215.686 79.6529 73.5044 6.14844
internal_count=1326 972 950 354 303 51
is_linear=0
shrinkage=0.03


Tree=142
num_leaves=8
num_cat=0
split_feature=10 0 19 5 10 4 20
split_gain=11.332 15.5747 15.3087 21.8831 18.9808 6.38148 4.36947
threshold=-2.3411858341653391e-16 62.500000000000007 12.550000000000002 13.500000000000002 -3.4321628000018565e-17 0.99141910385054011 10.250000000000002
decision_type=2 2 2 2 2 2 2
left_child=1 5 4 -4 -2 -1 -3
right_child=2 6 3 -5 -6 -7 -8
leaf_value=-0.036024683199457258 -0.026490710567604738 0.027052245453486657 0.019528010026279852 -0.031866621646033655 -0.0017854871039420699 0.0044951061794966272 0.010239978735683664
leaf_weight=7.3406364591792208 34.297401312738657 27.872746296226978 47.688519939780235 8.8380152564495784 152.15301351994276 6.6825618296861649 27.779124148190022
leaf_count=56 230 44 149 73 710 17 64
internal_value=0.000874669 0.0115403 -0.00218377 0.0114924 -0.00632999 -0.0167155 0.0186603
internal_weight=312.652 69.6751 242.977 56.5265 186.45 14.0232 55.6519
internal_count=1343 181 1162 222 940 73 108
is_linear=0
shrinkage=0.03


Tree=143
num_leaves=8
num_cat=0
split_feature=22 7 15 7 23 16 19
split_gain=11.695 14.36 13.5836 7.99556 9.26576 7.6616 6.01717
threshold=13.813719509747044 40.500000000000007 37.083333333333336 25.500000000000004 165.50000000000003 21.428337428337432 5.5500000000000007
decision_type=2 2 2 2 2 2 2
left_child=1 2 -1 4 -2 -5 -3
right_child=3 6 -4 5 -6 -7 -8
leaf_value=-0.0037624875926790444 0.025077854545952467 0.037731429814768465 -0.032419608869099413 -0.012994354809254744 0.00019699850250775154 0.018866774437881005 0.0077766119898191408
leaf_weight=175.93056280910969 37.665355410426855 8.3637532405555266 16.262514292262495 20.940464422106746 20.970888338983059 10.053955644369124 21.679139696061611
leaf_count=940 90 10 103 64 88 19 51
internal_value=0.000517148 -0.00317228 -0.00618732 0.00966494 0.0161794 -0.00265926 0.0161158
internal_weight=311.867 222.236 192.193 89.6307 58.6362 30.9944 30.0429
internal_count=1365 1104 1043 261 178 83 61
is_linear=0
shrinkage=0.03


Tree=144
num_leaves=7
num_cat=0
split_feature=0 16 16 19 18 20
split_gain=10.2746 14.2772 12.189 11.6628 10.6788 9.14933
threshold=86.500000000000014 22.077037037037041 18.106203007518801 11.15 81.000000000000014 10.850000000000003
decision_type=2 2 2 2 2 2
left_child=2 5 3 -1 -4 -2
right_child=1 -3 4 -5 -6 -7
leaf_value=-0.016731129251877513 0.0075346114368070099 -0.026936075534410991 0.037222156473800831 0.0065148899090902556 0.0032068220713624591 0.028605481280714339
leaf_weight=57.943152856081724 46.393939949572086 7.6774782165884963 8.8827092088758928 29.219744605943561 128.04364941641688 30.89911312609911
leaf_count=433 102 25 18 155 529 59
internal_value=0.00319938 0.0120823 -0.00016888 -0.00893833 0.00541347 0.015958
internal_weight=309.06 84.9705 224.089 87.1629 136.926 77.2931
internal_count=1321 186 1135 588 547 161
is_linear=0
shrinkage=0.03


Tree=145
num_leaves=5
num_cat=0
split_feature=13 10 16 15
split_gain=10.2904 9.15425 12.3101 5.2325
threshold=0.35000000000000003 -3.060245954635856e-16 14.52923076923077 35.962362735890913
decision_type=2 2 2 2
left_child=-1 3 -3 -2
right_child=1 2 -4 -5
leaf_value=0.044424052051663117 0.023881360463565371 -0.039577075078770479 0.00044832629364770324 0.0061535187295813469
leaf_weight=5.2462692745029917 21.498303223401308 7.1268810629844657 233.34967488609254 49.454215497709811
leaf_count=13 45 78 1066 140
internal_value=0.00275785 0.00205595 -0.000737886 0.011525
internal_weight=316.675 311.429 240.477 70.9525
internal_count=1342 1329 1144 185
is_linear=0
shrinkage=0.03


Tree=146
num_leaves=8
num_cat=0
split_feature=22 12 14 23 12 3 19
split_gain=12.9843 12.9635 19.7061 13.7154 11.8987 12.6169 6.66987
threshold=12.519519088405891 37.150000000000013 2.1496352478425113e-28 249.50000000000003 43.45000000000001 61.500000000000007 11.450000000000001
decision_type=2 2 2 2 2 2 2
left_child=1 2 -1 -3 5 -2 -6
right_child=4 3 -4 -5 6 -7 -8
leaf_value=0.037552178365762717 0.0007718988076487888 -0.025767089628101671 -0.0056272158948367486 0.011589587100986095 0.0101578113322095 0.036235609118465725 0.05307704937262691
leaf_weight=11.171795845031737 146.38743652589619 44.430390324443579 64.041423206217587 11.044040636625139 6.1891251895576698 9.6221848726272565 6.882832171395421
leaf_count=24 514 375 276 77 34 12 17
internal_value=-0.000226325 -0.00732813 0.000786436 -0.01833 0.00526285 0.00295919 0.0327563
internal_weight=299.769 130.688 75.2132 55.4744 169.082 156.01 13.072
internal_count=1329 752 300 452 577 526 51
is_linear=0
shrinkage=0.03


Tree=147
num_leaves=8
num_cat=0
split_feature=0 9 19 22 2 15 7
split_gain=14.5529 12.1759 14.2539 10.7507 10.7217 6.79016 5.72771
threshold=55.500000000000007 2.4643355279778301 2.4500000000000006 13.403620605521427 4.5000000000000009 37.083333333333336 19.455281356790618
decision_type=2 2 2 2 2 2 2
left_child=3 5 -3 6 -5 -2 -1
right_child=1 2 -4 4 -6 -7 -8
leaf_value=-0.021220797652409341 0.014857258615745741 0.033795589892158619 -0.0037155307434802243 0.023632599601184533 -0.023317879388117069 -0.0090316318792456503 -0.060485500168539513
leaf_weight=23.588511766400192 84.71697049587965 9.6798677891492826 156.81579350680113 10.030024550855162 7.7675255816429845 12.258002169430254 3.8958673607558003
leaf_count=366 178 12 620 21 76 35 37
internal_value=0.000687081 0.00338723 -0.00153468 -0.0150236 0.00314163 0.0118376 -0.0267865
internal_weight=308.753 263.471 166.496 45.2819 17.7976 96.975 27.4844
internal_count=1345 845 632 500 97 213 403
is_linear=0
shrinkage=0.03


Tree=148
num_leaves=8
num_cat=0
split_feature=22 17 0 19 5 18 17
split_gain=8.71398 10.5172 10.4951 6.79472 10.0519 9.20028 5.00377
threshold=13.709040951857917 22.350000000000005 44.500000000000007 5.7500000000000009 10.3000363343273 211.50000000000003 29.350000000000005
decision_type=2 2 2 2 2 2 2
left_child=1 2 -1 4 -2 -5 -3
right_child=3 6 -4 5 -6 -7 -8
leaf_value=-0.020873937099840693 0.016780908888824376 -0.053926883715252505 0.0037722678570236445 0.023086489996227651 -0.02893308247829076 0.0021768510130950533 -0.0079874731157525136
leaf_weight=16.961299125105143 8.7568626776337641 4.5160759352147561 186.87628378346562 48.475808871909976 8.5615652427077276 31.081892846152186 4.0453077219426632
leaf_count=285 19 25 729 99 37 117 15
internal_value=0.0037542 0.000353338 0.00172146 0.0112105 -0.00581833 0.0149174 -0.0322202
internal_weight=309.275 212.399 203.838 96.8761 17.3184 79.5577 8.56138
internal_count=1326 1054 1014 272 56 216 40
is_linear=0
shrinkage=0.03


Tree=149
num_leaves=5
num_cat=0
split_feature=20 3 10 15
split_gain=13.4557 12.9145 11.2225 9.24024
threshold=14.65 11.027604376157194 -3.060245954635856e-16 36.861111111111121
decision_type=2 2 2 2
left_child=1 2 -1 -3
right_child=-2 3 -4 -5
leaf_value=0.010254807727609155 0.049172693587724761 0.0061170454798785568 -0.019306924684636694 -0.010778144640336591
leaf_weight=15.625236608088015 5.2840954465791574 218.99295551422983 44.398226250428706 33.604602921754122
leaf_count=51 31 721 421 138
internal_value=0.00169946 0.000897045 -0.0116114 0.00386937
internal_weight=317.905 312.621 60.0235 252.598
internal_count=1362 1331 472 859
is_linear=0
shrinkage=0.03


Tree=150
num_leaves=7
num_cat=0
split_feature=21 15 21 5 0 21
split_gain=11.1004 10.6293 8.74684 8.40119 8.34795 6.65734
threshold=1.700145145719514 37.250000000000007 1.879829867049146 13.500000000000002 86.500000000000014 1.9800407082410578
decision_type=2 2 2 2 2 2
left_child=1 3 -2 -1 -3 -4
right_child=2 4 5 -5 -6 -7
leaf_value=0.0081583811921625664 -0.066970816585943865 -0.043666302087227007 0.019112196605311514 -0.0028366165455022945 0.010873360077478567 -0.032878164549793094
leaf_weight=183.41017676983029 3.3711574096232644 7.4889544327743334 3.9132417012006027 94.910683623515069 3.8111826926469803 5.1127825928851962
leaf_count=610 20 58 10 584 8 34
internal_value=0.00206098 0.0032509 -0.0257379 0.00440896 -0.0252718 -0.0103377
internal_weight=302.018 289.621 12.3972 278.321 11.3001 9.02602
internal_count=1324 1260 64 1194 66 44
is_linear=0
shrinkage=0.03


Tree=151
num_leaves=5
num_cat=0
split_feature=20 6 16 22
split_gain=9.70217 9.00344 13.2396 6.56511
threshold=15.15 1.186207745328435e-19 25.150268336314848 13.15
decision_type=2 2 2 2
left_child=1 3 -3 -1
right_child=-2 2 -4 -5
leaf_value=0.0023779814466253573 0.045274686166983574 -0.0039421542050067848 0.027599765191575282 0.023602016083469277
leaf_weight=31.399630652740598 4.3517502322792998 230.67926899529994 12.632707403972743 22.527359753847122
leaf_count=91 15 1150 26 55
internal_value=0.000804632 0.000153565 -0.0023045 0.0112441
internal_weight=301.591 297.239 243.312 53.927
internal_count=1337 1322 1176 146
is_linear=0
shrinkage=0.03


Tree=152
num_leaves=8
num_cat=0
split_feature=23 6 3 3 22 15 12
split_gain=15.3686 15.3129 16.1721 15.6115 12.2977 16.1594 7.79072
threshold=213.50000000000003 0.53950155217037166 14.500000000000002 63.500000000000007 12.750000000000002 36.69444444444445 43.45000000000001
decision_type=2 2 2 2 2 2 2
left_child=4 2 -2 -3 5 -1 -6
right_child=1 3 -4 -5 6 -7 -8
leaf_value=0.0046162193490109343 -0.028235747785441453 -0.031634102793164684 0.017138385380215063 0.034667625256259271 0.0091256454678096312 -0.021042176645163939 0.037449508554524169
leaf_weight=79.930471149273217 10.173269227147101 31.984949924983084 23.172368958592415 3.5510726273059836 114.86484317108989 30.527778624556959 9.4598811548203212
leaf_count=351 60 295 53 4 339 200 29
internal_value=0.00115347 -0.0113066 0.0032954 -0.0250086 0.00480908 -0.00247509 0.0112808
internal_weight=303.665 68.8817 33.3456 35.536 234.783 110.458 124.325
internal_count=1331 412 113 299 919 551 368
is_linear=0
shrinkage=0.03


Tree=153
num_leaves=7
num_cat=0
split_feature=10 24 3 15 24 15
split_gain=9.39273 10.3758 11.8747 6.45792 4.93381 4.50856
threshold=-2.3411858341653391e-16 0.55000000000000016 11.027604376157194 35.962362735890913 0.75000000000000011 36.422222222222224
decision_type=2 2 2 2 2 2
left_child=3 5 -3 -1 -5 -2
right_child=1 2 -4 4 -6 -7
leaf_value=0.025847808297275902 0.0075369900544620142 -0.01757075270598395 0.00081610036382147701 -0.016924847466890155 0.0096887386710866226 0.046987905685273709
leaf_weight=20.220958709716797 4.9818614497780782 38.354234604630619 179.82648539356887 7.3667243272066107 42.083452962338924 5.4694988206028938
leaf_count=39 20 388 694 36 108 24
internal_value=0.00192125 -0.00101739 -0.00241615 0.0115647 0.00572404 0.0281828
internal_weight=298.303 228.632 218.181 69.6711 49.4502 10.4514
internal_count=1309 1126 1082 183 144 44
is_linear=0
shrinkage=0.03


Tree=154
num_leaves=6
num_cat=0
split_feature=3 23 14 10 17
split_gain=11.4733 14.5031 14.5677 8.42732 7.90515
threshold=24.500000000000004 39.500000000000007 1.1997379389259054e-21 0.090412276195921334 24.308515238805125
decision_type=2 2 2 2 2
left_child=1 -1 -3 4 -2
right_child=3 2 -4 -5 -6
leaf_value=-0.056546935914578565 0.011165949528230839 0.011900520289718212 -0.0056481763709201518 0.037600116447207531 -0.021828680185686671
leaf_weight=4.272521559149026 64.814361568540335 59.21363798296079 151.50386258494109 9.7176071852445585 7.26816701889038
leaf_count=23 152 308 783 12 25
internal_value=0.00181204 -0.00182634 -0.000716824 0.0113746 0.00783906
internal_weight=296.79 214.99 210.718 81.8001 72.0825
internal_count=1303 1114 1091 189 177
is_linear=0
shrinkage=0.03


Tree=155
num_leaves=5
num_cat=0
split_feature=3 23 6 23
split_gain=10.113 11.9721 14.6921 8.82783
threshold=63.500000000000007 60.500000000000007 0.99998964238358712 39.500000000000007
decision_type=2 2 2 2
left_child=1 3 -3 -1
right_child=-2 2 -4 -5
leaf_value=-0.0021178744664303939 0.032317275938287614 0.0061295193974303499 -0.0079753239658880998 0.035768516604280813
leaf_weight=8.80659117549658 9.7562138289213163 140.30593278072774 126.28831012174487 14.900482114404438
leaf_count=27 12 434 810 27
internal_value=0.00227433 0.00126467 -0.000552083 0.0216947
internal_weight=300.058 290.301 266.594 23.7071
internal_count=1310 1298 1244 54
is_linear=0
shrinkage=0.03


Tree=156
num_leaves=8
num_cat=0
split_feature=15 23 21 20 12 4 16
split_gain=14.4403 15.3776 15.7743 11.4122 14.1841 10.835 10.7432
threshold=37.027777777777779 150.43656652169128 0.29751877346368455 10.250000000000002 37.607058733851488 5.1910388223691674e-35 16.206389452332662
decision_type=2 2 2 2 2 2 2
left_child=3 5 -3 6 -5 -2 -1
right_child=1 2 -4 4 -6 -7 -8
leaf_value=-0.0097906788626949993 -0.020740930357129532 -0.0052016267813192402 -0.067108554025237396 -0.016763619506946378 0.0046944569374753279 0.033314425032329863 0.012791508403026758
leaf_weight=22.239532600156963 7.0555612882599252 6.7027858449146143 8.2808940308168513 42.911335040815175 78.336190680973232 6.3326011039316654 128.58669687528163
leaf_count=104 41 40 62 225 473 12 342
internal_value=0.00182901 -0.018538 -0.0394152 0.00395288 -0.00289988 0.00482725 0.00946173
internal_weight=300.446 28.3718 14.9837 272.074 121.248 13.3882 150.826
internal_count=1299 155 102 1144 698 53 446
is_linear=0
shrinkage=0.03


Tree=157
num_leaves=8
num_cat=0
split_feature=0 19 10 3 21 14 19
split_gain=9.09822 15.178 15.3676 13.8505 10.4655 8.80784 8.48877
threshold=75.500000000000014 13.450000000000001 0.042927678904639242 11.027604376157194 0.5488777472976768 0.99997828839659708 8.3500000000000032
decision_type=2 2 2 2 2 2 2
left_child=1 2 -1 4 -2 -3 -5
right_child=3 5 -4 6 -6 -7 -8
leaf_value=-0.0037963777396429754 -0.048928250315931267 0.021001208065911048 -0.033429899352657867 -0.00069603241892574421 0.0097648076982630675 -0.024948466673897576 0.013660591553422953
leaf_weight=83.965661969035864 6.8359004668891412 26.734855704009536 19.386472582817078 56.333106864243746 4.556773453950882 4.3678468614816657 108.37848260253668
leaf_count=575 40 130 177 157 10 26 235
internal_value=0.00205105 -0.00382552 -0.00935494 0.00653779 -0.0254526 0.0145484 0.00875047
internal_weight=310.559 134.455 103.352 176.104 11.3927 31.1027 164.712
internal_count=1350 908 752 442 50 156 392
is_linear=0
shrinkage=0.03


Tree=158
num_leaves=6
num_cat=0
split_feature=17 24 0 16 19
split_gain=10.3714 9.15675 10.5449 8.93772 4.37866
threshold=29.700000000000006 0.55000000000000016 86.500000000000014 17.754310344827591 10.550000000000002
decision_type=2 2 2 2 2
left_child=1 3 -3 -1 -2
right_child=4 2 -4 -5 -6
leaf_value=-0.011569017986256962 0.0079556478323249951 -0.0051662027709433976 0.0082723256312748454 0.039813919739173635 0.035600677941157795
leaf_weight=4.4972609784454098 10.488923558965327 202.7030626963824 70.943037152290344 9.4459767229855043 10.142619356513022
leaf_count=32 28 1102 164 25 15
internal_value=0.00100007 -0.000473901 -0.00168225 0.0232408 0.0215461
internal_weight=308.221 287.589 273.646 13.9432 20.6315
internal_count=1366 1323 1266 57 43
is_linear=0
shrinkage=0.03


Tree=159
num_leaves=7
num_cat=0
split_feature=22 9 23 24 3 3
split_gain=12.2799 14.0102 19.0337 7.6028 4.33298 1.0634
threshold=10.450000000000001 1.5000000000000002 294.50000000000006 1.3292534845345227 15.500000000000002 15.500000000000002
decision_type=2 2 2 2 2 2
left_child=3 4 -3 5 -2 -1
right_child=1 2 -4 -5 -6 -7
leaf_value=-0.039269884656365113 0.0044592185237413836 -0.0019429420412034703 -0.048203126862610669 0.007084985377020115 0.017261621402744082 -0.06232897667712986
leaf_weight=4.7220788588747364 54.540634103119373 180.80403992766514 8.3756237812340242 3.1911818608641624 42.20390797406435 2.9086260050535202
leaf_count=61 190 890 72 10 93 18
internal_value=-0.000429405 0.00075787 -0.00399104 -0.0317983 0.0100441 -0.0480594
internal_weight=296.746 285.924 189.18 10.8219 96.7445 7.6307
internal_count=1334 1245 962 89 283 79
is_linear=0
shrinkage=0.03


Tree=160
num_leaves=6
num_cat=0
split_feature=21 19 19 17 16
split_gain=12.7875 12.5854 15.356 6.27755 2.64271
threshold=1.7348986462441494 4.3500000000000005 7.8500000000000005 14.65 18.126054590570721
decision_type=2 2 2 2 2
left_child=1 3 -3 -1 -2
right_child=4 2 -4 -5 -6
leaf_value=0.034126051472730116 -0.05045367212470267 -0.012472165239576069 0.0040179988496856032 0.0039182086859552634 -0.017548747278537013
leaf_weight=15.109262553974988 4.6788162458688003 68.771134213544428 194.75264500174671 10.490085341036318 4.1407801397144794
leaf_count=34 35 387 824 30 24
internal_value=0.000579923 0.00166542 -0.000285398 0.0217475 -0.0350049
internal_weight=297.943 289.123 263.524 25.5993 8.8196
internal_count=1334 1275 1211 64 59
is_linear=0
shrinkage=0.03


Tree=161
num_leaves=8
num_cat=0
split_feature=6 6 6 9 15 21 16
split_gain=10.6747 10.7419 12.2939 10.769 6.73472 5.60027 2.39815
threshold=1.186207745328435e-19 2.9150706066625686e-08 4.5705251802074488e-05 1.5000000000000002 36.064750144588409 0.50212800782729261 20.159795145116718
decision_type=2 2 2 2 2 2 2
left_child=4 3 -3 -2 6 -6 -1
right_child=1 2 -4 -5 5 -7 -8
leaf_value=0.028929982309327931 -0.010368782407884022 0.025945241666585704 -0.002463383357971255 -0.059466167597258514 0.023725772999165465 -0.005619534146084966 0.0096519365793850675
leaf_weight=18.338113538920883 15.577052999287845 14.673030449077485 208.85934146260843 5.4195729158818713 7.9606354087591198 22.106245182454586 8.4991644695401174
leaf_count=39 57 33 1062 33 20 66 25
internal_value=0.000197717 -0.00252568 -0.000598595 -0.0230416 0.0119007 0.00215005 0.0228248
internal_weight=301.433 244.529 223.532 20.9966 56.9042 30.0669 26.8373
internal_count=1335 1185 1095 90 150 86 64
is_linear=0
shrinkage=0.03


Tree=162
num_leaves=7
num_cat=0
split_feature=0 20 2 5 14 14
split_gain=11.5089 15.1384 14.5734 11.0484 12.6215 8.00368
threshold=81.500000000000014 14.65 5.0851076018176009 14.500000000000002 1.4623626260190281e-21 5.0183426730398594e-16
decision_type=2 2 2 2 2 2
left_child=1 2 -1 4 -2 -5
right_child=3 -3 -4 5 -6 -7
leaf_value=0.0031670621465196905 0.030032352523535331 0.043255683536116731 -0.014689583211758683 0.0012342401209297275 0.0067781378350757829 -0.037364521206544585
leaf_weight=95.174536511301994 28.998228140175343 6.1813284065574399 72.444826646242291 17.97109962254763 76.219794899225235 6.6143897846341124
leaf_count=298 50 31 694 58 173 30
internal_value=0.00219749 -0.00285029 -0.00455055 0.00895623 0.013187 -0.00915023
internal_weight=303.604 173.801 167.619 129.804 105.218 24.5855
internal_count=1334 1023 992 311 223 88
is_linear=0
shrinkage=0.03


Tree=163
num_leaves=7
num_cat=0
split_feature=14 12 14 14 20 17
split_gain=11.2613 13.2362 13.1941 18.0558 12.4144 3.86239
threshold=1.1825474821923402e-22 25.350000000000005 7.6939561636187029e-24 3.9140662874604723e-25 13.950000000000001 11.750000000000002
decision_type=2 2 2 2 2 2
left_child=2 -2 3 -1 -3 -4
right_child=1 4 5 -5 -6 -7
leaf_value=0.0095550163107938138 0.025493965665100971 -0.0068629507274112949 0.05462551158355964 -0.049035906458189504 0.027489220912654874 0.022294032692298967
leaf_weight=53.654238566756248 13.542803615331648 190.09330413723364 6.2462242944166046 5.1917193150147787 9.9643698716536147 7.1115319207310677
leaf_count=254 23 895 17 45 57 24
internal_value=0.000253341 -0.00320893 0.0104958 0.0043858 -0.00515196 0.0374126
internal_weight=285.804 213.6 72.2037 58.846 200.058 13.3578
internal_count=1315 975 340 299 952 41
is_linear=0
shrinkage=0.03


Tree=164
num_leaves=5
num_cat=0
split_feature=13 19 0 5
split_gain=10.337 8.64051 18.0727 9.98689
threshold=0.35000000000000003 13.15 75.500000000000014 12.500000000000002
decision_type=2 2 2 2
left_child=-1 2 -2 -3
right_child=1 3 -4 -5
leaf_value=0.040069986030811397 -0.014132673385312057 0.017159760818069861 0.0031783086341694283 -0.0094004471197901094
leaf_weight=5.6389477141201487 89.392719379626215 42.189878618344665 138.17550814524293 18.253740234300494
leaf_count=14 721 139 364 94
internal_value=-0.000156193 -0.000943776 -0.00362174 0.00913868
internal_weight=293.651 288.012 227.568 60.4436
internal_count=1332 1318 1085 233
is_linear=0
shrinkage=0.03


Tree=165
num_leaves=6
num_cat=0
split_feature=1 13 5 16 18
split_gain=10.1795 9.30057 7.94823 2.254 0.460949
threshold=4.2231070829209783 0.35000000000000003 3.5000000000000004 19.812812812812815 211.50000000000003
decision_type=2 2 2 2 2
left_child=3 -2 -3 4 -1
right_child=1 2 -4 -5 -6
leaf_value=0.022906592174003759 0.043807231812630902 -0.029945956147019746 0.0023419853427005108 0.011767718018816809 0.033145889843251009
leaf_weight=7.3373823389410999 4.7608743607997885 7.0420709811151019 267.90815016441047 13.505743682384489 8.5885228365659696
leaf_count=21 11 29 1208 35 20
internal_value=0.00400073 0.00223486 0.00151502 0.0207831 0.0284284
internal_weight=309.143 279.711 274.95 29.4316 15.9259
internal_count=1324 1248 1237 76 41
is_linear=0
shrinkage=0.03


Tree=166
num_leaves=7
num_cat=0
split_feature=0 4 24 19 11 0
split_gain=11.1718 8.566 9.03482 8.04086 5.41713 0.644407
threshold=46.500000000000007 0.1440979329112361 0.55000000000000016 22.250000000000004 12.750000000000002 68.500000000000014
decision_type=2 2 2 2 2 2
left_child=3 2 -2 4 -1 -3
right_child=1 5 -4 -5 -6 -7
leaf_value=-0.047371600664655823 0.025571540536337308 0.017326169769326862 -0.00046151285173082028 0.029400161474842423 -0.014778716185679755 0.029386633565108317
leaf_weight=7.0279063787311378 12.624850637279449 7.8010995313525191 241.67276420630515 2.6590466368943444 13.22780936444178 8.15583638101816
leaf_count=101 42 23 896 9 233 19
internal_value=0.000463557 0.00216884 0.000830923 -0.0196483 -0.0260871 0.0234905
internal_weight=293.169 270.255 254.298 22.9148 20.2557 15.9569
internal_count=1323 980 938 343 334 42
is_linear=0
shrinkage=0.03


Tree=167
num_leaves=7
num_cat=0
split_feature=5 3 21 18 0 19
split_gain=15.1626 14.4406 13.7085 11.2691 9.83429 7.89862
threshold=13.500000000000002 63.500000000000007 0.33969849393903739 234.50000000000003 58.500000000000007 12.450000000000001
decision_type=2 2 2 2 2 2
left_child=3 2 -2 5 -5 -1
right_child=1 -3 -4 4 -6 -7
leaf_value=0.006719005094559952 -0.020069145922860767 0.033313221026830632 0.010252989606323128 -0.022826536619097761 0.002458888355069069 0.024618340943577417
leaf_weight=109.02109588310122 60.407963340636343 6.4705755412578574 17.250849367119372 19.059905847534537 50.581573273986578 27.857727255672216
leaf_count=334 493 8 83 190 139 69
internal_value=0.000989918 -0.00974579 -0.0133335 0.00536328 -0.00446138 0.0103619
internal_weight=290.65 84.1294 77.6588 206.52 69.6415 136.879
internal_count=1316 584 576 732 329 403
is_linear=0
shrinkage=0.03


Tree=168
num_leaves=7
num_cat=0
split_feature=15 16 4 9 19 16
split_gain=9.71005 21.1488 11.0915 9.47076 22.1611 9.03244
threshold=37.027777777777779 23.947916666666668 5.1910388223691674e-35 3.0543010807556441 10.550000000000002 15.728735632183909
decision_type=2 2 2 2 2 2
left_child=3 2 -2 5 -5 -1
right_child=1 -3 -4 4 -6 -7
leaf_value=0.020588777777400556 -0.043507761922306827 0.041797078374967073 0.0002532857640330468 -0.016757052358815538 0.012847701965856667 0.0026628433859607328
leaf_weight=31.187598882243037 15.313811816740786 4.6002534329891196 7.9026068411767474 61.186423467937857 36.232716397382319 133.9588099392131
leaf_count=97 119 11 24 422 162 487
internal_value=-0.000113512 -0.0169679 -0.028612 0.00167207 -0.00574627 0.00604812
internal_weight=290.382 27.8167 23.2164 262.566 97.4191 165.146
internal_count=1322 154 143 1168 584 584
is_linear=0
shrinkage=0.03


Tree=169
num_leaves=5
num_cat=0
split_feature=13 23 5 23
split_gain=9.54362 8.24424 14.3844 6.99525
threshold=0.35000000000000003 58.000000000000007 14.500000000000002 39.500000000000007
decision_type=2 2 2 2
left_child=-1 3 -3 -2
right_child=1 2 -4 -5
leaf_value=0.042477881173197153 -0.0022216134597322088 0.0019042501154624967 -0.017377709517202973 0.034084854233422078
leaf_weight=4.9148191623389712 8.1505537591874617 226.36778583005071 41.149917233269662 11.536317389458416
leaf_count=11 24 891 367 23
internal_value=0.00102645 0.000317112 -0.00106173 0.0190536
internal_weight=292.119 287.205 267.518 19.6869
internal_count=1316 1305 1258 47
is_linear=0
shrinkage=0.03


Tree=170
num_leaves=8
num_cat=0
split_feature=13 19 0 10 6 19 19
split_gain=9.56604 15.0555 15.4124 14.7149 16.393 15.9816 11.5454
threshold=0.95000000000000007 6.9500000000000011 88.500000000000014 0.0098419918455599133 0.99778300060754155 12.350000000000003 5.4500000000000011
decision_type=2 2 2 2 2 2 2
left_child=3 6 -3 4 -1 -5 -2
right_child=1 2 -4 5 -6 -7 -8
leaf_value=0.015307150344064777 -0.0012630944161971121 0.0036623524014466374 0.029372520812531895 -0.028925138988872473 -0.0086200805609122667 0.0056473386026812504 -0.044902803534969088
leaf_weight=44.611315906047821 17.953348973765973 72.192609628662467 29.584073930978775 36.970039691776037 61.017548875883222 17.841093457303941 7.8382711298763743
leaf_count=114 52 252 45 256 450 93 45
internal_value=-0.00018401 0.00594753 0.0111357 -0.00505929 0.00148535 -0.0176718 -0.0145255
internal_weight=288.008 127.568 101.777 160.44 105.629 54.8111 25.7916
internal_count=1307 394 297 913 564 349 97
is_linear=0
shrinkage=0.03


Tree=171
num_leaves=5
num_cat=0
split_feature=7 6 16 6
split_gain=9.61261 9.41179 9.85285 4.41747
threshold=66.500000000000014 1.186207745328435e-19 25.150268336314848 1.1944398210771052e-25
decision_type=2 2 2 2
left_child=1 3 -3 -1
right_child=-2 2 -4 -5
leaf_value=0.0075776522136304396 0.028378345588485576 -0.0029959378707857904 0.024977166523929856 0.027726688116434989
leaf_weight=40.506905805319548 12.135121464729307 217.02009022701532 11.956796599552034 12.91512757539749
leaf_count=117 18 1134 25 24
internal_value=0.00223364 0.00111016 -0.00153523 0.0124488
internal_weight=294.534 282.399 228.977 53.422
internal_count=1318 1300 1159 141
is_linear=0
shrinkage=0.03


Tree=172
num_leaves=6
num_cat=0
split_feature=14 12 5 14 14
split_gain=9.92984 12.2844 18.9799 10.9199 11.4408
threshold=3.9140662874604723e-25 25.350000000000005 13.500000000000002 4.7261583672093421e-26 4.2315990594125236e-29
decision_type=2 2 2 2 2
left_child=3 -2 -3 4 -1
right_child=1 2 -4 -5 -6
leaf_value=0.015210056735362361 0.023858008830012937 0.0011368503330064918 -0.019247651762806267 0.041673345602000318 -0.01643514493321319
leaf_weight=35.377144060097635 15.155437514185904 160.51630470342934 55.261771508026868 9.1454379023052734 14.495013447944073
leaf_count=125 27 615 419 31 119
internal_value=0.00055659 -0.00224999 -0.00408372 0.0115386 0.00601259
internal_weight=289.951 230.934 215.778 59.0176 49.8722
internal_count=1336 1061 1034 275 244
is_linear=0
shrinkage=0.03


Tree=173
num_leaves=6
num_cat=0
split_feature=21 13 23 20 6
split_gain=9.88231 10.5392 8.46436 8.27146 5.73507
threshold=1.644504125348863 0.70643609926792261 355.00000000000006 10.250000000000002 1.2581202055505865e-31
decision_type=2 2 2 2 2
left_child=2 -2 3 -1 -3
right_child=1 4 -4 -5 -6
leaf_value=0.0092504298565565142 0.010656929376706042 -0.0079068275213316462 -0.031419813560370567 -0.0013033369740111541 -0.059422663565832701
leaf_weight=144.06952979229391 5.4653235590085378 2.9050329178571683 6.0872903019189826 124.67372077098116 5.8846980473026633
leaf_count=429 25 10 35 773 43
internal_value=0.00229877 -0.0220561 0.00356202 0.00435439 -0.0423965
internal_weight=289.086 14.2551 274.831 268.743 8.78973
internal_count=1315 78 1237 1202 53
is_linear=0
shrinkage=0.03


Tree=174
num_leaves=7
num_cat=0
split_feature=0 3 14 18 19 19
split_gain=9.57731 13.6654 13.2628 10.2631 16.0625 8.67956
threshold=55.500000000000007 6.5000000000000009 1.1825474821923402e-22 239.50000000000003 12.350000000000003 22.250000000000004
decision_type=2 2 2 2 2 2
left_child=3 -2 -3 4 -1 -5
right_child=1 2 -4 5 -6 -7
leaf_value=-0.016620851481797733 0.040081231311422896 0.014595214679694492 -0.0014702246338664014 -0.037150344946999467 0.032085488922533913 0.023745533754358224
leaf_weight=17.221309433225546 9.0722552891820651 61.871759120374918 183.14669323153794 15.36551777739078 9.4308915697038156 2.4411846976727238
leaf_count=209 27 219 602 255 37 10
internal_value=0.00167773 0.00392534 0.0025866 -0.0111677 0.000613906 -0.0288019
internal_weight=298.55 254.091 245.018 44.4589 26.6522 17.8067
internal_count=1359 848 821 511 246 265
is_linear=0
shrinkage=0.03


Tree=175
num_leaves=5
num_cat=0
split_feature=22 23 23 3
split_gain=9.55468 8.66233 13.334 0.729562
threshold=10.139362430464326 35.000000000000007 58.000000000000007 14.500000000000002
decision_type=2 2 2 2
left_child=3 -2 -3 -1
right_child=1 2 -4 -5
leaf_value=-0.029853707218664496 -0.033018322295664149 0.03293871603750842 0.0013733743419444043 -0.052902608327553564
leaf_weight=2.9521694602444759 6.2205893062055102 12.600615134462712 272.80273463204503 2.1260589007288218
leaf_count=37 26 26 1225 16
internal_value=0.00129324 0.00200366 0.00276699 -0.0395034
internal_weight=296.702 291.624 285.403 5.07823
internal_count=1330 1277 1251 53
is_linear=0
shrinkage=0.03


Tree=176
num_leaves=7
num_cat=0
split_feature=22 17 0 6 7 0
split_gain=13.0125 9.83001 11.6299 4.44772 0.647995 0.0296949
threshold=10.139362430464326 29.700000000000006 86.500000000000014 0.99999999999985789 19.455281356790618 65.500000000000014
decision_type=2 2 2 2 2 2
left_child=4 2 -2 -3 5 -1
right_child=1 3 -4 -5 -6 -7
leaf_value=-0.03312193615497637 -0.0019237843253077016 0.037235858961882355 0.01204300838239088 0.0087781548459568651 -0.058573424787608047 -0.039350469578120939
leaf_weight=1.2790980665013187 193.83352913148701 10.491176620125772 74.195987723767757 9.3464234322309476 2.0986373061314225 1.4929865878075359
leaf_count=32 1032 18 164 24 12 15
internal_value=0.00262795 0.00345069 0.00194251 0.0238281 -0.0459973 -0.0364765
internal_weight=292.738 287.867 268.03 19.8376 4.87072 2.77208
internal_count=1297 1238 1196 42 59 47
is_linear=0
shrinkage=0.03


Tree=177
num_leaves=5
num_cat=0
split_feature=23 17 7 6
split_gain=7.57928 14.4723 9.25264 10.9353
threshold=60.500000000000007 14.750000000000002 66.500000000000014 0.99999581501663115
decision_type=2 2 2 2
left_child=1 -1 3 -2
right_child=2 -3 -4 -5
leaf_value=0.038460283818189403 0.0033232975911333526 -0.0098948286412642895 0.023987444807705913 -0.0091727219747562688
leaf_weight=12.457211866974832 134.66034297179431 10.076346870511768 12.428253993391989 118.48250423604622
leaf_count=22 461 35 20 797
internal_value=0.000132714 0.0168373 -0.00128466 -0.00252541
internal_weight=288.105 22.5336 265.571 253.143
internal_count=1335 57 1278 1258
is_linear=0
shrinkage=0.03


Tree=178
num_leaves=7
num_cat=0
split_feature=16 20 16 7 15 2
split_gain=14.4818 8.5885 18.1996 7.17405 2.9706 0.745734
threshold=14.455555555555557 10.250000000000002 14.676190476190477 13.040085012771581 35.527777777777786 5.4545080514575197
decision_type=2 2 2 2 2 2
left_child=4 3 -3 -2 -1 -6
right_child=1 2 -4 -5 5 -7
leaf_value=0.0012512302434755391 -0.008249537056230976 0.062764877286458326 -0.0049530221988745632 0.010043367922007836 -0.062776937671252225 -0.040100447424446101
leaf_weight=1.4586526844650487 22.631532185710967 3.6736564245074979 128.9317462942563 130.87018304504454 1.7527497839182613 5.111481579951942
leaf_count=9 115 8 762 357 12 73
internal_value=0.00138054 0.00251533 -0.00307699 0.00734635 -0.0376288 -0.0458908
internal_weight=294.43 286.107 132.605 153.502 8.32288 6.86423
internal_count=1336 1242 770 472 94 85
is_linear=0
shrinkage=0.03


Tree=179
num_leaves=8
num_cat=0
split_feature=20 13 4 15 0 5 16
split_gain=11.1021 16.8064 16.652 11.7241 5.85023 8.92684 7.42036
threshold=10.250000000000002 0.95000000000000007 1.0315013628699678e-31 36.472222222222229 47.500000000000007 3.5000000000000004 18.106203007518801
decision_type=2 2 2 2 2 2 2
left_child=4 2 -2 -3 5 -1 -6
right_child=1 3 -4 -5 6 -7 -8
leaf_value=0.013231612622734144 -0.022500035687262644 0.016849850823194793 0.012743700110386575 -0.0095785311264846192 0.00071862405270412238 -0.038249693350202917 0.014427257235217605
leaf_weight=5.9121649432927352 55.858881327789277 38.098086593672633 15.38962836563587 25.033726144582033 62.437194594182074 6.2212495449930429 82.483197659254074
leaf_count=19 547 110 47 129 212 78 187
internal_value=0.00142947 -0.00490061 -0.0148874 0.00637018 0.00684569 -0.0131648 0.00852106
internal_weight=291.434 134.38 71.2485 63.1318 157.054 12.1334 144.92
internal_count=1329 833 594 239 496 97 399
is_linear=0
shrinkage=0.03


Tree=180
num_leaves=8
num_cat=0
split_feature=19 13 23 0 17 17 15
split_gain=11.1859 16.7137 28.4111 10.9671 10.2772 12.9145 10.5785
threshold=11.350000000000003 0.95000000000000007 88.499133589659678 88.500000000000014 11.750000000000002 11.15 36.577777777777783
decision_type=2 2 2 2 2 2 2
left_child=1 2 -1 -3 5 -2 -6
right_child=4 3 -4 -5 6 -7 -8
leaf_value=0.015568418160701073 -0.010040694967722181 -0.0015860388675909588 -0.021163318726663063 0.021847836633334755 0.01066248279207223 0.044009225539876067 -0.013153363748233147
leaf_weight=24.834082374349236 5.6723659001290825 60.491361965425313 80.009248139802366 25.572576105594635 54.131311483681202 13.324137399904428 24.330119086429477
leaf_count=74 43 225 617 44 171 34 138
internal_value=-0.000198666 -0.00442031 -0.0124627 0.00537698 0.00807099 0.0278699 0.00327742
internal_weight=288.365 190.907 104.843 86.0639 97.4579 18.9965 78.4614
internal_count=1346 960 691 269 386 77 309
is_linear=0
shrinkage=0.03


Tree=181
num_leaves=7
num_cat=0
split_feature=0 16 10 0 22 6
split_gain=9.29464 8.44255 8.3005 7.56176 10.8349 8.13646
threshold=44.500000000000007 25.150268336314848 -2.3411858341653391e-16 26.500000000000004 13.709040951857917 1.0000000180025095e-35
decision_type=2 2 2 2 2 2
left_child=3 2 -2 5 -5 -1
right_child=1 -3 -4 4 -6 -7
leaf_value=0.017228138543474863 0.013439630549921344 0.03293822068418123 0.00058315645500497677 -0.056765228451664096 0.01129306494518984 -0.032845044619392104
leaf_weight=8.3066506870090979 58.456126087345183 9.076302766799925 199.24914023000747 6.7093879505991918 3.0678822426125407 4.5042328354902557
leaf_count=20 144 17 825 163 18 118
internal_value=0.00293649 0.00450098 0.00349943 -0.0155412 -0.0354101 -0.000377304
internal_weight=289.37 266.782 257.705 22.5882 9.77727 12.8109
internal_count=1305 986 969 319 181 138
is_linear=0
shrinkage=0.03


Tree=182
num_leaves=6
num_cat=0
split_feature=15 7 20 0 16
split_gain=13.4752 10.1288 7.05086 8.03893 2.09005
threshold=37.250000000000007 28.500000000000004 15.15 55.500000000000007 17.879807692307697
decision_type=2 2 2 2 2
left_child=2 4 3 -1 -2
right_child=1 -3 -4 -5 -6
leaf_value=-0.011755887160222073 -0.028180629061036348 0.01227536937882104 0.039074231294456481 0.0030697946735210287 -0.062699872813156171
leaf_weight=38.166790454648435 2.2820450398139638 3.1351592764258385 4.454832373186945 239.27584764920175 5.1213102228939533
leaf_count=460 24 9 15 804 38
internal_value=0.00038635 -0.0329202 0.00163149 0.00103028 -0.0520595
internal_weight=292.436 10.5385 281.897 277.443 7.40336
internal_count=1350 71 1279 1264 62
is_linear=0
shrinkage=0.03


Tree=183
num_leaves=5
num_cat=0
split_feature=13 9 16 0
split_gain=10.9135 9.06001 21.6423 9.96235
threshold=0.35000000000000003 3.0543010807556441 20.012500000000003 87.500000000000014
decision_type=2 2 2 2
left_child=-1 3 -3 -2
right_child=1 2 -4 -5
leaf_value=0.046409239227976205 0.0013785459181900204 -0.017312966267110663 0.011579560569408542 0.016987004284019735
leaf_weight=4.972686391323804 145.4554907893762 58.929594722576439 38.628161486238241 49.269123330712318
leaf_count=10 632 483 135 98
internal_value=0.00233901 0.00158923 -0.00587292 0.00532779
internal_weight=297.255 292.282 97.5578 194.725
internal_count=1358 1348 618 730
is_linear=0
shrinkage=0.03


Tree=184
num_leaves=7
num_cat=0
split_feature=20 20 7 3 23 18
split_gain=8.72188 13.0995 10.3464 7.54016 9.64196 6.56468
threshold=9.1500000000000004 9.3500000000000032 65.500000000000014 9.5000000000000018 97.500000000000014 135.50000000000003
decision_type=2 2 2 2 2 2
left_child=3 -2 -3 4 -1 -5
right_child=1 2 -4 5 -6 -7
leaf_value=-0.067590255288444936 -0.049567030763947549 -0.0039730361280344703 0.036137751446052135 0.022960189512110939 0.0010978330517463838 0.0045639788008312665
leaf_weight=2.60152451507747 5.5172761967405668 173.74647473590448 5.9872170090675345 24.881666237488389 6.2772763627581298 58.515488016419113
leaf_count=18 28 995 7 45 38 178
internal_value=-0.000281077 -0.00403459 -0.00263688 0.00725438 -0.0190281 0.0100525
internal_weight=277.527 185.251 179.734 92.276 8.8788 83.3972
internal_count=1309 1030 1002 279 56 223
is_linear=0
shrinkage=0.03


Tree=185
num_leaves=7
num_cat=0
split_feature=0 14 14 22 17 12
split_gain=10.0818 8.46865 14.3964 10.6595 6.29563 6.06747
threshold=34.500000000000007 1.1825474821923402e-22 7.6939561636187029e-24 11.050000000000002 19.650000000000002 37.350000000000001
decision_type=2 2 2 2 2 2
left_child=4 2 -2 -3 5 -1
right_child=1 3 -4 -5 -6 -7
leaf_value=-0.070586409110159495 0.0052816492536332093 -0.019951374301558963 0.042752951133437675 0.0017191433778316213 0.011166316938247699 -0.020665166355446195
leaf_weight=3.1023543220944685 53.141144703608006 22.950222961604595 11.166926294565199 185.94111349852756 3.4863124014809719 7.4605715549550951
leaf_count=50 260 148 28 655 15 173
internal_value=0.000994379 0.0022689 0.0117884 -0.000661727 -0.0237898 -0.0353271
internal_weight=287.249 273.199 64.3081 208.891 14.0492 10.5629
internal_count=1329 1091 288 803 238 223
is_linear=0
shrinkage=0.03


Tree=186
num_leaves=8
num_cat=0
split_feature=10 15 15 3 14 14 0
split_gain=10.0378 10.4728 11.4499 8.16718 6.26376 13.8113 2.49737
threshold=-0.011707811890440322 37.250000000000007 37.183333333333344 19.500000000000004 3.0481613709416339e-14 9.5050906922080325e-06 81.500000000000014
decision_type=2 2 2 2 2 2 2
left_child=4 2 -2 -3 6 -6 -1
right_child=1 3 -4 -5 5 -7 -8
leaf_value=0.014931127966662171 -0.0025476950414089808 -0.052585801008720089 0.043931433152957208 0.0063201156752633394 -0.028790730126192002 0.015353954389690061 0.036402615140774142
leaf_weight=10.246335973031821 213.60410653520375 6.5165358511731011 4.879082813858985 3.1386263370513916 8.6674960646778327 24.153451487421989 9.3006274849176389
leaf_count=36 1111 57 11 8 36 55 13
internal_value=-0.000141993 -0.00286096 -0.00150974 -0.0334371 0.011703 0.00369604 0.0251475
internal_weight=280.506 228.138 218.483 9.65516 52.3679 32.8209 19.547
internal_count=1327 1187 1122 65 140 91 49
is_linear=0
shrinkage=0.03


Tree=187
num_leaves=5
num_cat=0
split_feature=13 0 9 18
split_gain=7.70221 7.44426 12.065 10.356
threshold=0.35000000000000003 87.500000000000014 3.4275364450117736 218.50000000000003
decision_type=2 2 2 2
left_child=-1 3 -3 -2
right_child=1 2 -4 -5
leaf_value=0.035682161426901914 0.0025104378706490775 0.017104343430663606 -0.010523483321994745 -0.01079742463025354
leaf_weight=5.4641366451978675 127.96528300084174 45.754945509135723 20.644377872347832 89.392940435558558
leaf_count=13 560 90 66 611
internal_value=0.000402339 -0.000277022 0.00851451 -0.00296269
internal_weight=289.222 283.758 66.3993 217.358
internal_count=1340 1327 156 1171
is_linear=0
shrinkage=0.03


Tree=188
num_leaves=8
num_cat=0
split_feature=19 15 14 0 24 22 0
split_gain=8.23358 12.1783 10.9579 18.3256 9.56287 8.36911 7.73007
threshold=8.4500000000000011 36.788888888888899 0.99999995453292267 80.500000000000014 0.55000000000000016 16.550000000000004 64.500000000000014
decision_type=2 2 2 2 2 2 2
left_child=1 4 5 -4 -1 -2 -3
right_child=2 6 3 -5 -6 -7 -8
leaf_value=0.028598871676308289 0.0057792743358493605 -0.0049730087546357837 -0.033540214977110572 0.014023607217093186 -0.004755677807563986 0.030982192864168926 -0.049281164352706387
leaf_weight=8.4725869558751565 136.68594402214512 5.9915919434279195 16.141040483489636 13.295377738773821 88.992889721877873 12.984723612666128 8.6738360282033664
leaf_count=30 655 66 82 29 419 20 45
internal_value=0.000683798 -0.00569128 0.00467495 -0.0120573 -0.0018562 0.00796576 -0.031179
internal_weight=291.238 112.131 179.107 29.4364 97.4655 149.671 14.6654
internal_count=1346 560 786 111 449 675 111
is_linear=0
shrinkage=0.03


Tree=189
num_leaves=8
num_cat=0
split_feature=14 17 6 13 12 17 10
split_gain=8.50257 14.7757 14.5102 13.6223 12.3502 9.42616 9.26261
threshold=1.1825474821923402e-22 11.501700072976794 0.99999581501663115 0.35000000000000003 37.150000000000013 12.850000000000003 0.0024083538092637834
decision_type=2 2 2 2 2 2 2
left_child=1 4 6 -4 -1 -3 -2
right_child=2 5 3 -5 -6 -7 -8
leaf_value=0.053383174748580758 0.013839119487742794 -0.023287433702517582 0.040828639979513928 -0.012980718602134997 -0.0030381953624835324 0.0092855667634585519 -0.0020761873401843349
leaf_weight=11.396245700307192 62.984719268977642 9.606079005636273 4.4618947245180598 82.992345234844834 5.0339962453581384 47.698566073086113 68.928494623862207
leaf_count=30 163 86 9 551 52 179 270
internal_value=0.00220298 0.0110162 -0.000759377 -0.0102354 0.0360965 0.0038253 0.00552291
internal_weight=293.102 73.7349 219.367 87.4542 16.4302 57.3046 131.913
internal_count=1340 347 993 560 82 265 433
is_linear=0
shrinkage=0.03


Tree=190
num_leaves=8
num_cat=0
split_feature=20 19 15 18 18 19 11
split_gain=10.5886 14.4706 17.4751 13.3144 8.58818 8.82305 8.22336
threshold=10.250000000000002 8.4500000000000011 36.305555555555564 218.50000000000003 125.50000000000001 10.350000000000003 10.15
decision_type=2 2 2 2 2 2 2
left_child=4 2 -2 -3 6 -6 -1
right_child=1 3 -4 -5 5 -7 -8
leaf_value=0.006901182717346542 0.0031242891031805346 0.010296383337117264 -0.039047149454394137 -0.012366791307692486 -0.0049469899920075453 0.011409847606216494 0.036681791926186251
leaf_weight=20.522417433559895 14.980953635647891 53.650295940227807 21.586236461531371 41.282790672965348 69.262614973355085 51.934536037966609 14.063620764762161
leaf_count=48 75 207 234 330 283 145 25
internal_value=0.000533353 -0.00573541 -0.0217702 0.00044103 0.00582496 0.00206213 0.0190108
internal_weight=287.283 131.5 36.5672 94.9331 155.783 121.197 34.586
internal_count=1347 846 309 537 501 428 73
is_linear=0
shrinkage=0.03


Tree=191
num_leaves=8
num_cat=0
split_feature=2 7 23 14 21 13 23
split_gain=7.22147 12.2706 11.4136 6.60655 17.7225 7.21038 0.147533
threshold=5.4545080514575197 11.500000000000002 58.000000000000007 0.99999995453292267 0.42709703232885982 0.55000000000000016 35.000000000000007
decision_type=2 2 2 2 2 2 2
left_child=3 6 -3 5 -5 -1 -2
right_child=1 2 -4 4 -6 -7 -8
leaf_value=0.030599191988399877 -0.045280406407190478 0.028511147823408939 -0.0023337425849428088 0.031650072153108132 -0.016088978386324254 0.0082098976963148277 -0.034100078048400935
leaf_weight=15.377022389322518 1.2269165851175765 11.796562202274798 127.40206918260083 9.5507681965827924 26.192081285640597 81.869264932349324 7.9143158625811338
leaf_count=34 7 21 703 19 103 231 191
internal_value=0.00262013 -0.00193086 0.000280246 0.00769643 -0.00333273 0.0117502 -0.0356007
internal_weight=281.329 148.34 139.199 132.989 35.7428 97.2463 9.14123
internal_count=1309 922 724 387 122 265 198
is_linear=0
shrinkage=0.03


Tree=192
num_leaves=8
num_cat=0
split_feature=17 16 16 20 0 21 10
split_gain=9.09545 16.3929 15.8614 7.16577 6.82885 15.644 14.6925
threshold=13.127521553265458 18.204166666666669 17.471405228758172 9.9500000000000011 77.500000000000014 0.21570930329580143 0.12034645753506698
decision_type=2 2 2 2 2 2 2
left_child=1 2 -1 -3 6 -6 -2
right_child=4 3 -4 -5 5 -7 -8
leaf_value=-0.011919885476013565 0.002368972775867562 0.01642080897432957 -0.05931918540436476 -0.0041922475708240517 -0.0045280328545673626 0.02162355004299437 -0.04671754485249794
leaf_weight=37.74119424354285 80.013152433093637 24.478646433912218 7.6401779875159255 39.948911405168474 34.705650113523006 50.606418810784817 5.8921223543584338
leaf_count=320 391 59 73 231 108 89 44
internal_value=0.000650577 -0.00608873 -0.0198998 0.00363949 0.00497278 0.0109849 -0.000997803
internal_weight=281.026 109.809 45.3814 64.4276 171.217 85.3121 85.9053
internal_count=1315 683 393 290 632 197 435
is_linear=0
shrinkage=0.03


Tree=193
num_leaves=7
num_cat=0
split_feature=0 5 10 13 0 11
split_gain=9.41714 8.5388 8.26593 10.7805 7.26705 5.77285
threshold=44.500000000000007 3.5000000000000004 -3.060245954635856e-16 0.55000000000000016 62.500000000000007 16.450000000000003
decision_type=2 2 2 2 2 2
left_child=1 -1 4 -4 -2 -3
right_child=2 5 3 -5 -6 -7
leaf_value=0.0077228986190953572 -0.013545698704863473 -0.037598509953808014 0.019063467067641442 -0.0011584575817413486 0.017816908037109717 0.030070752210419525
leaf_weight=8.244727252051236 7.5706379208713761 11.964067818596957 27.354980927426368 178.87878942722455 54.637859495356679 1.2534946957603086
leaf_count=26 34 304 112 734 115 6
internal_value=0.00288619 -0.0162361 0.00441505 0.00152379 0.0140001 -0.0311811
internal_weight=289.905 21.4623 268.442 206.234 62.2085 13.2176
internal_count=1331 336 995 846 149 310
is_linear=0
shrinkage=0.03


Tree=194
num_leaves=7
num_cat=0
split_feature=14 20 15 17 2 0
split_gain=12.5273 12.1626 9.36631 8.84777 8.27268 0.576828
threshold=1.1825474821923402e-22 7.2500000000000009 36.69444444444445 10.550000000000002 5.4545080514575197 76.500000000000014
decision_type=2 2 2 2 2 2
left_child=1 -1 -3 5 -5 -2
right_child=3 2 -4 4 -6 -7
leaf_value=-0.040017938998837842 -0.036671582702567755 0.018831390998446242 -0.012687412635404603 0.0034520573673734699 -0.0088114611883721647 -0.059196611018022247
leaf_weight=3.9244198724627486 2.3617149423807851 58.79986646771431 9.9164220318198186 106.27505355887115 92.678379674907774 1.8053439781069753
leaf_count=19 36 242 85 318 594 11
internal_value=0.000657017 0.0113493 0.0142829 -0.0031668 -0.00226065 -0.0464304
internal_weight=275.761 72.6407 68.7163 203.12 198.953 4.16706
internal_count=1305 346 327 959 912 47
is_linear=0
shrinkage=0.03


Tree=195
num_leaves=7
num_cat=0
split_feature=19 18 5 22 1 12
split_gain=9.7358 14.6982 13.7094 8.51324 6.65848 6.2846
threshold=11.350000000000003 158.50000000000003 12.500000000000002 15.103608102863411 5.9442770795559801 38.050000000000004
decision_type=2 2 2 2 2 2
left_child=1 5 -3 4 -2 -1
right_child=3 2 -4 -5 -6 -7
leaf_value=0.013081938683571472 0.01466808826720545 -0.00127725648011965 -0.021972171085631317 0.028545422501915566 -0.0034075508860931521 -0.011557701819567933
leaf_weight=53.147481272928417 33.466100567951798 78.169265319127589 45.624191406648606 16.577106043696404 40.583109445869923 11.296726915985344
leaf_count=150 99 327 407 30 241 65
internal_value=0.00103347 -0.00285595 -0.00890439 0.00911209 0.00476163 0.00876274
internal_weight=278.864 188.238 123.793 90.6263 74.0492 64.4442
internal_count=1319 949 734 370 340 215
is_linear=0
shrinkage=0.03


Tree=196
num_leaves=4
num_cat=0
split_feature=24 13 10
split_gain=17.2736 8.97431 10.9097
threshold=5.0500000000000007 1.8500000000000003 -0.011707811890440322
decision_type=2 2 2
left_child=1 2 -1
right_child=-2 -3 -4
leaf_value=0.014674819308832278 -0.057256427949017891 0.023665758673804799 -0.00075586580463735294
leaf_weight=51.218771178275347 4.2489238940179339 18.878158196806908 211.59215232054703
leaf_count=132 23 37 1135
internal_value=0.00278095 0.00368654 0.00225139
internal_weight=285.938 281.689 262.811
internal_count=1327 1304 1267
is_linear=0
shrinkage=0.03


Tree=197
num_leaves=6
num_cat=0
split_feature=14 14 14 19 6
split_gain=9.10065 15.7324 12.7563 9.92516 10.5412
threshold=1.1825474821923402e-22 7.6939561636187029e-24 3.9140662874604723e-25 4.1500000000000012 0.99999581501663115
decision_type=2 2 2 2 2
left_child=1 2 -1 -2 -5
right_child=3 -3 -4 4 -6
leaf_value=0.00847827479127174 0.021664435885166426 0.042366017398718543 -0.04520404379455345 0.0023215030344424957 -0.011764316440394273
leaf_weight=55.550547676626593 15.537401564419268 11.923349534161387 4.2916322816163293 121.42047832906246 78.877602490596473
leaf_count=276 39 39 41 427 522
internal_value=0.00164347 0.0108982 0.0046284 -0.00143375 -0.00322551
internal_weight=287.601 71.7655 59.8422 215.835 200.298
internal_count=1344 356 317 988 949
is_linear=0
shrinkage=0.03


Tree=198
num_leaves=4
num_cat=0
split_feature=3 24 12
split_gain=8.27848 12.1454 8.20082
threshold=70.000000000000014 3.2000000000000006 25.350000000000005
decision_type=2 2 2
left_child=1 2 -1
right_child=-2 -3 -4
leaf_value=0.023703602926825038 0.031377263418518375 -0.043323936139360829 0.00014067247867933727
leaf_weight=14.012610748410223 8.0155283510684949 5.5891904160380355 259.05664369650185
leaf_count=27 11 27 1282
internal_value=0.0013184 0.000453766 0.00134981
internal_weight=286.674 278.658 273.069
internal_count=1347 1336 1309
is_linear=0
shrinkage=0.03


Tree=199
num_leaves=7
num_cat=0
split_feature=22 20 24 7 8 10
split_gain=13.8619 22.1408 12.4406 11.03 7.37796 6.50769
threshold=13.813719509747044 7.1500000000000012 2.2500000000000004 25.500000000000004 5.150404138274153 4.7474276639154759e-17
decision_type=2 2 2 2 2 2
left_child=1 -1 -3 5 -5 -2
right_child=3 2 -4 4 -6 -7
leaf_value=-0.062915698225181296 0.025131821027557441 -0.0064585744720310166 0.02183767202867197 0.016383756539695739 -0.016027810651216352 0.0041258850298839791
leaf_weight=5.9479682715609661 32.68174260482192 167.99278287496418 15.253482699394224 9.1196358650922793 20.596536040306091 22.351352473720908
leaf_count=34 81 1004 34 23 64 90
internal_value=-0.0014355 -0.00595216 -0.00410319 0.00864748 -0.00608098 0.0166004
internal_weight=273.944 189.194 183.246 84.7493 29.7162 55.0331
internal_count=1330 1072 1038 258 87 171
is_linear=0
shrinkage=0.03


Tree=200
num_leaves=5
num_cat=0
split_feature=13 1 0 13
split_gain=7.64865 8.08618 20.2121 7.90329
threshold=0.35000000000000003 5.110472729914906 75.500000000000014 0.55000000000000016
decision_type=2 2 2 2
left_child=-1 3 -3 -2
right_child=1 2 -4 -5
leaf_value=0.037426847310532869 0.028886924886031583 -0.017644382636182777 0.0028940898597496966 0.0034094987637752318
leaf_weight=4.8815543688833705 12.944958198815582 63.906766179716215 132.60500172525644 71.399517586454749
leaf_count=12 28 726 370 216
internal_value=0.00019687 -0.000450223 -0.00378514 0.0073197
internal_weight=285.738 280.856 196.512 84.3445
internal_count=1352 1340 1096 244
is_linear=0
shrinkage=0.03


Tree=201
num_leaves=8
num_cat=0
split_feature=20 11 21 20 6 17 7
split_gain=6.29242 16.5856 11.2603 7.89707 8.72074 7.73033 5.89318
threshold=10.250000000000002 11.950000000000001 0.7565583627292457 9.7500000000000018 0.99999999911233106 20.226676313694981 21.500000000000004
decision_type=2 2 2 2 2 2 2
left_child=3 5 -3 4 -1 -2 -5
right_child=1 2 -4 6 -6 -7 -8
leaf_value=0.0063265975366795539 -0.036960690118093956 0.0047749001937725331 -0.019053731801786628 0.00096457303996590139 -0.011238969567490218 0.0095535407555548228 0.025714851951825067
leaf_weight=67.070349694695324 18.490374973043803 81.866251227911562 22.82432899158448 14.381812622770665 40.979231181088835 3.8926140367984763 21.756145903840661
leaf_count=206 120 575 136 68 165 10 42
internal_value=-0.000564486 -0.00543161 -0.000420147 0.00372495 -0.000335376 -0.0288714 0.015865
internal_weight=271.261 127.074 104.691 144.188 108.05 22.383 36.138
internal_count=1322 841 711 481 371 130 110
is_linear=0
shrinkage=0.03


Tree=202
num_leaves=7
num_cat=0
split_feature=18 20 18 20 23 17
split_gain=10.2028 12.9035 8.02345 6.8612 20.398 7.54754
threshold=158.50000000000003 15.15 165.50000000000003 10.250000000000002 133.50000000000003 17.450000000000003
decision_type=2 2 2 2 2 2
left_child=3 2 -2 5 -5 -1
right_child=1 -3 -4 4 -6 -7
leaf_value=0.023086453332524438 -0.043621133524108312 0.049409856021696757 -0.0042106324070425956 -0.025057730782656454 0.028748115911182044 -0.0025314235515915971
leaf_weight=34.690064364112914 4.7657132367603472 3.9773247400298706 190.18727556127124 15.825251635164024 10.580985346809028 14.752102836966513
leaf_count=76 30 12 1030 92 27 40
internal_value=-0.000513177 -0.00408271 -0.00517404 0.00884877 -0.00349772 0.0154428
internal_weight=274.779 198.93 194.953 75.8484 26.4062 49.4422
internal_count=1307 1072 1060 235 119 116
is_linear=0
shrinkage=0.03


Tree=203
num_leaves=7
num_cat=0
split_feature=0 3 2 3 18 23
split_gain=14.064 12.5207 11.0032 7.44109 6.28298 0.351452
threshold=55.500000000000007 6.5000000000000009 4.5000000000000009 11.027604376157194 240.50000000000003 23.500000000000004
decision_type=2 2 2 2 2 2
left_child=2 -2 4 -3 -1 -4
right_child=1 3 5 -5 -6 -7
leaf_value=0.015553618010023518 0.0353556506921648 -0.013380192926902281 -0.055407441179448055 0.0031946402382412404 -0.020169369280135317 -0.034007499759515718
leaf_weight=9.4497504010796565 10.104800887405871 27.61129201669246 0.72115405276417988 208.10918693523854 8.3434636890888196 16.350078692659736
leaf_count=28 29 146 4 668 32 432
internal_value=0.00012599 0.00265494 -0.0177053 0.00125313 -0.00119734 -0.0349115
internal_weight=280.69 245.825 34.8644 235.72 17.7932 17.0712
internal_count=1339 843 496 814 60 436
is_linear=0
shrinkage=0.03


Tree=204
num_leaves=8
num_cat=0
split_feature=9 17 22 14 0 15 23
split_gain=10.7457 15.112 11.9505 8.94384 8.1897 7.24474 5.00889
threshold=1.5000000000000002 11.750000000000002 12.519519088405891 1.1997379389259054e-21 74.500000000000014 36.361111111111121 245.50000000000003
decision_type=2 2 2 2 2 2 2
left_child=4 3 -3 -2 5 -1 -6
right_child=1 2 -4 -5 6 -7 -8
leaf_value=0.011663632397231938 0.028947088231527373 -0.022396887935708484 -0.003779303875695294 -0.00037708754044834516 0.011377218404418537 -0.012014495137559245 0.035475336856338691
leaf_weight=21.882875578477979 15.855442020576445 44.584538940340281 102.06650024047121 22.852852913085371 31.004369739443064 24.820976246148348 10.355599015951155
leaf_count=74 92 357 447 156 73 127 17
internal_value=-0.000939239 -0.00503856 -0.00943938 0.0116345 0.00768913 -0.000920217 0.0174108
internal_weight=273.423 185.359 146.651 38.7083 88.0638 46.7039 41.36
internal_count=1343 1052 804 248 291 201 90
is_linear=0
shrinkage=0.03


Tree=205
num_leaves=4
num_cat=0
split_feature=23 23 7
split_gain=7.39619 10.9023 7.50442
threshold=35.000000000000007 60.500000000000007 7.5000000000000009
decision_type=2 2 2
left_child=-1 -2 -3
right_child=1 2 -4
leaf_value=-0.028432897892105229 0.02841644702605298 0.030474882091270878 0.0012894041390014658
leaf_weight=6.6276643499732009 15.105935184285043 8.1855950686149281 253.08334938134067
leaf_count=27 33 45 1217
internal_value=0.00288547 0.00363651 0.00220379
internal_weight=283.003 276.375 261.269
internal_count=1322 1295 1262
is_linear=0
shrinkage=0.03


Tree=206
num_leaves=8
num_cat=0
split_feature=10 15 10 6 15 20 0
split_gain=9.06949 16.4123 8.67331 7.33918 11.6081 7.13584 6.41649
threshold=0.022446863775227189 36.788888888888899 0.13657242882375212 0.99998964238358712 35.916666666666671 13.450000000000001 37.500000000000007
decision_type=2 2 2 2 2 2 2
left_child=3 5 -3 6 -5 -2 -1
right_child=1 2 -4 4 -6 -7 -8
leaf_value=-0.014586138121564264 -0.0054791945544079169 -0.051743502283236563 0.010886607519246048 -0.024211677931950813 0.0026843573025992023 0.030215590998042122 0.013925835127116129
leaf_weight=7.9260177863761774 53.710335904732347 10.293958366382865 2.4669504119083276 16.562288901768625 112.81103776185773 5.5625811265781513 68.471754484809935
leaf_count=47 257 110 16 93 642 24 176
internal_value=0.000387823 -0.00877368 -0.0396358 0.00359497 -0.000758856 -0.00212935 0.0109678
internal_weight=277.805 72.0338 12.7609 205.771 129.373 59.2729 76.3978
internal_count=1365 407 126 958 735 281 223
is_linear=0
shrinkage=0.03


Tree=207
num_leaves=8
num_cat=0
split_feature=6 15 0 23 20 19 0
split_gain=7.00824 16.1121 8.94887 6.1033 6.40964 1.01302 0.338532
threshold=1.186207745328435e-19 37.250000000000007 49.500000000000007 204.50000000000003 8.3500000000000032 13.350000000000003 67.500000000000014
decision_type=2 2 2 2 2 2 2
left_child=3 2 -2 4 -1 -5 -3
right_child=1 6 -4 5 -6 -7 -8
leaf_value=-0.0043713072670073681 -0.028785142101512288 -0.041422516929791958 0.0014817012549241321 -0.017919378249514485 0.023378963556074057 0.00090259604936045396 -0.056402149736195756
leaf_weight=9.9291183799505216 9.162318585906176 2.2054750442039213 217.38848925195634 5.5844068154692632 30.507235342636704 4.773268349468708 3.5328029431402683
leaf_count=30 305 44 840 21 74 19 16
internal_value=0.00120747 -0.000999822 0.000257629 0.0113018 0.0165649 -0.00924539 -0.0506448
internal_weight=283.083 232.289 226.551 50.794 40.4364 10.3577 5.73828
internal_count=1349 1205 1145 144 104 40 60
is_linear=0
shrinkage=0.03


Tree=208
num_leaves=4
num_cat=0
split_feature=12 20 12
split_gain=7.13532 8.89302 8.84196
threshold=25.350000000000005 6.6500000000000012 26.950000000000003
decision_type=2 2 2
left_child=-1 -2 -3
right_child=1 2 -4
leaf_value=0.020596298312237589 -0.040390865285731763 -0.049192944069025399 0.00041781778377539795
leaf_weight=14.597441852092741 5.0453713769093147 3.27325390651822 264.56131795025431
leaf_count=28 25 16 1296
internal_value=0.000161348 -0.0009318 -0.000188484
internal_weight=287.477 272.88 267.835
internal_count=1365 1337 1312
is_linear=0
shrinkage=0.03


Tree=209
num_leaves=7
num_cat=0
split_feature=19 9 20 10 23 19
split_gain=14.5649 11.4068 11.1947 10.2712 8.03794 7.23571
threshold=11.350000000000003 2.4643355279778301 11.906284840177682 0.016666306776561068 103.50000000000001 11.450000000000001
decision_type=2 2 2 2 2 2
left_child=1 3 -3 -1 -2 -6
right_child=4 2 -4 -5 5 -7
leaf_value=0.015915538381966427 -0.027295251275928922 -0.0057174864164099681 -0.033852953201408263 -0.0074569111159875799 0.047893921797705949 0.010770260226411452
leaf_weight=40.219731193967164 4.7424317225813857 97.443702656775713 14.639708200469611 29.213367864489555 4.9883640818297854 89.57398404320702
leaf_count=110 18 471 240 122 8 362
internal_value=0.00158018 -0.00347326 -0.00939238 0.00608179 0.0108172 0.0127286
internal_weight=280.821 181.517 112.083 69.4331 99.3048 94.5623
internal_count=1331 943 711 232 388 370
is_linear=0
shrinkage=0.03


Tree=210
num_leaves=4
num_cat=0
split_feature=24 13 7
split_gain=8.56133 8.9213 8.80338
threshold=5.0500000000000007 1.8500000000000003 48.500000000000007
decision_type=2 2 2
left_child=1 2 -1
right_child=-2 -3 -4
leaf_value=-1.9050946224820596e-05 -0.041313293205753804 0.020537153621678492 -0.034679676292493439
leaf_weight=247.67858994426206 4.4735039733350268 18.681232146918774 6.7754768282175055
leaf_count=1266 21 39 24
internal_value=-0.000147134 0.0005271 -0.000941977
internal_weight=277.609 273.135 254.454
internal_count=1350 1329 1290
is_linear=0
shrinkage=0.03


Tree=211
num_leaves=8
num_cat=0
split_feature=10 19 10 23 24 17 0
split_gain=11.6517 10.4759 13.3079 9.40702 6.76832 9.56137 6.39563
threshold=-2.3411858341653391e-16 11.350000000000003 -7.0719194357924098e-17 103.50000000000001 0.75000000000000011 14.450000000000001 62.500000000000007
decision_type=2 2 2 2 2 2 2
left_child=4 2 -2 -3 5 -1 -6
right_child=1 3 -4 -5 6 -7 -8
leaf_value=-0.045198799456452374 -0.031498310888217619 -0.03586487447620023 -0.0043922765760101446 0.0091746723592406945 -0.006540486591850643 0.016640078230889761 0.019774640231438767
leaf_weight=4.3137973323464376 18.92878218786791 4.4651389941573134 117.42991846753284 63.911758856382221 10.131406413856892 4.7042905129492283 46.291196916252375
leaf_count=30 146 17 668 284 53 11 89
internal_value=0.000172655 -0.0033496 -0.00815503 0.00623351 0.0111923 -0.0129405 0.0150494
internal_weight=270.176 204.736 136.359 68.3769 65.4407 9.01809 56.4226
internal_count=1298 1115 814 301 183 41 142
is_linear=0
shrinkage=0.03


Tree=212
num_leaves=6
num_cat=0
split_feature=9 16 15 5 6
split_gain=7.81628 14.6482 14.7667 7.70246 6.01401
threshold=2.4643355279778301 25.150268336314848 36.972222222222221 10.3000363343273 0.11413130690884128
decision_type=2 2 2 2 2
left_child=3 2 -2 4 -1
right_child=1 -3 -4 -5 -6
leaf_value=0.0081157821190566484 -0.003407035928558557 0.033362616203128671 -0.048248379037411339 0.039420528762143435 -0.012473417875407747
leaf_weight=88.554765191860497 150.00921878404915 9.3024471057578904 6.9141460428945711 6.2583820149302474 14.919240967370568
leaf_count=274 870 18 89 12 85
internal_value=0.000887732 -0.00321448 -0.00538277 0.00710188 0.00514716
internal_weight=275.958 166.226 156.923 109.732 103.474
internal_count=1348 977 959 371 359
is_linear=0
shrinkage=0.03


Tree=213
num_leaves=4
num_cat=0
split_feature=23 23 7
split_gain=11.1153 11.9671 7.383
threshold=35.000000000000007 58.000000000000007 65.500000000000014
decision_type=2 2 2
left_child=-1 -2 -3
right_child=1 2 -4
leaf_value=-0.042983343935339896 0.031445652172407856 0.0015461817784581957 0.026733249666660033
leaf_weight=4.6069137156009665 13.598867593333123 253.27329719299451 10.926029205322264
leaf_count=22 26 1261 17
internal_value=0.003234 0.00400046 0.0025878
internal_weight=282.405 277.798 264.199
internal_count=1326 1304 1278
is_linear=0
shrinkage=0.03


Tree=214
num_leaves=7
num_cat=0
split_feature=22 18 11 20 20 18
split_gain=11.7172 5.7805 13.7303 8.79657 0.589331 0.0593288
threshold=10.139362430464326 139.50000000000003 11.450000000000001 14.65 9.8500000000000032 190.50000000000003
decision_type=2 2 2 2 2 2
left_child=4 2 -2 -3 -1 -6
right_child=1 3 -4 -5 5 -7
leaf_value=-0.059573540829020756 0.021307635556723971 0.0007601054048881656 -0.013885952421928091 0.039063269584388917 -0.04207414871503929 -0.033058545744642606
leaf_weight=1.6922125313431013 40.508090259507298 220.92728439881466 13.237089527770875 5.5312840226106337 1.1570690427906813 1.5198015645146368
leaf_count=10 82 1082 78 35 12 31
internal_value=0.00303467 0.00379481 0.0126397 0.00169567 -0.0457158 -0.0369555
internal_weight=284.573 280.204 53.7452 226.459 4.36908 2.67687
internal_count=1330 1277 160 1117 53 43
is_linear=0
shrinkage=0.03


Tree=215
num_leaves=5
num_cat=0
split_feature=13 20 0 19
split_gain=8.23651 8.43929 10.2304 7.90539
threshold=0.35000000000000003 13.950000000000001 75.500000000000014 11.950000000000001
decision_type=2 2 2 2
left_child=-1 2 -2 -3
right_child=1 3 -4 -5
leaf_value=0.040090095801614864 -0.0074323121953668103 -0.013361447457385975 0.0045003030373898306 0.040019470672858638
leaf_weight=4.8827579580247393 108.5963153897319 3.4721401282586148 159.84533608332276 8.8891423819586617
leaf_count=12 823 50 438 33
internal_value=0.00146079 0.000789083 -0.000326958 0.0250254
internal_weight=285.686 280.803 268.442 12.3613
internal_count=1356 1344 1261 83
is_linear=0
shrinkage=0.03


Tree=216
num_leaves=7
num_cat=0
split_feature=10 15 10 13 13 6
split_gain=9.73789 15.3319 20.57 11.523 7.92166 8.91189
threshold=0.0098419918455599133 36.861111111111121 0.13657242882375212 1.1500000000000001 0.35000000000000003 0.99998964238358712
decision_type=2 2 2 2 2 2
left_child=4 3 -3 -2 -1 -6
right_child=1 2 -4 -5 5 -7
leaf_value=0.043731313775140807 -0.010644345536121218 -0.054129882147402074 0.029444958593858088 0.015564379424495477 0.011554682334126837 -0.0023294453646353812
leaf_weight=4.37225667387247 48.593123709782958 11.945246421266345 3.4062895085662594 21.903089087456465 66.417835182510316 111.38646548916586
leaf_count=7 288 115 13 51 186 657
internal_value=-8.75216e-05 -0.00841759 -0.0355858 -0.00250133 0.00383789 0.0028569
internal_weight=268.024 85.8477 15.3515 70.4962 182.177 177.804
internal_count=1317 467 128 339 850 843
is_linear=0
shrinkage=0.03


Tree=217
num_leaves=4
num_cat=0
split_feature=17 22 18
split_gain=6.2001 6.97388 6.23163
threshold=30.700000000000006 18.050000000000001 158.50000000000003
decision_type=2 2 2
left_child=1 2 -1
right_child=-2 -3 -4
leaf_value=0.0090529196307280596 0.019704463241405033 -0.02965052847548344 -0.0013729037067117956
leaf_weight=70.438032597303391 16.294247111305594 6.6680016592144957 192.89632870047353
leaf_count=239 37 25 1054
internal_value=0.00173317 0.000648631 0.00141585
internal_weight=286.297 270.002 263.334
internal_count=1355 1318 1293
is_linear=0
shrinkage=0.03


Tree=218
num_leaves=5
num_cat=0
split_feature=3 17 0 21
split_gain=6.26574 7.20612 11.2262 9.56844
threshold=63.500000000000007 11.750000000000002 84.500000000000014 0.2627300658297928
decision_type=2 2 2 2
left_child=1 2 -1 -3
right_child=-2 3 -4 -5
leaf_value=0.00020524116382386707 0.025967189637673724 -0.0083300169779327703 0.030237981705549338 0.0043037758780584108
leaf_weight=28.479751605074853 9.6275461912155134 91.946307736216113 18.464143022894859 130.57012779125944
leaf_count=248 15 523 37 506
internal_value=0.00218639 0.00133672 0.0120178 -0.00091665
internal_weight=279.088 269.46 46.9439 222.516
internal_count=1329 1314 285 1029
is_linear=0
shrinkage=0.03


Tree=219
num_leaves=5
num_cat=0
split_feature=20 0 10 19
split_gain=9.51078 5.86837 16.2248 7.91704
threshold=14.65 75.500000000000014 0.019133758447761402 9.3500000000000032
decision_type=2 2 2 2
left_child=1 2 -1 -3
right_child=-2 3 -4 -5
leaf_value=0.0029649050937759123 0.039235848323270248 -0.0019534959041337496 -0.02236005028742117 0.011707173945170216
leaf_weight=82.59004564397037 6.0292058521881691 75.255182221531868 31.433433580212295 77.506854742765427
leaf_count=567 31 229 305 187
internal_value=0.00197554 0.00113347 -0.00401655 0.00497752
internal_weight=272.815 266.786 114.023 152.762
internal_count=1319 1288 872 416
is_linear=0
shrinkage=0.03


Tree=220
num_leaves=5
num_cat=0
split_feature=20 17 9 14
split_gain=7.51051 7.27008 11.7377 8.48834
threshold=14.65 11.966581333542091 1.5000000000000002 1.1825474821923402e-22
decision_type=2 2 2 2
left_child=1 3 -3 -1
right_child=-2 2 -4 -5
leaf_value=0.023114192635983504 0.031441689686428728 0.0056557683437361414 -0.0090547507693534198 -0.00018545092205147798
leaf_weight=22.038019651081413 6.6315776719711712 78.077864417806268 130.2596656808164 38.932921048253775
leaf_count=115 36 256 715 243
internal_value=-9.85707e-05 -0.000875233 -0.00354175 0.00823623
internal_weight=275.94 269.308 208.338 60.9709
internal_count=1365 1329 971 358
is_linear=0
shrinkage=0.03


Tree=221
num_leaves=4
num_cat=0
split_feature=3 7 22
split_gain=6.86447 7.84897 7.80486
threshold=63.500000000000007 51.500000000000007 13.709040951857917
decision_type=2 2 2
left_child=1 2 -1
right_child=-2 -3 -4
leaf_value=-0.0041296879064128371 0.02600043858981747 -0.031267721187509243 0.0071512288279796145
leaf_weight=184.05217036325485 8.3436208963394147 7.8084262460470191 78.842342493124306
leaf_count=1065 13 27 264
internal_value=-0.000800842 -0.00162691 -0.000746529
internal_weight=279.047 270.703 262.895
internal_count=1369 1356 1329
is_linear=0
shrinkage=0.03


Tree=222
num_leaves=7
num_cat=0
split_feature=0 4 21 24 14 5
split_gain=10.8264 7.64534 7.11374 7.09768 7.54549 1.66454
threshold=44.500000000000007 0.1440979329112361 1.7348986462441494 1.5500000000000003 1.0000000180025095e-35 3.5000000000000004
decision_type=2 2 2 2 2 2
left_child=3 2 -2 4 -1 -3
right_child=1 5 -4 -5 -6 -7
leaf_value=0.0079588124096370508 0.0024340697777504648 0.014896889696682077 -0.028552872009551832 -0.087028274800507358 -0.034666763609828871 0.035395164257883374
leaf_weight=6.5853368043899563 239.26108597544953 7.9948472455143911 6.8589508794248095 1.3909766897559155 8.6429628652986121 6.4351433962583542
leaf_count=19 921 29 34 11 293 17
internal_value=0.00131739 0.00281484 0.00157052 -0.022159 -0.0162337 0.0240382
internal_weight=277.169 260.55 246.12 16.6193 15.2283 14.43
internal_count=1324 1001 955 323 312 46
is_linear=0
shrinkage=0.03


Tree=223
num_leaves=5
num_cat=0
split_feature=24 13 17 10
split_gain=11.3155 8.73105 6.3404 6.05544
threshold=5.0500000000000007 1.8500000000000003 10.750000000000002 0.011495639536799026
decision_type=2 2 2 2
left_child=1 2 -1 -3
right_child=-2 3 -4 -5
leaf_value=-0.024025728774315587 -0.043385318923172163 0.0049971404455304838 0.0019519600205811143 0.037861508728141355
leaf_weight=8.7556453831493837 4.9097405113279811 10.013902865350248 246.97254182724282 10.17088423669338
leaf_count=87 23 26 1201 14
internal_value=0.00175853 0.00256184 0.00106253 0.0215571
internal_weight=280.823 275.913 255.728 20.1848
internal_count=1351 1328 1288 40
is_linear=0
shrinkage=0.03


Tree=224
num_leaves=7
num_cat=0
split_feature=19 19 6 0 15 14
split_gain=7.38605 9.11654 13 6.31553 5.86462 2.56489
threshold=4.3500000000000005 6.9500000000000011 0.0016735848058594166 86.500000000000014 36.305555555555564 2.9605183904054923e-09
decision_type=2 2 2 2 2 2
left_child=4 2 -2 -3 -1 -6
right_child=1 3 -4 -5 5 -7
leaf_value=-0.0052668983293379977 0.012833798654743026 0.00018659728010752364 -0.023111681521775198 0.011525199920046031 0.014613199329412546 0.037797985891116534
leaf_weight=6.8111584484577206 13.223703738301991 150.3824040805921 28.725700028939173 62.621504306793213 7.6870776731520918 9.7303530108183605
leaf_count=25 41 850 219 145 27 16
internal_value=0.00250677 0.00100253 -0.0117806 0.00352006 0.0183356 0.0275655
internal_weight=279.182 254.953 41.9494 213.004 24.2286 17.4174
internal_count=1323 1255 260 995 68 43
is_linear=0
shrinkage=0.03


Tree=225
num_leaves=8
num_cat=0
split_feature=14 15 0 6 16 21 0
split_gain=11.5183 19.515 16.9776 9.92376 10.4281 6.72743 3.44129
threshold=0.99999999083309621 36.19444444444445 87.500000000000014 7.4249287699784271e-05 18.323055028463003 1.0026246899500348 59.500000000000007
decision_type=2 2 2 2 2 2 2
left_child=3 5 -3 6 -5 -2 -1
right_child=1 2 -4 4 -6 -7 -8
leaf_value=0.0058565287502592893 0.025926656224807616 -0.050171106844386519 0.013039708211124646 -0.0066654646472699098 0.0072572992282304571 -0.01136367398193662 0.023912674712245594
leaf_weight=14.908727477304636 9.6997351460158843 15.002365019172432 5.1324190869927397 86.231736904010177 110.40776060149074 7.9005974382162085 26.184338428080082
leaf_count=61 21 86 12 625 435 30 62
internal_value=0.00150972 -0.0138878 -0.0340585 0.00395376 0.00115179 0.00918743 0.0173618
internal_weight=275.468 37.7351 20.1348 237.733 196.639 17.6003 41.0931
internal_count=1332 149 98 1183 1060 51 123
is_linear=0
shrinkage=0.03


Tree=226
num_leaves=8
num_cat=0
split_feature=14 17 19 6 13 19 21
split_gain=6.95295 15.8365 12.5459 11.5298 10.1664 9.57236 8.87537
threshold=1.1825474821923402e-22 11.830659309272562 5.1500000000000012 0.99999999929803052 1.7085092932413712 9.3500000000000032 1.7348986462441494
decision_type=2 2 2 2 2 2 2
left_child=1 5 -3 6 -5 -1 -2
right_child=3 2 -4 4 -6 -7 -8
leaf_value=0.010420845556784008 0.0054656606654375304 -0.052888165970105955 0.005545199902870398 -0.0085223836590883062 -0.057093383803106121 0.053510198653609141 -0.025357606868410567
leaf_weight=8.5687222648412007 141.85017261467874 3.5544994166120878 47.475747146410868 56.262230099644512 4.1655964888632289 10.120236875023691 8.9373137461952847
leaf_count=69 537 24 222 379 23 31 61
internal_value=0.00191312 0.0101278 0.00147504 -0.000798428 -0.0118706 0.0337541 0.00363874
internal_weight=280.935 69.7192 51.0302 211.215 60.4278 18.689 150.787
internal_count=1346 346 246 1000 402 100 598
is_linear=0
shrinkage=0.03


Tree=227
num_leaves=5
num_cat=0
split_feature=24 3 24 12
split_gain=8.0629 6.76852 12.5855 2.45915
threshold=0.55000000000000016 57.500000000000007 3.2000000000000006 33.150000000000013
decision_type=2 2 2 2
left_child=3 2 -2 -1
right_child=1 -3 -4 -5
leaf_value=0.0093506203229089743 -0.00035014471415741331 0.022590590518303005 -0.049062795824286548 0.036963440028038162
leaf_weight=5.1073372177779657 243.67876762105152 11.147504121065138 4.8687773477286092 6.7246292452327907
leaf_count=22 1208 19 28 27
internal_value=0.000824788 -0.000278673 -0.00130437 0.0250442
internal_weight=271.527 259.695 248.548 11.832
internal_count=1304 1255 1236 49
is_linear=0
shrinkage=0.03


Tree=228
num_leaves=7
num_cat=0
split_feature=15 0 10 0 23 17
split_gain=7.3036 13.2785 7.75353 6.66734 15.7811 11.159
threshold=37.083333333333336 75.500000000000014 0.017793126704734308 86.500000000000014 275.50000000000006 16.215054860619436
decision_type=2 2 2 2 2 2
left_child=3 2 -2 4 -1 -5
right_child=1 -3 -4 5 -6 -7
leaf_value=0.00039657810470945039 0.0085298872176945758 -0.0560331192658882 -0.045780470001483983 0.014390990120117641 -0.037110234208116995 -0.016718073971558101
leaf_weight=169.51037746295333 11.843037946149709 5.7519433200359336 2.9563637673854819 59.453336715698242 10.73567968001589 12.571907334029673
leaf_count=935 58 25 43 134 102 41
internal_value=-0.00015537 -0.0173528 -0.00231928 0.00124562 -0.00183737 0.00896095
internal_weight=272.823 20.5513 14.7994 252.271 180.246 72.0252
internal_count=1338 126 101 1212 1037 175
is_linear=0
shrinkage=0.03


Tree=229
num_leaves=4
num_cat=0
split_feature=23 3 23
split_gain=7.47106 6.91531 8.71021
threshold=23.500000000000004 70.000000000000014 231.50000000000003
decision_type=2 2 2
left_child=-1 2 -2
right_child=1 -3 -4
leaf_value=-0.055761713255944534 0.0010767981991990419 0.031815458564720067 -0.013359749414637741
leaf_weight=2.2426383309066287 210.70853146165609 5.7326499819755545 45.786975423805416
leaf_count=11 979 8 304
internal_value=-0.00123824 -0.000771943 -0.00150027
internal_weight=264.471 262.228 256.496
internal_count=1302 1291 1283
is_linear=0
shrinkage=0.03


Tree=230
num_leaves=7
num_cat=0
split_feature=6 6 3 14 15 0
split_gain=6.6543 10.9992 8.96627 6.47833 10.4359 7.43956
threshold=0.99999581501663115 0.99999951272527454 57.500000000000007 0.99999999083309621 36.019032698853714 37.500000000000007
decision_type=2 2 2 2 2 2
left_child=3 -2 -3 5 -5 -1
right_child=1 2 -4 4 -6 -7
leaf_value=-0.01034879356331524 -0.057031889535042235 -0.0029404346646336077 0.029539219018297248 0.017540420974747218 -0.013585932389345429 0.014512485290147261
leaf_weight=12.434592283796517 3.2260657721199086 126.64989538840018 8.1411852464079839 14.888726748526095 27.78678132314235 84.097144281025976
leaf_count=86 24 804 12 43 113 236
internal_value=0.00237898 -0.00228892 -0.000978711 0.00700697 -0.0027265 0.01131
internal_weight=277.224 138.017 134.791 139.207 42.6755 96.5317
internal_count=1318 840 816 478 156 322
is_linear=0
shrinkage=0.03


Tree=231
num_leaves=5
num_cat=0
split_feature=20 19 19 19
split_gain=8.85034 8.5616 10.6397 3.17911
threshold=14.250000000000002 2.7500000000000004 3.7500000000000004 13.950000000000001
decision_type=2 2 2 2
left_child=1 -1 -3 -2
right_child=3 2 -4 -5
leaf_value=0.023095893217020848 0.0086172255725642678 -0.054645485892936045 -0.0016541987644311537 0.044252436737535351
leaf_weight=12.45430833660066 3.9756753323599678 3.458826412446796 241.93353451555595 5.2003567153587937
leaf_count=27 31 22 1201 19
internal_value=-0.000139255 -0.00116958 -0.00240112 0.0288129
internal_weight=267.023 257.847 245.392 9.17603
internal_count=1300 1250 1223 50
is_linear=0
shrinkage=0.03


Tree=232
num_leaves=7
num_cat=0
split_feature=9 3 23 0 21 12
split_gain=10.3123 12.3278 14.0282 10.4002 7.53897 6.6003
threshold=3.0543010807556441 57.500000000000007 53.500000000000007 87.500000000000014 1.700145145719514 35.850000000000001
decision_type=2 2 2 2 2 2
left_child=3 2 -2 4 -1 -5
right_child=1 -3 -4 5 -6 -7
leaf_value=0.0015062020552495216 0.01981328980712679 0.027995720608825891 -0.016777905445128978 0.0024049700090785424 -0.02887930556555689 0.027124056882170695
leaf_weight=131.86676926305518 10.836970914155243 7.554027520120143 72.606141519732773 16.345546163618565 7.7826052168384185 23.989985436201096
leaf_count=587 24 13 573 45 53 40
internal_value=-0.000472741 -0.00870338 -0.0120257 0.00368852 -0.00018717 0.0171069
internal_weight=270.982 90.9971 83.4431 179.985 139.649 40.3355
internal_count=1335 610 597 725 640 85
is_linear=0
shrinkage=0.03


Tree=233
num_leaves=8
num_cat=0
split_feature=22 18 19 19 10 21 13
split_gain=10.2055 9.67925 10.7396 10.4256 7.43206 11.8343 5.59677
threshold=13.709040951857917 210.50000000000003 12.030222499063884 5.1500000000000012 0.13657242882375212 1.700145145719514 1.2500000000000002
decision_type=2 2 2 2 2 2 2
left_child=4 3 -3 -2 5 -1 -6
right_child=1 2 -4 -5 6 -7 -8
leaf_value=-0.0039763831411593117 -0.011917814874851558 -0.018311484618445322 0.018869485433346149 0.02278833787814941 0.0011165044821402075 -0.057359161296101566 0.039887531293604089
leaf_weight=170.88645290536806 9.4454460460692626 18.899412288330499 11.097191306762396 44.444368707947433 7.7728921435773355 3.8210800569504491 5.8902329802513123
leaf_count=982 34 95 40 104 44 28 7
internal_value=0.000398548 0.00910238 -0.00455645 0.0167053 -0.0034775 -0.00514393 0.0178309
internal_weight=272.257 83.8864 29.9966 53.8898 188.371 174.708 13.6631
internal_count=1334 273 135 138 1061 1010 51
is_linear=0
shrinkage=0.03


Tree=234
num_leaves=7
num_cat=0
split_feature=17 17 19 20 4 2
split_gain=7.07842 8.0726 12.79 8.66987 3.99464 0.360878
threshold=10.646629257543619 11.750000000000002 11.15 10.250000000000002 7.2220274591168371e-33 5.4545080514575197
decision_type=2 2 2 2 2 2
left_child=4 2 -2 -3 5 -1
right_child=1 3 -4 -5 -6 -7
leaf_value=-0.056244900167029835 -0.0015602923246534096 0.0057098335157868092 0.032941276614051551 -0.0059995078138175475 0.0060461084281348068 -0.038344161960366815
leaf_weight=1.5100267129018901 19.73799383547157 128.80746252741665 18.958466902840883 101.95742663834244 2.0604250514879823 3.0830276159103951
leaf_count=12 145 426 67 622 8 53
internal_value=0.00190792 0.0026627 0.015343 0.000536368 -0.0286602 -0.0442293
internal_weight=276.115 269.461 38.6965 230.765 6.65348 4.59305
internal_count=1333 1260 212 1048 73 65
is_linear=0
shrinkage=0.03


Tree=235
num_leaves=8
num_cat=0
split_feature=20 20 5 15 18 18 23
split_gain=5.65594 12.2714 9.99861 8.35772 7.6329 5.5216 4.59914
threshold=11.65 11.850000000000003 12.500000000000002 36.361111111111121 339.50000000000006 462.00000000000006 35.000000000000007
decision_type=2 2 2 2 2 2 2
left_child=4 3 -3 -2 6 -6 -1
right_child=1 2 -4 -5 5 -7 -8
leaf_value=-0.020332943826706137 -0.0034478763252900478 0.0058614749790998049 -0.021477835113822216 -0.071954687213646798 -0.041938458314224318 0.0044763933084541602 0.0053377092349184418
leaf_weight=6.4937846343964329 2.6258411314338437 39.600167211145163 17.298713199095801 4.1135065560229123 5.6437279633246344 3.9012264348566532 191.90281758178025
leaf_count=24 10 192 276 38 57 16 714
internal_value=0.000841722 -0.00698422 -0.00245037 -0.0452625 0.00323676 -0.0229677 0.00449747
internal_weight=271.58 63.6382 56.8989 6.73935 207.942 9.54495 198.397
internal_count=1327 516 468 48 811 73 738
is_linear=0
shrinkage=0.03


Tree=236
num_leaves=6
num_cat=0
split_feature=16 16 23 15 3
split_gain=8.36276 11.8484 8.00444 2.09777 0.173425
threshold=14.455555555555557 14.676190476190477 213.50000000000003 35.527777777777786 18.500000000000004
decision_type=2 2 2 2 2
left_child=3 -2 -3 -1 -5
right_child=1 2 -4 4 -6
leaf_value=-0.0013334607247691202 0.049692760399815253 0.0028818563077480583 -0.010109848232989155 -0.037097295075039963 -0.048240097480486133
leaf_weight=1.5285146990790952 4.3913709828630081 190.88578159944154 54.973623558878899 3.5098653859458864 1.9585650460794566
leaf_count=10 15 813 377 68 12
internal_value=-5.51078e-05 0.000849347 -2.30603e-05 -0.0324036 -0.0410882
internal_weight=257.248 250.251 245.859 6.99695 5.46843
internal_count=1295 1205 1190 90 80
is_linear=0
shrinkage=0.03


Tree=237
num_leaves=7
num_cat=0
split_feature=18 19 12 16 17 20
split_gain=5.96603 9.75902 9.10504 8.47054 6.29933 6.28724
threshold=135.50000000000003 8.3500000000000032 31.150000000000002 14.455555555555557 19.964420649300763 10.250000000000002
decision_type=2 2 2 2 2 2
left_child=4 2 -2 -3 5 -1
right_child=1 3 -4 -5 -6 -7
leaf_value=0.021659306031990636 -0.036250504433285057 -0.043581579163674479 -0.0053046646614412747 0.0047877046125120015 -0.01436795236430893 -0.0048315153384236005
leaf_weight=33.520774507895112 10.199778670445083 3.3314804839901617 53.128010670654476 148.69496785057709 7.5494184121489516 10.617210472933946
leaf_count=70 61 39 353 698 25 64
internal_value=0.00180276 -0.000394035 -0.0102889 0.00372775 0.0109557 0.015287
internal_weight=267.042 215.354 63.3278 152.026 51.6874 44.138
internal_count=1310 1151 414 737 159 134
is_linear=0
shrinkage=0.03


Tree=238
num_leaves=7
num_cat=0
split_feature=5 6 3 18 22 23
split_gain=6.14556 9.88002 12.9199 5.75603 8.03051 7.68538
threshold=13.500000000000002 0.99999987550869696 57.500000000000007 220.50000000000003 11.050000000000002 189.50000000000003
decision_type=2 2 2 2 2 2
left_child=3 -2 -3 5 -5 -1
right_child=1 2 -4 4 -6 -7
leaf_value=0.0045886913669394899 0.020285077221618875 -0.01464492969008643 0.030417669268160363 -0.029238951357428683 0.00032263956143315534 0.029514431083414686
leaf_weight=97.300736669450998 10.578601911198346 66.251434843288735 6.2679730355739585 9.3659000392071885 70.711823396384716 12.571393787860869
leaf_count=325 36 551 9 76 310 31
internal_value=5.43203e-06 -0.00679923 -0.0107501 0.00298229 -0.00313489 0.00744065
internal_weight=273.048 83.098 72.5194 189.95 80.0777 109.872
internal_count=1338 596 560 742 386 356
is_linear=0
shrinkage=0.03


Tree=239
num_leaves=8
num_cat=0
split_feature=19 15 8 16 20 0 21
split_gain=11.2781 12.2065 9.92574 11.8344 10.4618 8.9028 8.06546
threshold=10.550000000000002 36.894444444444453 5.150404138274153 20.613375130616514 10.250000000000002 87.500000000000014 0.51471220298598197
decision_type=2 2 2 2 2 2 2
left_child=2 6 3 -1 -4 -3 -2
right_child=1 5 4 -5 -6 -7 -8
leaf_value=0.0075488291234035018 0.015530817768795651 -0.035457421250412242 -0.0059189920117483563 -0.021800829238988944 -0.028679842181240221 0.015602144250208179 -0.0035394334329213366
leaf_weight=57.074309058487415 66.175693083554506 10.030043057166038 50.07423699926585 15.784265706315635 28.529985582455993 4.4311493784189215 28.580332865007222
leaf_count=196 266 95 224 69 375 11 119
internal_value=-0.00148761 0.0058608 -0.00678642 0.00119044 -0.0141802 -0.0198119 0.00977884
internal_weight=260.68 109.217 151.463 72.8586 78.6042 14.4612 94.756
internal_count=1355 491 864 265 599 106 385
is_linear=0
shrinkage=0.03


Tree=240
num_leaves=8
num_cat=0
split_feature=19 9 11 0 3 15 10
split_gain=8.6131 15.1938 11.1935 10.5624 9.68242 9.01961 8.52634
threshold=10.550000000000002 3.0543010807556441 8.4500000000000011 66.500000000000014 17.500000000000004 36.361111111111121 0.0098419918455599133
decision_type=2 2 2 2 2 2 2
left_child=1 6 -3 5 -5 -2 -1
right_child=3 2 -4 4 -6 -7 -8
leaf_value=0.0089922516342389892 0.009959219564991113 0.017161305557452065 -0.023124812927111865 0.024433040752004895 0.0029437865474250843 -0.024575067199724396 -0.0084121434769582181
leaf_weight=61.85443604644388 12.012728380039336 7.1615215651690951 46.581786399940029 32.540346832945943 44.920358046889305 15.705606627278028 42.905286009423435
leaf_count=209 75 15 430 73 129 203 209
internal_value=-0.00037182 -0.00478861 -0.0177565 0.0062842 0.0119712 -0.0096084 0.00186413
internal_weight=263.682 158.503 53.7433 105.179 77.4607 27.7183 104.76
internal_count=1343 863 445 480 202 278 418
is_linear=0
shrinkage=0.03


Tree=241
num_leaves=8
num_cat=0
split_feature=16 20 14 7 19 20 3
split_gain=10.1974 10.9074 10.3812 8.54002 15.565 8.25834 7.05349
threshold=18.106203007518801 8.8500000000000032 4.2315990594125236e-29 18.247538196435933 7.8500000000000005 9.8500000000000032 17.500000000000004
decision_type=2 2 2 2 2 2 2
left_child=1 6 -3 5 -5 -2 -1
right_child=3 2 -4 4 -6 -7 -8
leaf_value=-0.011757482773360179 0.025069545227062475 0.020713447425591586 -0.016271593011373941 -0.023062078490062973 0.0064787298199208958 0.0046715936311680839 0.01730988782847907
leaf_weight=11.128864851314573 30.821932124905288 7.5951419044286004 67.827364163706079 21.127513595856726 66.830865984782577 42.48776818648912 23.127000968903303
leaf_count=68 77 40 532 92 195 277 52
internal_value=0.000885979 -0.00617131 -0.0125472 0.00568564 -0.000616942 0.0132476 0.00786663
internal_weight=270.946 109.678 75.4225 161.268 87.9584 73.3097 34.2559
internal_count=1333 692 572 641 287 354 120
is_linear=0
shrinkage=0.03


Tree=242
num_leaves=5
num_cat=0
split_feature=19 19 10 17
split_gain=7.62229 6.22239 9.90039 6.39347
threshold=2.7500000000000004 8.5500000000000025 0.017793126704734308 18.450000000000003
decision_type=2 2 2 2
left_child=-1 2 -2 -3
right_child=1 3 -4 -5
leaf_value=0.024704238872672663 -0.00099352077151603629 0.00065694271053003931 -0.023985316690708618 0.016762996565985767
leaf_weight=11.511055219918488 72.242978082969785 130.82681559538469 21.985454908804968 26.710911370348185
leaf_count=25 408 685 154 71
internal_value=0.000831707 -0.000259774 -0.00635799 0.00338776
internal_weight=263.277 251.766 94.2284 157.538
internal_count=1343 1318 562 756
is_linear=0
shrinkage=0.03


Tree=243
num_leaves=8
num_cat=0
split_feature=0 4 0 5 21 16 5
split_gain=10.2102 7.696 6.63557 6.31713 5.40335 4.71977 0.931844
threshold=47.500000000000007 0.1440979329112361 26.500000000000004 5.5000000000000009 1.7348986462441494 25.699095022624437 3.5000000000000004
decision_type=2 2 2 2 2 2 2
left_child=2 4 3 -1 -2 -4 -3
right_child=1 6 5 -5 -6 -7 -8
leaf_value=0.015960096540830509 0.0019511263761442109 0.017658754157626449 -0.029905471522399925 -0.03357852397397016 -0.023181245250464506 -0.094479584376064935 0.034461311954689371
leaf_weight=6.1607459671795386 226.14278634637594 6.1037820354104024 8.7948315234389138 3.7129798291716725 7.9704253189265719 1.1521541029214848 5.7868145704269409
leaf_count=19 887 23 212 120 40 7 18
internal_value=0.000622427 0.00229133 -0.0200911 -0.00266873 0.00109549 -0.0373851 0.0258361
internal_weight=265.825 246.004 19.8207 9.87373 234.113 9.94699 11.8906
internal_count=1326 968 358 139 927 219 41
is_linear=0
shrinkage=0.03


Tree=244
num_leaves=6
num_cat=0
split_feature=21 9 20 21 3
split_gain=8.03921 5.6321 10.477 5.45711 4.64858
threshold=1.700145145719514 1.5000000000000002 12.231565040896127 1.9562385687196022 14.500000000000002
decision_type=2 2 2 2 2
left_child=1 4 -3 -2 -1
right_child=3 2 -4 -5 -6
leaf_value=-0.00061005690272681321 -0.055916295198076137 0.00012339150853725957 -0.02186403192539365 -0.0099019112211187494 0.014154624846491234
leaf_weight=37.062485572881997 3.7361244000494462 150.6293213730678 22.405441037146375 6.1181980594992638 39.802261272445321
leaf_count=155 28 695 312 35 110
internal_value=-0.000769972 0.000278068 -0.00272365 -0.0273476 0.00703542
internal_weight=259.754 249.9 173.035 9.85432 76.8647
internal_count=1335 1272 1007 63 265
is_linear=0
shrinkage=0.03


Tree=245
num_leaves=8
num_cat=0
split_feature=14 14 12 17 22 0 24
split_gain=7.42157 14.222 12.7606 10.8527 9.22809 7.3694 7.35746
threshold=1.1825474821923402e-22 9.4137545867743948e-10 47.45000000000001 11.501700072976794 13.65 84.500000000000014 0.55000000000000016
decision_type=2 2 2 2 2 2 2
left_child=3 2 -2 5 -5 -1 -3
right_child=1 6 -4 4 -6 -7 -8
leaf_value=0.0093213752774918262 -0.018201058852280499 0.039926853955155397 0.043456319888276071 -0.0088455283139864359 0.016918742258864777 0.050270305484848711 0.0018159967138690317
leaf_weight=7.4313795068301252 53.673433925490826 4.7237467914819709 3.2011201572604469 27.934047783492133 22.662310254294425 8.4563162177801114 130.74600052461028
leaf_count=72 396 10 12 193 76 12 542
internal_value=0.000845861 -0.00214077 -0.0147307 0.00948647 0.00269439 0.0311167 0.0031449
internal_weight=258.828 192.344 56.8746 66.4841 50.5964 15.8877 135.47
internal_count=1313 960 408 353 269 84 552
is_linear=0
shrinkage=0.03


Tree=246
num_leaves=7
num_cat=0
split_feature=23 9 22 0 20 22
split_gain=14.5337 11.4736 16.4086 12.1881 8.81415 8.46753
threshold=213.50000000000003 1.5000000000000002 11.448732585409084 78.500000000000014 6.5500000000000007 10.350000000000003
decision_type=2 2 2 2 2 2
left_child=4 3 -3 -2 -1 -6
right_child=1 2 -4 -5 5 -7
leaf_value=-0.034836904567962651 -0.0159073571246614 0.0051513453608038676 -0.039201431287932381 0.02987727660191852 -0.032576566627370095 0.0047021761609218823
leaf_weight=5.5022887750528744 12.986818522214891 10.957644253037868 23.839980889344588 8.7643357142806035 5.6428051586262873 194.53592812782153
leaf_count=24 68 92 242 18 56 841
internal_value=-0.00108153 -0.0145511 -0.0252349 0.00254095 0.00262171 0.00365133
internal_weight=262.23 56.5488 34.7976 21.7512 205.681 200.179
internal_count=1341 420 334 86 921 897
is_linear=0
shrinkage=0.03


Tree=247
num_leaves=5
num_cat=0
split_feature=7 17 13 0
split_gain=8.17588 7.30718 7.5489 0.66232
threshold=65.500000000000014 10.550000000000002 0.35000000000000003 84.500000000000014
decision_type=2 2 2 2
left_child=1 3 -3 -1
right_child=-2 2 -4 -5
leaf_value=-0.034283872438284811 0.024814366849819261 0.036557422551296043 -0.0015364678464965887 -0.061203233067784371
leaf_weight=2.4662274906877424 11.17376273870468 4.7760685086250296 237.27431216696277 1.2342603951692579
leaf_count=55 18 10 1207 6
internal_value=-0.000283298 -0.00142444 -0.00078481 -0.0432626
internal_weight=256.925 245.751 242.05 3.70049
internal_count=1296 1278 1217 61
is_linear=0
shrinkage=0.03


Tree=248
num_leaves=7
num_cat=0
split_feature=5 24 17 0 22 10
split_gain=10.1611 10.7146 8.93987 8.58911 8.19083 7.23375
threshold=13.500000000000002 1.2500000000000002 31.750000000000004 85.500000000000014 12.016514485294154 0.047162319129381298
decision_type=2 2 2 2 2 2
left_child=2 3 5 -2 -3 -1
right_child=1 4 -4 -5 -6 -7
leaf_value=0.0060134678846746961 -0.012230732265222238 -0.026042435562126546 0.034029108089820494 -0.044932024594140106 0.011277297502042228 -0.0076149112326995118
leaf_weight=126.48019514745101 33.206974505214021 6.6691647800616911 8.3395682349801046 9.2401705048978311 25.648541439324617 48.491044393740594
leaf_count=459 403 48 17 55 69 248
internal_value=-0.000118735 -0.00943973 0.00368291 -0.0193494 0.0035759 0.00223654
internal_weight=258.076 74.7649 183.311 42.4471 32.3177 174.971
internal_count=1299 575 724 458 117 707
is_linear=0
shrinkage=0.03


Tree=249
num_leaves=5
num_cat=0
split_feature=17 14 14 14
split_gain=8.7414 7.42055 11.1081 8.59733
threshold=29.700000000000006 4.2315990594125236e-29 9.2740327277142025e-28 1.1083948002433674e-29
decision_type=2 2 2 2
left_child=1 3 -3 -1
right_child=-2 2 -4 -5
leaf_value=0.0068257279047185884 0.022855796548894067 -0.046603764210343256 -0.00034327622117660416 0.048110295927143679
leaf_weight=23.83486963482574 16.892228739336133 4.7760591516271225 213.53089636820368 5.6078369766473761
leaf_count=104 39 48 1103 13
internal_value=0.00197508 0.000551374 -0.00135535 0.014689
internal_weight=264.642 247.75 218.307 29.4427
internal_count=1307 1268 1151 117
is_linear=0
shrinkage=0.03


Tree=250
num_leaves=6
num_cat=0
split_feature=22 13 17 10 6
split_gain=7.79477 5.70266 6.57405 0.501401 0.231192
threshold=10.139362430464326 0.35000000000000003 11.450000000000001 -5.4055363967338567e-18 1.6553885798905914e-07
decision_type=2 2 2 2 2
left_child=3 -2 -3 -1 -5
right_child=1 2 -4 4 -6
leaf_value=-0.023637030819288495 0.032548556767046821 0.013519914083273937 -0.0012472100612486517 -0.051708655360939514 -0.035615869741446871
leaf_weight=1.6273473990149794 5.1126691848039618 30.886240046005696 223.22448423621245 1.6918535567820066 1.5300299269147215
leaf_count=17 14 179 1080 10 32
internal_value=0.000473881 0.00117883 0.000547681 -0.0372105 -0.0440664
internal_weight=264.073 259.223 254.111 4.84923 3.22188
internal_count=1332 1273 1259 59 42
is_linear=0
shrinkage=0.03


Tree=251
num_leaves=8
num_cat=0
split_feature=19 19 6 14 0 22 17
split_gain=8.25589 13.894 9.85636 8.30177 15.4844 7.11174 7.03936
threshold=8.3500000000000032 4.1500000000000012 7.4249287699784271e-05 0.99999995453292267 87.500000000000014 11.050000000000002 15.750000000000002
decision_type=2 2 2 2 2 2 2
left_child=1 6 -3 5 -5 -2 -1
right_child=3 2 -4 4 -6 -7 -8
leaf_value=0.025863614757193173 -0.013808361497801432 0.0046593191102900769 -0.0213166128069739 -0.026592014191950123 0.021921673191382531 0.0083017143041565229 -0.010918070476846032
leaf_weight=13.648604145273568 14.628892654553054 17.620830481871963 51.776760474313051 19.561531349085275 8.4915005415678007 124.70321714156307 7.1287770122289649
leaf_count=35 122 59 410 97 18 555 28
internal_value=-0.000959844 -0.00827762 -0.014721 0.00298244 -0.0119072 0.00598031 0.0132437
internal_weight=257.56 90.175 69.3976 167.385 28.053 139.332 20.7774
internal_count=1324 532 469 792 115 677 63
is_linear=0
shrinkage=0.03


Tree=252
num_leaves=4
num_cat=0
split_feature=13 20 0
split_gain=6.18954 5.82498 5.40927
threshold=0.35000000000000003 15.15 75.500000000000014
decision_type=2 2 2
left_child=-1 2 -2
right_child=1 -3 -4
leaf_value=0.037620204356749433 -0.0037014152936553843 0.037772693961592413 0.0050851084970738722
leaf_weight=4.4587621614336959 108.18632756383158 4.0286405216902486 151.17471305280924
leaf_count=9 861 14 430
internal_value=0.0025694 0.00197605 0.00142002
internal_weight=267.848 263.39 259.361
internal_count=1314 1305 1291
is_linear=0
shrinkage=0.03


Tree=253
num_leaves=5
num_cat=0
split_feature=4 5 17 16
split_gain=7.48243 8.42088 6.94866 5.41462
threshold=0.1440979329112361 4.5000000000000009 11.450000000000001 20.080540540540543
decision_type=2 2 2 2
left_child=1 -1 -3 -2
right_child=3 2 -4 -5
leaf_value=-0.046316270608163394 0.029587575842287949 0.011571639500014675 -0.0033208765533333617 0.00052599567757732055
leaf_weight=3.7720705568790427 12.364407777786257 33.098259007092565 190.42787617328577 10.81849170476198
leaf_count=25 36 221 995 37
internal_value=-0.000209881 -0.00186581 -0.00111569 0.0160257
internal_weight=250.481 227.298 223.526 23.1829
internal_count=1314 1241 1216 73
is_linear=0
shrinkage=0.03


Tree=254
num_leaves=4
num_cat=0
split_feature=23 17 3
split_gain=6.71258 6.27477 6.39372
threshold=355.00000000000006 29.700000000000006 16.189615185421044
decision_type=2 2 2
left_child=1 2 -1
right_child=-2 -3 -4
leaf_value=0.0064174309108606603 -0.03266759676671125 0.020624923869806043 -0.0033167814648817824
leaf_weight=121.26743757189251 4.9040608038194469 16.566639492288232 121.64842626545578
leaf_count=825 35 38 433
internal_value=0.00210384 0.00276099 0.00154269
internal_weight=264.387 259.483 242.916
internal_count=1331 1296 1258
is_linear=0
shrinkage=0.03


Tree=255
num_leaves=6
num_cat=0
split_feature=0 23 16 23 17
split_gain=9.13065 13.8916 11.7579 9.60176 8.06516
threshold=86.500000000000014 35.000000000000007 21.246621621621625 77.500000000000014 11.450000000000001
decision_type=2 2 2 2 2
left_child=1 -1 4 -3 -2
right_child=2 3 -4 -5 -6
leaf_value=-0.059231619849996461 0.036123916501912011 0.017088603522953921 -0.022582380577001616 -0.0055558500865434393 0.0079523702585533717
leaf_weight=4.0710487850010386 11.230345793068407 18.81685564853251 9.5841551721096021 161.45084358029999 49.280114501714706
leaf_count=21 22 59 32 1065 128
internal_value=-0.000925323 -0.00442977 0.00829086 -0.00319216 0.0131808
internal_weight=254.433 184.339 70.0946 180.268 60.5105
internal_count=1327 1145 182 1124 150
is_linear=0
shrinkage=0.03


Tree=256
num_leaves=7
num_cat=0
split_feature=20 24 23 7 19 21
split_gain=7.93221 11.8933 11.4112 10.5491 6.52823 5.30009
threshold=10.250000000000002 2.1198281591485819 247.50000000000003 13.040085012771581 4.1500000000000012 1.1329942047001387
decision_type=2 2 2 2 2 2
left_child=3 2 -2 5 -5 -1
right_child=1 -3 -4 4 -6 -7
leaf_value=-0.025381437794533255 -0.014153256296664925 0.023955643332921214 0.0099671163044706187 0.027026329705767696 0.0054339130651492942 0.01206643891022666
leaf_weight=14.073840982280673 81.902410299750045 10.916167557239531 22.502427315339446 14.249028742313383 109.01503666164353 4.4856417402625075
leaf_count=109 644 22 162 26 344 23
internal_value=3.8535e-06 -0.00583933 -0.00895458 0.00475512 0.00792994 -0.0163307
internal_weight=257.145 115.321 104.405 141.824 123.264 18.5595
internal_count=1330 828 806 502 370 132
is_linear=0
shrinkage=0.03


Tree=257
num_leaves=4
num_cat=0
split_feature=12 23 23
split_gain=7.96496 5.91739 11.4131
threshold=25.350000000000005 39.500000000000007 58.000000000000007
decision_type=2 2 2
left_child=-1 -2 -3
right_child=1 2 -4
leaf_value=0.022367565777919984 -0.036535193792086126 0.035592884950025508 -0.00095757258304960346
leaf_weight=14.668438442051409 4.0076984204351893 7.9428453510627142 240.45266673946753
leaf_count=28 22 18 1269
internal_value=0.000876668 -0.000372278 0.000211187
internal_weight=267.072 252.403 248.396
internal_count=1337 1309 1287
is_linear=0
shrinkage=0.03


Tree=258
num_leaves=5
num_cat=0
split_feature=19 6 6 6
split_gain=5.12637 5.34103 9.08143 5.22468
threshold=2.4500000000000006 1.186207745328435e-19 2.9150706066625686e-08 8.3925839929185158e-23
decision_type=2 2 2 2
left_child=-1 3 -3 -2
right_child=1 2 -4 -5
leaf_value=0.022538402533036097 0.0057858438114248359 -0.021536482632909061 0.00062345904019801628 0.034224259096958719
leaf_weight=10.04573732241988 37.043573208153248 18.145106893964112 201.19978710566647 6.8966990634798995
leaf_count=20 127 87 1113 13
internal_value=0.00150527 0.000702739 -0.0012097 0.0102494
internal_weight=273.331 263.285 219.345 43.9403
internal_count=1360 1340 1200 140
is_linear=0
shrinkage=0.03


Tree=259
num_leaves=8
num_cat=0
split_feature=6 6 0 14 21 3 22
split_gain=7.63634 14.2328 7.86988 6.85626 11.3124 5.79312 1.43914
threshold=0.99998040245852537 0.99999951272527454 55.500000000000007 0.99999999083309621 0.46923772462617885 29.500000000000004 13.505870461091066
decision_type=2 2 2 2 2 2 2
left_child=3 6 -3 5 -5 -1 -2
right_child=1 2 -4 4 -6 -7 -8
leaf_value=0.0061928930355705236 -0.040601360951583079 -0.034854702233039873 -0.001579040780783144 0.027873802753533811 -0.013434740882562824 0.027102229023893348 -0.072813267441921584
leaf_weight=74.262006683507934 2.8589654378592959 6.7675423654727629 116.74024985358119 7.36701900884509 31.384520220570266 14.206869497895239 2.2156960964202881
leaf_count=283 30 288 535 16 132 25 16
internal_value=-0.000269699 -0.00542553 -0.00340236 0.00494133 -0.00558161 0.00955064 -0.0546657
internal_weight=255.803 128.582 123.508 127.22 38.7515 88.4689 5.07466
internal_count=1325 869 823 456 148 308 46
is_linear=0
shrinkage=0.03


Tree=260
num_leaves=4
num_cat=0
split_feature=23 23 18
split_gain=5.72887 8.80112 6.39953
threshold=35.000000000000007 58.000000000000007 101.50000000000001
decision_type=2 2 2
left_child=-1 -2 -3
right_child=1 2 -4
leaf_value=-0.029795555756373462 0.029963634912712214 -0.029106855700021233 0.0014994117013263347
leaf_weight=5.2660584710538378 9.6227497886866313 6.3084376440383485 242.52968916366808
leaf_count=22 20 35 1260
internal_value=0.001181 0.00181213 0.000723495
internal_weight=263.727 258.461 248.838
internal_count=1337 1315 1295
is_linear=0
shrinkage=0.03


Tree=261
num_leaves=7
num_cat=0
split_feature=23 23 24 20 0 10
split_gain=8.35244 19.1869 9.68768 7.8475 7.2132 1.48924
threshold=228.50000000000003 253.50000000000003 3.3500000000000001 14.65 66.500000000000014 0.0049097433679954885
decision_type=2 2 2 2 2 2
left_child=2 5 3 -1 -3 -2
right_child=1 4 -4 -5 -6 -7
leaf_value=0.002566450171911649 -0.037163098445896367 -0.027900196516592476 -0.038440499385379426 0.038295532353111505 0.0059116206715547114 -0.059740502112324699
leaf_weight=207.30289033148438 6.748163045383988 7.0736191405449054 5.0698770470917216 5.684315090533345 28.791365924291313 4.3080277913250029
leaf_count=969 67 123 26 23 96 39
internal_value=7.3703e-05 -0.0114085 0.00254442 0.00352001 -0.000757054 -0.0459603
internal_weight=264.978 46.9212 218.057 212.987 35.865 11.0562
internal_count=1343 325 1018 992 219 106
is_linear=0
shrinkage=0.03


Tree=262
num_leaves=5
num_cat=0
split_feature=22 7 23 0
split_gain=6.11276 5.66719 5.5339 0.672492
threshold=10.139362430464326 81.000000000000014 234.50000000000003 60.500000000000007
decision_type=2 2 2 2
left_child=3 2 -2 -1
right_child=1 -3 -4 -5
leaf_value=-0.017524384344878498 0.0034671580538243401 0.030801141427241368 -0.0086853097197139555 -0.042840814069682723
leaf_weight=1.4338103162590403 220.27952912542969 6.1251475363969794 39.82095184084028 2.7662009354680777
leaf_count=31 1009 9 275 26
internal_value=0.0017118 0.00227832 0.00160664 -0.0341982
internal_weight=270.426 266.226 260.1 4.20001
internal_count=1350 1293 1284 57
is_linear=0
shrinkage=0.03


Tree=263
num_leaves=4
num_cat=0
split_feature=3 3 22
split_gain=7.03294 9.40008 7.59789
threshold=63.500000000000007 51.500000000000007 15.250000000000002
decision_type=2 2 2
left_child=1 2 -1
right_child=-2 -3 -4
leaf_value=-0.0021817291165926586 0.031082852159223451 -0.046771254151327116 0.012334417724238536
leaf_weight=209.93086233804934 6.4401001781225196 3.9179679155349723 38.384920833166689
leaf_count=1190 10 18 107
internal_value=0.000125145 -0.000665275 6.21925e-05
internal_weight=258.674 252.234 248.316
internal_count=1325 1315 1297
is_linear=0
shrinkage=0.03


Tree=264
num_leaves=8
num_cat=0
split_feature=10 10 17 17 0 7 22
split_gain=6.7955 16.5724 9.06602 7.85891 7.08266 12.0444 4.45084
threshold=-3.060245954635856e-16 -8.990038321089747e-17 11.750000000000002 30.700000000000006 74.500000000000014 16.500000000000004 13.22516289460243
decision_type=2 2 2 2 2 2 2
left_child=4 3 -3 -2 5 -1 -6
right_child=1 2 -4 -5 6 -7 -8
leaf_value=0.01458928252313498 -0.037234294552664457 0.015341700185791592 -0.0022660060275344358 0.018804259746466327 0.0081415872593760211 -0.028339830704237227 0.029069449887931781
leaf_weight=14.326329755596818 15.619089719839396 31.952637945069 149.24393680877984 2.6318444162607184 19.748932130634785 9.9791606757789832 17.035554200410843
leaf_count=55 151 206 764 5 49 50 28
internal_value=0.000775893 -0.00190554 0.000838979 -0.0291534 0.00953029 -0.00303622 0.0178337
internal_weight=260.537 199.448 181.197 18.2509 61.09 24.3055 36.7845
internal_count=1308 1126 970 156 182 105 77
is_linear=0
shrinkage=0.03


Tree=265
num_leaves=4
num_cat=0
split_feature=23 23 16
split_gain=6.29418 11.4341 6.60611
threshold=35.000000000000007 58.000000000000007 25.150268336314848
decision_type=2 2 2
left_child=-1 -2 -3
right_child=1 2 -4
leaf_value=-0.032201883297741485 0.02975119091666182 -0.00077926846144439404 0.021699010581775747
leaf_weight=5.0044927056878796 12.505846504122017 234.59504239377566 12.38828927464783
leaf_count=23 27 1255 31
internal_value=0.00112256 0.00176526 0.000348206
internal_weight=264.494 259.489 246.983
internal_count=1336 1313 1286
is_linear=0
shrinkage=0.03


Tree=266
num_leaves=4
num_cat=0
split_feature=7 19 14
split_gain=7.52337 4.75299 7.751
threshold=66.500000000000014 2.7500000000000004 1.1825474821923402e-22
decision_type=2 2 2
left_child=1 -1 -3
right_child=-2 2 -4
leaf_value=0.018328376688308667 0.028806536937177388 0.0085653897848570783 -0.00350787611137789
leaf_weight=12.987647507339714 8.8283205330371839 65.212610380141996 179.82744128326885
leaf_count=30 15 355 939
internal_value=0.00157431 0.000642573 -0.000294813
internal_weight=266.856 258.028 245.04
internal_count=1339 1324 1294
is_linear=0
shrinkage=0.03


Tree=267
num_leaves=7
num_cat=0
split_feature=21 16 4 12 17 17
split_gain=6.42287 9.63781 9.15359 7.85021 10.5825 10.5614
threshold=0.43683654828479396 24.725384615384616 1.7892960410815497e-22 41.250000000000007 28.150000000000002 17.450000000000003
decision_type=2 2 2 2 2 2
left_child=3 2 -2 5 -5 -1
right_child=1 -3 -4 4 -6 -7
leaf_value=0.01002531349968133 -0.008819949177506909 -0.04620686917245647 0.012849068065763998 -0.034367670656925697 0.029393808880855792 -0.01015121293667972
leaf_weight=119.10254049720243 70.424601143924519 4.9905068338848642 23.366425016894937 9.4771022098138911 3.1119338404387227 29.042756066191941
leaf_count=551 389 27 74 182 7 112
internal_value=0.000437301 -0.00558303 -0.00342149 0.00413718 -0.0186062 0.00606986
internal_weight=259.516 98.7815 93.791 160.734 12.589 148.145
internal_count=1342 490 463 852 189 663
is_linear=0
shrinkage=0.03


Tree=268
num_leaves=4
num_cat=0
split_feature=3 24 13
split_gain=5.77866 9.7852 5.78317
threshold=63.500000000000007 3.2000000000000006 1.9500000000000002
decision_type=2 2 2
left_child=1 2 -1
right_child=-2 -3 -4
leaf_value=-0.000438773029601167 0.025040639844556928 -0.040543512379073082 0.02308899008282831
leaf_weight=239.63648506614845 8.3132572621107084 5.3439220599830142 9.7865817695856077
leaf_count=1279 14 28 22
internal_value=0.000426958 -0.000376207 0.000484383
internal_weight=263.08 254.767 249.423
internal_count=1343 1329 1301
is_linear=0
shrinkage=0.03


Tree=269
num_leaves=5
num_cat=0
split_feature=12 12 22 1
split_gain=6.41519 6.71984 10.1157 7.06174
threshold=25.350000000000005 27.950000000000003 16.250000000000004 4.2231070829209783
decision_type=2 2 2 2
left_child=-1 2 -2 -3
right_child=1 3 -4 -5
leaf_value=0.020083753889809947 -0.039533080314512969 0.016772893237566741 0.0154124863150637 -0.0012467985555127846
leaf_weight=14.039145514369009 9.0730102322995645 21.589329183101654 4.5168776661157599 209.58264682639856
leaf_count=30 45 70 11 1185
internal_value=0.000362051 -0.000769154 -0.0212708 0.000436074
internal_weight=258.801 244.762 13.5899 231.172
internal_count=1341 1311 56 1255
is_linear=0
shrinkage=0.03


Tree=270
num_leaves=5
num_cat=0
split_feature=24 15 13 16
split_gain=7.35752 7.46229 11.001 7.39967
threshold=5.0500000000000007 36.361111111111121 1.0500000000000003 14.455555555555557
decision_type=2 2 2 2
left_child=1 2 -1 -3
right_child=-2 3 -4 -5
leaf_value=0.00049312293355591391 -0.039028100234876004 -0.044001239910064611 0.02052763429383252 -0.0013028068592851616
leaf_weight=65.290238959016278 4.0097607821226111 3.7466037280391893 39.645515328273177 145.9667036649771
leaf_count=323 20 64 100 819
internal_value=0.00129325 0.00192816 0.00806231 -0.00237134
internal_weight=258.659 254.649 104.936 149.713
internal_count=1326 1306 423 883
is_linear=0
shrinkage=0.03


Tree=271
num_leaves=7
num_cat=0
split_feature=21 15 22 7 7 4
split_gain=5.20271 7.92377 5.96812 11.2579 7.76067 3.32731
threshold=1.644504125348863 36.019032698853714 13.15 45.500000000000007 44.500000000000007 3.3953528489430142e-16
decision_type=2 2 2 2 2 2
left_child=2 -2 3 -1 -4 -3
right_child=1 5 4 -5 -6 -7
leaf_value=-0.0055273965920584521 0.0079987887240169971 -0.055944462714189035 0.0092745201420677114 0.022022633091815322 -0.019244310469058057 -0.014264649183479588
leaf_weight=124.73149517923594 5.8336963821202499 4.2662170920521021 99.029861794319004 14.949168365448712 9.4031564593315107 2.8925319584086537
leaf_count=851 24 34 365 29 34 16
internal_value=0.000551527 -0.0179543 0.00152058 -0.00257889 0.00680141 -0.0391035
internal_weight=261.106 12.9924 248.114 139.681 108.433 7.15875
internal_count=1353 74 1279 880 399 50
is_linear=0
shrinkage=0.03


Tree=272
num_leaves=7
num_cat=0
split_feature=6 6 0 14 21 0
split_gain=7.22414 8.33079 7.54342 5.63159 11.4927 7.78971
threshold=0.99999581501663115 0.99999951272527454 55.500000000000007 0.99999999083309621 0.37932898341133398 34.500000000000007
decision_type=2 2 2 2 2 2
left_child=3 -2 -3 5 -5 -1
right_child=1 2 -4 4 -6 -7
leaf_value=-0.017198292960825642 -0.054367657761523434 -0.034684868165400957 -0.0017685939142417749 0.032759635439516377 -0.011943150542612427 0.012180197245152357
leaf_weight=8.9970848087687028 2.9636157280765465 6.6106699174270025 120.17403937643394 6.2119967155158511 31.03727674856782 83.588189339265227
leaf_count=75 27 295 541 12 131 251
internal_value=0.000359237 -0.00464711 -0.00348488 0.00536226 -0.00448814 0.00932531
internal_weight=259.583 129.748 126.785 129.835 37.2493 92.5853
internal_count=1332 863 836 469 143 326
is_linear=0
shrinkage=0.03


Tree=273
num_leaves=8
num_cat=0
split_feature=5 17 17 11 19 10 21
split_gain=5.78097 9.88337 11.9978 10.3481 8.58292 7.94352 6.65635
threshold=13.500000000000002 11.450000000000001 11.350000000000003 10.050000000000002 13.550000000000002 0.028890045240749927 0.51471220298598197
decision_type=2 2 2 2 2 2 2
left_child=4 2 -2 -3 5 -1 -6
right_child=1 3 -4 -5 6 -7 -8
leaf_value=0.0068143914276383253 -0.00020343932505910645 0.0049447991131991017 0.058848165287086945 -0.020209906934981189 0.028206212305317412 -0.0080397335855217841 0.00063971583480441831
leaf_weight=92.961436004377902 10.787399697117506 24.270209774374962 4.343328970950096 37.398830091347918 22.043224055320024 49.73670931905508 12.272537361830471
leaf_count=322 114 72 10 383 67 261 58
internal_value=0.0018943 -0.00497935 0.0167475 -0.0103101 0.00487652 0.00163706 0.0183475
internal_weight=253.814 76.7998 15.1307 61.669 177.014 142.698 34.3158
internal_count=1287 579 124 455 708 583 125
is_linear=0
shrinkage=0.03


Tree=274
num_leaves=7
num_cat=0
split_feature=20 21 17 23 21 10
split_gain=8.21039 6.84194 6.69444 4.31773 2.96134 1.78514
threshold=13.950000000000001 1.8574121435637494 11.250000000000002 196.50000000000003 0.49169607701043111 0.13657242882375212
decision_type=2 2 2 2 2 2
left_child=1 2 -1 -2 -5 -3
right_child=3 5 -4 4 -6 -7
leaf_value=-0.017126252116981145 -0.0094335380763468542 -0.05057187700358632 0.0017162515483722257 0.016441763002625145 0.050979159482397902 -0.016521905174865664
leaf_weight=18.363181107444689 2.4975535350386044 2.7513606315478674 223.66045902855694 4.1248866172973049 4.8750603292137384 2.7918867745902389
leaf_count=167 32 20 1035 40 12 26
internal_value=0.000682774 -0.000468171 0.000286605 0.0254652 0.0351499 -0.0334224
internal_weight=259.064 247.567 242.024 11.4975 8.99995 5.54325
internal_count=1332 1248 1202 84 52 46
is_linear=0
shrinkage=0.03


Tree=275
num_leaves=7
num_cat=0
split_feature=22 12 18 18 3 11
split_gain=5.17646 7.31148 7.04613 13.8017 5.09561 2.35622
threshold=13.15 43.45000000000001 128.50000000000003 168.50000000000003 61.500000000000007 11.350000000000003
decision_type=2 2 2 2 2 2
left_child=2 4 5 -4 -2 -1
right_child=1 -3 3 -5 -6 -7
leaf_value=0.020243825991310475 0.0022450166099647222 0.031826399193988317 -0.03428098265900939 -0.0017100127380477602 0.030144031099483166 -0.0014753736179615108
leaf_weight=14.732710114680232 100.82157001458108 9.1418352425098401 13.055956745520232 113.4808173191268 6.2576717510819426 6.4694648701697579
leaf_count=35 377 32 96 745 11 35
internal_value=0.00133735 0.00607402 -0.00238883 -0.00507066 0.00387542 0.0136166
internal_weight=263.96 116.221 147.739 126.537 107.079 21.2022
internal_count=1331 420 911 841 388 70
is_linear=0
shrinkage=0.03


Tree=276
num_leaves=8
num_cat=0
split_feature=9 12 16 0 21 12 6
split_gain=8.04814 10.2566 8.75756 7.37827 5.92101 4.82089 0.259512
threshold=3.0543010807556441 39.45000000000001 17.321290322580648 87.500000000000014 0.51471220298598197 35.850000000000001 0.71792177292112169
decision_type=2 2 2 2 2 2 2
left_child=3 2 -2 4 -1 -5 -3
right_child=1 6 -4 5 -6 -7 -8
leaf_value=0.0058324296920007797 -0.020603099746633401 -0.04953422194940682 0.0028340285461718427 0.0035130522253803724 -0.0072156003898987903 0.023210997926445539 -0.035351191906403095
leaf_weight=81.002366559812799 19.435281452024356 1.3767606860492358 54.826984456274658 19.550999119877815 51.011869161389768 26.12369766831398 7.4115689666941762
leaf_count=373 185 12 224 52 253 48 184
internal_value=0.000782964 -0.00692651 -0.00329974 0.00438632 0.000790516 0.0147793 -0.0375731
internal_weight=260.74 83.0506 74.2623 177.689 132.014 45.6747 8.78833
internal_count=1331 605 409 726 626 100 196
is_linear=0
shrinkage=0.03


Tree=277
num_leaves=7
num_cat=0
split_feature=20 21 20 13 24 15
split_gain=7.46868 7.85878 6.38628 6.25998 5.47767 3.27099
threshold=13.950000000000001 0.37105611154025714 13.050000000000002 3.3500000000000001 0.75000000000000011 36.19444444444445
decision_type=2 2 2 2 2 2
left_child=2 4 3 -1 -2 -4
right_child=1 -3 5 -5 -6 -7
leaf_value=5.3948183884819751e-05 0.036018115376342558 0.041983853190501533 0.00032643359855077827 -0.030301442460334203 -0.034483051105629846 -0.042699596721198788
leaf_weight=223.01381671556737 1.5488175190985183 7.2883015931583941 2.3213159341830751 6.2866203915327779 2.7581394892185926 5.0492085912264884
leaf_count=1086 9 26 24 29 44 92
internal_value=-0.000510083 0.022998 -0.00166182 -0.000778291 -0.00913025 -0.0291487
internal_weight=248.266 11.5953 236.671 229.3 4.30696 7.37052
internal_count=1310 79 1231 1115 53 116
is_linear=0
shrinkage=0.03


Tree=278
num_leaves=8
num_cat=0
split_feature=0 13 20 21 17 5 19
split_gain=6.89511 12.3518 9.0829 8.03102 16.8298 12.9308 5.13316
threshold=88.500000000000014 0.8500000000000002 10.907835391634036 0.6574760077359324 17.550000000000004 12.500000000000002 6.9500000000000011
decision_type=2 2 2 2 2 2 2
left_child=3 2 -2 5 -5 -1 -3
right_child=1 6 -4 4 -6 -7 -8
leaf_value=0.010122164920800458 -0.035363435586189526 -0.00083431949988290886 0.013144489434445482 -0.024836673798874536 0.010831045711995975 -0.0069871370147581314 0.025661780560392467
leaf_weight=86.399147851159796 7.5514017194509488 8.4218580201268178 6.4342241734266281 31.709501673467457 19.064325759653002 73.642400297452696 30.098783634603024
leaf_count=352 32 24 20 210 58 588 54
internal_value=0.00137405 0.0111014 -0.0130469 -0.00104867 -0.0114443 0.0022494 0.0198689
internal_weight=263.322 52.5063 13.9856 210.815 50.7738 160.042 38.5206
internal_count=1338 130 52 1208 268 940 78
is_linear=0
shrinkage=0.03


Tree=279
num_leaves=6
num_cat=0
split_feature=22 23 18 19 0
split_gain=7.17361 5.62557 6.05924 0.394042 0.60374
threshold=10.139362430464326 355.00000000000006 407.50000000000006 10.950000000000001 65.500000000000014
decision_type=2 2 2 2 2
left_child=3 2 -2 4 -1
right_child=1 -3 -4 -5 -6
leaf_value=-0.013882798507901249 0.0014319624806533411 -0.032004585291176349 0.033334275214405434 -0.048171810779579216 -0.041281689694299364
leaf_weight=1.2466186636593186 244.8523474894464 4.4220322081819168 5.4780456797452635 1.6227378561161456 1.7259202292189
leaf_count=29 1223 34 15 15 17
internal_value=0.000867465 0.00153757 0.00213009 -0.036282 -0.0297912
internal_weight=259.348 254.752 250.33 4.59528 2.97254
internal_count=1333 1272 1238 61 46
is_linear=0
shrinkage=0.03


Tree=280
num_leaves=8
num_cat=0
split_feature=16 22 14 3 16 14 14
split_gain=6.80451 8.40485 10.1485 7.31133 5.82836 7.87197 4.94674
threshold=18.288690476190478 13.813719509747044 1.379830466595552e-28 32.500000000000007 18.609126984126988 1.0659470125136984e-12 1.3466935747338333e-09
decision_type=2 2 2 2 2 2 2
left_child=1 2 -1 -3 6 -6 -2
right_child=4 3 -4 -5 5 -7 -8
leaf_value=0.016794376671256599 -0.0022651424717009209 0.010412386107080356 -0.016658629006216938 -0.029563840901681043 0.0092245299533586268 -0.0057016840109033176 0.032546351496359691
leaf_weight=9.3565022656694037 5.6502134087495532 31.780107206199318 63.904837887035683 4.7303959727287284 59.477346433792263 68.336548004532233 10.502782372757791
leaf_count=54 33 116 539 17 246 294 24
internal_value=-0.000899849 -0.00652601 -0.0123862 0.00523296 0.00338999 0.00124413 0.0203695
internal_weight=253.739 109.772 73.2613 36.5105 143.967 127.814 16.153
internal_count=1323 726 593 133 597 540 57
is_linear=0
shrinkage=0.03


Tree=281
num_leaves=6
num_cat=0
split_feature=17 17 3 16 19
split_gain=6.10795 6.08523 8.40774 7.36113 4.18135
threshold=29.700000000000006 11.750000000000002 61.500000000000007 14.781929347826088 10.550000000000002
decision_type=2 2 2 2 2
left_child=1 3 -3 -1 -2
right_child=4 2 -4 -5 -6
leaf_value=0.051790029733612054 0.0019649880253086341 -0.0058837404695813523 0.032491095309648478 0.0041974146414171642 0.032013037379357491
leaf_weight=3.1603409675881258 8.7726804632693547 185.37861553102266 5.2849002480506888 39.257397426757962 7.9406716898083678
leaf_count=22 30 982 8 281 14
internal_value=-0.00127749 -0.00253368 -0.00482005 0.00774331 0.0162411
internal_weight=249.795 233.081 190.664 42.4177 16.7134
internal_count=1337 1293 990 303 44
is_linear=0
shrinkage=0.03


Tree=282
num_leaves=8
num_cat=0
split_feature=9 3 16 15 15 0 15
split_gain=11.1937 11.5398 22.9541 12.2153 6.07255 8.09972 5.88557
threshold=2.4643355279778301 15.500000000000002 17.261208576998055 36.750000000000007 36.361111111111121 48.500000000000007 35.183333333333344
decision_type=2 2 2 2 2 2 2
left_child=4 2 -2 -3 6 -6 -1
right_child=1 3 -4 -5 5 -7 -8
leaf_value=-0.0040520910647150483 -0.030188578407790854 -0.0076047192992662284 0.015132230851350896 -0.040127866998028075 -0.028665609653441601 0.0057117839783137666 0.02345425597145228
leaf_weight=9.1508977487683278 12.883879304863511 79.937520453240722 45.854871543357149 11.946807178203015 6.9349658112041643 55.797213079407811 29.800781412050128
leaf_count=39 250 325 311 78 87 153 82
internal_value=-2.29999e-06 -0.00519417 0.00519147 -0.0118334 0.00768835 0.00191141 0.0169922
internal_weight=252.307 150.623 58.7388 91.8843 101.684 62.7322 38.9517
internal_count=1325 964 561 403 361 240 121
is_linear=0
shrinkage=0.03


Tree=283
num_leaves=5
num_cat=0
split_feature=24 3 11 14
split_gain=4.74244 4.70376 5.54616 4.23879
threshold=0.55000000000000016 77.000000000000014 8.3500000000000032 4.04856460158355e-14
decision_type=2 2 2 2
left_child=3 2 -2 -1
right_child=1 -3 -4 -5
leaf_value=-0.0029135073116585176 0.019737798236547723 0.029136334576535094 -0.00072056262625144827 0.03412743970080135
leaf_weight=4.443385837832464 12.548209447413681 5.1933645457029334 240.49326099012978 7.4296218478120863
leaf_count=36 28 8 1278 20
internal_value=0.00172637 0.000874007 0.000293958 0.0202651
internal_weight=270.108 258.235 253.041 11.873
internal_count=1370 1314 1306 56
is_linear=0
shrinkage=0.03


Tree=284
num_leaves=8
num_cat=0
split_feature=15 7 23 13 9 17 21
split_gain=5.76916 13.5756 10.4386 10.1384 11.3758 6.24555 3.77505
threshold=36.305555555555564 36.500000000000007 104.50000000000001 1.0500000000000003 2.4643355279778301 18.750000000000004 0.21085756520634263
decision_type=2 2 2 2 2 2 2
left_child=3 2 -2 4 -1 -3 -5
right_child=1 5 -4 6 -6 -7 -8
leaf_value=0.013118423153205364 0.015443208366231939 -0.050416524181968715 -0.0038608848995479758 0.0086922679765382652 -0.014386784499403541 -0.0089798280099549696 0.027342371910327495
leaf_weight=25.597946090623736 31.882042064098641 7.1852226555347425 120.48343701427802 18.399227488785982 28.712610945338383 6.0136871840804815 20.822156175039709
leaf_count=79 112 35 789 54 203 18 45
internal_value=0.00101473 -0.00234995 0.000178442 0.00697067 -0.00142288 -0.0315371 0.0185934
internal_weight=259.096 165.564 152.365 93.5319 54.3106 13.1989 39.2214
internal_count=1335 954 901 381 282 53 99
is_linear=0
shrinkage=0.03


Tree=285
num_leaves=5
num_cat=0
split_feature=12 19 22 6
split_gain=7.93349 4.86001 10.5196 7.29274
threshold=25.250000000000004 8.3500000000000032 16.550000000000004 0.99999999999994393
decision_type=2 2 2 2
left_child=-1 2 -2 -3
right_child=1 3 -4 -5
leaf_value=0.026673255260112366 -0.0010593839121123348 0.00063047214304060213 -0.047654006143337854 0.014461362022592433
leaf_weight=12.531958539038895 79.116964597720653 100.13174232211895 4.6152043752372256 52.196565086022019
leaf_count=24 482 470 31 276
internal_value=0.00341315 0.00217832 -0.00362762 0.00536974
internal_weight=248.592 236.06 83.7322 152.328
internal_count=1283 1259 513 746
is_linear=0
shrinkage=0.03


Tree=286
num_leaves=6
num_cat=0
split_feature=16 21 11 21 3
split_gain=6.06302 5.71522 6.96192 5.78542 0.321959
threshold=13.849242424242425 1.5466120692768743 10.550000000000002 1.5039621855739329 15.500000000000002
decision_type=2 2 2 2 2
left_child=4 3 -3 -2 -1
right_child=1 2 -4 -5 -6
leaf_value=-0.027156437343193288 0.0028499225593764848 0.017726766287627236 -0.031471135441463738 0.035311959852035946 -0.045440795237916783
leaf_weight=1.5730645842850202 238.62936308642384 3.6448283474892369 8.9336714409291726 5.0455967858433715 1.9302791869267819
leaf_count=38 1208 12 68 10 16
internal_value=0.00196827 0.00250417 -0.0172152 0.00352209 -0.0372308
internal_weight=259.757 256.253 12.5785 243.675 3.50334
internal_count=1352 1298 80 1218 54
is_linear=0
shrinkage=0.03


Tree=287
num_leaves=8
num_cat=0
split_feature=0 13 17 11 10 10 10
split_gain=9.30681 9.06382 10.5596 9.16436 7.87438 11.9643 4.75059
threshold=75.500000000000014 0.55000000000000016 13.265799712220458 8.3500000000000032 -3.060245954635856e-16 -8.2365978998534688e-17 -0.031468602089813412
decision_type=2 2 2 2 2 2 2
left_child=1 2 -1 -3 6 -6 -2
right_child=4 3 -4 -5 5 -7 -8
leaf_value=0.029028545185480488 0.005001515181248215 0.021664292273039985 -0.01604585146913709 -0.012326514101971785 -0.022169336246883858 0.0062533266411247367 0.027289563394555228
leaf_weight=13.096317294286566 14.089181952178476 7.8401745855808249 7.2767008277587584 79.79253679222893 15.251988194882868 105.72292595542967 22.119183771312237
leaf_count=89 38 17 52 743 67 308 38
internal_value=0.00168475 -0.00509515 0.0129292 -0.00928548 0.00634345 0.00266992 0.018617
internal_weight=265.189 108.006 20.373 87.6327 157.183 120.975 36.2084
internal_count=1352 901 141 760 451 375 76
is_linear=0
shrinkage=0.03


Tree=288
num_leaves=7
num_cat=0
split_feature=20 13 0 23 5 16
split_gain=6.46658 6.55757 11.933 11.4807 5.92383 4.93233
threshold=13.732222140978839 0.95000000000000007 89.500000000000014 114.50000000000001 11.958848975276409 21.826836581709149
decision_type=2 2 2 2 2 2
left_child=1 2 -1 -3 -2 -6
right_child=4 3 -4 -5 5 -7
leaf_value=-0.0036844514227396701 0.033073102685344732 -0.01926221758298733 -0.03826162936210814 0.007878039387066528 -0.03967087727881282 0.029599448779300028
leaf_weight=115.62698288855609 9.1952444612979871 16.569233719259501 9.7394461110234243 91.444666664116085 2.2621934853959824 1.5652234507724641
leaf_count=788 33 65 45 314 63 7
internal_value=-0.000554875 -0.00170291 -0.00637068 0.00371475 0.0200191 -0.0113428
internal_weight=246.403 233.38 125.366 108.014 13.0227 3.82742
internal_count=1315 1212 833 379 103 70
is_linear=0
shrinkage=0.03


Tree=289
num_leaves=6
num_cat=0
split_feature=22 3 1 23 0
split_gain=7.75729 5.33582 5.29291 0.190655 0.0539494
threshold=10.139362430464326 61.500000000000007 5.110472729914906 138.50000000000003 76.500000000000014
decision_type=2 2 2 2 2
left_child=3 2 -2 -1 -5
right_child=1 -3 -4 4 -6
leaf_value=-0.050676831527341856 0.00647137278856642 0.024298812775638619 -0.0031410137084123685 -0.032980997337721862 -0.04170188329989781
leaf_weight=1.3775670230388635 74.613260557875037 8.2960801273584348 166.82922796532512 1.4356617506127807 1.1496662274003027
leaf_count=11 239 15 1024 37 8
internal_value=-1.8452e-05 0.000642361 -0.000170486 -0.0416624 -0.0368591
internal_weight=253.701 249.739 241.442 3.9629 2.58533
internal_count=1334 1278 1263 56 45
is_linear=0
shrinkage=0.03


Tree=290
num_leaves=8
num_cat=0
split_feature=12 16 0 9 19 20 12
split_gain=5.3484 10.1948 9.54955 8.9018 7.81137 10.1877 3.86975
threshold=33.250000000000007 15.728735632183909 86.500000000000014 3.4275364450117736 10.350000000000003 9.1500000000000004 31.550000000000004
decision_type=2 2 2 2 2 2 2
left_child=4 3 -3 -2 5 -1 -6
right_child=1 2 -4 -5 6 -7 -8
leaf_value=0.0049871289869864764 0.022444034958183232 -0.013032683658573768 0.0046414728610441594 -0.021927598503765671 0.0071537085312574772 -0.024876927459823846 0.026122470695416421
leaf_weight=45.519766106735915 20.247764375992123 85.260812136810273 40.6225406229496 5.0926853893324724 21.937354784458876 13.279961244203148 17.322597676888108
leaf_count=141 80 705 109 101 68 85 34
internal_value=-0.000295915 -0.00383443 -0.00732924 0.0135266 0.00516105 -0.00175769 0.0155233
internal_weight=249.283 151.224 125.883 25.3404 98.0597 58.7997 39.26
internal_count=1323 995 814 181 328 226 102
is_linear=0
shrinkage=0.03


Tree=291
num_leaves=7
num_cat=0
split_feature=19 24 18 18 7 15
split_gain=4.91012 9.22071 8.817 8.67389 8.35686 8.25397
threshold=11.350000000000003 4.7500000000000009 179.50000000000003 218.50000000000003 65.500000000000014 36.638888888888893
decision_type=2 2 2 2 2 2
left_child=1 4 5 -4 -1 -2
right_child=2 -3 3 -5 -6 -7
leaf_value=-0.00093974945407804939 -0.034431952751041765 -0.048279344931315346 0.02653597074152618 0.0049076119641426634 0.030947626627527747 0.013017017590877717
leaf_weight=159.68727363925427 7.6891534095630032 3.5562998186796895 25.381616052705795 48.723494010744616 7.7561487555503836 5.7796674445271492
leaf_count=930 33 21 72 259 12 17
internal_value=0.00248052 -0.000477939 0.00825729 0.0123155 0.000537306 -0.0140709
internal_weight=258.574 171 87.5739 74.1051 167.443 13.4688
internal_count=1344 963 381 331 942 50
is_linear=0
shrinkage=0.03


Tree=292
num_leaves=6
num_cat=0
split_feature=16 16 12 15 3
split_gain=7.30237 11.2145 6.40765 1.59904 0.308687
threshold=14.455555555555557 14.676190476190477 25.350000000000005 35.69444444444445 21.127955067626754
decision_type=2 2 2 2 2
left_child=3 -2 -3 -1 -5
right_child=1 2 -4 4 -6
leaf_value=-0.0054208642723073469 0.044614460925102378 0.018125066490346026 -0.002177824593537337 -0.036113298467344103 -0.052614784101778035
leaf_weight=1.46939784195274 4.9754536282271138 14.93284425511956 221.63528340111952 3.3092114445753396 1.475039806216955
leaf_count=14 18 34 1201 70 10
internal_value=-0.000787449 4.12067e-05 -0.000896249 -0.0327938 -0.0412009
internal_weight=247.797 241.544 236.568 6.25365 4.78425
internal_count=1347 1253 1235 94 80
is_linear=0
shrinkage=0.03


Tree=293
num_leaves=4
num_cat=0
split_feature=19 22 13
split_gain=6.02642 6.59427 4.95394
threshold=2.7500000000000004 18.050000000000001 0.55000000000000016
decision_type=2 2 2
left_child=-1 2 -2
right_child=1 -3 -4
leaf_value=0.020906077943745306 0.011568669325346195 -0.030144361265982779 -0.0014606211297755012
leaf_weight=12.271446108818052 30.057065459433943 6.6320052444934836 208.08701773080975
leaf_count=29 165 30 1114
internal_value=0.000390644 -0.000637863 0.000183855
internal_weight=257.048 244.776 238.144
internal_count=1338 1309 1279
is_linear=0
shrinkage=0.03


Tree=294
num_leaves=6
num_cat=0
split_feature=4 16 16 23 16
split_gain=5.38929 7.70334 8.13916 4.42302 4.80739
threshold=1.7892960410815497e-22 25.150268336314848 24.043560606060613 225.50000000000003 20.080540540540543
decision_type=2 2 2 2 2
left_child=1 2 -1 4 -2
right_child=3 -3 -4 -5 -6
leaf_value=1.2003993564484601e-05 0.029204501600958745 0.025989264711462269 -0.044684781259110282 -0.010092933866551967 0.0031059625335935564
leaf_weight=206.40047726489138 15.900863408111038 10.140291238203643 3.7329643270932129 5.8263553380966178 10.577788088470696
leaf_count=1164 45 25 22 25 39
internal_value=0.00212859 0.000450393 -0.000782022 0.0135715 0.0187786
internal_weight=252.579 220.274 210.133 32.305 26.4787
internal_count=1320 1211 1186 109 84
is_linear=0
shrinkage=0.03


Tree=295
num_leaves=6
num_cat=0
split_feature=15 15 0 13 23
split_gain=7.26934 16.6474 9.5778 8.16063 7.11404
threshold=37.083333333333336 37.638888888888893 59.500000000000007 3.3500000000000001 77.500000000000014
decision_type=2 2 2 2 2
left_child=3 2 -2 4 -1
right_child=1 -3 -4 -5 -6
leaf_value=0.016388806432613073 0.0022811157952936753 0.020201518753356035 -0.059887789179258064 -0.036637635646346083 -0.00017122653084694064
leaf_weight=26.387064663693309 3.1447150955209526 6.0903583616018286 7.6700045503675938 5.0985908545553675 202.66819962358568
leaf_count=77 56 18 40 26 1133
internal_value=-0.000470733 -0.0194694 -0.0418103 0.000900903 0.00173648
internal_weight=251.059 16.9051 10.8147 234.154 229.055
internal_count=1350 114 96 1236 1210
is_linear=0
shrinkage=0.03


Tree=296
num_leaves=8
num_cat=0
split_feature=1 0 22 15 19 19 21
split_gain=5.6122 7.70185 12.9827 12.0147 7.26811 7.12976 3.82694
threshold=5.110472729914906 81.500000000000014 15.250000000000002 35.394444444444453 13.450000000000001 8.8448103596354688 0.37674914055431635
decision_type=2 2 2 2 2 2 2
left_child=4 2 -2 -3 5 -1 -6
right_child=1 3 -4 -5 6 -7 -8
leaf_value=0.012115417682260116 -0.014899673737422597 0.034494312220961255 0.011171228328059677 0.00058528376707616162 0.035227726974499468 -0.0099740864026682148 0.0091316319713645819
leaf_weight=30.034205060452223 64.22561704844702 10.632378775626419 23.473913475871086 81.419138815253973 11.235316369682552 23.393543088808656 9.1981330253183824
leaf_count=79 767 14 71 243 27 96 35
internal_value=0.00130135 -0.00155937 -0.00792146 0.00450193 0.00826329 0.00244344 0.0234805
internal_weight=253.612 179.751 87.6995 92.0515 73.8612 53.4277 20.4334
internal_count=1332 1095 838 257 237 175 62
is_linear=0
shrinkage=0.03


Tree=297
num_leaves=7
num_cat=0
split_feature=0 16 14 17 17 12
split_gain=5.54488 13.4352 8.21286 6.27907 8.35477 3.00281
threshold=86.500000000000014 21.246621621621625 1.3650074059751963e-25 26.750000000000004 23.750000000000004 37.45000000000001
decision_type=2 2 2 2 2 2
left_child=3 2 -2 4 -1 -5
right_child=1 -3 -4 5 -6 -7
leaf_value=-0.00064076413486403644 0.039207285765148411 -0.02240358366000101 0.010044216829594384 0.0073528564278923843 -0.040699620318969613 0.033645704152197024
leaf_weight=168.84811873058788 10.557576179504393 9.9802594259381276 49.157723188400269 9.9638675041496771 4.819506185129284 6.4333594387862822
leaf_count=1094 20 32 126 29 25 20
internal_value=0.00257724 0.00981542 0.0152002 -7.69532e-05 -0.00175245 0.0176687
internal_weight=259.76 69.6956 59.7153 190.065 173.668 16.3972
internal_count=1346 178 146 1168 1119 49
is_linear=0
shrinkage=0.03


Tree=298
num_leaves=7
num_cat=0
split_feature=0 5 22 4 12 5
split_gain=6.16873 7.87586 6.53773 6.21253 4.83184 1.43796
threshold=49.500000000000007 3.5000000000000004 14.208823045310595 0.1440979329112361 46.500000000000007 3.5000000000000004
decision_type=2 2 2 2 2 2
left_child=1 -1 -3 4 -2 -5
right_child=3 2 -4 5 -6 -7
leaf_value=0.0094619360274567667 0.0015789570145752635 -0.039607004572701991 0.0084530357224342316 0.01410643111404356 0.028971602521932014 0.035377085689132233
leaf_weight=8.4569410998374241 221.12544846441597 10.082665332942268 3.4086297829635432 5.6115184947848302 5.9514357615262261 5.8344736322760582
leaf_count=31 886 335 31 24 23 18
internal_value=0.00198342 -0.0132362 -0.0274644 0.00338389 0.00229689 0.0249489
internal_weight=260.471 21.9482 13.4913 238.523 227.077 11.446
internal_count=1348 397 366 951 909 42
is_linear=0
shrinkage=0.03


Tree=299
num_leaves=5
num_cat=0
split_feature=17 11 21 19
split_gain=5.32487 5.6096 6.57951 3.67081
threshold=30.200000000000006 16.450000000000003 1.700145145719514 10.050000000000002
decision_type=2 2 2 2
left_child=1 2 -1 -2
right_child=3 -3 -4 -5
leaf_value=-0.00034545696185643679 0.002241563284683929 0.032661554899487702 -0.027647964445327706 0.031722266721716519
leaf_weight=222.72485433996189 7.2845379039645177 4.4566416135057798 8.2376605863682908 7.9495621845126152
leaf_count=1194 24 15 58 16
internal_value=0.000436345 -0.000675967 -0.00131925 0.0176254
internal_weight=250.653 235.419 230.963 15.2341
internal_count=1307 1267 1252 40
is_linear=0
shrinkage=0.03


Tree=300
num_leaves=5
num_cat=0
split_feature=23 14 5 15
split_gain=6.4102 7.72451 13.3972 11.026
threshold=23.500000000000004 3.9140662874604723e-25 13.500000000000002 36.69444444444445
decision_type=2 2 2 2
left_child=-1 3 -3 -2
right_child=1 2 -4 -5
leaf_value=-0.053216273702745794 0.016339218657407693 0.00093594472902098472 -0.017781437277412979 -0.022676059254159206
leaf_weight=2.1167794689536086 40.090776241617277 145.80202754656784 45.050633963546716 7.7850471041165283
leaf_count=10 183 627 414 75
internal_value=-0.00124035 -0.000779482 -0.00348228 0.00999498
internal_weight=240.845 238.728 190.853 47.8758
internal_count=1309 1299 1041 258
is_linear=0
shrinkage=0.03


Tree=301
num_leaves=4
num_cat=0
split_feature=23 23 7
split_gain=6.51624 8.29879 6.90635
threshold=35.000000000000007 58.000000000000007 65.500000000000014
decision_type=2 2 2
left_child=-1 -2 -3
right_child=1 2 -4
leaf_value=-0.033183892416453455 0.02856903674733318 0.00099529066237308804 0.02692306661440785
leaf_weight=4.5130985211580983 11.083673859015105 233.05562388233375 9.6281290352344495
leaf_count=21 24 1258 18
internal_value=0.00254787 0.00318333 0.00202394
internal_weight=258.281 253.767 242.684
internal_count=1321 1300 1276
is_linear=0
shrinkage=0.03


Tree=302
num_leaves=6
num_cat=0
split_feature=10 23 23 19 23
split_gain=7.88938 9.54748 8.03355 4.8565 4.45753
threshold=-2.3411858341653391e-16 35.000000000000007 58.000000000000007 13.950000000000001 249.50000000000003
decision_type=2 2 2 2 2
left_child=3 -2 -3 4 -1
right_child=1 2 -4 -5 -6
leaf_value=0.0089160114606399114 -0.047021693016230146 0.026910205450224225 -0.002797094192044559 -0.013410557480061206 0.031412607528052194
leaf_weight=46.154099476756528 4.2298041451722375 8.5822820113971812 180.44910559919663 7.1948532089591017 9.5706284411717188
leaf_count=144 24 19 1126 33 21
internal_value=0.000558149 -0.00244578 -0.00144834 0.0097849 0.0127798
internal_weight=256.181 193.261 189.031 62.9196 55.7247
internal_count=1367 1169 1145 198 165
is_linear=0
shrinkage=0.03


Tree=303
num_leaves=4
num_cat=0
split_feature=23 19 3
split_gain=6.14315 5.79855 4.84389
threshold=35.000000000000007 2.7500000000000004 7.5000000000000009
decision_type=2 2 2
left_child=-1 -2 -3
right_child=1 2 -4
leaf_value=-0.029760441018581815 0.028608948179391764 0.016016157902625401 -0.00039603928058651463
leaf_weight=5.7482456509023896 6.95816471800208 17.481273309094831 218.20249066653196
leaf_count=26 17 154 1125
internal_value=0.00089199 0.00161815 0.000821296
internal_weight=248.39 242.642 235.684
internal_count=1322 1296 1279
is_linear=0
shrinkage=0.03


Tree=304
num_leaves=6
num_cat=0
split_feature=3 6 8 14 16
split_gain=5.87654 7.5599 10.7147 7.25813 4.95703
threshold=40.500000000000007 1.186207745328435e-19 4.3476888312049242 3.1497611784300649e-16 16.462912087912091
decision_type=2 2 2 2 2
left_child=1 4 -3 -2 -1
right_child=3 2 -4 -5 -6
leaf_value=-0.012821069200557655 0.033670603349489778 -0.027659548434785988 -0.00063255642463667049 0.00038786200774286071 0.015334048256971591
leaf_weight=6.6246614679694167 10.872482130303981 14.322667513042687 168.66862780984957 12.886060513556002 37.405886085703969
leaf_count=30 15 77 1032 38 111
internal_value=0.00142307 -6.25602e-05 -0.00274795 0.0156188 0.0110979
internal_weight=250.78 227.022 182.991 23.7585 44.0305
internal_count=1303 1250 1109 53 141
is_linear=0
shrinkage=0.03


Tree=305
num_leaves=7
num_cat=0
split_feature=6 6 16 10 18 10
split_gain=5.87699 9.37749 8.26831 6.3248 9.36708 7.28271
threshold=0.99999581501663115 0.99999951272527454 20.159795145116718 0.0024083538092637834 204.50000000000003 4.3166152212277526e-17
decision_type=2 2 2 2 2 2
left_child=3 -2 -3 5 -5 -1
right_child=1 2 -4 4 -6 -7
leaf_value=0.0068726993299467465 -0.056481948589724051 -0.0080634113029612632 0.0087578933585882399 0.0098393202484809098 -0.012387569504006794 0.032910903309826142
leaf_weight=54.574387459550053 3.0057937623932949 84.843254642910324 38.112980503356084 33.384794051758945 34.906462911749259 11.748684729449449
leaf_count=178 26 681 154 102 191 26
internal_value=0.000528447 -0.0041291 -0.00284928 0.00488663 -0.00152175 0.0114852
internal_weight=260.576 125.962 122.956 134.614 68.2913 66.3231
internal_count=1358 861 835 497 293 204
is_linear=0
shrinkage=0.03


Tree=306
num_leaves=5
num_cat=0
split_feature=24 13 24 21
split_gain=5.34902 6.18088 7.60488 5.17275
threshold=5.0500000000000007 1.8500000000000003 1.8228582534935589 0.50406756714742407
decision_type=2 2 2 2
left_child=1 2 -1 -3
right_child=-2 3 -4 -5
leaf_value=0.0015964851979442371 -0.030275679689276337 0.0031797919664419841 -0.029877863504224556 0.035683076553605635
leaf_weight=221.68811599188484 4.7291571106761685 9.0267463661730307 7.1313558891415587 8.6097462475299817
leaf_count=1232 23 28 33 15
internal_value=0.0013281 0.00193453 0.00061556 0.0190472
internal_weight=251.185 246.456 228.819 17.6365
internal_count=1331 1308 1265 43
is_linear=0
shrinkage=0.03


Tree=307
num_leaves=7
num_cat=0
split_feature=0 4 24 24 14 5
split_gain=6.14359 8.46579 6.14019 6.14538 5.42682 1.48265
threshold=37.500000000000007 0.1440979329112361 1.5500000000000003 0.95000000000000007 2.9182612675413271e-30 3.5000000000000004
decision_type=2 2 2 2 2 2
left_child=2 4 3 -1 -2 -3
right_child=1 5 -4 -5 -6 -7
leaf_value=-0.045041451085600891 -0.034724676351870258 0.015490431030286812 -0.082562507461395832 0.0014855776306281459 0.0008285359363968479 0.03504558913099514
leaf_weight=3.6817054754355913 3.9344776822254053 7.8948004171252233 1.2519951090216626 8.3482632599771005 215.51067149674054 6.2534303888678551
leaf_count=133 31 31 9 111 978 20
internal_value=0.000512764 0.00164124 -0.0193341 -0.0127538 0.000191095 0.0241337
internal_weight=246.875 233.593 13.282 12.03 219.445 14.1482
internal_count=1313 1060 253 244 1009 51
is_linear=0
shrinkage=0.03


Tree=308
num_leaves=7
num_cat=0
split_feature=0 16 6 18 20 13
split_gain=5.0572 8.79382 5.49353 9.035 6.63896 4.47546
threshold=88.500000000000014 20.876893939393941 0.99999581501663115 244.50000000000003 10.250000000000002 0.8500000000000002
decision_type=2 2 2 2 2 2
left_child=2 5 4 -4 -1 -2
right_child=1 -3 3 -5 -6 -7
leaf_value=0.010071736202598774 -0.0021379831176337625 -0.020840004383623253 -0.0023940209254833173 -0.025318756205591882 -0.0048459316390774224 0.020268554370701318
leaf_weight=54.006969705224037 10.92463733255863 7.5838608220219603 71.48359292501118 19.746718608192168 53.395670774858445 30.204880990087986
leaf_count=183 43 27 445 308 251 61
internal_value=0.000181533 0.00884367 -0.0019428 -0.00735606 0.00265536 0.014317
internal_weight=247.346 48.7134 198.633 91.2303 107.403 41.1295
internal_count=1318 131 1187 753 434 104
is_linear=0
shrinkage=0.03


Tree=309
num_leaves=7
num_cat=0
split_feature=4 16 16 17 5 23
split_gain=6.89555 12.8465 10.5635 8.62844 7.58581 5.77949
threshold=7.2220274591168371e-33 20.876893939393941 25.150268336314848 11.050000000000002 3.5000000000000004 210.50000000000003
decision_type=2 2 2 2 2 2
left_child=2 5 3 -1 -3 -2
right_child=1 4 -4 -5 -6 -7
leaf_value=-0.03401103382862259 0.025499429628158151 0.0078141345536759405 0.029998471640477524 -0.0036863339316375917 -0.040285209736511167 -0.0013744821840229082
leaf_weight=8.8641468908172083 25.839951813220978 5.4977109134197217 8.0388294951990229 178.44028670282569 6.370368804782629 9.9855213216505927
leaf_count=118 72 20 19 1025 33 41
internal_value=-0.00117928 0.0090475 -0.00367618 -0.00512144 -0.0180039 0.0180089
internal_weight=243.037 47.6936 195.343 187.304 11.8681 35.8255
internal_count=1328 166 1162 1143 53 113
is_linear=0
shrinkage=0.03


Tree=310
num_leaves=4
num_cat=0
split_feature=13 11 7
split_gain=4.84164 4.65865 5.52185
threshold=0.35000000000000003 16.450000000000003 15.500000000000002
decision_type=2 2 2
left_child=-1 2 -2
right_child=1 -3 -4
leaf_value=0.033545978753162571 -0.0073883796964485876 0.032396800447312392 0.0035562833415062637
leaf_weight=4.3946767281740895 52.594136827858165 4.3968334184028199 196.46984328841791
leaf_count=11 526 17 782
internal_value=0.00232682 0.00178552 0.00124513
internal_weight=257.855 253.461 249.064
internal_count=1336 1325 1308
is_linear=0
shrinkage=0.03


Tree=311
num_leaves=8
num_cat=0
split_feature=10 10 6 16 0 15 15
split_gain=6.772 8.51737 6.3636 6.18433 5.68873 11.5043 4.59441
threshold=-2.3411858341653391e-16 -1.3045883210444822e-16 0.99999999960504704 17.983870967741939 62.500000000000007 36.361111111111121 36.750000000000007
decision_type=2 2 2 2 2 2 2
left_child=4 2 -2 -3 5 -1 -6
right_child=1 3 -4 -5 6 -7 -8
leaf_value=0.014790166685867639 0.015203764651042001 -0.0094197051210957883 -0.045550273475934745 0.0020739248552540481 0.0052930595423409492 -0.051278652412323468 0.024363230299421695
leaf_weight=5.6146371942013484 1.9906605407595614 67.870967221562751 7.0359462151536718 111.10373757523485 32.528084078803658 4.1070347398053855 17.480192795395851
leaf_count=26 10 531 77 524 94 46 30
internal_value=-0.000922944 -0.00371874 -0.032152 -0.0022847 0.00787687 -0.0131214 0.011959
internal_weight=247.731 188.001 9.02661 178.975 59.7299 9.72167 50.0083
internal_count=1338 1142 87 1055 196 72 124
is_linear=0
shrinkage=0.03


Tree=312
num_leaves=8
num_cat=0
split_feature=12 22 5 14 20 22 23
split_gain=6.79431 13.7507 9.14112 7.98505 10.0816 7.51883 2.2456
threshold=38.850000000000001 10.603298659605818 14.500000000000002 4.2315990594125236e-29 9.1500000000000004 11.909298945556699 166.50000000000003
decision_type=2 2 2 2 2 2 2
left_child=3 6 -3 5 -5 -1 -2
right_child=1 2 -4 4 -6 -7 -8
leaf_value=0.03971356588166295 -0.078997927083592712 0.014949073736768433 -0.024293997813372301 0.0033001094429468076 -0.011758721005009246 0.0017190599847841687 -0.030439687357175789
leaf_weight=7.1175161981955197 1.1745966456364829 60.927940187510103 5.8555623193969941 72.286425960250199 89.615949724335223 13.730573776643721 3.1713718774262816
leaf_count=20 25 318 138 248 511 56 46
internal_value=0.000276843 0.00814339 0.0115083 -0.00278495 -0.00503523 0.0146903 -0.0435637
internal_weight=253.88 71.1295 66.7835 182.75 161.902 20.8481 4.34597
internal_count=1362 527 456 835 759 76 71
is_linear=0
shrinkage=0.03


Tree=313
num_leaves=4
num_cat=0
split_feature=23 7 18
split_gain=5.1075 6.24943 6.14705
threshold=355.00000000000006 66.500000000000014 407.50000000000006
decision_type=2 2 2
left_child=1 2 -1
right_child=-2 -3 -4
leaf_value=0.0010730049967892703 -0.028403771554393133 0.029226357395649355 0.034589998974950513
leaf_weight=236.08893235132564 4.8688572105020276 7.7004854232072821 5.0296077895909539
leaf_count=1276 32 13 15
internal_value=0.00202636 0.00262181 0.00177215
internal_weight=253.688 248.819 241.119
internal_count=1336 1304 1291
is_linear=0
shrinkage=0.03


Tree=314
num_leaves=5
num_cat=0
split_feature=13 0 4 0
split_gain=5.16393 4.64541 5.83705 4.18775
threshold=0.35000000000000003 37.500000000000007 0.1440979329112361 21.500000000000004
decision_type=2 2 2 2
left_child=-1 3 -3 -2
right_child=1 2 -4 -5
leaf_value=0.035198845206378442 0.016459213451799154 0.0024300571095331601 0.023213263883519918 -0.025359475870093438
leaf_weight=4.459173245355486 2.8139343077782533 227.4138082904974 12.849341221153734 9.205953376949763
leaf_count=12 49 1012 49 207
internal_value=0.00319666 0.00263102 0.00354155 -0.0155694
internal_weight=256.742 252.283 240.263 12.0199
internal_count=1329 1317 1061 256
is_linear=0
shrinkage=0.03


Tree=315
num_leaves=6
num_cat=0
split_feature=17 0 24 13 7
split_gain=5.30673 8.49029 9.95724 7.43152 7.46751
threshold=11.750000000000002 84.500000000000014 0.95000000000000007 0.35000000000000003 81.000000000000014
decision_type=2 2 2 2 2
left_child=1 2 -1 -2 -5
right_child=3 -3 -4 4 -6
leaf_value=0.013390961853614814 0.039024775690748519 0.026349689120503408 -0.025635207164621168 -0.002543452302377458 0.034100804282067354
leaf_weight=16.719443726819012 4.142299434170126 18.354120288044214 9.0791109653655422 190.55645459203515 5.1400332897901526
leaf_count=166 8 37 91 986 8
internal_value=0.00134033 0.0107529 -0.000343254 -0.000739294 -0.00158098
internal_weight=243.991 44.1527 25.7986 199.839 195.696
internal_count=1296 294 257 1002 994
is_linear=0
shrinkage=0.03


Tree=316
num_leaves=5
num_cat=0
split_feature=23 13 16 0
split_gain=6.14982 6.18041 6.94476 6.27234
threshold=35.000000000000007 0.55000000000000016 21.081666666666667 75.500000000000014
decision_type=2 2 2 2
left_child=-1 2 -2 -3
right_child=1 3 -4 -5
leaf_value=-0.03408444613178635 0.0062405768679842421 -0.0061746652284861911 0.040143777252768589 0.0043058129966988736
leaf_weight=4.3052985211834303 19.824887508759279 81.792440086137503 7.4929709499701849 138.28248601220548
leaf_count=22 127 756 21 405
internal_value=0.00146266 0.00208128 0.0155398 0.000410667
internal_weight=251.698 247.393 27.3179 220.075
internal_count=1331 1309 148 1161
is_linear=0
shrinkage=0.03


Tree=317
num_leaves=4
num_cat=0
split_feature=24 11 5
split_gain=8.02658 7.12009 5.66472
threshold=4.7500000000000009 8.4500000000000011 14.500000000000002
decision_type=2 2 2
left_child=1 -1 -3
right_child=-2 2 -4
leaf_value=0.021140313085694584 -0.037149294503251024 0.0016986406594282459 -0.011453602093729837
leaf_weight=14.84285222366452 5.0654010195285073 193.7613501700107 34.760102008236572
leaf_count=34 26 901 360
internal_value=0.000227867 0.00100584 -0.00030193
internal_weight=248.43 243.364 228.521
internal_count=1321 1295 1261
is_linear=0
shrinkage=0.03


Tree=318
num_leaves=7
num_cat=0
split_feature=0 21 6 16 17 17
split_gain=6.71807 9.78125 11.1978 7.40159 6.17253 4.78208
threshold=75.500000000000014 0.92460030832459517 0.12931437274662674 14.676190476190477 18.250000000000004 11.450000000000001
decision_type=2 2 2 2 2 2
left_child=1 2 -1 -2 -3 -5
right_child=3 4 -4 5 -6 -7
leaf_value=0.010934383834586401 0.028737604369335788 -0.039196167144831748 -0.011434994270222824 0.015568176695380907 -0.0010528035678366971 -5.3055176100417397e-05
leaf_weight=35.936790885403752 10.280552696436642 11.468087293673308 45.819272837368771 20.82496589422226 5.7241078838706008 115.21844503097236
leaf_count=132 27 127 624 58 29 353
internal_value=0.0001101 -0.00592762 -0.00160228 0.00419297 -0.0264964 0.00233818
internal_weight=245.272 98.9483 81.7561 146.324 17.1922 136.043
internal_count=1350 912 756 438 156 411
is_linear=0
shrinkage=0.03


Tree=319
num_leaves=7
num_cat=0
split_feature=13 10 19 14 20 15
split_gain=5.72268 12.1399 14.0824 10.4758 7.84132 7.88883
threshold=0.95000000000000007 0.0098419918455599133 12.350000000000003 4.7261583672093421e-26 6.8500000000000005 35.394444444444453
decision_type=2 2 2 2 2 2
left_child=1 3 -3 -1 -2 -6
right_child=4 2 -4 -5 5 -7
leaf_value=-0.020163696774407651 -0.032643393736142196 -0.027672087624488573 0.0096652843248895212 0.0067474906720663211 0.029543479205820858 0.0041370948112320841
leaf_weight=15.567513214657081 4.669745950959622 31.032132906024344 12.858526841737328 79.513028347515501 12.431386832147835 95.489376241806895
leaf_count=147 20 269 84 447 31 357
internal_value=0.000389769 -0.00368298 -0.0167335 0.00234133 0.00541679 0.00706365
internal_weight=251.562 138.971 43.8907 95.0805 112.591 107.921
internal_count=1355 947 353 594 408 388
is_linear=0
shrinkage=0.03


Tree=320
num_leaves=6
num_cat=0
split_feature=17 19 9 23 8
split_gain=6.49826 4.95238 5.13578 3.0594 0.462081
threshold=10.646629257543619 1.6500000000000001 2.4643355279778301 227.50000000000003 5.9215041927094942
decision_type=2 2 2 2 2
left_child=3 -2 -3 4 -1
right_child=1 2 -4 -5 -6
leaf_value=-0.060370472258845585 0.033853282550190766 0.0071961979660699693 -0.0017647125987001828 -0.0022573974250137464 -0.038246830401215563
leaf_weight=1.342416720464825 4.4214077815413466 95.800113086123019 144.22031059698202 2.308357750531286 2.3147554583847523
leaf_count=10 6 347 892 25 45
internal_value=0.00163647 0.00239144 0.00181188 -0.0292992 -0.0463676
internal_weight=250.407 244.442 240.02 5.96553 3.65717
internal_count=1325 1245 1239 80 55
is_linear=0
shrinkage=0.03


Tree=321
num_leaves=8
num_cat=0
split_feature=23 15 20 16 0 3 13
split_gain=5.14462 11.4827 13.3697 8.10805 7.14898 7.00147 4.71192
threshold=181.50000000000003 36.250000000000007 8.4500000000000011 22.594696969696972 48.500000000000007 6.5000000000000009 0.8500000000000002
decision_type=2 2 2 2 2 2 2
left_child=1 3 -3 -1 6 -6 -2
right_child=4 2 -4 -5 5 -7 -8
leaf_value=0.012345626622785513 -0.007093204104619534 0.0048246818934887647 -0.020663800538292049 -0.025573811795142534 0.035650476232040443 0.004455214092693012 -0.057006911480126557
leaf_weight=40.559018466155976 5.1961898538283995 29.473091801861301 49.845844930037856 5.8008207390084854 6.9060464086942366 103.79715955280699 2.5313903948990628
leaf_count=151 136 96 375 25 19 447 74
internal_value=-3.25709e-05 -0.0042603 -0.0111929 0.00760092 0.00445389 0.00640128 -0.0234439
internal_weight=244.11 125.679 79.3189 46.3598 118.431 110.703 7.72758
internal_count=1323 647 471 176 676 466 210
is_linear=0
shrinkage=0.03


Tree=322
num_leaves=8
num_cat=0
split_feature=0 9 22 19 19 9 6
split_gain=7.77961 9.84745 9.79462 8.36374 4.93525 14.5105 11.1878
threshold=87.500000000000014 3.4275364450117736 12.519519088405891 7.7500000000000009 11.350000000000003 3.4275364450117736 1.186207745328435e-19
decision_type=2 2 2 2 2 2 2
left_child=4 3 -3 -2 6 -6 -1
right_child=1 2 -4 -5 5 -7 -8
leaf_value=0.0088974281700322407 -0.0099422825761264905 -0.037060316396532844 0.0074172264639927278 0.022449619956601854 -0.0099326592675419052 0.02087550422167302 -0.013886426538537913
leaf_weight=24.805330350995064 9.2031376212835294 7.6229385547339943 10.725966997444628 32.540661863982677 36.08572247880511 22.238540324848145 88.963109796866775
leaf_count=82 25 40 27 66 215 113 754
internal_value=-0.00203626 0.00725668 -0.0110607 0.0153083 -0.00528124 0.00181423 -0.00891878
internal_weight=232.185 60.0927 18.3489 41.7438 172.093 58.3243 113.768
internal_count=1322 158 67 91 1164 328 836
is_linear=0
shrinkage=0.03


Tree=323
num_leaves=8
num_cat=0
split_feature=16 16 17 17 15 15 6
split_gain=4.90666 11.1589 8.66994 6.63276 5.16256 7.27488 3.98123
threshold=15.728735632183909 16.206389452332662 25.950000000000003 23.750000000000004 36.69444444444445 36.638888888888893 2.9150706066625686e-08
decision_type=2 2 2 2 2 2 2
left_child=4 2 -2 -3 5 -1 -6
right_child=1 3 -4 -5 6 -7 -8
leaf_value=0.007597535886269398 -0.054149872435628466 -6.9045205101544608e-05 0.018362020649095732 -0.020892418679150499 0.010915729991811 0.049230619233960417 -0.043241533218210212
leaf_weight=26.305595121695664 6.341740316944195 183.34039279434364 1.9373858869075773 14.884525978937743 2.1813423950225106 4.4107551639899603 2.7767507821554318
leaf_count=152 84 956 5 70 8 20 50
internal_value=-0.00128302 -0.00305787 -0.0371815 -0.00163265 0.0089908 0.0135759 -0.0194147
internal_weight=242.178 206.504 8.27913 198.225 35.6744 30.7164 4.95809
internal_count=1345 1115 89 1026 230 172 58
is_linear=0
shrinkage=0.03


Tree=324
num_leaves=4
num_cat=0
split_feature=12 12 3
split_gain=5.09987 5.32442 6.08034
threshold=25.250000000000004 26.800000000000001 61.500000000000007
decision_type=2 2 2
left_child=-1 -2 -3
right_child=1 2 -4
leaf_value=0.021493877576274942 -0.030874210973512221 0.0018923951154949223 0.029535411308013172
leaf_weight=12.938713505864142 4.3129738289862862 227.32664239429869 7.3943637162446967
leaf_count=28 23 1257 14
internal_value=0.00314927 0.00215629 0.00276323
internal_weight=251.973 239.034 234.721
internal_count=1322 1294 1271
is_linear=0
shrinkage=0.03


Tree=325
num_leaves=6
num_cat=0
split_feature=15 15 15 15 6
split_gain=4.47457 9.15388 5.37908 6.06162 0.96149
threshold=37.250000000000007 37.638888888888893 37.183333333333344 37.083333333333336 0.00091302942704953461
decision_type=2 2 2 2 2
left_child=2 4 3 -1 -2
right_child=1 -3 -4 -5 -6
leaf_value=0.0021932265501056593 -0.061927158684048279 0.010195318008631047 0.033545310853179827 -0.033311275714019262 -0.035570992467297106
leaf_weight=230.91249297058675 2.0808577844873053 5.1955619766376913 4.8192506707273415 4.4104347665561354 3.1039170797448605
leaf_count=1218 11 20 13 39 41
internal_value=0.00133676 -0.0179475 0.00217034 0.0015278 -0.0461488
internal_weight=250.523 10.3803 240.142 235.323 5.18477
internal_count=1342 72 1270 1257 52
is_linear=0
shrinkage=0.03


Tree=326
num_leaves=7
num_cat=0
split_feature=22 17 18 16 7 18
split_gain=4.32351 8.06439 11.1765 7.83051 6.15497 6.04379
threshold=13.709040951857917 14.65 215.50000000000003 17.321290322580648 44.500000000000007 240.50000000000003
decision_type=2 2 2 2 2 2
left_child=1 3 -3 -1 5 -2
right_child=4 2 -4 -5 -6 -7
leaf_value=-0.0093072817480369888 0.015152327666896781 -0.036491532197666356 0.0022293790359154114 0.0061388298984622154 -0.016657679998266697 -0.0066435552146783408
leaf_weight=41.43711703363806 53.387960987631232 12.794649599120023 14.105039471061898 102.87328378076199 8.4594085812568647 14.576002273941411
leaf_count=402 163 74 73 508 31 80
internal_value=0.00154101 -0.00110739 -0.016188 0.00170365 0.00747417 0.0104778
internal_weight=247.633 171.21 26.8997 144.31 76.4234 67.964
internal_count=1331 1057 147 910 274 243
is_linear=0
shrinkage=0.03


Tree=327
num_leaves=7
num_cat=0
split_feature=6 15 19 14 13 21
split_gain=9.27459 9.08221 10.5643 8.89815 5.20649 6.09835
threshold=0.99999581501663115 36.638888888888893 7.1500000000000012 6.0409769525552099e-26 1.8500000000000003 1.6553825291283657
decision_type=2 2 2 2 2 2
left_child=4 2 -2 -3 5 -1
right_child=1 3 -4 -5 -6 -7
leaf_value=0.0058327860554622307 -0.030935334150370877 -0.027045924721370646 -0.0056087362301276457 0.011218378614790761 0.025156343355757987 -0.01819493993594638
leaf_weight=106.0106209598016 20.038584458059631 6.4856576600577673 56.947024000808597 34.912903882097453 11.128181882202623 10.443208991666323
leaf_count=387 164 78 351 268 25 66
internal_value=-6.00794e-05 -0.00610762 -0.012201 0.00522375 0.00555147 0.00367806
internal_weight=245.966 118.384 76.9856 41.3986 127.582 116.454
internal_count=1339 861 515 346 478 453
is_linear=0
shrinkage=0.03


Tree=328
num_leaves=7
num_cat=0
split_feature=15 0 14 24 12 16
split_gain=4.68015 8.68779 8.59718 5.35008 5.83767 2.24288
threshold=36.638888888888893 46.500000000000007 0.99961218692855558 0.55000000000000016 39.150000000000013 26.58883553421369
decision_type=2 2 2 2 2 2
left_child=3 5 -3 -1 -5 -2
right_child=1 2 -4 4 -6 -7
leaf_value=0.021698833427947671 -0.042861609644837838 0.013416015159356785 -0.0088647218994358495 -0.0072920890016416814 0.0065881547033546702 0.026053261532374375
leaf_weight=7.7982057793997219 3.8701793878572053 66.15907144267112 20.389710085466504 108.67225221614353 36.405838766833767 0.47746999561786641
leaf_count=31 180 275 70 520 268 3
internal_value=0.000697416 0.00608824 0.00816698 -0.00250783 -0.00380899 -0.0352932
internal_weight=243.773 90.8964 86.5488 152.876 145.078 4.34765
internal_count=1347 528 345 819 788 183
is_linear=0
shrinkage=0.03


Tree=329
num_leaves=8
num_cat=0
split_feature=19 7 15 10 14 0 3
split_gain=5.55786 12.8869 10.206 9.50001 5.37728 11.9118 8.10952
threshold=7.8500000000000005 25.500000000000004 36.19444444444445 5.7198652335745582e-17 1.1825474821923402e-22 78.500000000000014 26.500000000000004
decision_type=2 2 2 2 2 2 2
left_child=1 3 -3 -1 5 -2 -6
right_child=4 2 -4 -5 6 -7 -8
leaf_value=0.012076979606738692 -0.0058222289814467134 -0.0020310908815167569 -0.042509806317448821 -0.013553442473985303 -0.0024810140929127904 0.028891848717563343 0.014735668876719
leaf_weight=35.84462879691273 14.938064311456399 10.305883124470713 12.292363880202172 20.435548338457011 97.171515618567355 21.995574414730072 32.9798180796206
leaf_count=197 153 35 67 169 575 47 80
internal_value=0.00165008 -0.00491333 -0.0240496 0.00277047 0.00474858 0.0148515 0.00188162
internal_weight=245.963 78.8784 22.5982 56.2802 167.085 36.9336 130.151
internal_count=1323 468 102 366 855 200 655
is_linear=0
shrinkage=0.03


Tree=330
num_leaves=4
num_cat=0
split_feature=19 23 17
split_gain=5.04849 7.61464 5.53768
threshold=2.4500000000000006 39.500000000000007 13.350000000000003
decision_type=2 2 2
left_child=-1 -2 -3
right_child=1 2 -4
leaf_value=0.023193420907026169 -0.044545987440368334 -0.0038991858941904625 0.0054065918839121532
leaf_weight=9.3837934713810665 3.2926481217145911 101.16491601348389 133.5013151136227
leaf_count=22 18 743 549
internal_value=0.00161029 0.000759173 0.00139486
internal_weight=247.343 237.959 234.666
internal_count=1332 1310 1292
is_linear=0
shrinkage=0.03


Tree=331
num_leaves=5
num_cat=0
split_feature=19 5 15 3
split_gain=4.72272 7.28438 16.7482 5.41365
threshold=2.7500000000000004 13.500000000000002 36.064750144588409 12.500000000000002
decision_type=2 2 2 2
left_child=-1 3 -3 -2
right_child=1 2 -4 -5
leaf_value=0.021475517645910963 -0.004575347504411369 -0.039616103871197059 0.00010821544480868056 0.0079422331412996056
leaf_weight=11.292816299945114 41.011186875402927 11.562833855161442 54.929651341983117 128.60342779872008
leaf_count=26 317 102 471 390
internal_value=0.00252283 0.00161633 -0.00679972 0.0049156
internal_weight=247.4 236.107 66.4925 169.615
internal_count=1306 1280 573 707
is_linear=0
shrinkage=0.03


Tree=332
num_leaves=4
num_cat=0
split_feature=23 23 5
split_gain=4.75187 10.4906 6.77197
threshold=35.000000000000007 58.000000000000007 14.500000000000002
decision_type=2 2 2
left_child=-1 -2 -3
right_child=1 2 -4
leaf_value=-0.032000452389028232 0.02673994819186586 1.3452384988631895e-05 -0.013770767758864785
leaf_weight=4.5036796955391756 11.75526159070432 189.32208240649197 38.620449454581831
leaf_count=23 30 925 389
internal_value=-0.00147039 -0.00089676 -0.00232202
internal_weight=244.201 239.698 227.943
internal_count=1367 1344 1314
is_linear=0
shrinkage=0.03


Tree=333
num_leaves=8
num_cat=0
split_feature=10 10 18 15 0 15 10
split_gain=6.39491 9.94478 11.2009 10.3761 7.37339 9.92979 6.27881
threshold=-2.3411858341653391e-16 -8.990038321089747e-17 277.50000000000006 35.472222222222229 62.500000000000007 36.361111111111121 -0.031468602089813412
decision_type=2 2 2 2 2 2 2
left_child=4 3 -3 -2 5 -1 -6
right_child=1 2 -4 -5 6 -7 -8
leaf_value=0.0079609883428495651 0.032364606025615326 0.0030004226611189183 -0.019422518320040848 -0.032536951819947937 -0.00092687034521482634 -0.057072338113034637 0.021544464800739203
leaf_weight=5.8025655318051559 2.5817941646091667 146.29289328597952 23.234042222844437 15.690825151978059 17.258100725710388 3.3232413686346263 31.831865476444367
leaf_count=28 6 760 247 154 51 44 66
internal_value=0.000353789 -0.00233917 -7.26911e-05 -0.0233668 0.00904108 -0.0157215 0.0136444
internal_weight=246.015 187.8 169.527 18.2726 58.2158 9.12581 49.09
internal_count=1356 1167 1007 160 189 72 117
is_linear=0
shrinkage=0.03


Tree=334
num_leaves=7
num_cat=0
split_feature=23 18 6 12 15 24
split_gain=6.88091 12.8597 12.4734 6.17095 7.80757 5.0575
threshold=181.50000000000003 239.50000000000003 1.186207745328435e-19 46.500000000000007 36.138888888888893 1.3292534845345227
decision_type=2 2 2 2 2 2
left_child=1 2 -1 4 -2 -3
right_child=3 5 -4 -5 -6 -7
leaf_value=0.018319978172077495 -0.010690190660622529 -0.026985515365474545 -0.0068642827517280446 0.038012955880520775 0.0081738353698429557 -0.081978180217434207
leaf_weight=21.467493345029652 25.560465748189017 4.767305387184023 100.85157532454468 4.979124217759817 86.813076919701416 2.1995436009019613
leaf_count=66 155 56 530 30 491 16
internal_value=7.16363e-05 -0.00470239 -0.00244434 0.00533112 0.00388303 -0.0443476
internal_weight=246.639 129.286 122.319 117.353 112.374 6.96685
internal_count=1344 668 596 676 646 72
is_linear=0
shrinkage=0.03


Tree=335
num_leaves=8
num_cat=0
split_feature=17 19 24 14 12 22 10
split_gain=5.24405 11.716 6.92189 6.69013 5.90865 9.69777 9.51102
threshold=11.450000000000001 8.3500000000000032 1.0500000000000003 2.0469570061820052e-23 38.850000000000001 11.050000000000002 -0.031468602089813412
decision_type=2 2 2 2 2 2 2
left_child=1 2 -1 -3 6 -6 -2
right_child=4 3 -4 -5 5 -7 -8
leaf_value=-0.0019038693505805178 -0.031018383345836349 0.047526779517241144 -0.062172037850596988 0.01231275161477269 -0.037780420139815467 0.01027536695329827 -0.0023555606993005667
leaf_weight=7.2282278814818728 11.292988773435352 7.1525746996048865 2.2486682317685336 15.120228529325685 4.0712076772470018 52.728932210360654 134.64951471518725
leaf_count=78 49 30 21 83 43 358 627
internal_value=0.000396927 0.0117338 -0.0162042 0.0236212 -0.00137844 0.00683092 -0.00457348
internal_weight=234.492 31.7497 9.4769 22.2728 202.743 56.8001 145.943
internal_count=1289 212 99 113 1077 401 676
is_linear=0
shrinkage=0.03


Tree=336
num_leaves=5
num_cat=0
split_feature=13 15 14 19
split_gain=3.97481 4.46089 7.15489 6.50378
threshold=0.35000000000000003 36.638888888888893 0.99999995453292267 10.350000000000003
decision_type=2 2 2 2
left_child=-1 3 -3 -2
right_child=1 2 -4 -5
leaf_value=0.028273713455123445 -0.0085995699179395885 0.0091128510994963989 -0.014353066095937443 0.0039620232023815328
leaf_weight=4.6636968795210114 81.396494259708561 77.084959194995463 13.785536685492842 68.156824570149183
leaf_count=14 513 469 59 290
internal_value=0.000842651 0.000310548 0.00555295 -0.0028748
internal_weight=245.088 240.424 90.8705 149.553
internal_count=1345 1331 528 803
is_linear=0
shrinkage=0.03


Tree=337
num_leaves=8
num_cat=0
split_feature=10 10 17 0 0 15 10
split_gain=7.84688 8.74206 11.9105 6.41945 6.38409 8.44188 4.57684
threshold=-2.3411858341653391e-16 -8.990038321089747e-17 36.050000000000004 34.500000000000007 62.500000000000007 36.361111111111121 -0.031468602089813412
decision_type=2 2 2 2 2 2 2
left_child=4 2 -2 -3 5 -1 -6
right_child=1 3 -4 -5 6 -7 -8
leaf_value=0.0093477737324981838 -0.033830128603745437 -0.027167207283381362 0.035375047781263158 3.6974861631431712e-05 0.0026649058726202807 -0.046541513722182959 0.022195336809218761
leaf_weight=6.4447672292590124 14.970126639469528 8.2021048157475871 2.6316476464271537 161.9489517143229 17.99747538566589 3.9068341695237905 26.999566946178678
leaf_count=31 151 199 3 795 52 46 56
internal_value=-0.000430053 -0.00335647 -0.0234832 -0.0012744 0.0094969 -0.0117456 0.0143837
internal_weight=243.101 187.753 17.6018 170.151 55.3486 10.3516 44.997
internal_count=1333 1148 154 994 185 77 108
is_linear=0
shrinkage=0.03


Tree=338
num_leaves=8
num_cat=0
split_feature=16 12 17 16 16 1 18
split_gain=4.72619 8.89935 6.96296 6.81953 10.1372 7.56896 5.74818
threshold=15.699677938808376 36.95000000000001 22.194233448942732 17.261208576998055 17.471405228758172 4.2231070829209783 200.50000000000003
decision_type=2 2 2 2 2 2 2
left_child=1 2 -1 5 -5 -2 -3
right_child=3 6 -4 4 -6 -7 -8
leaf_value=-0.014855545187631441 0.02087629989502068 -0.018976276010145642 0.02679867623275068 0.028192446451149818 -0.0017080537658088057 -0.018957371742831096 0.033071064907105679
leaf_weight=14.292094737524168 4.9289764389395705 2.2135834007058319 4.8331386446952811 10.901083514560012 159.75197952811141 33.281944585265592 13.913380681944544
leaf_count=100 18 38 10 37 776 280 84
internal_value=-0.000648243 0.0095123 -0.0043291 -0.00236315 0.000201949 -0.0138191 0.0259271
internal_weight=244.116 35.2522 19.1252 208.864 170.653 38.2109 16.127
internal_count=1343 232 110 1111 813 298 122
is_linear=0
shrinkage=0.03


Tree=339
num_leaves=6
num_cat=0
split_feature=16 13 10 13 10
split_gain=4.79625 9.41309 6.96668 6.5596 5.41294
threshold=21.246621621621625 0.55000000000000016 -0.092429700563408518 1.0500000000000003 -0.031468602089813412
decision_type=2 2 2 2 2
left_child=2 -2 -1 -3 -4
right_child=1 3 4 -5 -6
leaf_value=0.029709144210095909 0.024172724049367315 -0.02343253104668281 -0.020994169581317966 0.0013901415055833193 0.0029588803002085309
leaf_weight=8.4315854348242265 7.0981021388433865 23.555419598706067 8.904526162426917 16.15055837854743 182.79233886074508
leaf_count=21 23 134 44 56 1072
internal_value=0.000998174 -0.00764743 0.00302012 -0.0133358 0.00184624
internal_weight=246.933 46.8041 200.128 39.706 191.697
internal_count=1350 213 1137 190 1116
is_linear=0
shrinkage=0.03


Tree=340
num_leaves=7
num_cat=0
split_feature=5 20 19 20 16 18
split_gain=5.11915 9.01116 10.341 5.52743 8.49575 5.06748
threshold=12.500000000000002 11.65 13.750000000000002 13.950000000000001 21.202941176470592 292.50000000000006
decision_type=2 2 2 2 2 2
left_child=3 2 -2 4 -1 -3
right_child=1 5 -4 -5 -6 -7
leaf_value=0.0062070891705365951 0.0028093681537423275 -0.032656813810914266 -0.035701880277597672 0.02871655111958429 -0.013214923810572111 0.01295796862761223
leaf_weight=119.2673753448762 73.085901850252412 13.359836517483926 6.8646318018436423 7.8769342550076535 24.420482431771234 2.6221192455268456
leaf_count=505 346 257 37 31 108 52
internal_value=0.000815037 -0.00460811 -0.000497246 0.0042476 0.00290622 -0.0251729
internal_weight=247.497 95.9325 79.9505 151.565 143.688 15.982
internal_count=1336 692 383 644 613 309
is_linear=0
shrinkage=0.03


Tree=341
num_leaves=7
num_cat=0
split_feature=22 18 20 12 7 16
split_gain=5.98051 4.01274 3.69855 7.95863 6.36277 0.734197
threshold=10.450000000000001 174.20339248814227 10.250000000000002 37.607058733851488 13.040085012771581 17.351332398316973
decision_type=2 2 2 2 2 2
left_child=1 -1 4 -4 -2 -3
right_child=2 5 3 -5 -6 -7
leaf_value=0.0068475019816480699 -0.011863913399124586 -0.02628542513660519 -0.013227718311599114 0.0034724541638764374 0.0073086385674407967 -0.050639099214574296
leaf_weight=2.2001777042169115 18.085518114035949 1.7287202571751548 41.249827629188076 68.053412648034282 112.38827907270752 3.1336305974982679
leaf_count=16 118 30 252 536 362 38
internal_value=0.000439366 -0.0267693 0.00124078 -0.00283001 0.00465105 -0.0419806
internal_weight=246.84 7.06253 239.777 109.303 130.474 4.86235
internal_count=1352 84 1268 788 480 68
is_linear=0
shrinkage=0.03


Tree=342
num_leaves=6
num_cat=0
split_feature=16 10 16 7 0
split_gain=5.76747 9.60927 6.45026 5.74946 5.91275
threshold=22.505102040816329 -2.6742186518949225e-16 23.571070234113716 51.500000000000007 75.500000000000014
decision_type=2 2 2 2 2
left_child=3 -2 -3 4 -1
right_child=1 2 -4 -5 -6
leaf_value=-0.0027827052900618278 -0.052869112338889197 -0.032399514445069812 0.0047768465445626644 -0.020503245772662611 0.0076441715245258463
leaf_weight=79.639023495372385 4.3629731126129654 5.5521021306049105 17.252310203621164 9.287202373147009 127.0046646669507
leaf_count=786 22 38 65 34 371
internal_value=0.000948898 -0.0120785 -0.00427434 0.00258794 0.00362573
internal_weight=243.098 27.1674 22.8044 215.931 206.644
internal_count=1316 125 103 1191 1157
is_linear=0
shrinkage=0.03


Tree=343
num_leaves=4
num_cat=0
split_feature=3 12 24
split_gain=6.11232 6.40156 7.0747
threshold=70.000000000000014 25.250000000000004 2.7500000000000004
decision_type=2 2 2
left_child=1 -1 -3
right_child=-2 2 -4
leaf_value=0.019073926421164358 0.027743882551703007 -0.0030496912614710273 -0.039790962698751715
leaf_weight=11.516802985221146 6.1023100093007079 202.57328819227405 4.8291888255625954
leaf_count=27 11 1224 32
internal_value=-0.00187081 -0.00269631 -0.00390518
internal_weight=225.022 218.919 207.402
internal_count=1294 1283 1256
is_linear=0
shrinkage=0.03


Tree=344
num_leaves=8
num_cat=0
split_feature=10 10 3 20 24 15 18
split_gain=6.54461 11.3822 14.5713 7.28936 5.54169 3.91422 2.63323
threshold=-2.3411858341653391e-16 -8.990038321089747e-17 33.500000000000007 10.350000000000003 0.75000000000000011 36.861111111111121 239.50000000000003
decision_type=2 2 2 2 2 2 2
left_child=4 2 -2 -3 6 -6 -1
right_child=1 3 -4 -5 5 -7 -8
leaf_value=-0.03168957542686586 -0.045168197654130667 0.004984294126992834 0.015018223610634244 -0.0076679648940347796 0.0081562646869488154 0.027988698470028897 0.0024964911110037353
leaf_weight=3.7955743703059834 11.42221888236236 100.94596827391069 5.3001767992973319 68.991648177150637 33.761418031062931 12.190372174605725 4.3540475489571691
leaf_count=23 144 395 13 614 112 28 17
internal_value=0.000186685 -0.00247618 -0.0260921 -0.000152298 0.00937405 0.0134175 -0.0134252
internal_weight=240.761 186.66 16.7224 169.938 54.1014 45.9518 8.14962
internal_count=1346 1166 157 1009 180 140 40
is_linear=0
shrinkage=0.03


Tree=345
num_leaves=8
num_cat=0
split_feature=11 12 21 16 9 18 3
split_gain=4.88303 7.13489 8.11747 5.68604 4.67324 4.60179 3.63556
threshold=11.350000000000003 35.350000000000001 0.29751877346368455 15.418010752688174 2.4643355279778301 200.50000000000003 45.500000000000007
decision_type=2 2 2 2 2 2 2
left_child=3 2 -2 4 -1 -3 -5
right_child=1 5 -4 6 -6 -7 -8
leaf_value=0.01151533356789901 -0.043246944037538378 -0.0055068288624524628 -0.0020992247010489409 0.007511100026531616 -0.03942489847275181 0.0064054554346746157 0.023946599725920351
leaf_weight=2.7430152967572203 7.0564785576425519 46.125686364248395 11.106077450327573 79.64408753765747 3.9619109488558024 79.473976252425928 14.285544343292711
leaf_count=11 67 284 51 263 40 589 27
internal_value=0.00303715 -0.000510736 -0.0180859 0.0081055 -0.018585 0.00203074 0.0100107
internal_weight=244.397 143.762 18.1626 100.635 6.70493 125.6 93.9296
internal_count=1332 991 118 341 51 873 290
is_linear=0
shrinkage=0.03


Tree=346
num_leaves=7
num_cat=0
split_feature=20 0 16 23 5 10
split_gain=6.09935 6.20217 10.2858 7.46829 3.81924 5.05505
threshold=13.950000000000001 86.500000000000014 19.696310935441371 274.50000000000006 11.958848975276409 -0.019300835901981124
decision_type=2 2 2 2 2 2
left_child=1 3 -3 -1 -2 -6
right_child=4 2 -4 -5 5 -7
leaf_value=-0.0014208648157607285 0.034450729096117579 0.014498392301103022 -0.013095360281101849 -0.027491821398575672 0.043193748970637352 -0.035126541884380288
leaf_weight=151.25981332559604 7.6938715330325049 49.967260137200356 16.06732189655304 10.580677357851526 1.2087547779083254 1.9194424501620231
leaf_count=958 28 128 52 111 1 61
internal_value=0.00108121 3.61414e-05 0.00778437 -0.00312531 0.0230868 -0.0048631
internal_weight=238.697 227.875 66.0346 161.84 10.8221 3.1282
internal_count=1339 1249 180 1069 90 62
is_linear=0
shrinkage=0.03


Tree=347
num_leaves=7
num_cat=0
split_feature=21 24 22 5 14 15
split_gain=6.48636 7.87877 15.9051 8.95064 7.44821 9.30512
threshold=0.43683654828479396 1.1500000000000001 11.80153463613417 12.500000000000002 0.99999999989472854 37.027777777777779
decision_type=2 2 2 2 2 2
left_child=4 3 -3 -2 5 -1
right_child=1 2 -4 -5 -6 -7
leaf_value=0.0053421847100130933 -0.0081895478615176733 -0.027614466537758051 0.014603495190587647 -0.046524938665908545 0.033518996936327115 -0.027168023136050691
leaf_weight=132.48560471797828 49.109030682360753 10.550150969298555 33.638818806968629 6.1701723528094581 7.797229776158928 8.4276797648635675
leaf_count=755 275 59 104 62 16 77
internal_value=0.00101062 -0.00491956 0.00452392 -0.0124685 0.00497715 0.00339783
internal_weight=248.179 99.4682 44.189 55.2792 148.711 140.913
internal_count=1348 500 163 337 848 832
is_linear=0
shrinkage=0.03


Tree=348
num_leaves=8
num_cat=0
split_feature=11 12 11 0 18 14 19
split_gain=3.98909 11.0368 7.3159 7.00817 6.83003 5.04858 4.82673
threshold=13.950000000000001 41.45000000000001 13.401216514100204 35.500000000000007 199.50000000000003 0.88260051715473675 10.450000000000001
decision_type=2 2 2 2 2 2 2
left_child=2 5 3 -1 -3 -2 -4
right_child=1 4 6 -5 -6 -7 -8
leaf_value=-0.033485659150642139 0.010749187934932571 -0.024501366119914946 -0.042361594880374415 0.0023199301865909848 0.0095682709948934075 0.053994012078758723 -0.0044514069317201374
leaf_weight=5.0507036719936869 3.9725442049093527 7.160417991923171 5.8100456534884852 189.79117387416773 20.336394056444988 6.2556944759562612 6.3002755260095
leaf_count=87 45 78 76 786 199 10 46
internal_value=0.00162101 0.0105928 -1.44563e-05 0.00139178 0.00069623 0.0371982 -0.0226392
internal_weight=244.677 37.7251 206.952 194.842 27.4968 10.2282 12.1103
internal_count=1327 332 995 873 277 55 122
is_linear=0
shrinkage=0.03


Tree=349
num_leaves=7
num_cat=0
split_feature=14 20 19 5 19 19
split_gain=5.26117 11.6024 5.74064 8.11829 7.21443 5.69762
threshold=1.1825474821923402e-22 7.2500000000000009 13.15 12.500000000000002 12.250000000000002 11.750000000000002
decision_type=2 2 2 2 2 2
left_child=1 -1 4 -4 -2 -3
right_child=2 5 3 -5 -6 -7
leaf_value=-0.047530251987204099 -0.0019437560155572036 0.017486532730610918 0.018646372468595358 -0.011874519415330465 -0.033537961331937406 -0.0040969070622344167
leaf_weight=3.067458674311637 133.69465361931361 45.664980743953492 26.717263607308269 11.103179361904038 6.8374002014752469 14.50382737466134
leaf_count=17 753 261 104 67 44 80
internal_value=0.00194735 0.00938234 -0.000688788 0.00968617 -0.00348093 0.0122838
internal_weight=241.589 63.2363 178.352 37.8204 140.532 60.1688
internal_count=1326 358 968 171 797 341
is_linear=0
shrinkage=0.03


Tree=350
num_leaves=5
num_cat=0
split_feature=19 10 4 16
split_gain=4.59887 4.92142 8.94816 6.32174
threshold=2.7500000000000004 -0.045252179551203676 2.302470849677951e-34 20.012500000000003
decision_type=2 2 2 2
left_child=-1 2 -2 -3
right_child=1 3 -4 -5
leaf_value=0.019605155935225205 -0.040332214434727523 -0.0022913126968955267 0.0048404840984560557 0.0085006809170490808
leaf_weight=11.626606645062564 7.2783084460534146 140.62552470137598 8.6216295901685935 74.854659637436271
leaf_count=29 34 938 36 287
internal_value=0.0011943 0.000269172 -0.0158376 0.00145767
internal_weight=243.007 231.38 15.8999 215.48
internal_count=1324 1295 70 1225
is_linear=0
shrinkage=0.03


Tree=351
num_leaves=8
num_cat=0
split_feature=12 12 3 15 17 15 12
split_gain=5.5468 10.1192 11.6727 7.66867 7.61186 6.25535 4.06189
threshold=37.607058733851488 33.250000000000007 29.500000000000004 36.361111111111121 22.350000000000005 36.422222222222224 38.050000000000004
decision_type=2 2 2 2 2 2 2
left_child=1 4 -3 6 -1 -5 -2
right_child=3 2 -4 5 -6 -7 -8
leaf_value=0.0065715390715017988 0.046204975386054857 -0.0074279416937921812 -0.048806135568025752 -0.041536303006831247 -0.021793529673026894 0.0022141718054508029 0.014049896941815739
leaf_weight=82.105328115168959 3.9864364766981444 52.495534759829752 6.9478806331753722 3.1246903054416171 9.4997957646846753 50.094325090525672 31.267962698824704
leaf_count=289 12 309 35 25 40 433 165
internal_value=0.00086892 -0.00262504 -0.0122643 0.00683408 0.00362997 -0.000354585 0.0176859
internal_weight=239.522 151.049 59.4434 88.4734 91.6051 53.219 35.2544
internal_count=1308 673 344 635 329 458 177
is_linear=0
shrinkage=0.03


Tree=352
num_leaves=8
num_cat=0
split_feature=10 0 19 19 20 20 20
split_gain=4.99956 12.3976 7.61113 6.73334 4.05333 11.2408 6.0388
threshold=0.03942897826572709 75.500000000000014 13.950000000000001 8.4500000000000011 11.65 11.906284840177682 10.907835391634036
decision_type=2 2 2 2 2 2 2
left_child=4 2 -2 -3 6 -6 -1
right_child=1 3 -4 -5 5 -7 -8
leaf_value=0.0034916555180461695 -0.036504968260552398 -0.019434867444292545 0.0052311348775114603 0.011561305125281562 -0.039721206904151346 0.0024224536110695437 0.019363424679957386
leaf_weight=115.38734778831713 14.538239018758761 8.2138483338057977 5.3906154646538189 27.176895476877689 6.702448620228096 37.935680787370075 26.536219577887096
leaf_count=466 188 30 43 65 58 354 111
internal_value=0.00163071 -0.00628988 -0.0252156 0.00436739 0.00397934 -0.00390545 0.00645929
internal_weight=241.881 55.3196 19.9289 35.3907 186.562 44.6381 141.924
internal_count=1315 326 231 95 989 412 577
is_linear=0
shrinkage=0.03


Tree=353
num_leaves=7
num_cat=0
split_feature=22 0 20 3 20 11
split_gain=5.60187 7.67824 11.9078 6.07335 9.35862 3.83494
threshold=13.709040951857917 56.500000000000007 10.850000000000003 43.500000000000007 6.9500000000000011 10.750000000000002
decision_type=2 2 2 2 2 2
left_child=3 5 -3 4 -1 -2
right_child=1 2 -4 -5 -6 -7
leaf_value=-0.043742400910349477 0.039512374517309184 -0.0095078945776575323 0.017737171405544573 0.018453619199607342 -0.0029586888689106662 0.0074640617793559185
leaf_weight=5.2379121747799209 8.6200582822784764 33.077718921005726 25.620335253886878 11.300756271928547 152.38143978756852 5.5073610721155992
leaf_count=31 17 121 70 26 1030 55
internal_value=0.000207701 0.00716287 0.00238394 -0.00279084 -0.00431399 0.0270188
internal_weight=241.746 72.8255 58.6981 168.92 157.619 14.1274
internal_count=1350 263 191 1087 1061 72
is_linear=0
shrinkage=0.03


Tree=354
num_leaves=8
num_cat=0
split_feature=10 6 6 0 15 23 11
split_gain=4.07688 6.77599 15.4043 6.34398 11.5033 10.3368 1.90698
threshold=-2.3411858341653391e-16 0.99999999999998512 0.99999140543497533 69.500000000000014 37.083333333333336 35.000000000000007 11.050000000000002
decision_type=2 2 2 2 2 2 2
left_child=1 2 -1 5 -5 -2 -3
right_child=3 6 -4 4 -6 -7 -8
leaf_value=0.010498926136975315 -0.048960064379123057 0.034511633925328251 -0.038942497376472852 -0.002102453073871074 -0.04246785273085437 0.0096746208877206939 0.014766076011096564
leaf_weight=32.716963922604918 2.8256625011563292 8.502398849930616 6.8609142573550335 119.96682401699945 6.7093722000718108 63.876560887729283 9.1277575816493464
leaf_count=103 17 12 43 445 31 653 37
internal_value=0.00178383 0.00881912 0.00192814 -0.00029745 -0.0042404 0.00719072 0.0242887
internal_weight=250.586 57.208 39.5779 193.378 126.676 66.7022 17.6302
internal_count=1341 195 146 1146 476 670 49
is_linear=0
shrinkage=0.03


Tree=355
num_leaves=7
num_cat=0
split_feature=16 6 17 7 16 13
split_gain=6.31702 10.7241 9.37151 8.46438 8.00609 6.12771
threshold=17.261208576998055 0.45214975187856121 10.350000000000003 17.500000000000004 17.471405228758172 0.55000000000000016
decision_type=2 2 2 2 2 2
left_child=1 3 -3 -1 -2 -6
right_child=4 2 -4 -5 5 -7
leaf_value=-0.028809216008337624 0.029022589131252007 0.041543194750586251 -0.024839841341560247 0.012016574116403495 0.015371045270019201 -0.0019870340307814897
leaf_weight=5.6729112872853902 9.2995193367823941 2.0381086550187311 31.42660499579506 23.520643901079893 21.178657443029806 134.83260721177794
leaf_count=50 37 23 379 73 100 651
internal_value=-0.0010933 -0.0092048 -0.0207969 0.00408328 0.00198122 0.00036934
internal_weight=227.969 62.6583 33.4647 29.1936 165.311 156.011
internal_count=1313 525 402 123 788 751
is_linear=0
shrinkage=0.03


Tree=356
num_leaves=8
num_cat=0
split_feature=17 14 20 22 1 12 0
split_gain=4.07625 9.50249 8.84952 7.63179 13.9842 6.73944 4.83997
threshold=11.830659309272562 1.1997379389259054e-21 12.350000000000003 12.750000000000002 5.9442770795559801 38.95000000000001 84.500000000000014
decision_type=2 2 2 2 2 2 2
left_child=1 6 -3 4 -2 -5 -1
right_child=3 2 -4 5 -6 -7 -8
leaf_value=0.01022143548251442 0.0071971850235582084 -0.011707610799005163 0.024669477308136869 0.0011919191039782915 -0.019841993831322503 0.017830092513333284 0.040221308662739819
leaf_weight=8.9066407667705807 32.041090609505773 19.81656125467271 8.6441906571853888 91.671550984028727 37.201282532536425 28.792379914782941 10.600474134087561
leaf_count=102 106 153 59 357 370 150 18
internal_value=0.00258228 0.0103954 -0.000659045 0.000606695 -0.00732993 0.00516865 0.0265238
internal_weight=237.674 47.9679 28.4608 189.706 69.2424 120.464 19.5071
internal_count=1315 332 212 983 476 507 120
is_linear=0
shrinkage=0.03


Tree=357
num_leaves=6
num_cat=0
split_feature=24 6 6 6 18
split_gain=4.41466 4.76473 8.26154 4.05785 3.84489
threshold=0.55000000000000016 1.186207745328435e-19 2.9150706066625686e-08 1.1944398210771052e-25 216.50000000000003
decision_type=2 2 2 2 2
left_child=4 3 -3 -2 -1
right_child=1 2 -4 -5 -6
leaf_value=0.0015571278923038005 0.004357443374927013 -0.022816986781693735 3.3617450487248226e-05 0.026821172887419156 0.037783248769482192
leaf_weight=5.1681179529987258 33.049717478454113 15.539894333574919 170.22649696219014 9.266454595141111 5.3836207361891866
leaf_count=34 120 84 1043 25 20
internal_value=0.00106924 0.000191591 -0.0018779 0.00927658 0.0200401
internal_weight=238.634 228.083 185.766 42.3162 10.5517
internal_count=1326 1272 1127 145 54
is_linear=0
shrinkage=0.03


Tree=358
num_leaves=7
num_cat=0
split_feature=16 19 17 1 17 19
split_gain=6.23774 10.9029 7.80885 5.41065 9.009 5.21659
threshold=21.468269230769234 6.2500000000000009 18.62171590205141 5.110472729914906 12.950000000000001 13.050000000000002
decision_type=2 2 2 2 2 2
left_child=3 -2 -3 5 -5 -1
right_child=1 2 -4 4 -6 -7
leaf_value=0.0049013593226435734 -0.048295456957979287 -0.012865420155962074 0.021032628151141118 -0.011614125850680522 0.0045379898517082153 0.025427388235779076
leaf_weight=43.569389467127621 5.9027172243222585 22.989562302595008 8.3331467062234861 45.940263935015537 96.069184037274681 14.972979445010422
leaf_count=142 36 129 19 484 464 50
internal_value=0.000383137 -0.0108952 -0.00384713 0.00247656 -0.000687243 0.0101512
internal_weight=237.777 37.2254 31.3227 200.552 142.009 58.5424
internal_count=1324 184 148 1140 948 192
is_linear=0
shrinkage=0.03


Tree=359
num_leaves=8
num_cat=0
split_feature=17 0 22 12 15 18 6
split_gain=6.2684 8.90385 6.71793 8.8883 7.23562 5.67059 1.85323
threshold=11.450000000000001 67.500000000000014 12.519519088405891 43.45000000000001 37.083333333333336 191.50000000000003 1.0000000180025095e-35
decision_type=2 2 2 2 2 2 2
left_child=1 6 4 -4 -2 -3 -1
right_child=2 5 3 -5 -6 -7 -8
leaf_value=0.022599381236217558 -0.0066464714709929271 -0.0044507116928414088 -0.00011590211112475193 0.028442475927434544 -0.044663832577943319 0.027182188633122994 -0.034215165939810409
leaf_weight=0.59633179008960979 67.063535610213876 6.8462269315496114 120.30910695507191 10.678921008016912 4.830123344436287 19.999023270327598 3.870262025622651
leaf_count=3 466 27 531 53 46 62 131
internal_value=9.61807e-05 0.0125895 -0.00183199 0.00221235 -0.00920064 0.019115 -0.0266299
internal_weight=234.194 31.3118 202.882 130.988 71.8937 26.8453 4.46659
internal_count=1319 223 1096 584 512 89 134
is_linear=0
shrinkage=0.03


Tree=360
num_leaves=8
num_cat=0
split_feature=16 12 17 19 1 0 16
split_gain=3.9441 9.49226 7.75413 6.74357 4.16072 6.37451 5.08201
threshold=15.728735632183909 36.95000000000001 22.750000000000004 8.6267622008525127 4.2231070829209783 49.500000000000007 19.812812812812815
decision_type=2 2 2 2 2 2 2
left_child=1 2 -1 -3 6 -6 -2
right_child=4 3 -4 -5 5 -7 -8
leaf_value=-0.017890758429326661 0.026337363153349679 -0.0023721697547873181 0.028614296555731351 0.039433991355630006 -0.030146082980102185 -0.0024116440709937314 -0.0035605784711214977
leaf_weight=13.015865966910498 9.7635187916457671 5.1532830864889538 4.2905027121305457 10.647412623977287 7.7807881709886706 180.05368448700756 10.751086201518772
leaf_count=104 35 63 8 57 285 754 41
internal_value=-0.000631042 0.00898755 -0.00636147 0.0257992 -0.00215945 -0.00356051 0.0106688
internal_weight=241.456 33.1071 17.3064 15.8007 208.349 187.834 20.5146
internal_count=1347 232 112 120 1115 1039 76
is_linear=0
shrinkage=0.03


Tree=361
num_leaves=7
num_cat=0
split_feature=12 16 14 17 14 16
split_gain=7.03297 9.52013 7.24856 8.15994 7.92612 3.97533
threshold=27.850000000000005 19.174442190669374 1.1825474821923402e-22 15.750000000000002 7.6939561636187029e-24 17.85696040868455
decision_type=2 2 2 2 2 2
left_child=1 5 4 -4 -2 -1
right_child=2 -3 3 -5 -6 -7
leaf_value=-0.018727992946491381 0.0064145919001005591 -0.047480798819354235 0.0032283620546155931 -0.012760156678338212 0.034708602929408666 0.015124193350157241
leaf_weight=6.1681331023573893 46.523044486064464 6.0352828595787278 119.76429302303586 37.794478639960289 11.021794500295071 6.3220431990921497
leaf_count=32 303 29 707 180 40 17
internal_value=0.00119375 -0.0165427 0.00272128 -0.000606891 0.0118339 -0.00159333
internal_weight=233.629 18.5255 215.104 157.559 57.5448 12.4902
internal_count=1308 78 1230 887 343 49
is_linear=0
shrinkage=0.03


Tree=362
num_leaves=8
num_cat=0
split_feature=18 20 18 20 17 18 18
split_gain=8.65563 6.66439 8.25756 6.58794 8.37004 6.45248 4.14893
threshold=158.50000000000003 7.9500000000000011 202.50000000000003 11.65 13.850000000000003 165.50000000000003 152.50000000000003
decision_type=2 2 2 2 2 2 2
left_child=3 2 -2 6 -5 -3 -1
right_child=1 5 -4 4 -6 -7 -8
leaf_value=0.0094640612696909807 -0.068634685618444977 -0.040577644089548635 -0.012176766660108949 -0.054393891739565145 0.0061361337644041383 -0.0012946051493799068 0.033664980341687516
leaf_weight=48.51680400618352 2.9165191762149325 3.8586139403050757 11.624532519839702 3.1538486762437952 5.9065803112462163 152.20991645089816 7.3400495117530218
leaf_count=159 17 30 63 40 24 975 15
internal_value=-0.000528121 -0.00407567 -0.0235006 0.00879522 -0.0149338 -0.00226583 0.0126443
internal_weight=235.527 170.61 14.5411 64.9173 9.06043 156.069 55.8569
internal_count=1323 1085 80 238 64 1005 174
is_linear=0
shrinkage=0.03


Tree=363
num_leaves=7
num_cat=0
split_feature=10 7 10 10 11 24
split_gain=4.33534 8.33929 7.18187 5.31501 4.49096 2.64932
threshold=-0.039359364158821832 25.500000000000004 -0.10752774160996775 -0.017521830567857302 9.3500000000000032 1.0500000000000003
decision_type=2 2 2 2 2 2
left_child=1 2 -1 5 -5 -2
right_child=3 -3 -4 4 -6 -7
leaf_value=-0.0020437487825340664 0.02585874341668452 0.022426275345277906 -0.051852078948442307 -0.012130074576207102 0.0020138797530214413 0.0036194841448031327
leaf_weight=4.8101192712783805 11.673339391825722 3.8851518705487242 5.6843525362201026 22.772132304497063 179.16354352567578 8.2127874707803112
leaf_count=20 28 13 32 95 1119 23
internal_value=0.00084133 -0.0151219 -0.0290225 0.00187615 0.000418877 0.0166741
internal_weight=236.201 14.3796 10.4945 221.822 201.936 19.8861
internal_count=1330 65 52 1265 1214 51
is_linear=0
shrinkage=0.03


Tree=364
num_leaves=8
num_cat=0
split_feature=3 0 6 16 7 21 14
split_gain=5.08544 6.20854 6.25785 5.32877 7.42975 6.03707 5.1484
threshold=15.500000000000002 83.500000000000014 0.99999999999995237 15.728735632183909 21.500000000000004 0.29146003888153144 1.4107439172480668e-23
decision_type=2 2 2 2 2 2 2
left_child=1 2 -1 5 -5 -2 -3
right_child=3 6 -4 4 -6 -7 -8
leaf_value=0.0059758011606642764 -0.016788600881702583 0.039480012757200984 -0.01583636918593927 -0.022936284888243362 -0.0021628571768137293 0.019164960448145345 0.009795585628791327
leaf_weight=61.776107223588042 5.5655246975366053 7.7007081285119083 14.643895902030634 18.508434128714725 95.181472848169506 17.172209374606609 16.58039515838027
leaf_count=435 45 14 293 101 337 40 50
internal_value=0.000881306 0.00599491 0.00179607 -0.00289319 -0.00554472 0.0103646 0.0192099
internal_weight=237.129 100.701 76.42 136.428 113.69 22.7377 24.2811
internal_count=1315 792 728 523 438 85 64
is_linear=0
shrinkage=0.03


Tree=365
num_leaves=8
num_cat=0
split_feature=10 0 15 10 17 23 10
split_gain=6.55669 6.83297 10.2355 6.71341 11.4965 5.2306 5.19932
threshold=-2.3411858341653391e-16 62.500000000000007 36.361111111111121 -8.990038321089747e-17 30.700000000000006 231.50000000000003 -0.031468602089813412
decision_type=2 2 2 2 2 2 2
left_child=1 2 -1 4 -2 -5 -3
right_child=3 6 -4 5 -6 -7 -8
leaf_value=0.012503294182833332 -0.03022779432104819 0.0010798042980170591 -0.052336060302567211 0.0029466317646219013 0.031638425346199428 -0.011133739047738702 0.021796524719913599
leaf_weight=5.4571247543208283 14.561760080279784 16.501147232949734 3.6612447068328038 141.40732984431088 3.3196012601256362 28.536411849199794 32.137940475717187
leaf_count=26 138 50 45 776 5 226 67
internal_value=0.00146079 0.0103005 -0.0135313 -0.00125747 -0.0187426 0.000582301 0.0147682
internal_weight=245.583 57.7575 9.11837 187.825 17.8814 169.944 48.6391
internal_count=1333 188 71 1145 143 1002 117
is_linear=0
shrinkage=0.03


Tree=366
num_leaves=4
num_cat=0
split_feature=19 19 23
split_gain=5.83754 5.03456 5.14546
threshold=2.4500000000000006 3.7500000000000004 58.000000000000007
decision_type=2 2 2
left_child=-1 -2 -3
right_child=1 2 -4
leaf_value=0.024662321748758317 -0.033464753024106397 0.019680561581121445 -0.001318211401665981
leaf_weight=8.3369322288781387 4.1929708723910144 11.044847683981059 213.74724430567585
leaf_count=20 30 29 1264
internal_value=3.77597e-06 -0.000893997 -0.000286466
internal_weight=237.322 228.985 224.792
internal_count=1343 1323 1293
is_linear=0
shrinkage=0.03


Tree=367
num_leaves=5
num_cat=0
split_feature=3 17 0 22
split_gain=7.53725 6.66651 11.3022 5.62488
threshold=63.500000000000007 11.450000000000001 84.500000000000014 13.709040951857917
decision_type=2 2 2 2
left_child=1 2 -1 -3
right_child=-2 3 -4 -5
leaf_value=-0.004997167066752301 0.030898459835859916 -0.0068332120263410448 0.031534560518803656 0.0037389676145198861
leaf_weight=16.441189297358509 6.8305956199765197 128.12037849932676 14.208993490785359 70.059698130236939
leaf_count=197 12 822 26 271
internal_value=-0.000155108 -0.00108206 0.0119384 -0.00309578
internal_weight=235.661 228.83 30.6502 198.18
internal_count=1328 1316 223 1093
is_linear=0
shrinkage=0.03


Tree=368
num_leaves=4
num_cat=0
split_feature=23 23 18
split_gain=4.4392 5.18392 11.7884
threshold=35.000000000000007 58.000000000000007 87.500000000000014
decision_type=2 2 2
left_child=-1 -2 -3
right_child=1 2 -4
leaf_value=-0.031101620777934373 0.021219462710498585 -0.071945578370724211 0.00035352261646574016
leaf_weight=4.0285044312477103 10.543141484260557 2.0482639800757161 223.95624425250571
leaf_count=21 30 14 1270
internal_value=0.000125685 0.000657499 -0.000301719
internal_weight=240.576 236.548 226.005
internal_count=1335 1314 1284
is_linear=0
shrinkage=0.03


Tree=369
num_leaves=5
num_cat=0
split_feature=20 20 9 17
split_gain=5.90831 6.03104 13.3576 4.80037
threshold=15.15 12.750000000000002 1.5000000000000002 13.127521553265458
decision_type=2 2 2 2
left_child=1 3 -3 -1
right_child=-2 2 -4 -5
leaf_value=-0.0046387498061464623 0.038736469901809283 0.0085536425837048086 -0.043684821933024712 0.0046134150184457797
leaf_weight=79.871151959465351 3.5674828421324483 8.9923840998671967 8.6365527776069921 137.1042779594427
leaf_count=522 14 45 204 559
internal_value=0.000419192 -0.000163475 -0.0170384 0.00120759
internal_weight=238.172 234.604 17.6289 216.975
internal_count=1344 1330 249 1081
is_linear=0
shrinkage=0.03


Tree=370
num_leaves=7
num_cat=0
split_feature=17 23 23 12 20 0
split_gain=4.76519 8.44501 9.40372 7.71479 8.89303 8.66646
threshold=13.127521553265458 58.000000000000007 165.50000000000003 37.45000000000001 10.350000000000003 77.500000000000014
decision_type=2 2 2 2 2 2
left_child=1 -1 -3 4 -2 -5
right_child=3 2 -4 5 -6 -7
leaf_value=0.031497090260923233 0.0021791784747848411 -0.023038795196561483 -0.0014958371449151759 -0.0019939400225721434 -0.021872369779098032 0.022100675871408341
leaf_weight=5.1397263668477526 69.070032382849604 26.284359456738457 59.555973508744501 23.553875929210335 17.301681514363736 31.273952204734087
leaf_count=13 243 205 464 228 102 70
internal_value=-0.000501603 -0.00585578 -0.0080923 0.00294829 -0.00263874 0.0117497
internal_weight=232.18 90.9801 85.8403 141.2 86.3717 54.8278
internal_count=1325 682 669 643 345 298
is_linear=0
shrinkage=0.03


Tree=371
num_leaves=5
num_cat=0
split_feature=11 17 20 21
split_gain=3.84893 4.24829 6.10597 5.03547
threshold=16.450000000000003 11.750000000000002 11.65 0.24626781251816651
decision_type=2 2 2 2
left_child=1 3 -3 -1
right_child=-2 2 -4 -5
leaf_value=0.018419241140779304 0.030337212286127232 0.0018806728188576283 -0.011435795923734874 -0.0026353425571710243
leaf_weight=24.836295335204341 4.1280191824771455 157.52707324060611 38.579416309774388 17.375444121542387
leaf_count=169 16 663 350 131
internal_value=0.00161677 0.00111928 -0.000739034 0.00975263
internal_weight=242.446 238.318 196.106 42.2117
internal_count=1329 1313 1013 300
is_linear=0
shrinkage=0.03


Tree=372
num_leaves=5
num_cat=0
split_feature=19 14 14 17
split_gain=3.98868 5.20456 7.09154 5.37947
threshold=3.2500000000000004 1.1825474821923402e-22 7.6939561636187029e-24 19.964420649300763
decision_type=2 2 2 2
left_child=-1 2 -2 -3
right_child=1 3 -4 -5
leaf_value=0.020078092701149197 0.0046086660704649403 0.0011920588980285634 0.031289840039470641 -0.01504700740693153
leaf_weight=11.372383968904613 49.419850112579297 149.64106588053983 10.952396400040014 20.927005378296599
leaf_count=33 313 830 39 88
internal_value=0.00273319 0.00187906 0.00944902 -0.000800313
internal_weight=242.313 230.94 60.3722 170.568
internal_count=1303 1270 352 918
is_linear=0
shrinkage=0.03


Tree=373
num_leaves=7
num_cat=0
split_feature=14 14 14 19 14 0
split_gain=6.60197 9.19641 7.56702 7.32923 5.42817 0.493737
threshold=3.9140662874604723e-25 2.0469570061820052e-23 4.7261583672093421e-26 2.7500000000000004 4.2315990594125236e-29 85.500000000000014
decision_type=2 2 2 2 2 2
left_child=2 5 4 -3 -1 -2
right_child=1 3 -4 -5 -6 -7
leaf_value=0.0098574352467562642 -0.03598267186629827 0.024261508474356014 0.03519317136228893 -0.0042061476709672127 -0.016494673572615262 -0.055656506683762576
leaf_weight=27.640210621990263 2.2909519312670446 8.5478073908016068 8.0780259246239421 170.39651499514002 9.4369001334998739 2.3012633323669434
leaf_count=130 47 21 34 994 102 11
internal_value=-0.0013938 -0.00392208 0.00888259 -0.00284631 0.00315027 -0.0458417
internal_weight=228.692 183.537 45.1551 178.944 37.0771 4.59222
internal_count=1339 1073 266 1015 232 58
is_linear=0
shrinkage=0.03


Tree=374
num_leaves=5
num_cat=0
split_feature=11 11 10 17
split_gain=4.22509 6.44516 3.59481 3.35232
threshold=16.450000000000003 15.15 0.028890045240749927 17.550000000000004
decision_type=2 2 2 2
left_child=1 2 -1 -3
right_child=-2 3 -4 -5
leaf_value=0.0039563048905521632 0.034271621339135583 -0.045433612868538614 -0.0046016375817179156 0.0098514920314847054
leaf_weight=169.07979968609288 3.4783332124352446 3.9870890491292803 59.798819882096723 1.3119340101256964
leaf_count=868 13 100 347 7
internal_value=0.0014506 0.000963095 0.00172038 -0.0317461
internal_weight=237.656 234.178 228.879 5.29902
internal_count=1335 1322 1215 107
is_linear=0
shrinkage=0.03


Tree=375
num_leaves=8
num_cat=0
split_feature=17 17 12 19 15 0 10
split_gain=4.49007 6.75504 9.85319 5.97532 10.9649 5.02354 4.15709
threshold=11.750000000000002 12.950000000000001 32.150000000000013 9.3500000000000032 36.69444444444445 89.500000000000014 0.0024083538092637834
decision_type=2 2 2 2 2 2 2
left_child=3 2 -2 4 -1 -3 -5
right_child=1 5 -4 6 -6 -7 -8
leaf_value=0.0081713786638266638 0.0075846121994913446 0.00042428520327806874 -0.021090866173450087 0.027136154750397684 -0.05393674840060525 0.016425229794543705 -0.00096097735008365988
leaf_weight=13.811208131955938 17.101205599494278 128.85557840345427 29.196530212764628 18.190052213147286 3.1399182128952807 20.463135868310928 6.4090401472058138
leaf_count=106 61 629 282 88 54 51 45
internal_value=0.00141528 -0.000487131 -0.0104989 0.0103718 -0.00333313 0.00261711 0.0198157
internal_weight=237.167 195.616 46.2977 41.5502 16.9511 149.319 24.5991
internal_count=1316 1023 343 293 160 680 133
is_linear=0
shrinkage=0.03


Tree=376
num_leaves=7
num_cat=0
split_feature=15 7 19 23 23 7
split_gain=4.75325 7.43958 4.38541 6.94569 6.80165 0.162829
threshold=37.305555555555564 22.500000000000004 13.15 283.50000000000006 108.50000000000001 16.500000000000004
decision_type=2 2 2 2 2 2
left_child=2 5 3 -1 -4 -2
right_child=1 -3 4 -5 -6 -7
leaf_value=0.0016737193270994241 -0.044349761153865262 0.014752664614255765 -0.028261750171575298 -0.03167651917693725 0.01455211794899036 -0.056730972235031756
leaf_weight=181.7729997318238 2.2669786008773367 2.75599230453372 3.6339131705462924 5.799629350192844 41.226333015365526 1.6530752107501028
leaf_count=996 33 11 16 62 190 13
internal_value=0.00194092 -0.023017 0.00265778 0.000642551 0.011084 -0.0495709
internal_weight=239.109 6.67605 232.433 187.573 44.8602 3.92005
internal_count=1321 57 1264 1058 206 46
is_linear=0
shrinkage=0.03


Tree=377
num_leaves=8
num_cat=0
split_feature=19 19 10 22 17 10 6
split_gain=4.81835 9.51188 7.86261 6.95247 9.59964 5.03631 4.51512
threshold=10.350000000000003 9.6500000000000004 -0.092429700563408518 10.603298659605818 11.750000000000002 -6.7917781733089662e-17 8.3925839929185158e-23
decision_type=2 2 2 2 2 2 2
left_child=1 2 -1 6 -5 -3 -2
right_child=3 5 -4 4 -6 -7 -8
leaf_value=0.035852419066613357 0.009161357217728516 -0.0054926909440242682 -0.0028303004422698787 0.028119412999909107 0.002690209993075776 -0.051471078736837185 -0.050860717919417577
leaf_weight=4.9197674840688697 1.7533613368868817 3.5456105866469443 122.00151848298265 16.215140792541206 75.900275961263105 5.4243219427298737 3.162236389471218
leaf_count=11 5 28 753 61 379 47 45
internal_value=0.000205182 -0.00344088 -0.00133087 0.00531147 0.00716653 -0.0332969 -0.0294512
internal_weight=232.922 135.891 126.921 97.031 92.1154 8.96993 4.9156
internal_count=1329 839 764 490 440 75 50
is_linear=0
shrinkage=0.03


Tree=378
num_leaves=5
num_cat=0
split_feature=12 15 16 13
split_gain=6.65102 4.55906 6.64297 5.19418
threshold=25.250000000000004 35.394444444444453 17.067340067340073 0.35000000000000003
decision_type=2 2 2 2
left_child=-1 2 -2 -3
right_child=1 3 -4 -5
leaf_value=0.022151805626579063 -0.022286392453069296 0.033017981628746598 0.018532655559498203 -0.0033994228578755462
leaf_weight=11.54982268810272 4.3866677945479777 3.5910252742469302 19.713668015319854 191.30762657237938
leaf_count=25 34 11 67 1199
internal_value=-3.61488e-05 -0.00120632 0.0111029 -0.00272843
internal_weight=230.549 218.999 24.1003 194.899
internal_count=1336 1311 101 1210
is_linear=0
shrinkage=0.03


Tree=379
num_leaves=7
num_cat=0
split_feature=11 7 11 7 10 7
split_gain=4.7613 10.9686 5.40422 4.54098 7.11092 5.3418
threshold=11.350000000000003 49.500000000000007 11.950000000000001 45.500000000000007 2.0871217111945779e-16 36.500000000000007
decision_type=2 2 2 2 2 2
left_child=3 2 -2 5 -5 -1
right_child=1 -3 -4 4 -6 -7
leaf_value=0.0043967148854288833 -0.016282976331890325 -0.057416746592408675 0.0010091293500570503 0.00164827666107409 0.03618385763633563 -0.026464791763938934
leaf_weight=78.477273810422048 19.180520635098219 3.2523645833134642 107.0452112374478 11.435993898659946 10.108960114419459 5.3947216868400565
leaf_count=298 115 17 834 32 14 22
internal_value=0.000833858 -0.00302008 -0.00161848 0.00556744 0.0178525 0.00241168
internal_weight=234.895 129.478 126.226 105.417 21.545 83.872
internal_count=1332 966 949 366 46 320
is_linear=0
shrinkage=0.03


Tree=380
num_leaves=4
num_cat=0
split_feature=23 23 18
split_gain=5.8221 7.05951 4.70362
threshold=35.000000000000007 58.000000000000007 104.50000000000001
decision_type=2 2 2
left_child=-1 -2 -3
right_child=1 2 -4
leaf_value=-0.033510556279187365 0.025295478970747017 -0.025960565721742004 0.0012242979943611803
leaf_weight=4.3147001517936578 10.839362673461435 5.8871599286794654 212.18534665624611
leaf_count=22 28 30 1250
internal_value=0.00101422 0.00166497 0.000490406
internal_weight=233.227 228.912 218.073
internal_count=1330 1308 1280
is_linear=0
shrinkage=0.03


Tree=381
num_leaves=7
num_cat=0
split_feature=20 23 23 23 21 17
split_gain=5.44109 3.79104 13.8083 5.37817 3.5211 4.41366
threshold=13.732222140978839 231.50000000000003 245.50000000000003 226.50000000000003 0.37105611154025714 36.050000000000004
decision_type=2 2 2 2 2 2
left_child=1 3 -3 -1 5 -2
right_child=4 2 -4 -5 -6 -7
leaf_value=0.0014511066894502558 -0.029840393885417604 -0.048929071766492922 -0.00023001533709308554 0.032547221457229047 0.032768011588582745 0.042456481418124095
leaf_weight=187.8036025792826 2.1312079373747093 6.2257992796367025 33.098682526557241 5.1427785183768711 7.9310878582764417 1.1811883449554446
leaf_count=959 61 59 220 17 34 1
internal_value=0.00153629 0.000549662 -0.00793998 0.00227994 0.0219184 -0.00405959
internal_weight=243.514 232.271 39.3245 192.946 11.2435 3.3124
internal_count=1351 1255 279 976 96 62
is_linear=0
shrinkage=0.03


Tree=382
num_leaves=8
num_cat=0
split_feature=18 19 18 21 17 20 18
split_gain=5.20758 10.3112 10.036 9.77019 4.65764 13.9011 7.4334
threshold=158.50000000000003 10.350000000000003 175.50000000000003 0.20631927964450317 13.850000000000003 10.750000000000002 133.50000000000003
decision_type=2 2 2 2 2 2 2
left_child=4 3 -3 -2 5 -1 -6
right_child=1 2 -4 -5 6 -7 -8
leaf_value=0.0094969066605372215 -0.023266146404527465 -0.042810841211321699 0.0071601466848329725 -0.0020120525952344761 0.0026506383648703838 -0.045167225697750647 0.029149022736267866
leaf_weight=19.144496676744897 30.723299628123641 3.7828999182675025 82.54918327217456 53.120897304615937 21.753702773945406 5.3587822970002881 16.952838650904596
leaf_count=61 337 24 424 298 77 63 39
internal_value=0.000424243 -0.0023069 0.00497052 -0.00980026 0.00777715 -0.00245795 0.0142565
internal_weight=233.386 170.176 86.3321 83.8442 63.2098 24.5033 38.7065
internal_count=1323 1083 448 635 240 124 116
is_linear=0
shrinkage=0.03


Tree=383
num_leaves=8
num_cat=0
split_feature=10 4 7 12 21 18 10
split_gain=5.0659 9.53264 7.36662 4.69821 6.55874 5.51558 2.32641
threshold=0.053798539445588982 6.2308480693022697e-25 29.375336954176415 39.650000000000013 0.37105611154025714 156.50000000000003 0.13657242882375212
decision_type=2 2 2 2 2 2 2
left_child=3 2 -2 5 -5 -1 -3
right_child=1 6 -4 4 -6 -7 -8
leaf_value=0.0077138948778990319 -0.030442423877693789 -0.0019955392847746918 0.0010732292493535534 -0.0010131450243406747 0.023331251127788232 -0.0046168341727035244 0.022386662911729881
leaf_weight=49.210278672864661 18.711391078657474 6.6913328720256668 10.376997904852031 19.927858201321214 19.912634762818925 97.004374635522254 7.435655809007585
leaf_count=174 197 25 29 256 99 546 18
internal_value=-0.000127491 -0.00938038 -0.0191995 0.00202169 0.0111544 -0.000466781 0.0108379
internal_weight=229.271 43.2154 29.0884 186.055 39.8405 146.215 14.127
internal_count=1344 269 226 1075 355 720 43
is_linear=0
shrinkage=0.03


Tree=384
num_leaves=5
num_cat=0
split_feature=13 5 19 12
split_gain=4.04399 3.97025 8.86326 5.09041
threshold=0.35000000000000003 13.500000000000002 12.030222499063884 33.250000000000007
decision_type=2 2 2 2
left_child=-1 3 -3 -2
right_child=1 2 -4 -5
leaf_value=0.028987529782587781 0.0094935705614574133 -0.0018331960977652462 -0.031389537672836698 -0.0018394137796398772
leaf_weight=4.2592813633382312 54.558621271513402 56.348240995081142 10.897272362140937 103.03311934531666
leaf_count=10 174 502 102 548
internal_value=2.8564e-05 -0.00052003 -0.00662286 0.00208409
internal_weight=229.097 224.837 67.2455 157.592
internal_count=1336 1326 604 722
is_linear=0
shrinkage=0.03


Tree=385
num_leaves=8
num_cat=0
split_feature=0 22 4 8 22 2 14
split_gain=5.20774 5.43034 3.87557 4.4046 3.09248 2.22993 2.1266
threshold=37.500000000000007 13.403620605521427 0.1440979329112361 1.5000000000000002 13.029965346780223 1.5000000000000002 1.0000000180025095e-35
decision_type=2 2 2 2 2 2 2
left_child=1 4 3 -2 -1 -3 -4
right_child=2 5 6 -5 -6 -7 -8
leaf_value=-0.027519196651614199 -0.027243777309562699 0.032218441597326744 0.0054816965982311767 0.0014654118281841998 -0.081252585415447956 -0.01178971750517801 0.030847437735003938
leaf_weight=4.993199522548819 4.9243740718811742 1.7384748756885526 5.8451043516397458 206.3101332783699 1.1945845400914548 2.5654501125682145 6.0572263821959496
leaf_count=183 24 6 29 988 24 47 20
internal_value=0.000763412 -0.0198926 0.00173464 0.000796133 -0.0378927 0.0059864 0.0183906
internal_weight=233.629 10.4917 223.137 211.235 6.18778 4.30392 11.9023
internal_count=1321 260 1061 1012 207 53 49
is_linear=0
shrinkage=0.03


Tree=386
num_leaves=8
num_cat=0
split_feature=10 10 0 0 23 21 16
split_gain=7.22186 7.34618 7.19916 6.85908 6.05101 3.55401 2.04792
threshold=-2.3411858341653391e-16 -1.4109437013654834e-16 48.500000000000007 62.500000000000007 151.50000000000003 0.44897775854487959 17.067340067340073
decision_type=2 2 2 2 2 2 2
left_child=3 6 -3 4 -1 -5 -2
right_child=1 2 -4 5 -6 -7 -8
leaf_value=-0.046050871205261676 -0.0091683097635404977 -0.022300270327898424 0.001337857176817468 0.024304486763468951 0.0051063043498601425 0.0071937381937355709 -0.043273659954568701
leaf_weight=3.1657943350728583 2.4122145830187938 12.464041401923167 166.44822913559619 22.576522551476955 6.0724546948913485 21.168994426727295 4.6182565107010305
leaf_count=25 25 329 765 45 53 61 47
internal_value=0.00129321 -0.00149096 -0.000308909 0.0110641 -0.0124244 0.0160244 -0.0315718
internal_weight=238.927 185.943 178.912 52.9838 9.23825 43.7455 7.03047
internal_count=1350 1166 1094 184 78 106 72
is_linear=0
shrinkage=0.03


Tree=387
num_leaves=7
num_cat=0
split_feature=17 17 10 12 14 23
split_gain=7.72106 4.2434 6.6163 5.49711 0.817975 0.279937
threshold=10.646629257543619 11.750000000000002 0.0098419918455599133 25.250000000000004 0.99527657752519316 209.50000000000003
decision_type=2 2 2 2 2 2
left_child=4 2 -2 -3 5 -1
right_child=1 3 -4 -5 -6 -7
leaf_value=-0.039804947360836035 0.017254025232283813 0.017712060296053544 -0.013460722113367032 -0.0029273888914985577 -0.063348380217040146 -0.019987183026548228
leaf_weight=1.9485302179818966 26.154911077115685 12.418269142508505 8.3197560989065078 179.31905481696595 1.1314539536833761 0.95634372229687858
leaf_count=44 144 26 76 1006 10 24
internal_value=-0.000582186 0.000151646 0.00984165 -0.00159063 -0.0417091 -0.0332805
internal_weight=230.248 226.212 34.4747 191.737 4.03633 2.90487
internal_count=1330 1252 220 1032 78 68
is_linear=0
shrinkage=0.03


Tree=388
num_leaves=7
num_cat=0
split_feature=24 13 5 16 16 6
split_gain=6.27629 16.527 6.31835 5.71013 7.89462 4.51592
threshold=1.6500000000000001 1.8500000000000003 4.5000000000000009 25.150268336314848 24.043560606060613 0.99999999321487709
decision_type=2 2 2 2 2 2
left_child=3 2 -2 4 -1 -3
right_child=1 5 -4 -5 -6 -7
leaf_value=0.00098143798236606538 -0.0072848828304016774 0.016261289127330516 -0.056078279357746591 0.022021030100892479 -0.044374216291703558 -0.014514972974756698
leaf_weight=182.96621435205452 3.3932846784591701 11.136176453903319 8.06620279047638 11.37306257104501 3.5203640328254542 6.9808273939415804
leaf_count=1134 14 29 52 29 24 32
internal_value=-0.00054298 -0.0134328 -0.04163 0.00138383 0.000125245 0.00440261
internal_weight=227.436 29.5765 11.4595 197.86 186.487 18.117
internal_count=1314 127 66 1187 1158 61
is_linear=0
shrinkage=0.03


Tree=389
num_leaves=5
num_cat=0
split_feature=19 10 10 10
split_gain=4.54864 4.20801 7.04525 4.2981
threshold=2.7500000000000004 -0.0338291265575636 -0.058349766537548788 -0.011707811890440322
decision_type=2 2 2 2
left_child=-1 2 -2 -3
right_child=1 3 -4 -5
leaf_value=0.020265874157874644 -0.0016229934194449058 0.015331808813793693 -0.043977620615870003 0.00027034282719570838
leaf_weight=10.930921355262397 12.316554076969625 18.750712506938726 4.9571675050538024 188.26624319748953
leaf_count=28 49 59 30 1179
internal_value=0.00136854 0.000447565 -0.0137778 0.00163455
internal_weight=235.222 224.291 17.2737 207.017
internal_count=1345 1317 79 1238
is_linear=0
shrinkage=0.03


Tree=390
num_leaves=7
num_cat=0
split_feature=14 21 15 15 6 7
split_gain=3.96818 11.5152 16.9548 6.8374 4.86312 3.15687
threshold=0.99999999083309621 0.49169607701043111 36.019032698853714 37.250000000000007 4.5705251802074488e-05 19.455281356790618
decision_type=2 2 2 2 2 2
left_child=3 -2 -3 4 -1 -5
right_child=1 2 -4 5 -6 -7
leaf_value=0.013247721693518705 0.021149630059035026 0.0085390323356531062 -0.041946643153195066 -0.053212605891902125 0.00058665213768194344 -0.0051421989111597481
leaf_weight=32.631041758693755 8.2462774794548732 10.638733958825471 13.691883352119474 2.8899357560439958 167.23008400353137 2.1400408027693629
leaf_count=117 25 35 78 40 1037 12
internal_value=0.000238049 -0.00948765 -0.0198714 0.0017844 0.00265381 -0.0327607
internal_weight=237.468 32.5769 24.3306 204.891 199.861 5.02998
internal_count=1344 138 113 1206 1154 52
is_linear=0
shrinkage=0.03


Tree=391
num_leaves=7
num_cat=0
split_feature=0 10 16 16 20 4
split_gain=3.38721 4.24735 15.4278 5.25743 3.88175 5.54758
threshold=34.500000000000007 -0.031468602089813412 19.723636363636366 20.037749287749293 7.8500000000000005 0.99999999999998967
decision_type=2 2 2 2 2 2
left_child=4 2 -2 -3 -1 -6
right_child=1 3 -4 -5 5 -7
leaf_value=-0.051036168257172644 0.0040205320911425989 0.00011862643405552149 -0.058194973399863757 0.010351626132299185 -0.032817254837600542 0.018445185126147706
leaf_weight=2.1884644575184193 14.625171570107343 138.69728426437359 4.7529194951057425 67.021950557362288 3.5929446416557766 4.0322581976652145
leaf_count=15 51 782 26 235 202 11
internal_value=0.00143552 0.00218769 -0.0112392 0.00345247 -0.0158173 -0.00570933
internal_weight=234.911 225.097 19.3781 205.719 9.81367 7.6252
internal_count=1322 1094 77 1017 228 213
is_linear=0
shrinkage=0.03


Tree=392
num_leaves=6
num_cat=0
split_feature=22 22 17 5 20
split_gain=3.72179 7.44809 5.40446 8.60617 5.1216
threshold=15.250000000000002 14.825679559876852 16.150000000000002 11.031549366179489 6.5500000000000007
decision_type=2 2 2 2 2
left_child=1 4 -2 -4 -1
right_child=2 -3 3 -5 -6
leaf_value=-0.03036740871489339 0.032464262312593709 -0.038125011189555205 0.018252819000317007 -0.013310125435507835 0.00071930111321194241
leaf_weight=4.8922152048908165 7.2967429608106604 4.7381176759954533 16.974072310142219 14.346200428903105 190.59507141326321
leaf_count=21 11 28 50 62 1173
internal_value=0.000685175 -0.000959466 0.00921248 0.00379546 -5.8667e-05
internal_weight=238.842 200.225 38.617 31.3203 195.487
internal_count=1345 1222 123 112 1194
is_linear=0
shrinkage=0.03


Tree=393
num_leaves=6
num_cat=0
split_feature=13 24 15 4 6
split_gain=3.96698 7.50555 10.7031 4.27745 3.28681
threshold=1.8500000000000003 1.6500000000000001 36.250000000000007 1.1162680223507022e-12 0.99999999690331343
decision_type=2 2 2 2 2
left_child=1 3 -3 -1 -2
right_child=4 2 -4 -5 -6
leaf_value=-0.00090600614068259491 0.021833452413612311 0.0071947001017798485 -0.042567708581122229 0.012859070423097743 -0.0029596582988465556
leaf_weight=178.13028595043579 13.231504281982781 6.9135787971317759 8.8946840185672027 22.933232984505594 7.5630206763744345
leaf_count=1126 32 24 50 84 30
internal_value=0.000299299 -0.000900865 -0.0208046 0.000664034 0.0128161
internal_weight=237.666 216.872 15.8083 201.064 20.7945
internal_count=1346 1284 74 1210 62
is_linear=0
shrinkage=0.03


Tree=394
num_leaves=4
num_cat=0
split_feature=24 13 24
split_gain=6.27193 5.40953 5.23928
threshold=3.5500000000000003 1.8500000000000003 1.6500000000000001
decision_type=2 2 2
left_child=1 2 -1
right_child=-2 -3 -4
leaf_value=0.0020319037692929864 -0.033585942693222598 0.021741446841977513 -0.015449714584191067
leaf_weight=192.36682590394048 4.6200014194473615 11.525276321917771 16.774952681735158
leaf_count=1184 26 28 69
internal_value=0.0010081 0.00173238 0.000629729
internal_weight=225.287 220.667 209.142
internal_count=1307 1281 1253
is_linear=0
shrinkage=0.03


Tree=395
num_leaves=5
num_cat=0
split_feature=19 19 3 19
split_gain=6.82374 4.36685 8.66752 7.24493
threshold=2.7500000000000004 8.4500000000000011 7.5000000000000009 8.7500000000000018
decision_type=2 2 2 2
left_child=-1 2 -2 -3
right_child=1 3 -4 -5
leaf_value=0.025171703846379286 0.022992148430582473 0.024306717652568234 -0.0096373528563997637 0.00047752535838305096
leaf_weight=9.6918247947469336 8.1791569045744819 12.580533847562036 70.31094960833434 131.63295485568233
leaf_count=22 75 45 459 739
internal_value=0.000529504 -0.000542899 -0.00623716 0.00255628
internal_weight=232.395 222.704 78.4901 144.213
internal_count=1340 1318 534 784
is_linear=0
shrinkage=0.03


Tree=396
num_leaves=8
num_cat=0
split_feature=14 15 12 11 0 5 22
split_gain=6.34761 9.88801 7.13219 8.68944 6.62909 5.39277 3.791
threshold=3.9140662874604723e-25 36.69444444444445 38.850000000000001 12.950000000000001 71.500000000000014 14.500000000000002 13.15
decision_type=2 2 2 2 2 2 2
left_child=1 4 3 -2 -1 -4 -3
right_child=2 6 5 -5 -6 -7 -8
leaf_value=-0.0018996030384737616 -0.0044208754498898306 -0.01036404332482152 0.0092500602074888864 -0.041300110662713795 0.024156722038919203 -0.034339498058523404 -0.062589426072147653
leaf_weight=13.08581420953851 121.38713886716869 4.3328597344225264 49.486094975378364 6.0359562198864287 26.753668002784252 2.6934341796440995 1.7586748865433035
leaf_count=115 569 58 306 63 73 112 15
internal_value=0.000202975 0.0101553 -0.0023422 -0.00616782 0.0155982 0.00700003 -0.0254419
internal_weight=225.534 45.931 179.603 127.423 39.8395 52.1795 6.09153
internal_count=1311 261 1050 632 188 418 73
is_linear=0
shrinkage=0.03


Tree=397
num_leaves=8
num_cat=0
split_feature=14 16 3 17 14 1 0
split_gain=3.78236 6.05177 5.53172 6.38447 4.7584 4.70479 0.634062
threshold=1.1997379389259054e-21 14.455555555555557 10.500000000000002 11.880659309272561 6.4121212745962259e-20 4.2231070829209783 64.500000000000014
decision_type=2 2 2 2 2 2 2
left_child=2 6 5 -4 -3 -1 -2
right_child=1 4 3 -5 -6 -7 -8
leaf_value=0.0062399174520524391 -0.020743023994037598 -0.027165718870317292 0.025484233948520937 0.0037876752235929353 0.00081219587333624689 -0.045993467477253948 -0.044283628097942292
leaf_weight=3.1693202182650566 1.6304484650026996 5.6532980342162764 17.639609425328672 39.629095636075363 169.73352271527983 3.0412394949235013 2.7951282192952931
leaf_count=12 37 51 75 207 867 88 24
internal_value=0.00125863 -0.000963882 0.00755417 0.0104705 -8.9625e-05 -0.0193382 -0.0356109
internal_weight=243.292 179.812 63.4793 57.2687 175.387 6.21056 4.42558
internal_count=1361 979 382 282 918 100 61
is_linear=0
shrinkage=0.03


Tree=398
num_leaves=7
num_cat=0
split_feature=20 20 14 23 21 24
split_gain=3.79065 3.11207 13.3302 3.36546 1.56159 2.77548
threshold=14.250000000000002 12.750000000000002 0.88260051715473675 229.50000000000003 0.37105611154025714 0.75000000000000011
decision_type=2 2 2 2 2 2
left_child=1 3 -3 -1 5 -2
right_child=4 2 -4 -5 -6 -7
leaf_value=0.0042160852598931821 0.035424722312916782 -0.0417581391656629 0.015532157800339853 -0.0055980855353240551 0.032059367588485689 -0.027486456878878074
leaf_weight=175.93904224224389 1.2392851932672777 6.9970435022842121 7.6532963743666187 38.291163837071508 5.2899986519478261 1.2861414141952989
leaf_count=833 10 166 29 242 18 31
internal_value=0.00224866 0.00154712 -0.0118298 0.00246192 0.0227939 0.00338551
internal_weight=236.696 228.881 14.6503 214.23 7.81543 2.52543
internal_count=1329 1270 195 1075 59 41
is_linear=0
shrinkage=0.03


Tree=399
num_leaves=4
num_cat=0
split_feature=12 12 20
split_gain=6.16259 8.05568 4.52857
threshold=25.250000000000004 26.800000000000001 13.732222140978839
decision_type=2 2 2
left_child=-1 -2 -3
right_child=1 2 -4
leaf_value=0.019791361600730122 -0.044928343297514273 -0.0030378979483020605 0.01775553593977771
leaf_weight=11.383196786046026 4.0201253602281204 199.54224283347139 9.893908702884799
leaf_count=25 26 1195 97
internal_value=-0.0017161 -0.00286304 -0.0020556
internal_weight=224.839 213.456 209.436
internal_count=1343 1318 1292
is_linear=0
shrinkage=0.03


end of trees

feature_importances:
admission_age=255
wbc_min=149
rr_mean=133
platelet_min=122
motor_slope=121
temp_min=116
pt_min=116
bun_min=114
pt_max=114
hemoglobin_min=113
prob_m1=107
gcs_total_first=86
prob_m2=84
platelet_max=79
bun_max=77
creatinine_min=74
hematocrit_max=71
motor_sd=68
gcs_eye_first=58
prob_m3=54
creatinine_max=52
motor_last=51
hemoglobin_max=51
motor_max=37
gcs_motor_first=9

parameters:
[boosting: gbdt]
[objective: binary]
[metric: binary_logloss]
[tree_learner: serial]
[device_type: cpu]
[data_sample_strategy: bagging]
[data: ]
[valid: ]
[num_iterations: 400]
[learning_rate: 0.03]
[num_leaves: 15]
[num_threads: 4]
[seed: 42]
[deterministic: 0]
[force_col_wise: 0]
[force_row_wise: 0]
[histogram_pool_size: -1]
[max_depth: 3]
[min_data_in_leaf: 20]
[min_sum_hessian_in_leaf: 0.001]
[bagging_fraction: 0.8]
[pos_bagging_fraction: 1]
[neg_bagging_fraction: 1]
[bagging_freq: 1]
[bagging_seed: 400]
[bagging_by_query: 0]
[feature_fraction: 0.8]
[feature_fraction_bynode: 1]
[feature_fraction_seed: 30056]
[extra_trees: 0]
[extra_seed: 12879]
[early_stopping_round: 0]
[early_stopping_min_delta: 0]
[first_metric_only: 0]
[max_delta_step: 0]
[lambda_l1: 0]
[lambda_l2: 0]
[linear_lambda: 0]
[min_gain_to_split: 0]
[drop_rate: 0.1]
[max_drop: 50]
[skip_drop: 0.5]
[xgboost_dart_mode: 0]
[uniform_drop: 0]
[drop_seed: 17869]
[top_rate: 0.2]
[other_rate: 0.1]
[min_data_per_group: 100]
[max_cat_threshold: 32]
[cat_l2: 10]
[cat_smooth: 10]
[max_cat_to_onehot: 4]
[top_k: 20]
[monotone_constraints: ]
[monotone_constraints_method: basic]
[monotone_penalty: 0]
[feature_contri: ]
[forcedsplits_filename: ]
[refit_decay_rate: 0.9]
[cegb_tradeoff: 1]
[cegb_penalty_split: 0]
[cegb_penalty_feature_lazy: ]
[cegb_penalty_feature_coupled: ]
[path_smooth: 0]
[interaction_constraints: ]
[verbosity: -1]
[saved_feature_importance_type: 0]
[use_quantized_grad: 0]
[num_grad_quant_bins: 4]
[quant_train_renew_leaf: 0]
[stochastic_rounding: 1]
[linear_tree: 0]
[max_bin: 255]
[max_bin_by_feature: ]
[min_data_in_bin: 3]
[bin_construct_sample_cnt: 200000]
[data_random_seed: 175]
[is_enable_sparse: 1]
[enable_bundle: 1]
[use_missing: 1]
[zero_as_missing: 0]
[feature_pre_filter: 1]
[pre_partition: 0]
[two_round: 0]
[header: 0]
[label_column: ]
[weight_column: ]
[group_column: ]
[ignore_column: ]
[categorical_feature: ]
[forcedbins_filename: ]
[precise_float_parser: 0]
[parser_config_file: ]
[objective_seed: 16083]
[num_class: 1]
[is_unbalance: 0]
[scale_pos_weight: 5.69758]
[sigmoid: 1]
[boost_from_average: 1]
[reg_sqrt: 0]
[alpha: 0.9]
[fair_c: 1]
[poisson_max_delta_step: 0.7]
[tweedie_variance_power: 1.5]
[lambdarank_truncation_level: 30]
[lambdarank_norm: 1]
[label_gain: ]
[lambdarank_position_bias_regularization: 0]
[eval_at: ]
[multi_error_top_k: 1]
[auc_mu_weights: ]
[num_machines: 1]
[local_listen_port: 12400]
[time_out: 120]
[machine_list_filename: ]
[machines: ]
[gpu_platform_id: -1]
[gpu_device_id: -1]
[gpu_device_id_list: ]
[gpu_use_dp: 0]
[num_gpu: 1]

end of parameters

pandas_categorical:[]
