tree
version=v4
num_class=1
num_tree_per_iteration=1
label_index=0
max_feature_idx=24
objective=binary sigmoid:1
feature_names=admission_age motor_max motor_last bun_min prob_m3 gcs_total_first prob_m2 bun_max gcs_motor_first gcs_eye_first motor_slope hemoglobin_max hematocrit_max creatinine_min prob_m1 temp_min rr_mean pt_max platelet_max wbc_min hemoglobin_min motor_sd pt_min platelet_min creatinine_max
feature_infos=[19:97] [1:6.8490488247453456] [1:6] [-1.2920510594296413:143] [0:1] [3:15] [0:1] [-2.7024687258773654:154] [1:6.0405837066571877] [1:4] [-0.28591935426937609:0.39346855108823675] [6.2000000000000002:17.300000000000001] [21.5:53.399999999999999] [0.10000000000000001:11.9] [0:1] [26.666666666666664:39.166666666666664] [10.4:32.529411764705884] [-5.5150153523509129:150] [14:1775] [-4.1425556871882385:155.5] [1.8999999999999999:16.899999999999999] [0:2.8867513459481291] [7.6426890786066135:32.100000000000001] [5:1297] [0.29999999999999999:12.9]
tree_sizes=939 962 968 967 965 972 971 971 967 975 962 978 967 973 970 969 973 978 976 979 962 974 957 974 978 970 974 976 979 873 969 879 970 965 875 984 972 978 978 974 874 979 974 977 874 981 966 979 976 974 972 964 863 871 971 977 979 983 872 987 881 873 880 987 982 978 974 976 982 975 969 872 980 981 982 877 969 881 978 884 873 973 876 984 865 777 872 881 879 983 985 980 881 671 667 974 977 672 978 866 880 873 876 883 985 866 987 675 984 995 984 985 989 659 871 869 575 677 658 678 890 677 981 883 989 675 874 886 764 571 879 568 858 676 880 886 680 880 678 882 883 875 991 884 868 678 670 978 982 664 877 665 990 890 884 678 991 662 777 880 766 577 765 892 667 774 781 881 884 676 971 678 895 780 783 664 865 873 783 985 971 887 763 675 869 885 995 677 873 888 682 983 993 882 886 984 577 893 575 784 885 984 775 769 883 571 992 680 578 883 579 993 779 575 875 876 689 693 684 662 670 980 882 664 680 981 991 781 882 882 985 565 877 889 572 974 781 871 983 982 983 988 682 978 771 984 884 675 880 788 773 988 572 678 777 783 884 573 883 984 775 865 778 676 995 573 575 977 891 675 681 783 882 976 880 883 991 888 968 872 889 779 986 784 575 677 873 990 574 681 992 672 782 674 992 780 994 774 871 785 988 573 789 583 985 1003 676 884 975 988 987 994 886 571 673 780 679 578 890 977 679 685 988 986 570 780 668 994 985 986 576 677 990 1000 886 988 684 984 887 794 973 766 888 574 988 879 665 786 570 665 1000 975 979 888 989 883 572 984 888 984 891 775 875 784 988 1003 680 678 579 663 989 681 685 902 884 988 872 872 679 677 569 882 990 881 681 979 891 895 880 688 890 888 780 784 570 680 994 684 877 575

Tree=0
num_leaves=8
num_cat=0
split_feature=9 0 0 2 3 5 0
split_gain=906.267 413.773 158.693 282 131.187 98.3439 41.203
threshold=2.2389176722955395 75.500000000000014 48.500000000000007 4.5000000000000009 63.500000000000007 13.500000000000002 74.500000000000014
decision_type=2 2 2 2 2 2 2
left_child=2 4 3 -1 -2 -3 -4
right_child=1 5 6 -5 -6 -7 -8
leaf_value=-1.5829937664570934 -1.755340029917704 -1.6161464543785617 -1.6024075605008465 -1.7753070303146306 -1.5581694636205072 -1.6855773883822069 -1.5608500046203881
leaf_weight=17.775935888290409 85.604952692985535 35.439709722995758 34.60079687833786 11.177309036254881 3.1487395763397208 38.098315954208374 56.58870929479599
leaf_count=46 627 124 108 88 6 206 112
internal_value=-1.6585 -1.70474 -1.59605 -1.65724 -1.74834 -1.65212 -1.57662
internal_weight=282.434 162.292 120.143 28.9532 88.7537 73.538 91.1895
internal_count=1317 963 354 134 633 330 220
is_linear=0
shrinkage=1


Tree=1
num_leaves=8
num_cat=0
split_feature=2 0 1 0 22 9 2
split_gain=675.867 380.753 140.937 168.724 140.64 110.264 5.06219
threshold=5.2182978211668489 75.500000000000014 4.3941300425217635 59.500000000000007 15.228285813863122 3.0321024709090252 2.5000000000000004
decision_type=2 2 2 2 2 2 2
left_child=2 4 6 -4 -2 -3 -1
right_child=1 5 3 -5 -6 -7 -8
leaf_value=0.16881046664640767 -0.021990894212272603 0.11836722921488398 0.02802085335161076 0.12474748965486047 0.095189481550041838 0.043784582805449224 0.14770333335241337
leaf_weight=38.363743394613266 77.352945476770401 39.860091924667358 21.532135710120201 65.915294110774994 10.465275615453718 32.294007793068886 13.943111956119536
leaf_count=56 583 118 128 183 43 173 28
internal_value=0.0760326 0.0339261 0.124231 0.100931 -0.00802654 0.0849863 0.163184
internal_weight=299.727 159.972 139.754 87.4474 87.8182 72.1541 52.3069
internal_count=1312 917 395 311 626 291 84
is_linear=0
shrinkage=0.03


Tree=2
num_leaves=8
num_cat=0
split_feature=6 0 7 2 11 11 16
split_gain=505.045 267.656 139.388 134.4 105.376 43.2917 38.7771
threshold=0.99998040245852537 78.500000000000014 17.500000000000004 4.5000000000000009 11.450000000000001 12.350000000000003 18.106203007518801
decision_type=2 2 2 2 2 2 2
left_child=2 4 3 -1 -2 -4 -3
right_child=1 6 5 -5 -6 -7 -8
leaf_value=0.11909517248871271 0.044134054148318863 0.04959446233887467 0.14158386127627418 0.023164969125567265 -0.026577306711092402 0.10276143336105965 0.096358758306565442
leaf_weight=24.098435521125793 27.883875578641891 27.856528595089912 65.107532829046249 28.915719360113144 59.313783675432205 42.875022768974304 37.362654134631157
leaf_count=55 152 129 109 165 457 123 125
internal_value=0.0695563 0.0304164 0.10661 0.0667716 -0.00396538 0.126169 0.0763847
internal_weight=313.414 152.417 160.997 53.0142 87.1977 107.983 65.2192
internal_count=1315 863 452 220 609 232 254
is_linear=0
shrinkage=0.03


Tree=3
num_leaves=8
num_cat=0
split_feature=2 0 11 5 0 6 4
split_gain=451.901 317.438 103.852 82.4562 69.7208 133.186 33.5758
threshold=5.2182978211668489 75.500000000000014 11.450000000000001 13.500000000000002 44.500000000000007 3.4435004852380256e-34 0.99999983487871436
decision_type=2 2 2 2 2 2 2
left_child=4 2 -2 -3 5 -1 -6
right_child=1 3 -4 -5 6 -7 -8
leaf_value=0.10610855489412914 0.042152399665789056 0.10538506407164012 -0.02690066936449213 0.045766317097400214 0.10256703031350924 -0.035615456244985154 0.13626092639327572
leaf_weight=17.792930379509929 28.524730928242207 41.871708557009697 62.66076884418726 41.643086075782776 100.10531705617905 8.9795843213796598 36.258272379636765
leaf_count=37 152 98 493 196 248 68 42
internal_value=0.0669304 0.0334016 -0.00529943 0.0756573 0.102836 0.0585739 0.111526
internal_weight=337.836 174.7 91.1855 83.5148 163.136 26.7725 136.364
internal_count=1334 939 645 294 395 105 290
is_linear=0
shrinkage=0.03


Tree=4
num_leaves=8
num_cat=0
split_feature=9 0 3 4 0 23 21
split_gain=372.681 276.003 81.5329 79.3001 165.662 62.4947 16.657
threshold=2.2389176722955395 66.500000000000014 26.500000000000004 1.0315013628699678e-31 55.500000000000007 77.500000000000014 1.266961168413214
decision_type=2 2 2 2 2 2 2
left_child=3 5 -3 4 -1 -2 -5
right_child=1 2 -4 6 -6 -7 -8
leaf_value=-0.023354145067475636 0.063922167967223165 0.039646104427368378 0.093686168276536252 0.11836541241912162 0.09137706320418694 -0.032080640188420106 0.084937205946640199
leaf_weight=14.003174945712088 6.854519009590148 80.299473367631435 36.570869967341423 69.475081630051136 59.25968599319458 55.634834721684456 16.626212641596794
leaf_count=103 32 365 106 90 137 443 42
internal_value=0.0590058 0.0293438 0.0565562 0.0923895 0.0694478 -0.02155 0.11191
internal_weight=338.724 179.36 116.87 159.364 73.2629 62.4894 86.1013
internal_count=1318 946 471 372 240 475 132
is_linear=0
shrinkage=0.03


Tree=5
num_leaves=8
num_cat=0
split_feature=2 0 22 13 7 4 0
split_gain=361.666 248.961 109.848 57.7326 57.5107 94.8774 24.612
threshold=5.2182978211668489 75.500000000000014 15.228285813863122 1.0500000000000003 16.500000000000004 6.0203292415027533e-16 65.500000000000014
decision_type=2 2 2 2 2 2 2
left_child=4 2 -2 -3 5 -1 -6
right_child=1 3 -4 -5 6 -7 -8
leaf_value=0.021146672952947653 -0.023571456531409168 0.039098993595301029 0.072525243704285633 0.086931392564787519 0.074903798852052395 0.10384561008234218 0.10612482018966961
leaf_weight=26.271900683641434 74.128988683223724 48.929602891206741 12.512852743268011 42.380507558584213 29.996536895632744 23.792810946702957 93.73686221241951
leaf_count=129 579 200 47 110 79 35 133
internal_value=0.0567973 0.0267345 -0.00969313 0.0612998 0.0875787 0.0604486 0.0985559
internal_weight=351.75 177.952 86.6418 91.3101 173.798 50.0647 123.733
internal_count=1312 936 626 310 376 164 212
is_linear=0
shrinkage=0.03


Tree=6
num_leaves=8
num_cat=0
split_feature=2 0 16 4 0 19 0
split_gain=289.993 167.724 120.753 40.4094 108.869 12.3502 6.8497
threshold=5.2182978211668489 55.500000000000007 18.548611111111118 0.99141910385054011 46.500000000000007 13.950000000000001 38.500000000000007
decision_type=2 2 2 2 2 2 2
left_child=3 5 -3 4 -1 -2 -5
right_child=1 2 -4 6 -6 -7 -8
leaf_value=-0.020669921722792309 -0.034853349880499596 0.014507707013052207 0.070135496260657834 0.082946957439522795 0.079421726014376109 0.0061073785567715751 0.10527694622564233
leaf_weight=10.773227125406263 32.349636323750019 69.276555642485619 71.231621116399765 16.543566480278969 106.11003088951111 8.3310528397560102 48.929485097527504
leaf_count=72 272 360 237 28 232 60 48
internal_value=0.0540578 0.0271777 0.0427086 0.0807658 0.0701962 -0.0264649 0.0996347
internal_weight=363.545 181.189 140.508 182.356 116.883 40.6807 65.4731
internal_count=1309 929 597 380 304 332 76
is_linear=0
shrinkage=0.03


Tree=7
num_leaves=8
num_cat=0
split_feature=2 0 3 5 0 1 4
split_gain=249.578 240.518 92.1663 42.4962 37.403 83.2062 26.8092
threshold=5.2182978211668489 75.500000000000014 49.500000000000007 13.500000000000002 37.500000000000007 4.3941300425217635 2.6696576854298232e-05
decision_type=2 2 2 2 2 2 2
left_child=4 2 -2 -3 5 -1 -6
right_child=1 3 -4 -5 6 -7 -8
leaf_value=0.080194418049449864 -0.016442613448180411 0.080193317829825708 0.10609405039700284 0.040373037903166764 0.072696957154770342 -0.035802074272873609 0.097729229980110646
leaf_weight=16.784690126776699 82.246911361813545 48.366780057549477 5.9221499115228644 48.115387752652168 117.72243630886078 8.3265024870634061 57.22278805077076
leaf_count=26 627 100 12 192 254 63 54
internal_value=0.0527558 0.0276045 -0.00821206 0.0603351 0.0759702 0.0417317 0.0808848
internal_weight=384.708 184.651 88.1691 96.4822 200.056 25.1112 174.945
internal_count=1328 931 639 292 397 89 308
is_linear=0
shrinkage=0.03


Tree=8
num_leaves=8
num_cat=0
split_feature=9 0 11 20 0 4 7
split_gain=259.968 187.268 96.7099 49.1283 45.0701 106.84 7.3462
threshold=2.2389176722955395 75.500000000000014 11.350000000000003 9.028309943190008 74.500000000000014 0.57697845111028812 17.500000000000004
decision_type=2 2 2 2 2 2 2
left_child=4 2 -2 -3 5 -1 -6
right_child=1 3 -4 -5 6 -7 -8
leaf_value=0.024487321070388847 0.03282664935680886 0.082468410375647061 -0.032081462847754871 0.036960291446902362 0.066149794264923456 0.087164124249385549 0.090820136655427763
leaf_weight=45.936534680426121 31.917017161846161 29.338456928730011 58.571617916226387 78.40947662293911 12.656783834099768 52.396765246987343 76.655003592371941
leaf_count=203 159 61 485 275 25 60 83
internal_value=0.0465874 0.0226305 -0.00918717 0.0493516 0.0718966 0.0578846 0.087324
internal_weight=385.882 198.237 90.4886 107.748 187.645 98.3333 89.3118
internal_count=1351 980 644 336 371 263 108
is_linear=0
shrinkage=0.03


Tree=9
num_leaves=8
num_cat=0
split_feature=9 11 0 16 0 4 0
split_gain=228.785 158.443 125.997 65.3949 37.6426 106.844 8.91548
threshold=2.2389176722955395 11.350000000000003 81.500000000000014 16.206389452332662 58.500000000000007 0.99141910385054011 80.500000000000014
decision_type=2 2 2 2 2 2 2
left_child=4 3 -3 -2 5 -1 -6
right_child=1 2 -4 -5 6 -7 -8
leaf_value=-0.0047609619808079194 -0.0098538048299847206 -0.023797053085010837 0.041781065425713533 0.065249672584346968 0.069378315914722669 0.080295779837420853 0.084338882711765512
leaf_weight=21.200071699917316 12.158234626054762 71.108115047216415 41.909132927656174 73.592253938317299 66.894497871398926 35.630318209528923 77.250120997428894
leaf_count=130 67 540 135 213 117 41 85
internal_value=0.0466729 0.0238515 0.00052067 0.054601 0.0692437 0.0485661 0.077396
internal_weight=399.743 198.768 113.017 85.7505 200.975 56.8304 144.145
internal_count=1328 955 675 280 373 171 202
is_linear=0
shrinkage=0.03


Tree=10
num_leaves=8
num_cat=0
split_feature=5 20 7 4 3 3 0
split_gain=191.071 116.327 86.2323 69.4124 38.1254 30.4378 21.5646
threshold=13.500000000000002 10.15 14.290072155037317 5.1910388223691674e-35 57.500000000000007 24.500000000000004 84.500000000000014
decision_type=2 2 2 2 2 2 2
left_child=2 4 3 -1 -2 -4 -3
right_child=1 6 5 -5 -6 -7 -8
leaf_value=-0.003871292738891155 0.030659216562603536 -0.031663472988069111 0.055726755505663306 0.060270630449569075 0.10614327579367532 0.079428709837669059 0.011704544650548649
leaf_weight=35.700691699981689 42.025391913950443 43.838252268731594 151.14760059863329 26.422400780022144 7.0293499231338492 71.986887529492378 13.496017098426817
leaf_count=218 175 349 367 56 10 94 58
internal_value=0.0418734 0.00756166 0.0546702 0.0234098 0.0414758 0.0633734 -0.021455
internal_weight=391.647 106.389 285.258 62.1231 49.0547 223.134 57.3343
internal_count=1327 592 735 274 185 461 407
is_linear=0
shrinkage=0.03


Tree=11
num_leaves=8
num_cat=0
split_feature=1 0 11 21 4 20 16
split_gain=169.144 175.989 118.489 44.397 23.8735 50.5606 7.8419
threshold=5.3413484633586661 75.500000000000014 11.450000000000001 0.24626781251816651 7.2220274591168371e-33 10.350000000000003 20.080540540540543
decision_type=2 2 2 2 2 2 2
left_child=4 2 -2 -3 5 -1 -6
right_child=1 3 -4 -5 6 -7 -8
leaf_value=0.071808350306369437 0.036242231372886492 0.027882137636083645 -0.028033614536064948 0.062266896461221112 0.07866468032215887 0.0097194253258120686 0.061936295190451879
leaf_weight=29.503074616193771 41.326078802347183 60.662270754575729 68.758890114724636 76.308765634894371 65.620193719863892 19.676222443580627 40.965333111584187
leaf_count=47 173 221 558 147 65 74 59
internal_value=0.0397748 0.024339 -0.00390436 0.0470384 0.0642574 0.0469671 0.0722353
internal_weight=402.821 247.056 110.085 136.971 155.765 49.1793 106.586
internal_count=1344 1099 731 368 245 121 124
is_linear=0
shrinkage=0.03


Tree=12
num_leaves=8
num_cat=0
split_feature=2 3 17 18 18 3 22
split_gain=181.227 103.353 54.0953 34.253 23.4425 32.7888 15.4824
threshold=5.2182978211668489 13.500000000000002 13.850000000000003 87.500000000000014 234.50000000000003 15.469215319512793 12.541778474999136
decision_type=2 2 2 2 2 2 2
left_child=4 3 -3 -2 6 -6 -1
right_child=1 2 -4 -5 5 -7 -8
leaf_value=0.054244219444934273 0.065420558259886588 0.01557661497654223 0.054379184955253658 -0.016372314270804194 0.02279533227603819 0.062978376207368084 0.074119842030209146
leaf_weight=56.484937012195587 4.9843673631548873 61.674377329647541 67.974282950162888 61.020589403808117 31.473760992288589 43.58445180952549 93.9255495890975
leaf_count=110 18 278 188 448 110 61 114
internal_value=0.0414895 0.020363 0.0359206 -0.0101957 0.0598223 0.0461286 0.0666558
internal_weight=421.122 195.654 129.649 66.005 225.469 75.0582 150.41
internal_count=1327 932 466 466 395 171 224
is_linear=0
shrinkage=0.03


Tree=13
num_leaves=8
num_cat=0
split_feature=2 7 22 5 7 23 1
split_gain=193.837 93.0222 47.0514 38.9551 25.7783 32.3469 8.44901
threshold=5.2182978211668489 21.125261158708042 15.228285813863122 13.500000000000002 17.500000000000004 204.50000000000003 5.3413484633586661
decision_type=2 2 2 2 2 2 2
left_child=4 2 -2 -3 5 -1 -6
right_child=1 3 -4 -5 6 -7 -8
leaf_value=0.053454212458948096 -0.010458431899330411 0.057698202747204337 0.049952469979186787 0.019577333624676972 0.068376736756339554 0.0066633568759832569 0.052693398462239742
leaf_weight=59.134154491126537 90.34627028554678 47.226963326334953 13.313211381435393 49.321508005261421 115.42426714301109 17.154362179338932 42.224567353725433
leaf_count=124 613 99 42 208 122 67 86
internal_value=0.0387041 0.0170355 -0.00269973 0.0382243 0.0572485 0.0429327 0.0641761
internal_weight=434.145 200.208 103.659 96.5485 233.937 76.2885 157.649
internal_count=1361 962 655 307 399 191 208
is_linear=0
shrinkage=0.03


Tree=14
num_leaves=8
num_cat=0
split_feature=6 0 11 7 2 5 3
split_gain=140.173 114.713 81.0405 48.8743 62.919 28.8786 11.4184
threshold=0.99998040245852537 81.500000000000014 10.950000000000001 17.500000000000004 4.5000000000000009 14.500000000000002 22.500000000000004
decision_type=2 2 2 2 2 2 2
left_child=3 2 -2 4 -1 -3 -5
right_child=1 5 -4 6 -6 -7 -8
leaf_value=0.05702831937361668 0.034761547997605606 0.056408249339386499 -0.021252555982163034 0.05415715994971184 0.0015156920791213552 0.015518174981331134 0.069769313305545699
leaf_weight=40.749046847224236 34.652624636888504 56.614965945482254 70.620621338486671 93.955254688858986 33.467573404312134 21.428265258669853 76.48365019261837
leaf_count=61 133 118 549 155 168 81 79
internal_value=0.0374532 0.0176187 -0.00281448 0.0523149 0.0319952 0.0451811 0.061163
internal_weight=427.972 183.316 105.273 244.656 74.2166 78.0432 170.439
internal_count=1344 881 682 463 229 199 234
is_linear=0
shrinkage=0.03


Tree=15
num_leaves=8
num_cat=0
split_feature=5 0 12 13 22 1 21
split_gain=118.25 141.15 59.228 32.5673 12.3721 16.4199 4.38994
threshold=6.5000000000000009 66.500000000000014 33.650000000000013 0.95000000000000007 11.906539655328363 4.3941300425217635 1.0700989071886469
decision_type=2 2 2 2 2 2 2
left_child=4 2 -2 -3 5 -1 -6
right_child=1 3 -4 -5 6 -7 -8
leaf_value=0.05864969624619306 0.028107463007529768 0.024766023589589049 -0.024747318060012412 0.049402826914411321 0.065555780261834146 0.012308864539639605 0.051615247607164683
leaf_weight=16.955932870507244 27.898706138134003 91.773202687501907 60.371217772364616 101.91701901704073 80.877636961638927 11.582079440355299 27.156577751040459
leaf_count=18 117 315 478 226 83 36 45
internal_value=0.0344984 0.0234004 -0.00804197 0.0377296 0.0574107 0.0398424 0.0620515
internal_weight=418.532 281.96 88.2699 193.69 136.572 28.538 108.034
internal_count=1318 1136 595 541 182 54 128
is_linear=0
shrinkage=0.03


Tree=16
num_leaves=8
num_cat=0
split_feature=6 0 11 10 0 9 0
split_gain=165.62 99.0504 77.7954 32.2144 68.0991 30.8242 6.74819
threshold=0.99998040245852537 79.500000000000014 11.450000000000001 0.0024083538092637834 74.500000000000014 3.6096502986167152 37.500000000000007
decision_type=2 2 2 2 2 2 2
left_child=3 2 -2 6 -5 -3 -1
right_child=1 5 -4 4 -6 -7 -8
leaf_value=0.042598128516145715 0.023989947576516346 0.050726603370244011 -0.03179751281808265 0.0093573303704632387 0.056531332679577891 0.015258168114619277 0.062033752986024822
leaf_weight=18.500274091959 37.907721973955631 49.962995871901512 55.338291428983212 45.131190568208694 70.661436662077904 39.475308388471603 122.79892607033253
leaf_count=37 159 97 488 180 92 144 143
internal_value=0.0343566 0.0125164 -0.00911799 0.0498758 0.0381449 0.0350719 0.0594891
internal_weight=439.776 182.684 93.246 257.092 115.793 89.4383 141.299
internal_count=1340 888 647 452 272 241 180
is_linear=0
shrinkage=0.03


Tree=17
num_leaves=8
num_cat=0
split_feature=9 0 20 20 0 4 4
split_gain=119.65 118.277 53.2494 36.1197 22.7648 72.3581 9.75692
threshold=2.2389176722955395 75.500000000000014 10.050000000000002 12.550000000000002 47.500000000000007 0.99141910385054011 2.6696576854298232e-05
decision_type=2 2 2 2 2 2 2
left_child=4 2 -2 -3 5 -1 -6
right_child=1 3 -4 -5 6 -7 -8
leaf_value=-0.025659267598837004 0.018223041166875894 0.040555701049814534 -0.028384153651054716 -0.022379062965310902 0.049528800196558344 0.055960548343560956 0.06474533889603204
leaf_weight=14.187844045460222 38.788841813802719 122.79820831120014 51.162583746016026 8.7952379286289197 119.06373428553343 31.432936951518059 55.651119783520699
leaf_count=95 180 294 443 41 194 35 43
internal_value=0.0337946 0.0182265 -0.00828621 0.0363494 0.0494481 0.0305772 0.0543757
internal_weight=441.881 221.545 89.9514 131.593 220.336 45.6208 174.715
internal_count=1325 958 623 335 367 130 237
is_linear=0
shrinkage=0.03


Tree=18
num_leaves=8
num_cat=0
split_feature=2 16 0 22 6 0 15
split_gain=121.339 96.701 78.2564 31.6835 23.9516 39.8968 6.59557
threshold=5.2182978211668489 17.754310344827591 55.500000000000007 13.400228847124842 1.186207745328435e-19 50.500000000000007 36.527777777777779
decision_type=2 2 2 2 2 2 2
left_child=4 3 -3 -2 6 -6 -1
right_child=1 2 -4 -5 5 -7 -8
leaf_value=0.059349789439414193 -0.026979172503194405 -0.025892270912208273 0.039876247103540395 0.015059522496496662 -0.020109474100295753 0.041749503260191688 0.044249229464280997
leaf_weight=91.307587802410126 48.680315308272839 19.101595252752304 110.33606205135584 24.134918212890625 10.33940828591585 101.52181927859783 36.413708731532097
leaf_count=86 351 168 310 104 68 188 53
internal_value=0.0317228 0.014612 0.0301705 -0.0130453 0.0461675 0.0360318 0.0550446
internal_weight=441.835 202.253 129.438 72.8152 239.583 111.861 127.721
internal_count=1328 933 478 455 395 256 139
is_linear=0
shrinkage=0.03


Tree=19
num_leaves=8
num_cat=0
split_feature=6 22 3 7 4 16 21
split_gain=121.072 69.9178 54.2773 32.3212 56.0102 27.2084 13.5027
threshold=0.99998040245852537 13.850000000000003 20.500000000000004 16.500000000000004 1.1162680223507022e-12 20.037749287749293 1.535811910444643
decision_type=2 2 2 2 2 2 2
left_child=3 2 -2 4 -1 -3 -5
right_child=1 5 -4 6 -6 -7 -8
leaf_value=-0.0013387021470627524 -0.016432809464617927 0.021233910650796214 0.025783777323935615 0.052503316001431627 0.053296881242917329 0.061963405203974059 0.025349647232194492
leaf_weight=34.319353111088276 79.933255553245544 37.654629617929459 41.712199591100216 165.83225959539413 33.246608667075634 24.279444016516209 18.300707772374153
leaf_count=164 559 137 131 210 39 50 46
internal_value=0.0297801 0.0112538 -0.00195675 0.0432924 0.0255454 0.0372007 0.0498046
internal_weight=435.278 183.58 121.645 251.699 67.566 61.9341 184.133
internal_count=1336 877 690 459 203 187 256
is_linear=0
shrinkage=0.03


Tree=20
num_leaves=8
num_cat=0
split_feature=2 0 12 16 20 18 16
split_gain=109.415 112.545 44.6203 32.7957 19.1564 22.5917 6.4882
threshold=5.2182978211668489 78.500000000000014 28.200000000000006 17.321290322580648 10.15 220.50000000000003 19.773504273504276
decision_type=2 2 2 2 2 2 2
left_child=4 2 -2 -3 6 -6 -1
right_child=1 3 -4 -5 5 -7 -8
leaf_value=0.056156731160217861 0.038039051077339826 0.0050916279606548721 -0.018680583822226031 0.044261081486173491 0.045289920702875158 0.017821286070683576 0.041557793234679383
leaf_weight=93.168973833322525 14.822802960872648 25.045003101229668 79.068177670240402 82.974797517061234 72.926007784903049 42.740991942584515 38.811736539006233
leaf_count=110 44 92 623 171 115 121 59
internal_value=0.0306887 0.0142978 -0.00972611 0.0351794 0.0440525 0.0351398 0.0518636
internal_weight=449.558 201.911 93.891 108.02 247.648 115.667 131.981
internal_count=1335 930 667 263 405 236 169
is_linear=0
shrinkage=0.03


Tree=21
num_leaves=8
num_cat=0
split_feature=9 11 0 0 1 18 19
split_gain=117.191 71.0722 72.6183 29.1708 54.897 26.7361 15.2398
threshold=2.2389176722955395 11.118073140071335 81.500000000000014 47.500000000000007 4.3941300425217635 135.50000000000003 13.050000000000002
decision_type=2 2 2 2 2 2 2
left_child=3 5 -3 4 -1 -2 -5
right_child=1 2 -4 6 -6 -7 -8
leaf_value=0.048559332819405034 0.056779731580199548 -0.021965327017317494 0.024069897007326403 0.042455415151483239 -0.026427053123723808 0.021351455836234105 0.061054556329644023
leaf_weight=22.368429869413376 28.782909393310547 71.752022296190262 54.086150527000427 124.81305907666683 14.471291057765482 57.405889391899109 58.108458779752254
leaf_count=24 59 574 147 191 98 187 53
internal_value=0.0281071 0.0121955 -0.00217906 0.0434587 0.0191034 0.0331828 0.0483638
internal_weight=431.788 212.027 125.838 219.761 36.8397 86.1888 182.922
internal_count=1333 967 721 366 122 246 244
is_linear=0
shrinkage=0.03


Tree=22
num_leaves=8
num_cat=0
split_feature=9 0 12 19 6 0 10
split_gain=98.0861 125.606 55.4746 29.1179 21.7566 27.963 11.5
threshold=1.5000000000000002 67.500000000000014 25.250000000000004 11.15 0.00012858615831802704 77.500000000000014 0.0024083538092637834
decision_type=2 2 2 2 2 2 2
left_child=4 2 -2 -3 6 -6 -1
right_child=1 3 -4 -5 5 -7 -8
leaf_value=0.054090749848596034 0.06820523404366631 0.020257998086462742 -0.025995750811029682 0.046075098037625759 -0.014551450379094394 0.044433679310586865 0.03864885540970138
leaf_weight=99.846852794289589 6.151142328977584 114.60100677609444 65.945587575435638 59.851752862334251 12.486498787999155 17.193469941616058 76.78402004390955
leaf_count=89 11 356 536 119 67 23 133
internal_value=0.0281216 0.0153498 -0.0179587 0.0291154 0.0433844 0.0196184 0.0473779
internal_weight=452.86 246.549 72.0967 174.453 206.311 29.68 176.631
internal_count=1334 1022 547 475 312 90 222
is_linear=0
shrinkage=0.03


Tree=23
num_leaves=8
num_cat=0
split_feature=4 3 12 22 15 19 16
split_gain=81.8866 79.7498 34.1864 33.4195 4.21494 5.22737 1.84887
threshold=8.004254916332089e-24 13.500000000000002 32.050000000000004 13.400228847124842 36.361111111111121 13.450000000000001 20.080540540540543
decision_type=2 2 2 2 2 2 2
left_child=1 3 -3 -1 6 -6 -2
right_child=4 2 -4 -5 5 -7 -8
leaf_value=-0.015757666356313899 0.057474297199937116 0.045003350678292899 0.020084694541884687 0.022965063997727127 0.032697032449228211 0.053838357632846924 0.047381496958637026
leaf_weight=67.674507804214954 38.782137542963028 74.396220266819 148.36870083957911 28.509394854307175 26.026302471756935 17.673886224627495 28.222899854183197
leaf_count=469 30 137 474 113 44 16 30
internal_value=0.0262655 0.0185495 0.0284067 -0.00428005 0.0484958 0.0412473 0.0532232
internal_weight=429.654 318.949 222.765 96.1839 110.705 43.7002 67.005
internal_count=1313 1193 611 582 120 60 60
is_linear=0
shrinkage=0.03


Tree=24
num_leaves=8
num_cat=0
split_feature=2 0 3 0 14 23 11
split_gain=93.5565 99.0949 55.2616 16.9621 41.6468 7.65821 0.0714521
threshold=5.2182978211668489 55.500000000000007 26.500000000000004 58.500000000000007 1.6914486802666355e-05 131.50000000000003 10.850000000000003
decision_type=2 2 2 2 2 2 2
left_child=3 6 -3 4 -1 -5 -2
right_child=1 2 -4 5 -6 -7 -8
leaf_value=0.042809840830293294 -0.037237052910923309 0.0090108904642499064 0.04500455671177421 0.053795402639827794 -0.0057403610011163815 0.040179172407939487 -0.033601860087753135
leaf_weight=49.12219201028347 5.8486984744667998 112.24365898966789 58.344654746353626 53.5005853921175 23.513241834938526 121.83095103502274 28.973018109798431
leaf_count=64 39 474 112 56 110 175 312
internal_value=0.0268804 0.0119072 0.0213215 0.0392838 0.0270934 0.044334 -0.0342124
internal_weight=453.377 205.41 170.588 247.967 72.6354 175.332 34.8217
internal_count=1342 937 586 405 174 231 351
is_linear=0
shrinkage=0.03


Tree=25
num_leaves=8
num_cat=0
split_feature=2 0 13 16 22 21 23
split_gain=64.9233 115.602 28.5367 27.8067 5.59489 5.77385 3.53968
threshold=4.5000000000000009 61.500000000000007 1.2137138933697378 23.592809364548497 11.906539655328363 0.21570930329580143 30.000000000000004
decision_type=2 2 2 2 2 2 2
left_child=4 3 -3 -2 5 -1 -6
right_child=1 2 -4 -5 6 -7 -8
leaf_value=0.051988709378923602 -0.022421979010530294 0.020924992418640841 0.042860672669521628 0.044535506799646185 -0.065981312005892537 0.02237125779030159 0.047512098687911369
leaf_weight=8.7180327624082583 61.412658616900444 165.32547479867935 78.824517905712128 6.140144631266593 0.24794557690620322 18.483971610665321 98.600117892026901
leaf_count=7 505 501 133 26 1 34 102
internal_value=0.0257439 0.0183969 0.028007 -0.0163359 0.0439118 0.0318634 0.0472274
internal_weight=437.753 311.703 244.15 67.5528 126.05 27.202 98.8481
internal_count=1309 1165 634 531 144 41 103
is_linear=0
shrinkage=0.03


Tree=26
num_leaves=8
num_cat=0
split_feature=9 7 22 20 15 7 10
split_gain=84.7001 71.1584 49.0848 28.5606 20.4238 29.3497 7.6848
threshold=2.2389176722955395 21.125261158708042 13.750000000000002 11.742404160230963 36.361111111111121 18.123569260752486 0.050969930636623688
decision_type=2 2 2 2 2 2 2
left_child=4 2 -2 -3 6 -6 -1
right_child=1 3 -4 -5 5 -7 -8
leaf_value=0.052232876205129085 -0.020409732815707352 0.032377711555622461 0.025211926272111898 -0.015469176234686181 0.0085211739597458314 0.040297298994289438 0.033256485041223582
leaf_weight=72.090715453028679 74.45807521045208 99.928523018956184 29.687751710414886 12.64927890896797 41.754199750721455 70.047576904296875 26.181911088526249
leaf_count=72 530 239 106 67 151 90 48
internal_value=0.0236256 0.0104677 -0.00740485 0.0270016 0.0371999 0.02843 0.0471772
internal_weight=426.798 216.724 104.146 112.578 210.074 111.802 98.2726
internal_count=1303 942 636 306 361 241 120
is_linear=0
shrinkage=0.03


Tree=27
num_leaves=8
num_cat=0
split_feature=5 11 7 4 12 16 0
split_gain=83.0017 49.3076 40.961 46.509 27.9547 19.1132 16.3948
threshold=13.500000000000002 12.236259865849332 17.500000000000004 3.3953528489430142e-16 25.550000000000004 20.080540540540543 74.500000000000014
decision_type=2 2 2 2 2 2 2
left_child=2 4 3 -1 -2 -3 -4
right_child=1 5 6 -5 -6 -7 -8
leaf_value=0.00065166245820841404 0.059816506823997501 -0.036135853291470094 0.026844020748482481 0.04259337953330062 0.0083642052542694592 0.011724179813990307 0.044180634293468982
leaf_weight=66.350357741117477 11.303205281496046 31.384268119931221 72.851194739341736 37.100227832794189 59.69129753857851 9.8720648214220983 150.53700311481953
leaf_count=335 18 282 171 46 231 51 179
internal_value=0.0236556 0.00139895 0.0312995 0.0156931 0.016556 -0.0246836 0.0385268
internal_weight=439.09 112.251 326.839 103.451 70.9945 41.2563 223.388
internal_count=1313 582 731 381 249 333 350
is_linear=0
shrinkage=0.03


Tree=28
num_leaves=8
num_cat=0
split_feature=6 11 0 16 10 0 0
split_gain=73.478 59.1003 54.2049 34.8286 28.3042 38.7689 7.36369
threshold=0.99998964238358712 11.621836141986458 79.500000000000014 17.321290322580648 0.0024083538092637834 74.500000000000014 38.500000000000007
decision_type=2 2 2 2 2 2 2
left_child=4 3 -3 -2 6 -6 -1
right_child=1 2 -4 -5 5 -7 -8
leaf_value=0.025873447948944042 -0.00083177235970552301 -0.03097435440549726 0.015051334809093294 0.03705204749750584 0.0022558034662168527 0.037320988945395199 0.045019743798073289
leaf_weight=21.065557211637497 31.87749682366848 46.303704813122749 45.816077098250389 69.36983846873045 49.034855648875237 67.360075086355209 127.50765509903431
leaf_count=43 131 455 126 169 185 92 149
internal_value=0.0233652 0.0093043 -0.00808333 0.0251244 0.0336265 0.0225487 0.0423051
internal_weight=458.335 193.367 92.1198 101.247 264.968 116.395 148.573
internal_count=1350 881 581 300 469 277 192
is_linear=0
shrinkage=0.03


Tree=29
num_leaves=7
num_cat=0
split_feature=5 3 23 0 4 9
split_gain=84.1733 51.9282 46.2406 42.1804 75.0002 14.2838
threshold=13.500000000000002 57.500000000000007 64.500000000000014 55.500000000000007 0.99141910385054011 1.5000000000000002
decision_type=2 2 2 2 2 2
left_child=3 2 -2 4 -1 -5
right_child=1 -3 -4 5 -6 -7
leaf_value=-0.019299481272979441 0.055720574334607163 0.065368408707801612 -0.011622064184499426 0.042632856039918239 0.041947996729017133 0.028767796625195709
leaf_weight=36.866120606660843 10.167719148099421 10.358245998620985 94.149555280804634 149.48883184790611 35.150889009237289 120.99974165856838
leaf_count=273 20 11 556 174 37 264
internal_value=0.0235497 0.00130316 -0.00505823 0.0309982 0.0105949 0.0364305
internal_weight=457.181 114.676 104.317 342.506 72.017 270.489
internal_count=1335 587 576 748 310 438
is_linear=0
shrinkage=0.03


Tree=30
num_leaves=8
num_cat=0
split_feature=6 0 12 21 0 15 0
split_gain=75.21 51.9441 52.7393 20.0655 29.1696 19.4599 14.8632
threshold=0.99998040245852537 79.500000000000014 24.550000000000004 1.700145145719514 76.500000000000014 36.788888888888899 44.500000000000007
decision_type=2 2 2 2 2 2 2
left_child=3 2 -2 6 -5 -3 -1
right_child=1 5 -4 4 -6 -7 -8
leaf_value=0.016644031172939878 0.065856976219068539 0.02556744428592107 -0.017556232892939418 -0.041426097501219908 0.031783160341581386 -0.026061758885931992 0.037736942157095624
leaf_weight=35.55425638705492 7.4704928994178763 89.165187761187553 78.577789686620235 7.9559677168726948 12.74495781958103 7.0930975675582877 194.79630356281996
leaf_count=109 9 211 609 50 19 26 277
internal_value=0.0212886 0.00662248 -0.0103145 0.0319388 0.00364671 0.021763 0.0344813
internal_weight=433.358 182.307 86.0483 251.051 20.7009 96.2583 230.351
internal_count=1310 855 618 455 69 237 386
is_linear=0
shrinkage=0.03


Tree=31
num_leaves=7
num_cat=0
split_feature=5 23 10 3 4 10
split_gain=68.3031 56.8763 39.3782 32.0307 50.7314 3.37454
threshold=13.500000000000002 64.500000000000014 -2.9394060735890009e-16 22.500000000000004 0.14410539944580728 -5.4725504043591367e-17
decision_type=2 2 2 2 2 2
left_child=3 -2 -3 4 -1 -5
right_child=1 2 -4 5 -6 -7
leaf_value=0.013041539247851824 0.061644790572886667 0.037149397583691589 -0.013621810804941726 0.0498122855157309 0.044137882138680064 0.038355186164637747
leaf_weight=161.24193793535233 12.674494922161101 16.303580410778522 87.737983070313931 36.20116613805294 66.769679322838783 64.113321699202061
leaf_count=565 20 42 532 33 64 84
internal_value=0.0213555 0.0016436 -0.00566583 0.0283628 0.0221476 0.0424898
internal_weight=445.042 116.716 104.042 328.326 228.012 100.314
internal_count=1340 594 574 746 629 117
is_linear=0
shrinkage=0.03


Tree=32
num_leaves=8
num_cat=0
split_feature=2 0 0 15 14 15 2
split_gain=63.1335 82.2549 35.7002 6.134 7.20687 1.79071 0.0626884
threshold=4.5000000000000009 46.500000000000007 77.500000000000014 36.361111111111121 0.36481648717727094 35.361111111111121 5.4589527757161109
decision_type=2 2 2 2 2 2 2
left_child=3 6 -3 5 -5 -1 -2
right_child=1 2 -4 4 -6 -7 -8
leaf_value=0.038924455585676337 -0.036577135380328335 0.0037633604992068121 0.025747207022784678 0.039431598165049764 0.017406346827238472 0.048796873552630446 -0.033615391193826998
leaf_weight=32.253437399864197 9.2324235513806361 107.20711907744408 175.01244485378265 32.80262166261673 22.570226281881332 33.931670054793358 21.203114278614521
leaf_count=34 66 526 366 36 44 29 239
internal_value=0.0194758 0.012343 0.0173962 0.0378217 0.030454 0.0439858 -0.0345138
internal_weight=434.213 312.655 282.22 121.558 55.3728 66.1851 30.4355
internal_count=1340 1197 892 143 80 63 305
is_linear=0
shrinkage=0.03


Tree=33
num_leaves=8
num_cat=0
split_feature=2 0 12 13 0 1 18
split_gain=62.4601 59.0258 30.0738 28.4946 15.8667 34.29 6.5112
threshold=5.2182978211668489 66.500000000000014 28.200000000000006 1.0500000000000003 74.500000000000014 4.3941300425217635 252.50000000000003
decision_type=2 2 2 2 2 2 2
left_child=4 2 -2 -3 5 -1 -6
right_child=1 3 -4 -5 6 -7 -8
leaf_value=0.041273472083290096 0.026527048995188658 0.0075402450146821315 -0.026987286991064927 0.0330982568230088 0.043397699653926231 0.0094560474421360469 0.025058262422569831
leaf_weight=58.7188800573349 11.923576474189757 83.065095961093903 45.582186371088028 74.446477450430393 98.0701884329319 63.398520611226559 21.187553510069847
leaf_count=57 35 298 462 146 102 199 32
internal_value=0.0218814 0.0101226 -0.0158913 0.01962 0.0323562 0.0247551 0.0401395
internal_weight=456.392 215.017 57.5058 157.512 241.375 122.117 119.258
internal_count=1331 941 497 444 390 256 134
is_linear=0
shrinkage=0.03


Tree=34
num_leaves=7
num_cat=0
split_feature=5 23 3 7 1 17
split_gain=54.4113 45.3142 40.4981 30.5355 24.7662 19.7389
threshold=13.500000000000002 64.500000000000014 57.500000000000007 15.500000000000002 4.3941300425217635 13.850000000000003
decision_type=2 2 2 2 2 2
left_child=3 -2 -3 4 -1 -5
right_child=1 2 -4 5 -6 -7
leaf_value=0.036388969505439496 0.055607092905006344 -0.0093713578354693225 0.055522395219072269 0.022856585912705913 -2.0197488168584153e-06 0.040005873610527161
leaf_weight=23.837014511227608 13.083327941596506 96.704033203423023 9.5058702453970891 113.82368335872889 57.267193533480167 128.71028695255518
leaf_count=26 19 567 12 242 291 179
internal_value=0.020245 0.00292612 -0.00356332 0.0266287 0.0106935 0.0319575
internal_weight=442.931 119.293 106.21 323.638 81.1042 242.534
internal_count=1336 598 579 738 317 421
is_linear=0
shrinkage=0.03


Tree=35
num_leaves=8
num_cat=0
split_feature=9 3 20 14 14 11 22
split_gain=51.3218 57.6992 28.0534 27.3229 20.572 28.4148 6.46794
threshold=2.2389176722955395 13.500000000000002 11.450000000000001 1.0150486447978186e-07 4.6382554453868421e-09 13.050000000000002 12.724877391112759
decision_type=2 2 2 2 2 2 2
left_child=4 3 -3 -2 6 -6 -1
right_child=1 2 -4 -5 5 -7 -8
leaf_value=0.02930796635273979 -0.032368928041713652 0.024368498070686962 -0.0050935666057300112 0.011650519528910197 0.028961562041017172 -0.0056168873081618772 0.046623357288687065
leaf_weight=30.122917674481869 37.984427772462368 123.5686911791563 38.041964285075665 19.057693839073181 96.343284875154495 27.491360329091549 54.619451142847538
leaf_count=53 344 305 189 94 159 102 54
internal_value=0.0184331 0.00827765 0.0174333 -0.0176621 0.029079 0.0212851 0.0404683
internal_weight=427.23 218.653 161.611 57.0421 208.577 123.835 84.7424
internal_count=1300 932 494 438 368 261 107
is_linear=0
shrinkage=0.03


Tree=36
num_leaves=8
num_cat=0
split_feature=2 0 16 0 4 4 11
split_gain=47.139 50.7708 37.066 14.5107 25.448 9.11553 0.020658
threshold=5.2182978211668489 49.500000000000007 18.506410256410259 37.500000000000007 0.99999144859377509 2.6696576854298232e-05 10.850000000000003
decision_type=2 2 2 2 2 2 2
left_child=3 6 -3 4 -1 -5 -2
right_child=1 2 -4 5 -6 -7 -8
leaf_value=-0.025708601605107715 -0.035974008700932113 0.0020628823701576773 0.02819024324199108 0.028889575382157459 0.030992643144321947 0.042911210235469337 -0.033065036588320169
leaf_weight=11.073028273880483 2.4882170408964184 95.722049556672573 99.837917514145374 151.60831476002932 19.974028199911118 57.574450895190239 18.779977269470692
leaf_count=66 19 416 261 256 25 50 237
internal_value=0.0207552 0.0106142 0.0154015 0.0299083 0.01077 0.0327488 -0.0334054
internal_weight=457.058 216.828 195.56 240.23 31.0471 209.183 21.2682
internal_count=1330 933 677 397 91 306 256
is_linear=0
shrinkage=0.03


Tree=37
num_leaves=8
num_cat=0
split_feature=9 11 17 14 3 18 22
split_gain=43.8759 40.8345 28.8968 19.8206 22.0691 18.9163 2.96919
threshold=2.2389176722955395 11.118073140071335 13.750000000000002 4.6382554453868421e-09 14.133577074285872 259.50000000000006 13.750000000000002
decision_type=2 2 2 2 2 2 2
left_child=3 5 -3 6 -5 -2 -1
right_child=1 2 -4 4 -6 -7 -8
leaf_value=0.034673226548533123 0.028182572686059473 -0.016941537538645694 0.011945757866510982 0.0025330035303897675 0.0287985334367842 -0.0066133967043760658 0.047533358543886607
leaf_weight=50.429248243570328 78.167718105018139 70.064138114452362 56.136336766183376 45.384742625057697 78.743835844099522 17.145278789103031 23.77619893848896
leaf_count=75 179 499 210 154 111 67 21
internal_value=0.0162786 0.00710194 -0.00409193 0.0265278 0.0191952 0.0219233 0.0387937
internal_weight=419.847 221.513 126.2 198.334 124.129 95.313 74.2054
internal_count=1316 955 709 361 265 246 96
is_linear=0
shrinkage=0.03


Tree=38
num_leaves=8
num_cat=0
split_feature=9 7 18 14 0 20 0
split_gain=48.2227 42.187 42.7821 22.4902 19.3612 19.1118 6.38465
threshold=2.2389176722955395 22.500000000000004 133.50000000000003 4.6382554453868421e-09 58.500000000000007 11.950000000000001 47.500000000000007
decision_type=2 2 2 2 2 2 2
left_child=3 2 -2 6 -5 -3 -1
right_child=1 5 -4 4 -6 -7 -8
leaf_value=0.025120924395375097 0.029234476998655012 0.024609827197923543 -0.015145809190354626 -0.00386828143347659 0.025187700738765098 -0.01683712792003093 0.043354140945567603
leaf_weight=23.558366894721985 24.890199072659016 97.876646712422371 91.098550286144018 26.955755569040775 88.086282715201378 11.153962664306162 64.901092052459717
leaf_count=42 82 222 616 118 139 54 72
internal_value=0.0165424 0.00697192 -0.00562218 0.0271249 0.0183795 0.0203698 0.0384983
internal_weight=428.521 225.019 115.989 203.501 115.042 109.031 88.4595
internal_count=1345 974 698 371 257 276 114
is_linear=0
shrinkage=0.03


Tree=39
num_leaves=8
num_cat=0
split_feature=2 7 19 1 7 14 18
split_gain=44.1309 41.3757 35.6147 11.5571 15.5143 5.74858 1.96488
threshold=5.2182978211668489 42.500000000000007 10.532494837013298 4.3941300425217635 22.500000000000004 5.6246579037056076e-14 240.50000000000003
decision_type=2 2 2 2 2 2 2
left_child=3 2 -2 6 -5 -3 -1
right_child=1 5 -4 4 -6 -7 -8
leaf_value=0.039836891619461273 -0.0081220715095129854 0.051677971772231678 0.019686876996862616 0.014209108225108711 0.033614454870963574 0.027355766092288892 0.029517833880558338
leaf_weight=52.253242537379265 112.08773754537106 14.893136568367479 65.767544392496347 89.18703804910183 63.464713290333748 21.188146457076073 24.344580873847008
leaf_count=50 612 22 282 235 82 38 30
internal_value=0.0179032 0.00810351 0.00216116 0.0270483 0.0222768 0.0373952 0.0365573
internal_weight=443.186 213.937 177.855 229.25 152.652 36.0813 76.5978
internal_count=1351 954 894 397 317 60 80
is_linear=0
shrinkage=0.03


Tree=40
num_leaves=7
num_cat=0
split_feature=0 1 11 23 21 14
split_gain=42.626 64.9598 32.2991 17.2959 23.2063 15.2293
threshold=75.500000000000014 5.3413484633586661 11.450000000000001 60.500000000000007 0.21085756520634263 0.99999995453292267
decision_type=2 2 2 2 2 2
left_child=1 5 -3 -2 -5 -1
right_child=3 2 -4 4 -6 -7
leaf_value=0.031958776312248166 0.063228598067930172 0.010259525983452337 -0.022305851769993293 0.01197019717741288 0.032030954427409365 0.0027163666825471117
leaf_weight=75.98094218224287 10.961758762598036 49.218542121350765 61.863809004426003 82.241543665528297 140.6636560857296 20.313898667693138
leaf_count=112 9 182 553 211 203 61
internal_value=0.0176583 0.00775626 -0.00787673 0.0264387 0.0246295 0.0257899
internal_weight=441.244 207.377 111.082 233.867 222.905 96.2948
internal_count=1331 908 735 423 414 173
is_linear=0
shrinkage=0.03


Tree=41
num_leaves=8
num_cat=0
split_feature=5 11 16 0 2 22 24
split_gain=55.9307 31.3704 34.1415 28.6082 50.2001 17.8349 7.34359
threshold=13.500000000000002 9.5500000000000025 19.459935897435901 46.500000000000007 4.5000000000000009 10.327182904492068 1.2296031021657658
decision_type=2 2 2 2 2 2 2
left_child=3 6 -3 4 -1 -5 -2
right_child=1 2 -4 5 -6 -7 -8
leaf_value=0.027554713923143778 0.0064211544883676459 -0.024144099265922869 0.015158052976107273 -0.013112037613246415 -0.034942761632741778 0.028422447634934161 0.040067523690109921
leaf_weight=27.942032113671303 9.1726486235857028 55.933049682527781 30.872468210756779 9.6546864286065084 19.737806387245655 256.57205427438021 16.059722721576691
leaf_count=41 27 418 121 33 187 469 24
internal_value=0.0165889 -0.00160762 -0.0101662 0.0230835 0.00168292 0.0269162 0.0278362
internal_weight=425.944 112.038 86.8055 313.907 47.6798 266.227 25.2324
internal_count=1320 590 539 730 228 502 51
is_linear=0
shrinkage=0.03


Tree=42
num_leaves=8
num_cat=0
split_feature=9 0 16 10 15 0 18
split_gain=49.8913 54.5867 27.5983 21.2466 11.5964 23.4382 3.73102
threshold=1.5000000000000002 66.500000000000014 18.569498069498074 -0.01075552981450636 36.361111111111121 48.500000000000007 235.50000000000003
decision_type=2 2 2 2 2 2 2
left_child=4 2 -2 -3 6 -6 -1
right_child=1 3 -4 -5 5 -7 -8
leaf_value=0.040562810209955141 -0.035903482087486949 0.03556398756556034 0.003917548560080108 0.010388801314951308 -0.016981261052931705 0.02677238367442146 0.02765499013712315
leaf_weight=55.703637354075909 32.823419686406851 37.579121723771095 29.962600447237492 153.04204738885164 12.839472830295561 77.711297981441021 31.580125488340855
leaf_count=59 337 57 196 451 67 120 52
internal_value=0.015909 0.00736085 -0.0169002 0.0153518 0.0280898 0.0205684 0.0358926
internal_weight=431.242 253.407 62.786 190.621 177.835 90.5508 87.2838
internal_count=1339 1041 533 508 298 187 111
is_linear=0
shrinkage=0.03


Tree=43
num_leaves=8
num_cat=0
split_feature=1 22 18 20 15 7 10
split_gain=51.4153 46.7257 47.9018 21.7892 12.2221 13.3449 3.51406
threshold=5.3413484633586661 12.724877391112759 128.50000000000003 12.250000000000002 36.361111111111121 15.500000000000002 0.041185169237075298
decision_type=2 2 2 2 2 2 2
left_child=4 2 -2 -3 6 -6 -1
right_child=1 3 -4 -5 5 -7 -8
leaf_value=0.039293005214723266 0.035411267760336138 0.021398688440919196 -0.016051507179400657 -0.018854991477331513 -0.0016131403395658694 0.026291548016115884 0.024684092268478636
leaf_weight=60.955218613147736 19.401185370981693 128.90343644469976 101.12914958968759 13.356406431645153 20.589598290622234 61.482844457030296 19.578665718436241
leaf_count=64 50 328 612 98 64 94 33
internal_value=0.0141796 0.00597539 -0.00776779 0.0176194 0.0274384 0.0192911 0.0357414
internal_weight=425.397 262.79 120.53 142.26 162.606 82.0724 80.5339
internal_count=1343 1088 662 426 255 158 97
is_linear=0
shrinkage=0.03


Tree=44
num_leaves=7
num_cat=0
split_feature=4 0 19 19 0 4
split_gain=43.3457 55.7988 29.8847 8.18761 4.3614 4.57845
threshold=1.7892960410815497e-22 46.500000000000007 11.350000000000003 2.7500000000000004 35.500000000000007 0.57697845111028812
decision_type=2 2 2 2 2 2
left_child=1 3 -3 -1 -2 -6
right_child=4 2 -4 -5 5 -7
leaf_value=0.027226950752161385 0.019551686719329654 0.007239755897025006 0.027881976898175832 -0.034358390400107651 0.025935567317231737 0.040904983690763223
leaf_weight=2.0931628197431591 19.267877094447613 206.31091218814254 90.947613313794136 27.059675958007574 28.897219754755497 50.567008271813393
leaf_count=6 33 679 212 306 45 47
internal_value=0.0149393 0.00967094 0.0135553 -0.0299366 0.0323565 0.0354613
internal_weight=425.143 326.411 297.259 29.1528 98.7321 79.4642
internal_count=1328 1203 891 312 125 92
is_linear=0
shrinkage=0.03


Tree=45
num_leaves=8
num_cat=0
split_feature=5 20 19 4 7 14 16
split_gain=50.6146 47.8439 22.4538 19.6184 20.039 16.3877 1.52707
threshold=13.500000000000002 10.250000000000002 2.6500000000000008 0.57697845111028812 15.500000000000002 2.7680714674619334e-23 20.080540540540543
decision_type=2 2 2 2 2 2 2
left_child=3 2 -2 4 -1 -3 -5
right_child=1 5 -4 6 -6 -7 -8
leaf_value=0.00055726241201796043 0.05359065580634003 -0.0056592858471800024 0.0067383390241247815 0.038675508587069869 0.021191630379142946 -0.038962494462345711 0.029811373814682893
leaf_weight=55.197428751736879 11.07209876179695 24.714597165584564 54.620674923062325 36.718787088990211 182.09900889545679 28.787888161838055 33.403986796736717
leaf_count=267 13 171 182 37 378 240 42
internal_value=0.0140773 -0.00251773 0.014635 0.0205116 0.0163919 -0.0235786 0.034453
internal_weight=426.614 119.195 65.6928 307.419 237.296 53.5025 70.1228
internal_count=1330 606 195 724 645 411 79
is_linear=0
shrinkage=0.03


Tree=46
num_leaves=8
num_cat=0
split_feature=2 0 3 15 0 15 6
split_gain=46.2933 67.2413 22.5875 5.854 8.90131 1.95427 0.0980191
threshold=4.5000000000000009 49.500000000000007 61.500000000000007 36.361111111111121 67.500000000000014 35.305555555555564 0.76612752540980944
decision_type=2 2 2 2 2 2 2
left_child=3 6 -3 5 -5 -1 -2
right_child=1 2 -4 4 -6 -7 -8
leaf_value=0.031597865389427868 -0.03665442795374358 0.010832158393474275 0.05137620704175494 0.0083955079952315586 0.03386102127725208 0.042500305003812612 -0.033097431355014736
leaf_weight=28.914001286029816 10.902532830834391 263.429024502635 12.975945547223089 21.10149073600769 29.798765987157822 30.307483747601509 19.342536270618439
leaf_count=34 82 829 13 45 34 28 260
internal_value=0.0140802 0.00808852 0.0127355 0.0307648 0.0233039 0.0371774 -0.0343796
internal_weight=416.772 306.65 276.405 110.122 50.9003 59.2215 30.2451
internal_count=1325 1184 842 141 79 62 342
is_linear=0
shrinkage=0.03


Tree=47
num_leaves=8
num_cat=0
split_feature=0 1 13 5 20 10 13
split_gain=38.8959 62.9172 39.0399 22.564 25.6285 14.6642 10.8338
threshold=75.500000000000014 5.3413484633586661 0.35000000000000003 14.500000000000002 10.250000000000002 1.841757257543807e-16 0.95000000000000007
decision_type=2 2 2 2 2 2 2
left_child=1 5 -3 6 -5 -1 -2
right_child=3 2 -4 4 -6 -7 -8
leaf_value=0.031278239813054276 0.018304158742931766 0.077755640855619007 -0.015434297938556831 0.021267398212778618 -0.030571575559059001 0.0054975268993336093 0.032414457542468487
leaf_weight=58.58998666703701 89.547945410013199 4.2136733531951895 101.60428361594677 20.964205533266068 14.533721610903738 30.036740511655807 108.078423589468
leaf_count=84 174 10 733 47 69 78 148
internal_value=0.0138015 0.00389399 -0.0117235 0.0220652 4.32515e-05 0.0225408 0.0260208
internal_weight=427.569 194.445 105.818 233.124 35.4979 88.6267 197.626
internal_count=1343 905 743 438 116 162 322
is_linear=0
shrinkage=0.03


Tree=48
num_leaves=8
num_cat=0
split_feature=2 0 13 13 14 3 17
split_gain=38.3027 42.0337 24.5728 19.9765 14.5702 20.7348 5.92662
threshold=5.2182978211668489 78.500000000000014 0.35000000000000003 0.95000000000000007 0.91813394189600539 12.500000000000002 15.029775344615915
decision_type=2 2 2 2 2 2 2
left_child=4 2 -2 -3 6 -6 -1
right_child=1 3 -4 -5 5 -7 -8
leaf_value=0.024407600650433799 0.073499117854087775 0.0025613649871208963 -0.01378707057806218 0.027811909052646713 -0.011548665465640163 0.022296484756818426 0.038132158880769575
leaf_weight=63.877532266080379 3.00683819502592 49.68589024245739 83.836902037262917 65.202532976865768 21.219988770782948 70.136587515473366 50.867129907011986
leaf_count=114 8 146 662 118 85 114 58
internal_value=0.0142787 0.00498584 -0.0107649 0.0168918 0.0233745 0.0144351 0.0304918
internal_weight=407.833 201.732 86.8437 114.888 206.101 91.3566 114.745
internal_count=1305 934 670 264 371 199 172
is_linear=0
shrinkage=0.03


Tree=49
num_leaves=8
num_cat=0
split_feature=0 2 5 19 19 22 15
split_gain=44.1846 54.0627 30.4554 33.1489 27.2983 11.6165 5.81268
threshold=62.500000000000007 4.5000000000000009 12.500000000000002 4.2500000000000009 13.950000000000001 15.350000000000003 36.361111111111121
decision_type=2 2 2 2 2 2 2
left_child=1 6 5 -4 -3 -2 -1
right_child=2 4 3 -5 -6 -7 -8
leaf_value=0.033167258504455281 0.023605054892924155 -0.028937143475012375 0.048665857673714154 0.0010293705032579416 0.018028883014775159 0.044851518787819566 0.0096318363609711952
leaf_weight=25.351757705211639 158.45629518479109 54.56196365877986 15.092864997684954 101.98414319753647 13.994980748742817 27.124950975179672 15.051689967513083
leaf_count=30 257 493 24 375 90 30 32
internal_value=0.0132543 -0.0031271 0.0191518 0.00717038 -0.0193497 0.0267105 0.0243995
internal_weight=411.619 108.96 302.658 117.077 68.5569 185.581 40.4034
internal_count=1331 645 686 399 583 287 62
is_linear=0
shrinkage=0.03


Tree=50
num_leaves=8
num_cat=0
split_feature=1 3 19 21 0 1 15
split_gain=40.4157 41.9761 35.766 17.7159 11.5945 21.978 4.65588
threshold=5.3413484633586661 25.500000000000004 11.350000000000003 0.41262122891655761 58.500000000000007 4.3941300425217635 36.894444444444453
decision_type=2 2 2 2 2 2 2
left_child=4 2 -2 -3 5 -1 -6
right_child=1 3 -4 -5 6 -7 -8
leaf_value=0.027292588118919776 -0.011914075900896806 0.0089303216741519476 0.017748946179914866 0.037069703533971127 0.03353215191738796 -0.016559190071667944 0.016144242414316338
leaf_weight=29.682716012001038 127.93647006526589 41.33969347178936 51.233278054744005 39.258674189448357 79.247768148779869 15.741111829876898 16.797199085354805
leaf_count=39 701 109 239 47 95 72 28
internal_value=0.0116828 0.00465637 -0.00343199 0.0226367 0.0245848 0.0120963 0.0304912
internal_weight=401.237 259.768 179.17 80.5984 141.469 45.4238 96.045
internal_count=1330 1096 940 156 234 111 123
is_linear=0
shrinkage=0.03


Tree=51
num_leaves=8
num_cat=0
split_feature=1 0 13 19 4 19 16
split_gain=54.3626 49.0229 29.6037 27.0907 7.3895 12.6298 3.98244
threshold=5.3413484633586661 66.500000000000014 1.4444106105910415 11.15 1.0315013628699678e-31 13.050000000000002 21.884444444444448
decision_type=2 2 2 2 2 2 2
left_child=4 2 -2 -3 5 -1 -6
right_child=1 3 -4 -5 6 -7 -8
leaf_value=0.0070573962782368334 -0.026328073997964222 0.00419203677537362 0.030407825240986286 0.028303171165817178 0.035745912404338949 0.036003357819995689 0.020982627395184122
leaf_weight=34.239147074520588 56.445624683052301 130.69078079611063 9.6992679685354215 61.759083688259125 70.419500827789307 22.469191275537014 21.454938560724258
leaf_count=87 536 392 21 123 79 33 33
internal_value=0.0125809 0.00427181 -0.0180085 0.0119295 0.0270421 0.0185265 0.0322983
internal_weight=407.178 258.595 66.1449 192.45 148.583 56.7083 91.8744
internal_count=1304 1072 557 515 232 120 112
is_linear=0
shrinkage=0.03


Tree=52
num_leaves=7
num_cat=0
split_feature=3 4 0 3 8 0
split_gain=33.5164 37.2157 38.4193 8.65464 16.559 3.54357
threshold=22.500000000000004 0.14410539944580728 83.500000000000014 63.500000000000007 5.0162272961811469 38.500000000000007
decision_type=2 2 2 2 2 2
left_child=1 2 -1 4 -2 -3
right_child=3 5 -4 -5 -6 -7
leaf_value=-0.0050069807394945813 0.033629504619667329 0.020289237402701523 0.021126827321761396 0.047599455484465855 0.011533220110425391 0.037975350031308835
leaf_weight=162.827671661973 65.877194076776505 14.953000292181967 73.471916735172272 14.905191257596014 56.877963960170746 32.047130838036537
leaf_count=885 76 23 150 15 146 34
internal_value=0.0138688 0.00796803 0.00311873 0.0260124 0.0233913 0.0323485
internal_weight=420.96 283.3 236.3 137.66 122.755 47.0001
internal_count=1329 1092 1035 237 222 57
is_linear=0
shrinkage=0.03


Tree=53
num_leaves=7
num_cat=0
split_feature=1 0 22 23 7 22
split_gain=35.5184 45.1504 47.6344 15.7105 3.91352 0.462305
threshold=4.3941300425217635 75.500000000000014 13.138713958645626 60.500000000000007 15.500000000000002 12.927959894464021
decision_type=2 2 2 2 2 2
left_child=4 2 -2 -3 -1 -6
right_child=1 3 -4 -5 5 -7
leaf_value=0.020604181131600303 -0.021838116387526443 0.05087037051549749 0.014461802779770515 0.014761302267208702 0.033687170671214718 0.039830289013442634
leaf_weight=17.965283080935478 73.530941311269999 11.507386624813078 58.355462215840816 188.17387340962887 19.438408091664314 25.47422593832016
leaf_count=27 585 11 220 402 22 25
internal_value=0.0117655 0.00784523 -0.00577658 0.0168422 0.0324379 0.0371715
internal_weight=394.446 331.568 131.886 199.681 62.8779 44.9126
internal_count=1292 1218 805 413 74 47
is_linear=0
shrinkage=0.03


Tree=54
num_leaves=8
num_cat=0
split_feature=6 0 19 19 21 0 15
split_gain=34.1535 40.698 30.639 9.23431 8.94516 14.8462 4.27048
threshold=1.186207745328435e-19 46.500000000000007 11.350000000000003 22.250000000000004 1.1889469391884659 68.500000000000014 36.305555555555564
decision_type=2 2 2 2 2 2 2
left_child=4 3 -3 -2 6 -6 -1
right_child=1 2 -4 -5 5 -7 -8
leaf_value=0.03868039831615698 -0.033898854323384756 0.0037508923416662543 0.024678737356659937 0.040333792603281397 -0.018940200073502583 0.031378792170762219 0.023987297776152407
leaf_weight=43.554501727223396 23.810324352234606 198.55859051272273 92.194244150072336 1.610185608267783 8.9249943122267741 12.910976603627203 30.110756799578667
leaf_count=46 302 681 211 3 33 16 46
internal_value=0.0119533 0.00720431 0.0103869 -0.0291968 0.0276758 0.010812 0.0326746
internal_weight=411.675 316.173 290.753 25.4205 95.5012 21.836 73.6653
internal_count=1338 1197 892 305 141 49 92
is_linear=0
shrinkage=0.03


Tree=55
num_leaves=8
num_cat=0
split_feature=5 18 20 22 0 16 1
split_gain=43.0752 42.2249 28.4438 20.4191 19.4622 17.1927 6.7134
threshold=13.500000000000002 158.50000000000003 10.250000000000002 10.327182904492068 46.500000000000007 21.345238095238098 5.3413484633586661
decision_type=2 2 2 2 2 2 2
left_child=3 2 -2 6 -5 -3 -1
right_child=1 5 -4 4 -6 -7 -8
leaf_value=0.00089598202047187195 0.034150198673216406 -0.02638439547858127 -0.024295621984042965 -0.0010988879972891605 0.021895872445794343 0.010690960972236263 -0.051826201705488968
leaf_weight=3.9969178885221481 30.320546351373196 55.604239359498024 9.9546052329242212 38.409544818103313 240.84836369380355 14.114175591617821 4.7652216665446741
leaf_count=11 58 413 60 206 472 53 32
internal_value=0.0112192 -0.0047511 0.0197044 0.0173182 0.0187331 -0.0188787 -0.0277766
internal_weight=398.014 109.994 40.2752 288.02 279.258 69.7184 8.76214
internal_count=1305 584 118 721 678 466 43
is_linear=0
shrinkage=0.03


Tree=56
num_leaves=8
num_cat=0
split_feature=2 16 11 5 14 7 0
split_gain=38.266 35.1603 38.2754 17.4467 13.8489 14.0381 5.04137
threshold=5.2182978211668489 17.321290322580648 11.350000000000003 13.500000000000002 5.6246579037056076e-14 22.500000000000004 71.500000000000014
decision_type=2 2 2 2 2 2 2
left_child=4 3 -3 -2 6 -6 -1
right_child=1 2 -4 -5 5 -7 -8
leaf_value=0.026044339721433395 -0.0017306101076565313 0.025565359500221273 -0.0053134386406809677 -0.034263345158011618 0.0071344444449390372 0.025826677038478556 0.044162093335102924
leaf_weight=40.230874873697758 30.764270931482315 71.645738273859024 72.87607254087925 28.654418803751469 82.835622362792492 64.17344842851162 21.057075798511505
leaf_count=60 150 153 391 244 216 90 22
internal_value=0.0112447 0.0020074 0.00999452 -0.0174194 0.0202887 0.0152941 0.0322692
internal_weight=412.238 203.941 144.522 59.4187 208.297 147.009 61.288
internal_count=1326 938 544 394 388 306 82
is_linear=0
shrinkage=0.03


Tree=57
num_leaves=8
num_cat=0
split_feature=2 3 22 21 18 0 14
split_gain=40.4394 30.2187 22.8061 20.6065 15.2983 20.6539 8.01037
threshold=5.2182978211668489 20.500000000000004 13.138713958645626 0.2771187801049419 235.50000000000003 58.500000000000007 0.9999999999982585
decision_type=2 2 2 2 2 2 2
left_child=4 2 -2 -3 6 -6 -1
right_child=1 3 -4 -5 5 -7 -8
leaf_value=0.028374760740580065 -0.021283668325451199 -0.00084823794293442179 0.0072284625515703083 0.028482308138337544 -0.020413815861221242 0.017693370948017446 0.0089769174374084732
leaf_weight=110.35933795571327 67.603736992925406 45.095436573028564 40.299376182258129 41.302609123289585 17.682579718530178 46.364211834967136 23.184824422001839
leaf_count=171 548 142 189 68 77 83 50
internal_value=0.00966977 -4.84351e-05 -0.010635 0.0131732 0.0192262 0.00717242 0.0250071
internal_weight=391.892 194.301 107.903 86.398 197.591 64.0468 133.544
internal_count=1328 947 737 210 381 160 221
is_linear=0
shrinkage=0.03


Tree=58
num_leaves=7
num_cat=0
split_feature=7 1 16 22 9 17
split_gain=25.6149 21.6582 27.5408 17.318 15.3286 2.05281
threshold=13.500000000000002 4.3941300425217635 17.85696040868455 15.228285813863122 2.2389176722955395 14.950000000000001
decision_type=2 2 2 2 2 2
left_child=3 5 -3 4 -1 -2
right_child=1 2 -4 -5 -6 -7
leaf_value=0.0011681955211028355 0.023702204784323395 -0.0031467933925497624 0.016673409901278812 0.028024718074633269 -0.030493157862182572 0.035649975167716556
leaf_weight=28.031870655715466 22.810802027583122 99.05409549176693 173.81176959723234 10.289504677057264 27.034789331257343 29.916866019368172
leaf_count=109 33 395 443 24 277 34
internal_value=0.00943923 0.0128797 0.0094784 -0.0077004 -0.0143758 0.0304812
internal_weight=390.95 325.594 272.866 65.3562 55.0667 52.7277
internal_count=1315 905 838 410 386 67
is_linear=0
shrinkage=0.03


Tree=59
num_leaves=8
num_cat=0
split_feature=9 10 22 0 5 0 10
split_gain=42.6122 40.9386 26.8493 24.172 36.4792 12.3512 5.65281
threshold=3.0321024709090252 4.4824540198152476e-17 12.447121609498135 49.500000000000007 3.5000000000000004 87.500000000000014 0.0086606572883710323
decision_type=2 2 2 2 2 2 2
left_child=3 2 -2 4 -1 -5 -3
right_child=1 6 -4 5 -6 -7 -8
leaf_value=0.029285093678685998 -0.016017403591335373 -0.042522549494863157 0.019844906739416183 0.016501002378282219 -0.02611483129868078 0.03136766623313942 -0.018387998927029896
leaf_weight=18.273421600461006 28.906550403684378 18.899261303246021 53.679580442607403 164.36064672842622 25.801023259758949 72.471392869949341 16.239343550056219
leaf_count=28 188 139 177 370 228 97 101
internal_value=0.0109041 -0.00424716 0.00729249 0.0172539 -0.00314583 0.0210503 -0.0313687
internal_weight=398.631 117.725 82.5861 280.906 44.0744 236.832 35.1386
internal_count=1328 605 365 723 256 467 240
is_linear=0
shrinkage=0.03


Tree=60
num_leaves=7
num_cat=0
split_feature=4 0 19 8 0 1
split_gain=31.7275 36.9075 27.0823 9.05937 6.36213 0.0475609
threshold=1.0315013628699678e-31 46.500000000000007 11.350000000000003 4.5000000000000009 47.500000000000007 5.3413484633586661
decision_type=2 2 2 2 2 2
left_child=1 5 -3 4 -2 -1
right_child=3 2 -4 -5 -6 -7
leaf_value=-0.036257755127408066 0.013646378200491848 0.000369715459832943 0.020688685126053895 -0.00015548205339205683 0.032274961074856612 -0.032823394193417732
leaf_weight=4.5856261178851154 22.595439355820417 184.37780570983887 86.844432048499584 12.472722485661505 61.165323279798031 17.398427184671164
leaf_count=35 44 665 211 36 78 266
internal_value=0.00875113 0.0038455 0.00687578 0.0236977 0.0272497 -0.0335398
internal_weight=389.44 293.206 271.222 96.2335 83.7608 21.9841
internal_count=1335 1177 876 158 122 301
is_linear=0
shrinkage=0.03


Tree=61
num_leaves=7
num_cat=0
split_feature=9 23 3 0 2 17
split_gain=40.2934 33.3948 31.7266 14.2473 23.6348 3.45484
threshold=2.2389176722955395 60.500000000000007 31.500000000000004 78.500000000000014 4.5000000000000009 13.950000000000001
decision_type=2 2 2 2 2 2
left_child=3 -2 -3 4 -1 -5
right_child=1 2 -4 5 -6 -7
leaf_value=0.025259639301821176 0.037446610315168063 -0.010528030005722999 0.019223733885576764 0.023757063693123508 -0.0023350731341349714 0.036774422248889799
leaf_weight=60.811200603842735 19.462069310247898 143.94994875043631 41.574967175722122 41.562523722648621 51.669951051473618 32.85453225672245
leaf_count=89 38 824 83 59 203 35
internal_value=0.00924641 6.10051e-05 -0.00386085 0.0193208 0.0125836 0.0295041
internal_weight=391.885 204.987 185.525 186.898 112.481 74.4171
internal_count=1331 945 907 386 292 94
is_linear=0
shrinkage=0.03


Tree=62
num_leaves=7
num_cat=0
split_feature=5 23 10 22 0 9
split_gain=25.8618 33.6668 29.2972 19.4311 17.2865 12.0476
threshold=13.500000000000002 64.500000000000014 -2.9394060735890009e-16 10.327182904492068 37.500000000000007 1.5000000000000002
decision_type=2 2 2 2 2 2
left_child=3 -2 -3 5 -5 -1
right_child=1 2 -4 4 -6 -7
leaf_value=-0.059631249761000218 0.039561493013673711 0.025961539443135274 -0.015905386066485658 -0.004878466722068972 0.01946526640302813 0.0087733785084666664
leaf_weight=4.8855511471629125 15.559352792799471 18.571336559951305 79.170641340315342 29.333691839128733 249.94857739657164 4.4080017097294331
leaf_count=28 24 45 531 162 533 16
internal_value=0.0107197 -0.00142583 -0.00795052 0.0154883 0.0169084 -0.0271864
internal_weight=401.877 113.301 97.742 288.576 279.282 9.29355
internal_count=1339 600 576 739 695 44
is_linear=0
shrinkage=0.03


Tree=63
num_leaves=8
num_cat=0
split_feature=9 0 11 10 0 4 4
split_gain=30.7013 36.2871 21.3624 19.1304 13.4908 21.5875 5.21172
threshold=1.5000000000000002 66.500000000000014 8.0500000000000025 -2.3272150736874946e-16 55.500000000000007 2.0570390255740267e-31 3.3953528489430142e-16
decision_type=2 2 2 2 2 2 2
left_child=4 2 -2 -3 5 -1 -6
right_child=1 3 -4 -5 6 -7 -8
leaf_value=-0.03725327542901874 0.037318746986478898 0.026495183521275237 -0.025065241274267062 0.0030036264974334492 0.020246563250081517 0.015908234058525244 0.034510550449184905
leaf_weight=8.8115263767540437 5.4626082777976981 40.555127158761024 51.660689279437065 135.23947428911924 75.97876051068306 31.274782180786133 33.095850974321365
leaf_count=75 10 68 525 425 123 59 41
internal_value=0.00847843 0.0016731 -0.0190996 0.00842304 0.0191051 0.0042226 0.0245746
internal_weight=382.079 232.918 57.1233 175.795 149.161 40.0863 109.075
internal_count=1326 1028 535 493 298 134 164
is_linear=0
shrinkage=0.03


Tree=64
num_leaves=8
num_cat=0
split_feature=22 15 1 23 11 18 17
split_gain=32.5432 26.2892 31.9132 19.9152 15.5529 15.2103 5.28105
threshold=12.724877391112759 37.083333333333336 5.3413484633586661 162.50000000000003 10.050000000000002 97.500000000000014 28.150000000000002
decision_type=2 2 2 2 2 2 2
left_child=1 2 -1 6 -5 -3 -2
right_child=3 5 -4 4 -6 -7 -8
leaf_value=0.019597294971211304 0.022763728275156169 0.037918991422218835 -0.0078607359102459522 0.025342802567323203 -0.0016542467187217619 -0.059062863957930999 0.041891246577716493
leaf_weight=59.941108010709286 94.048189114779234 1.7084535509347905 104.52893964201212 27.415871277451515 64.127866886556149 9.8284376487135869 15.07319502532482
leaf_count=113 207 3 589 48 252 65 18
internal_value=0.00849102 -0.000924416 0.00214634 0.0167495 0.00643093 -0.0447012 0.0254059
internal_weight=376.672 176.007 164.47 200.665 91.5437 11.5369 109.121
internal_count=1295 770 702 525 300 68 225
is_linear=0
shrinkage=0.03


Tree=65
num_leaves=8
num_cat=0
split_feature=20 0 9 16 2 3 24
split_gain=32.0587 29.9256 22.5445 15.5174 25.168 15.4165 11.3775
threshold=10.250000000000002 67.500000000000014 2.2389176722955395 18.106203007518801 5.2182978211668489 28.500000000000004 0.75000000000000011
decision_type=2 2 2 2 2 2 2
left_child=3 5 -3 4 -1 -2 -5
right_child=1 2 -4 6 -6 -7 -8
leaf_value=0.022379567686264031 -0.02401279566409574 0.02170273786339794 -0.0037563319943088726 0.041342991295272059 -0.0096424369314458708 0.037394495156430285 0.018680839240376529
leaf_weight=45.62551187723875 50.136685200035572 54.601117521524429 73.365890130400658 25.213550172746181 42.823017824441195 3.9709277153015128 95.297625761479139
leaf_count=79 480 86 267 47 187 7 193
internal_value=0.00840023 -0.000802001 0.00710657 0.0164185 0.00687587 -0.0195061 0.0234223
internal_weight=391.034 182.075 127.967 208.96 88.4485 54.1076 120.511
internal_count=1346 840 353 506 266 487 240
is_linear=0
shrinkage=0.03


Tree=66
num_leaves=8
num_cat=0
split_feature=1 12 0 16 19 19 21
split_gain=28.35 26.0706 31.0013 9.71774 8.00996 11.1123 4.6553
threshold=5.3413484633586661 29.150000000000002 67.500000000000014 17.383928571428573 13.450000000000001 8.8500000000000032 0.37932898341133398
decision_type=2 2 2 2 2 2 2
left_child=4 3 -3 -2 5 -1 -6
right_child=1 2 -4 -5 6 -7 -8
leaf_value=0.024366536749211538 0.0015961118974791599 -0.022041246469059927 0.0050340018127628759 0.030200613888043751 0.041334725407085618 0.003140032343001452 0.021116625163258542
leaf_weight=51.581741526722908 15.027111314237116 51.143914435058832 148.78572451323271 37.026975490152836 20.477927684783936 38.963818810880184 20.520717598497868
leaf_count=82 44 537 434 62 23 96 37
internal_value=0.00892485 0.00303168 -0.00189211 0.021943 0.0202137 0.0152323 0.0312151
internal_weight=383.528 251.984 199.93 52.0541 131.544 90.5456 40.9986
internal_count=1315 1077 971 106 238 178 60
is_linear=0
shrinkage=0.03


Tree=67
num_leaves=8
num_cat=0
split_feature=0 1 7 13 14 12 7
split_gain=24.4004 27.4521 25.5117 10.8873 8.97101 8.52233 2.64741
threshold=83.500000000000014 4.3941300425217635 42.500000000000007 0.60227097595100598 3.0481613709416339e-14 34.906588177434152 15.500000000000002
decision_type=2 2 2 2 2 2 2
left_child=1 6 -3 5 -5 -2 -1
right_child=3 2 -4 4 -6 -7 -8
leaf_value=0.01690515119434715 0.015942186219411906 -0.003137516312056421 0.028898737674846783 0.034269735623363592 0.017334835261344422 -0.030333169926582432 0.032310735627892904
leaf_weight=15.547097250819204 8.7533754259347898 183.96988299116492 25.468794956803322 47.8873101323843 68.313748776912689 6.0625340938568106 28.338997229933739
leaf_count=26 17 947 44 83 115 23 37
internal_value=0.010715 0.00527894 0.000758253 0.0212258 0.0243138 -0.00299326 0.0268531
internal_weight=384.342 253.325 209.439 131.017 116.201 14.8159 43.8861
internal_count=1292 1054 991 238 198 40 63
is_linear=0
shrinkage=0.03


Tree=68
num_leaves=8
num_cat=0
split_feature=22 16 0 0 19 18 9
split_gain=23.4686 32.3843 25.5598 14.4199 10.2381 11.9151 11.1586
threshold=13.850000000000003 18.014705882352946 70.500000000000014 44.500000000000007 5.9500000000000011 161.50000000000003 1.5000000000000002
decision_type=2 2 2 2 2 2 2
left_child=1 2 -1 -3 6 -6 -2
right_child=4 3 -4 -5 5 -7 -8
leaf_value=-0.029718828047843898 0.033076063563385168 -0.0076638583481146473 0.0017299932133223791 0.016991484405913283 0.040647016816638237 0.017651133388039641 -0.012567701822319257
leaf_weight=34.074764832854271 7.1462434977293023 25.395271815359592 73.276587076485157 133.99850554391742 29.930916681885719 62.882970053702593 14.811506722122431
leaf_count=347 10 156 214 341 44 157 55
internal_value=0.0093655 0.00448486 -0.00825229 0.0130633 0.0207088 0.0250669 0.00228726
internal_weight=381.517 266.745 107.351 159.394 114.772 92.8139 21.9578
internal_count=1324 1058 561 497 266 201 65
is_linear=0
shrinkage=0.03


Tree=69
num_leaves=8
num_cat=0
split_feature=2 16 12 9 15 7 18
split_gain=25.452 19.6683 21.3773 15.1857 11.5767 19.5927 5.22184
threshold=5.2182978211668489 17.321290322580648 33.750000000000007 2.2389176722955395 36.361111111111121 15.500000000000002 240.50000000000003
decision_type=2 2 2 2 2 2 2
left_child=4 3 -3 -2 6 -6 -1
right_child=1 2 -4 -5 5 -7 -8
leaf_value=0.030922319063070143 0.024918131333730848 0.021884431930318273 -0.0025269950040337752 -0.018372169758180516 -0.01079673152625462 0.018349339221541274 0.014293130426254935
leaf_weight=56.438173606991768 8.4782588444650155 58.24831722676754 72.434046257287264 52.159015268087387 27.829314880073071 81.68742011487484 24.317880004644394
leaf_count=80 31 139 384 384 101 151 54
internal_value=0.00952823 0.00180159 0.00835377 -0.0123194 0.0172974 0.010943 0.0259148
internal_weight=381.592 191.32 130.682 60.6373 190.273 109.517 80.7561
internal_count=1324 938 523 415 386 252 134
is_linear=0
shrinkage=0.03


Tree=70
num_leaves=8
num_cat=0
split_feature=22 3 4 23 19 5 20
split_gain=21.803 24.0987 27.1082 9.98094 16.0557 9.46327 5.43245
threshold=13.750000000000002 20.500000000000004 6.6520637287369521e-18 165.50000000000003 15.65 13.500000000000002 9.7500000000000018
decision_type=2 2 2 2 2 2 2
left_child=1 2 -1 6 -5 -3 -2
right_child=3 5 -4 4 -6 -7 -8
leaf_value=-0.0086332457591925867 0.019365755484499588 0.023661286143621313 0.019586025306736157 0.00084507116811853361 0.041251862867417458 0.0036355260729987295 0.036364329123660062
leaf_weight=128.85819007828832 33.664480656385422 63.306482493877411 40.19397996366024 38.19982984662056 11.519240416586397 31.958995699882507 34.019351053982973
leaf_count=758 69 99 74 125 17 100 60
internal_value=0.00965465 0.00487624 -0.00192381 0.0204126 0.0102068 0.0169432 0.0279096
internal_weight=381.721 264.318 169.052 117.403 49.7191 95.2655 67.6838
internal_count=1302 1031 832 271 142 199 129
is_linear=0
shrinkage=0.03


Tree=71
num_leaves=7
num_cat=0
split_feature=1 3 18 15 21 2
split_gain=18.8347 26.0497 23.0592 6.67692 9.30319 2.70045
threshold=5.3413484633586661 63.500000000000007 219.50000000000003 36.361111111111121 0.27983997469962729 4.5000000000000009
decision_type=2 2 2 2 2 2
left_child=3 2 -2 5 -5 -1
right_child=1 -3 -4 4 -6 -7
leaf_value=0.030889038824678455 0.0093267956596232698 0.044094785110999325 -0.010173251346866518 0.023513573428587949 0.0024453931451948983 0.017603533348363298
leaf_weight=37.732514351606369 150.06934571266174 14.184538096189497 85.771397113800049 36.41208354383707 39.14009065926075 21.682052105665207
leaf_count=52 531 14 533 67 96 45
internal_value=0.009485 0.00460976 0.00223495 0.0185164 0.0125991 0.0260408
internal_weight=384.992 250.025 235.841 134.967 75.5522 59.4146
internal_count=1338 1078 1064 260 163 97
is_linear=0
shrinkage=0.03


Tree=72
num_leaves=8
num_cat=0
split_feature=0 2 12 16 2 20 15
split_gain=20.4648 28.162 17.2696 15.1811 18.4186 15.3707 10.4004
threshold=55.500000000000007 4.5000000000000009 48.300000000000004 18.106203007518801 5.2182978211668489 10.250000000000002 36.361111111111121
decision_type=2 2 2 2 2 2 2
left_child=1 6 -3 4 -2 -5 -1
right_child=3 2 -4 5 -6 -7 -8
leaf_value=0.028279987128749143 0.016172975508947061 -0.027606992274792699 0.073678408791311642 0.025473899553677723 -0.0056460079609001847 0.0078151084736803808 -0.0063341642618627821
leaf_weight=19.511099010705948 63.818886324763298 37.03894710354507 1.5796813406050194 97.579118102788925 76.630480781197548 81.343075320124626 13.02954116463661
leaf_count=28 114 442 13 168 338 225 34
internal_value=0.00840909 -0.00613979 -0.0234639 0.0116507 0.00426834 0.0174457 0.0144202
internal_weight=390.531 71.1593 38.6186 319.372 140.449 178.922 32.5406
internal_count=1362 517 455 845 452 393 62
is_linear=0
shrinkage=0.03


Tree=73
num_leaves=8
num_cat=0
split_feature=5 0 13 13 21 4 22
split_gain=24.1253 35.0909 20.802 19.7687 7.95962 15.9697 5.67855
threshold=6.5000000000000009 66.500000000000014 0.95000000000000007 1.9500000000000002 1.3487851865528819 1.6186964269728279e-07 14.118125717796854
decision_type=2 2 2 2 2 2 2
left_child=4 3 -3 -2 6 -6 -1
right_child=1 2 -4 -5 5 -7 -8
leaf_value=0.019460902772780377 -0.020202537012599522 -0.0011454645011921734 0.017979853847546735 0.029542442013571077 -0.033940663020326611 0.025750307022215698 0.038004522812192285
leaf_weight=59.396041020750999 66.948099959641695 95.460776712745428 110.35091905295849 8.0549552440643293 6.832636401057246 9.8479356169700605 19.822612591087818
leaf_count=108 605 310 227 14 32 16 24
internal_value=0.00714367 0.00270708 0.00910904 -0.0148602 0.020135 0.0012999 0.024101
internal_weight=376.714 280.815 205.812 75.0031 95.8992 16.6806 79.2187
internal_count=1336 1156 537 619 180 48 132
is_linear=0
shrinkage=0.03


Tree=74
num_leaves=8
num_cat=0
split_feature=2 0 19 15 0 14 6
split_gain=20.5454 35.1054 21.7337 7.7092 9.04784 1.69642 0.0498773
threshold=4.5000000000000009 46.500000000000007 11.350000000000003 36.361111111111121 48.500000000000007 6.3296804111696325e-11 0.013836941323503474
decision_type=2 2 2 2 2 2 2
left_child=3 6 -3 5 -5 -1 -2
right_child=1 2 -4 4 -6 -7 -8
leaf_value=0.02605879252049139 -0.035451985859601874 0.0022722975630283201 0.020115442150221905 -0.014835614585753347 0.020259984002271754 0.038153314037927925 -0.032224513140776921
leaf_weight=25.277480334043503 6.3410200998187092 188.57672905176878 91.125782757997513 8.4524750858545286 30.349685773253441 17.778666913509369 13.450644304975865
leaf_count=40 57 668 219 25 51 19 253
internal_value=0.00899377 0.00535334 0.00808551 0.022313 0.0126149 0.0310528 -0.0332586
internal_weight=381.352 299.494 279.703 81.8583 38.8022 43.0561 19.7917
internal_count=1332 1197 887 135 76 59 310
is_linear=0
shrinkage=0.03


Tree=75
num_leaves=7
num_cat=0
split_feature=4 11 5 18 16 21
split_gain=25.354 23.2773 22.5355 12.7461 2.6595 2.05822
threshold=0.57697845111028812 12.450000000000001 13.500000000000002 158.50000000000003 20.080540540540543 0.80984165916683415
decision_type=2 2 2 2 2 2
left_child=1 3 -3 -1 -2 -6
right_child=4 2 -4 -5 5 -7
leaf_value=0.020836409659528307 0.033974332171217481 0.0010267534475025038 -0.028664240213863032 0.0048388278410124632 0.0094324472734763805 0.027012641997611855
leaf_weight=64.286194995045662 24.131221458315849 85.109821081161499 31.530313294380903 148.06155383959413 9.9573068916797656 15.056558325886725
leaf_count=144 34 356 332 445 20 22
internal_value=0.00677014 0.00376771 -0.00699935 0.00968194 0.026869 0.0200145
internal_weight=378.133 328.988 116.64 212.348 49.1451 25.0139
internal_count=1353 1277 688 589 76 42
is_linear=0
shrinkage=0.03


Tree=76
num_leaves=8
num_cat=0
split_feature=0 1 0 19 3 7 0
split_gain=22.4028 23.9403 29.1775 11.7131 13.216 9.58527 3.67383
threshold=86.500000000000014 4.3941300425217635 46.500000000000007 9.3500000000000032 19.347452721696531 16.500000000000004 35.500000000000007
decision_type=2 2 2 2 2 2 2
left_child=1 6 -3 4 -2 -5 -1
right_child=3 2 -4 5 -6 -7 -8
leaf_value=0.00931090130890656 -0.015780465486423978 -0.034848773165380098 0.0019272034359967818 0.051848623254995646 0.018785858681093965 0.02154132787433892 0.029220272140934579
leaf_weight=11.709528565406798 14.611239716410635 21.36954608745873 212.40400556847453 12.160223439335821 31.237698704004288 41.254739984869957 29.001110434532166
leaf_count=22 46 307 773 16 57 67 44
internal_value=0.00667968 0.00226275 -0.00143454 0.0188933 0.00777019 0.028441 0.0234938
internal_weight=373.748 274.484 233.774 99.2639 45.8489 53.415 40.7106
internal_count=1332 1146 1080 186 103 83 66
is_linear=0
shrinkage=0.03


Tree=77
num_leaves=7
num_cat=0
split_feature=19 9 7 22 14 21
split_gain=20.9542 26.1997 24.3376 14.3577 13.8231 10.7296
threshold=11.350000000000003 3.0321024709090252 66.500000000000014 15.722659902048056 1.1825474821923402e-22 0.59863236018507393
decision_type=2 2 2 2 2 2
left_child=1 4 -3 5 -1 -2
right_child=3 2 -4 -5 -6 -7
leaf_value=0.026819715364003131 0.019361842796376431 -0.015744724268665918 0.039615624809529341 0.044053220899394854 0.0051520152098079508 -0.0018543249227611213
leaf_weight=33.613720377907157 79.970947025343776 79.130398338660598 7.8565860986709586 16.054496228694916 125.18528553657234 29.317984018474817
leaf_count=86 264 464 9 19 387 93
internal_value=0.00757983 0.00248926 -0.0107446 0.0175619 0.00973852 0.0136704
internal_weight=371.129 245.786 86.987 125.343 158.799 109.289
internal_count=1322 946 473 376 473 357
is_linear=0
shrinkage=0.03


Tree=78
num_leaves=8
num_cat=0
split_feature=0 2 0 9 23 15 14
split_gain=23.2977 26.8612 24.5673 17.59 12.6015 6.42878 4.82567
threshold=87.500000000000014 4.5000000000000009 49.500000000000007 3.6096502986167152 148.50000000000003 36.361111111111121 4.8818200686813086e-25
decision_type=2 2 2 2 2 2 2
left_child=1 5 -3 6 -5 -1 -2
right_child=3 2 -4 4 -6 -7 -8
leaf_value=0.025814889746931923 0.047087494923523099 -0.033815379875281458 -0.0001614647815449701 0.020807392560313276 -0.02204841344919891 0.0076526923039478339 0.024069805983095407
leaf_weight=39.223458096385002 9.6139932125806791 21.793622607365251 187.30664665997028 11.500223472714426 13.335836574435232 31.728924661874771 55.633448198437691
leaf_count=61 11 331 692 22 45 68 84
internal_value=0.00601184 0.00174309 -0.00366907 0.0192826 -0.00220423 0.017693 0.0274614
internal_weight=370.136 280.053 209.1 90.0835 24.8361 70.9524 65.2474
internal_count=1314 1152 1023 162 67 129 95
is_linear=0
shrinkage=0.03


Tree=79
num_leaves=7
num_cat=0
split_feature=9 23 17 22 22 10
split_gain=26.1969 23.6062 19.6598 19.1018 10.1936 5.85973
threshold=1.5000000000000002 213.50000000000003 11.850000000000003 12.541778474999136 10.72050427575275 0.017929645257722532
decision_type=2 2 2 2 2 2
left_child=4 3 -3 -2 -1 -6
right_child=1 2 -4 -5 5 -7
leaf_value=-0.011272008208795226 -0.006123680920754603 0.0089750428978835218 -0.028789619014918059 0.013952142141336081 0.024413289136105229 0.011522151311094141
leaf_weight=10.910797476768492 72.955303253605962 18.298388969153166 38.531320879235864 102.70201040245593 74.468576405197382 55.301931168884039
leaf_count=38 400 101 245 312 131 137
internal_value=0.00635991 0.000176719 -0.0166299 0.0056141 0.0165781 0.0189197
internal_weight=373.168 232.487 56.8297 175.657 140.681 129.771
internal_count=1364 1058 346 712 306 268
is_linear=0
shrinkage=0.03


Tree=80
num_leaves=7
num_cat=0
split_feature=19 0 9 22 5 0
split_gain=27.1033 25.4829 21.4518 20.6222 13.7634 12.8231
threshold=11.350000000000003 55.500000000000007 3.6096502986167152 15.228285813863122 3.5000000000000004 37.500000000000007
decision_type=2 2 2 2 2 2
left_child=1 4 -3 5 -1 -2
right_child=3 2 -4 -5 -6 -7
leaf_value=0.012073542656073636 -0.018820716297284115 0.010214318269662971 -0.010491256664498318 0.043676958432426943 -0.03661406569634508 0.014461358974328518
leaf_weight=6.6068347357213524 11.794777555391191 122.74088945612311 71.130637966096401 20.35244320333004 24.99436816200614 89.301911596208811
leaf_count=17 99 282 327 27 307 247
internal_value=0.00469979 -0.00145433 0.00261753 0.0161251 -0.026435 0.0105784
internal_weight=346.922 225.473 193.872 121.449 31.6012 101.097
internal_count=1306 933 609 373 324 346
is_linear=0
shrinkage=0.03


Tree=81
num_leaves=8
num_cat=0
split_feature=4 3 20 21 3 3 0
split_gain=24.4988 27.9902 22.4706 7.29873 6.47466 5.43604 2.50233
threshold=1.7892960410815497e-22 37.500000000000007 9.9500000000000011 1.266961168413214 63.500000000000007 16.500000000000004 34.500000000000007
decision_type=2 2 2 2 2 2 2
left_child=1 2 -1 6 -3 -5 -2
right_child=3 4 -4 5 -6 -7 -8
leaf_value=0.0079001653779767027 0.014241104201739359 0.016167907198078337 -0.010018427372968902 -0.010790277869780613 0.041566092450828145 0.022810887758207516 0.031398777880332698
leaf_weight=109.8585308380425 9.6126956045627576 30.592588573694229 147.62906055152416 9.135789982974531 12.818545505404471 8.2431753277778608 37.471131578087807
leaf_count=328 18 57 816 28 13 13 59
internal_value=0.00497924 0.0013836 -0.00237336 0.0217629 0.0236675 0.0051474 0.0278958
internal_weight=365.362 300.899 257.488 64.4628 43.4111 17.379 47.0838
internal_count=1332 1214 1144 118 70 41 77
is_linear=0
shrinkage=0.03


Tree=82
num_leaves=7
num_cat=0
split_feature=9 3 19 22 3 24
split_gain=21.0018 25.4722 22.8953 15.2829 17.0002 8.75455
threshold=3.0321024709090252 57.500000000000007 4.1500000000000012 13.400228847124842 14.133577074285872 0.95000000000000007
decision_type=2 2 2 2 2 2
left_child=3 2 -2 4 -1 -5
right_child=1 -3 -4 5 -6 -7
leaf_value=-0.0047530230862721104 0.029050802821758665 0.038299464883013279 -0.012670262179206204 0.0093217065347825298 0.015077986827833133 0.029309637432022632
leaf_weight=64.3442676756531 13.572175145149229 12.278501212596892 92.648693408817053 29.475663501769304 98.40454757399857 59.595828149467707
leaf_count=325 32 14 558 75 207 110
internal_value=0.00780425 -0.00261048 -0.00733943 0.0127051 0.00723761 0.0226952
internal_weight=370.32 118.499 106.221 251.82 162.749 89.0715
internal_count=1321 604 590 717 532 185
is_linear=0
shrinkage=0.03


Tree=83
num_leaves=8
num_cat=0
split_feature=1 0 13 15 10 12 6
split_gain=22.8577 27.4361 29.8382 17.4672 9.60439 9.49744 4.84987
threshold=5.3413484633586661 75.500000000000014 0.35000000000000003 36.750000000000007 0.016838649516065115 38.45000000000001 0.0021950593160774711
decision_type=2 2 2 2 2 2 2
left_child=4 2 -2 -3 6 -6 -1
right_child=1 3 -4 -5 5 -7 -8
leaf_value=0.025671498124319889 0.060764834775594148 0.011975260734344802 -0.016948332124546387 -0.017859371007267713 0.01231017526764973 -0.022253760685049018 0.0063692523752107728
leaf_weight=63.544992364943027 4.6847816184163085 127.72816148400307 87.451245542615652 20.495368778705597 29.094253577291965 9.4882481992244703 14.363512910902498
leaf_count=112 11 289 737 60 60 36 34
internal_value=0.00514458 -0.000141202 -0.0129969 0.00784993 0.0160509 0.00381018 0.0221129
internal_weight=356.851 240.36 92.136 148.224 116.491 38.5825 77.9085
internal_count=1339 1097 748 349 242 96 146
is_linear=0
shrinkage=0.03


Tree=84
num_leaves=7
num_cat=0
split_feature=9 3 18 0 0 22
split_gain=20.1764 18.3456 16.2349 11.4732 12.9057 6.52575
threshold=1.5000000000000002 61.500000000000007 81.000000000000014 37.500000000000007 26.500000000000004 12.15
decision_type=2 2 2 2 2 2
left_child=3 2 -2 4 -1 -5
right_child=1 -3 -4 5 -6 -7
leaf_value=0.010950114850966204 0.032493398960045897 0.039176882976342531 -0.0033929491822508894 0.0086174557950515727 -0.044267038422383907 0.023706727092814312
leaf_weight=11.216996371746065 12.011985056102274 10.513490274548529 204.56892473436892 38.964409001171589 5.7688191756606093 76.320160020142794
leaf_count=38 26 12 984 92 37 127
internal_value=0.00590107 0.000476031 -0.00140262 0.0152153 -0.00780305 0.0186068
internal_weight=359.365 227.094 216.581 132.27 16.9858 115.285
internal_count=1316 1022 1010 294 75 219
is_linear=0
shrinkage=0.03


Tree=85
num_leaves=6
num_cat=0
split_feature=4 21 20 15 16
split_gain=14.7195 16.9998 15.1672 14.9609 6.61734
threshold=0.14410539944580728 1.5295978612857304 9.9500000000000011 35.527777777777786 20.080540540540543
decision_type=2 2 2 2 2
left_child=1 2 -1 -3 -2
right_child=4 3 -4 -5 -6
leaf_value=0.012385481312029071 0.032130013774827458 0.0049477439075060236 -0.0011752144438555052 -0.053950010214569417 0.0081094116644941337
leaf_weight=135.09483678080142 24.842726618051529 7.1253158375620833 164.76390271633863 8.5261503085494024 17.658963598310947
leaf_count=359 39 19 818 58 38
internal_value=0.00557593 0.00334331 0.00493426 -0.0271369 0.0221497
internal_weight=358.012 315.51 299.859 15.6515 42.5017
internal_count=1331 1254 1177 77 77
is_linear=0
shrinkage=0.03


Tree=86
num_leaves=7
num_cat=0
split_feature=4 0 13 18 0 5
split_gain=18.267 31.3312 21.2334 19.3103 4.36665 1.33215
threshold=0.57697845111028812 66.500000000000014 1.9500000000000002 161.50000000000003 37.500000000000007 3.5000000000000004
decision_type=2 2 2 2 2 2
left_child=1 2 -1 -3 -2 -6
right_child=4 3 -4 -5 5 -7
leaf_value=-0.019766454060845623 0.0090890024449641425 0.020951619707237183 0.028983395905924653 0.0020424573460575304 0.024080543340401498 0.037179673543078259
leaf_weight=70.998119411990047 13.800908267498015 68.066971771419048 9.0681313052773458 170.00213981419802 16.479126423597339 12.130983293056486
leaf_count=634 28 128 15 475 30 18
internal_value=0.00445454 0.00198903 -0.0142452 0.00744883 0.022949 0.0296347
internal_weight=360.546 318.135 80.0663 238.069 42.411 28.6101
internal_count=1328 1252 649 603 76 48
is_linear=0
shrinkage=0.03


Tree=87
num_leaves=7
num_cat=0
split_feature=4 3 6 15 0 13
split_gain=21.1994 26.1606 21.7674 18.5007 4.13094 0.837435
threshold=0.14410539944580728 13.500000000000002 2.9150706066625686e-08 36.861111111111121 37.500000000000007 0.8500000000000002
decision_type=2 2 2 2 2 2
left_child=1 2 -1 -3 -2 -6
right_child=4 3 -4 -5 5 -7
leaf_value=-0.051036287862691328 0.010763482280202019 0.0098373317401229919 -0.0068825825261590876 -0.016110737658398492 0.036251871087696196 0.025933360828148316
leaf_weight=11.865609128028153 15.312581747770308 196.42821328528225 65.628740461543202 28.291628908365965 11.559117630124094 18.263127684593201
leaf_count=75 30 537 516 105 16 34
internal_value=0.00425146 0.00138729 -0.0136432 0.00657054 0.0234294 0.0299328
internal_weight=347.349 302.214 77.4943 224.72 45.1348 29.8222
internal_count=1313 1233 591 642 80 50
is_linear=0
shrinkage=0.03


Tree=88
num_leaves=7
num_cat=0
split_feature=22 16 5 0 19 8
split_gain=21.1412 20.9892 37.0008 16.329 15.2691 8.68291
threshold=15.228285813863122 17.422649572649576 12.500000000000002 55.500000000000007 11.250000000000002 5.0162272961811469
decision_type=2 2 2 2 2 2
left_child=1 2 -1 -3 5 -2
right_child=4 3 -4 -5 -6 -7
leaf_value=0.0020738697280759969 0.027000922272309148 -0.013173586865464108 -0.037738654148146915 0.0097013898602234892 0.040662972847516278 -0.0043327276586552881
leaf_weight=62.433409003540874 13.165917761623858 33.77133809030056 31.664993967860937 166.81129962950945 21.131191715598106 20.127901643514633
leaf_count=221 21 266 298 436 28 63
internal_value=0.00353886 0.000366146 -0.0113234 0.00585002 0.0207173 0.00805805
internal_weight=349.106 294.681 94.0984 200.583 54.425 33.2938
internal_count=1333 1221 519 702 112 84
is_linear=0
shrinkage=0.03


Tree=89
num_leaves=8
num_cat=0
split_feature=20 5 16 2 3 13 16
split_gain=22.4326 24.7544 19.5893 36.9112 18.4763 15.7305 11.8004
threshold=10.250000000000002 13.500000000000002 17.754310344827591 5.2182978211668489 25.500000000000004 0.45000000000000007 25.742647058823533
decision_type=2 2 2 2 2 2 2
left_child=2 4 3 -1 -2 -4 -3
right_child=1 6 5 -5 -6 -7 -8
leaf_value=0.018360197569098558 -0.0020791656155545206 -0.026871965774373792 0.052012080992859741 -0.027948342244870701 0.025431640903289986 0.015762923612306766 0.028403812736892051
leaf_weight=36.593003638088703 100.27733736112714 40.293622704222798 11.930287931114433 26.862816067412496 28.135569371283054 111.19777321442962 3.8040810897946349
leaf_count=73 409 395 22 151 43 249 8
internal_value=0.00508704 -0.00271101 0.0122969 -0.00124364 0.00394852 0.0192752 -0.0221036
internal_weight=359.094 172.511 186.584 63.4558 128.413 123.128 44.0977
internal_count=1350 855 495 224 452 271 403
is_linear=0
shrinkage=0.03


Tree=90
num_leaves=8
num_cat=0
split_feature=22 23 9 3 17 16 5
split_gain=18.6116 15.2021 26.7254 14.7189 17.3755 14.1282 12.901
threshold=12.724877391112759 213.50000000000003 1.5000000000000002 14.133577074285872 11.750000000000002 15.431677018633541 8.5000000000000018
decision_type=2 2 2 2 2 2 2
left_child=3 5 -3 4 -1 -2 -5
right_child=1 2 -4 6 -6 -7 -8
leaf_value=0.0075431539696936062 -0.016200654629934818 0.024255158994493934 -0.027355640571834951 0.017858113564144944 -0.024945226443539383 0.020063379861163157 -0.0029028685201353739
leaf_weight=24.052830781787634 10.436210347339509 16.319476924836636 20.215947218239307 46.086219098418951 38.579152701422572 131.51004331000149 64.836029497906566
leaf_count=179 55 32 115 84 298 312 249
internal_value=0.00615319 0.0129552 -0.00430236 -0.000841979 -0.0124686 0.0173972 0.00572295
internal_weight=352.036 178.482 36.5354 173.554 62.632 141.946 110.922
internal_count=1324 514 147 810 477 367 333
is_linear=0
shrinkage=0.03


Tree=91
num_leaves=8
num_cat=0
split_feature=9 11 0 7 14 0 19
split_gain=23.8817 24.8608 28.096 17.7353 11.1683 19.2262 7.20539
threshold=2.2389176722955395 11.350000000000003 76.500000000000014 45.500000000000007 0.037184772765884749 58.500000000000007 13.350000000000003
decision_type=2 2 2 2 2 2 2
left_child=4 3 -3 -2 6 -6 -1
right_child=1 2 -4 -5 5 -7 -8
leaf_value=0.014402604638427168 -0.0009559512460784235 -0.0355991682175315 -0.0023220354295811463 0.027133140062867739 -0.027181259125640161 0.011672545378990909 0.035394865252748486
leaf_weight=42.143028721213341 70.28425782546401 35.348896967247128 64.501147858798504 28.407166436314583 13.838204521685837 66.758529826998711 22.611226502805948
leaf_count=114 239 498 192 42 86 126 44
internal_value=0.00321558 -0.00354877 -0.0141028 0.00712916 0.0124553 0.00500147 0.0217328
internal_weight=343.892 198.541 99.85 98.6914 145.351 80.5967 64.7543
internal_count=1341 971 690 281 370 212 158
is_linear=0
shrinkage=0.03


Tree=92
num_leaves=7
num_cat=0
split_feature=0 5 22 9 10 22
split_gain=20.6771 17.5261 14.4437 20.1028 8.53946 6.01287
threshold=49.500000000000007 3.5000000000000004 12.541778474999136 3.6096502986167152 -0.01075552981450636 13.400228847124842
decision_type=2 2 2 2 2 2
left_child=1 -1 3 -2 -4 -3
right_child=2 5 4 -5 -6 -7
leaf_value=0.016265342251731964 0.0078379048344081499 -0.037406640765278901 0.024962226497750682 -0.016747964347320728 0.0094096127881216855 -0.0076215345912708874
leaf_weight=11.140107300132511 96.027872107923031 19.576959617435936 41.703293725848198 43.485717905685306 133.44428479671478 8.8608881440013629
leaf_count=26 249 309 70 259 366 62
internal_value=0.00480574 -0.015631 0.00737627 0.000174607 0.0131127 -0.028126
internal_weight=354.239 39.578 314.661 139.514 175.148 28.4378
internal_count=1341 397 944 508 436 371
is_linear=0
shrinkage=0.03


Tree=93
num_leaves=5
num_cat=0
split_feature=1 17 23 16
split_gain=17.6669 16.9996 15.7743 2.95678
threshold=4.3941300425217635 29.700000000000006 73.500000000000014 19.812812812812815
decision_type=2 2 2 2
left_child=3 2 -2 -1
right_child=1 -3 -4 -5
leaf_value=0.03010371866502835 0.020797405287333422 0.02793353897701575 -0.0027592565655612969 0.013457332062271097
leaf_weight=22.095500506460667 28.394791007041931 20.372575860470533 258.42844115197659 16.98589800298214
leaf_count=38 66 36 1159 36
internal_value=0.00387056 0.00145362 -0.000427205 0.0228687
internal_weight=346.277 307.196 286.823 39.0814
internal_count=1335 1261 1225 74
is_linear=0
shrinkage=0.03


Tree=94
num_leaves=5
num_cat=0
split_feature=3 4 0 0
split_gain=13.8643 14.8474 20.4952 5.15657
threshold=61.500000000000007 0.57697845111028812 46.500000000000007 37.500000000000007
decision_type=2 2 2 2
left_child=1 2 -1 -3
right_child=-2 3 -4 -5
leaf_value=-0.028665316008604429 0.034281037380889612 0.0055510557723751101 0.0039467398698070193 0.029330754075411716
leaf_weight=18.483401149511337 14.352760642766951 11.9844334423542 281.23691934160888 26.03897488117218
leaf_count=306 17 26 937 48
internal_value=0.00540316 0.00417596 0.00193559 0.0218357
internal_weight=352.096 337.744 299.72 38.0234
internal_count=1334 1317 1243 74
is_linear=0
shrinkage=0.03


Tree=95
num_leaves=8
num_cat=0
split_feature=19 23 5 23 0 17 0
split_gain=16.5288 19.3129 28.0201 16.33 13.8356 12.4769 12.4475
threshold=11.350000000000003 79.500000000000014 14.500000000000002 39.500000000000007 38.500000000000007 17.550000000000004 50.500000000000007
decision_type=2 2 2 2 2 2 2
left_child=1 3 -3 -1 5 -2 -6
right_child=4 2 -4 -5 6 -7 -8
leaf_value=-0.016962881047183669 -0.041839330206709546 0.00056524455560131822 -0.029562201554855748 0.032151735668150654 0.052616814286657945 0.025189391132081816 0.013359028271328934
leaf_weight=8.055489603430031 7.3034372702240926 161.73534508049488 33.546276675537229 25.004502888768911 7.8646968007087699 3.79963019490242 95.962959136813879
leaf_count=29 100 591 286 51 33 7 237
internal_value=0.00364998 -0.00102035 -0.00461017 0.0201843 0.0129289 -0.0189011 0.0163327
internal_weight=343.272 228.342 195.282 33.06 114.931 11.1031 103.828
internal_count=1334 957 877 80 377 107 270
is_linear=0
shrinkage=0.03


Tree=96
num_leaves=8
num_cat=0
split_feature=0 11 1 16 9 11 19
split_gain=24.2644 20.9795 23.8432 14.7386 14.6138 19.9592 6.77293
threshold=86.500000000000014 11.750000000000002 5.3413484633586661 15.431677018633541 3.6096502986167152 12.050000000000002 7.4500000000000011
decision_type=2 2 2 2 2 2 2
left_child=1 3 -3 -1 6 -6 -2
right_child=4 2 -4 -5 5 -7 -8
leaf_value=-0.026554742921054541 0.0032127361434097453 0.0056395734159520204 -0.020840544895007897 0.0110251773481894 0.012498261563634809 -0.04857419191308069 0.028586777834086911
leaf_weight=10.274465460330246 11.417299330234526 52.665313705801964 73.053856514394283 109.43672988004982 20.198112621903423 6.3240101486444464 55.441644981503487
leaf_count=61 25 144 631 295 49 31 81
internal_value=0.00376341 -0.00118872 -0.0097477 0.0077998 0.016779 -0.00206403 0.0242537
internal_weight=338.811 245.43 125.719 119.711 93.3811 26.5221 66.8589
internal_count=1317 1131 775 356 186 80 106
is_linear=0
shrinkage=0.03


Tree=97
num_leaves=5
num_cat=0
split_feature=13 0 2 19
split_gain=15.5098 15.6822 20.634 10.9436
threshold=0.35000000000000003 86.500000000000014 4.5000000000000009 6.9500000000000011
decision_type=2 2 2 2
left_child=-1 2 -2 -3
right_child=1 3 -4 -5
leaf_value=0.052604308901473315 0.01569392178151582 -0.0054523004650155185 -0.0048158106763846889 0.019790999934849625
leaf_weight=6.004843082278966 57.682909682393074 19.587693385779858 188.13879449106753 73.285847872495651
leaf_count=13 119 52 1011 138
internal_value=0.00481205 0.00396472 -3.1313e-06 0.014467
internal_weight=344.7 338.695 245.822 92.8735
internal_count=1333 1320 1130 190
is_linear=0
shrinkage=0.03


Tree=98
num_leaves=8
num_cat=0
split_feature=9 18 19 11 15 0 10
split_gain=14.49 17.6762 24.2507 17.2991 15.2127 12.3751 7.5
threshold=2.2389176722955395 158.50000000000003 9.3500000000000032 11.850000000000003 36.361111111111121 55.500000000000007 0.05583194411170872
decision_type=2 2 2 2 2 2 2
left_child=4 3 -3 -2 6 -6 -1
right_child=1 2 -4 -5 5 -7 -8
leaf_value=0.027815222612840668 0.020642046250845241 -0.022291840245922664 0.0036371817403596496 -0.017820798685619487 -0.020728903795406373 0.0079405031247136576 0.0037718243033436137
leaf_weight=46.762995395809412 45.106260977685452 59.427193652838469 71.548166057094932 13.726716941222547 16.812976498156786 69.830428943037987 15.56231129541993
leaf_count=87 100 383 376 77 106 149 42
internal_value=0.00350482 -0.00199171 -0.00812754 0.011668 0.0105082 0.00237726 0.0218117
internal_weight=338.777 189.808 130.975 58.833 148.969 86.6434 62.3253
internal_count=1320 936 759 177 384 255 129
is_linear=0
shrinkage=0.03


Tree=99
num_leaves=7
num_cat=0
split_feature=4 0 12 0 19 11
split_gain=15.2307 20.9575 14.062 4.62197 4.54471 1.19191
threshold=0.14410539944580728 46.500000000000007 25.350000000000005 58.500000000000007 2.7500000000000004 13.250000000000002
decision_type=2 2 2 2 2 2
left_child=1 4 -3 5 -1 -2
right_child=3 2 -4 -5 -6 -7
leaf_value=0.015856123698290429 0.0067879079519185242 0.030868602558271896 0.0031555196788018917 0.034228664608915368 -0.033350674453559381 0.020864296958075863
leaf_weight=1.8834320977330232 11.353710271418096 17.566276833415031 266.12291392497718 17.478029377758503 16.386355193331838 10.3480829000473
leaf_count=7 27 25 910 31 319 19
internal_value=0.0051492 0.00286585 0.00487154 0.022747 -0.0282779 0.0135
internal_weight=341.139 301.959 283.689 39.1798 18.2698 21.7018
internal_count=1338 1261 935 77 326 46
is_linear=0
shrinkage=0.03


Tree=100
num_leaves=7
num_cat=0
split_feature=22 15 10 5 19 13
split_gain=14.5645 17.2928 12.018 12.7808 10.3261 9.55706
threshold=12.724877391112759 37.250000000000007 0.12598178578002353 12.500000000000002 8.3500000000000032 1.0500000000000003
decision_type=2 2 2 2 2 2
left_child=1 4 3 -2 -1 -4
right_child=2 -3 5 -5 -6 -7
leaf_value=-0.010717007536197577 0.01958416738687924 -0.055778729020012636 -0.051356488411228668 0.002744580821157124 0.0053365423121284478 0.0095902609241026015
leaf_weight=54.443222450092435 95.510654496029019 5.178491896018385 4.9121554456651193 70.508993735536933 106.80300631560385 4.3806823343038559
leaf_count=305 224 36 29 261 453 13
internal_value=0.00453973 -0.00181679 0.010574 0.0124323 -8.37828e-05 -0.0226259
internal_weight=341.737 166.425 175.312 166.02 161.246 9.29284
internal_count=1321 794 527 485 758 42
is_linear=0
shrinkage=0.03


Tree=101
num_leaves=7
num_cat=0
split_feature=22 5 3 6 15 19
split_gain=20.0516 16.0389 23.5866 6.75394 1.68647 0.923874
threshold=10.15 7.5000000000000009 9.5000000000000018 0.00012858615831802704 36.861111111111121 8.6500000000000004
decision_type=2 2 2 2 2 2
left_child=4 3 -3 -2 5 -1
right_child=1 2 -4 -5 -6 -7
leaf_value=-0.023525193748299787 0.016405041439015638 -0.037259713018945172 0.0017667242717474656 -0.0026310304371894425 -0.067361051667600425 -0.049726490784455825
leaf_weight=2.4442920871078959 93.142775010317564 14.995893800631164 197.5096328780055 20.458808124065399 2.3767072651535273 2.4008276350796223
leaf_count=23 207 211 762 71 18 20
internal_value=0.00278224 0.00387721 -0.000987257 0.0129768 -0.046662 -0.0365083
internal_weight=333.329 326.107 212.506 113.602 7.22183 4.84512
internal_count=1312 1251 973 278 61 43
is_linear=0
shrinkage=0.03


Tree=102
num_leaves=7
num_cat=0
split_feature=22 7 19 16 9 3
split_gain=15.2731 15.8611 14.6961 10.8279 15.3204 9.12181
threshold=12.724877391112759 40.500000000000007 7.3500000000000005 15.078600405679515 1.5000000000000002 63.500000000000007
decision_type=2 2 2 2 2 2
left_child=1 2 -1 4 -2 -5
right_child=3 -3 -4 5 -6 -7
leaf_value=-0.025261034544141265 0.032178421936814583 0.022004319336389119 -0.00190325480528653 0.009617539674328688 -0.044781614010675604 0.043017791555883186
leaf_weight=31.345076767727733 3.4339930303394777 19.047241151332855 106.99272967875004 152.99374082125723 7.2281584609299898 7.7309567779302588
leaf_count=221 8 35 537 449 62 7
internal_value=0.00308567 -0.00366186 -0.00719574 0.00928195 -0.0199949 0.0112241
internal_weight=328.772 157.385 138.338 171.387 10.6622 160.725
internal_count=1319 793 758 526 70 456
is_linear=0
shrinkage=0.03


Tree=103
num_leaves=7
num_cat=0
split_feature=19 0 22 22 13 12
split_gain=15.0416 18.0757 16.6187 16.3674 13.9251 10.0314
threshold=11.350000000000003 87.500000000000014 15.228285813863122 12.724877391112759 0.95000000000000007 46.500000000000007
decision_type=2 2 2 2 2 2
left_child=1 3 5 -1 -3 -2
right_child=2 4 -4 -5 -6 -7
leaf_value=-0.014575730224508844 0.0057138815707499756 -0.0046662488023341917 0.038499597358661736 0.0038432308120693735 0.027045784546370837 0.044871691105615001
leaf_weight=76.887011678889394 84.678590141236782 19.459342062473297 20.227507814764977 99.753635728731751 34.657705903053284 6.3279925007373086
leaf_count=499 323 57 30 347 54 22
internal_value=0.00484157 0.000473374 0.0139035 -0.00417406 0.0156428 0.00843666
internal_weight=341.992 230.758 111.234 176.641 54.117 91.0066
internal_count=1332 957 375 846 111 345
is_linear=0
shrinkage=0.03


Tree=104
num_leaves=8
num_cat=0
split_feature=0 22 18 19 19 3 14
split_gain=19.4022 21.9496 26.5839 15.8511 15.7818 18.8626 9.63961
threshold=86.500000000000014 15.228285813863122 218.50000000000003 11.250000000000002 7.1500000000000012 37.500000000000007 6.2084572198831998e-29
decision_type=2 2 2 2 2 2 2
left_child=1 2 -1 -3 5 -2 -6
right_child=4 3 -4 -5 6 -7 -8
leaf_value=0.0023868644520667523 -0.033627661045833819 0.0010080805632590791 -0.020289226375455941 0.037582777501838284 0.058157990466161602 0.025462850486594225 0.01758524054298994
leaf_weight=113.16541229188442 11.784833021461965 24.941761322319508 79.01820389740169 18.630430527031422 5.774715155363082 8.2764698415994626 60.332551643252373
leaf_count=486 45 72 555 28 8 12 116
internal_value=0.00187458 -0.00257801 -0.00693664 0.0166465 0.0140568 -0.00924934 0.0211294
internal_weight=321.924 235.756 192.184 43.5722 86.1686 20.0613 66.1073
internal_count=1322 1141 1041 100 181 57 124
is_linear=0
shrinkage=0.03


Tree=105
num_leaves=7
num_cat=0
split_feature=22 5 19 19 19 0
split_gain=18.3904 17.9254 22.6615 13.348 1.72737 1.50785
threshold=10.15 13.500000000000002 4.1500000000000012 12.550000000000002 11.050000000000002 65.500000000000014
decision_type=2 2 2 2 2 2
left_child=4 3 -3 -2 5 -1
right_child=1 2 -4 -5 -6 -7
leaf_value=-0.019214706125522837 0.0035907744328656523 0.027748509944639444 -0.01291161595966012 0.019845261880584754 -0.066280273843909318 -0.052744423774020714
leaf_weight=2.5916880257427684 156.86072796210647 14.424758788198231 85.217853710986674 64.028393000364304 2.3253301735967398 2.2594444788992405
leaf_count=27 515 31 550 175 17 14
internal_value=0.0024741 0.00353749 -0.00702545 0.00830241 -0.0450215 -0.0348314
internal_weight=327.708 320.532 99.6426 220.889 7.17646 4.85113
internal_count=1329 1271 581 690 58 41
is_linear=0
shrinkage=0.03


Tree=106
num_leaves=8
num_cat=0
split_feature=0 14 15 2 14 6 3
split_gain=14.2552 17.4537 20.0755 19.3891 8.80088 10.6163 6.45547
threshold=86.500000000000014 0.99999995453292267 36.168898217405037 5.2182978211668489 7.610657649873673e-23 0.99999581501663115 18.500000000000004
decision_type=2 2 2 2 2 2 2
left_child=1 3 -3 -1 6 -6 -2
right_child=4 2 -4 -5 5 -7 -8
leaf_value=0.013435480786255736 0.049086848969606314 0.0058388968218916317 -0.039826622164894375 -0.0045919165210885375 0.019438246881829414 -0.0041064594084248432 0.015151723732631368
leaf_weight=95.657779041677713 9.7295035868883151 15.624004658311604 19.45061070099473 122.40291087981313 38.915193147957325 30.938449323177338 10.478756442666052
leaf_count=234 18 43 91 787 66 80 23
internal_value=0.00380387 0.000156909 -0.0194849 0.00331625 0.0140543 0.00901021 0.0314902
internal_weight=343.197 253.135 35.0746 218.061 90.0619 69.8536 20.2083
internal_count=1342 1155 134 1021 187 146 41
is_linear=0
shrinkage=0.03


Tree=107
num_leaves=5
num_cat=0
split_feature=7 19 23 17
split_gain=10.7657 11.8535 19.8478 10.6142
threshold=84.500000000000014 8.4500000000000011 60.500000000000007 13.250000000000002
decision_type=2 2 2 2
left_child=1 2 -1 -3
right_child=-2 3 -4 -5
leaf_value=0.020072485801810931 0.043579108472565138 0.00012743062846337823 -0.0097721979449816813 0.013777326079460325
leaf_weight=24.97588743083179 6.0925093740224829 91.844113459810615 101.78645908460021 116.05932927131653
leaf_count=58 6 431 506 336
internal_value=0.00405815 0.00333868 -0.00389192 0.0077473
internal_weight=340.758 334.666 126.762 207.903
internal_count=1337 1331 564 767
is_linear=0
shrinkage=0.03


Tree=108
num_leaves=8
num_cat=0
split_feature=16 0 1 14 0 23 10
split_gain=13.3098 15.7049 15.756 14.4694 9.90962 10.3295 9.42261
threshold=18.106203007518801 84.500000000000014 4.3941300425217635 1.1825474821923402e-22 34.500000000000007 60.500000000000007 -0.025364357839853798
decision_type=2 2 2 2 2 2 2
left_child=1 2 -1 -3 6 -6 -2
right_child=4 3 -4 -5 5 -7 -8
leaf_value=0.024915374691831818 0.021254995444226963 0.039632925761732933 -0.014659682715073648 0.0011029707539145423 0.031650585480527335 0.008194979892002803 -0.029826261071676491
leaf_weight=10.14003114402294 4.6563460603356353 11.766735538840292 84.544530623592436 34.465469405055046 18.886648375540972 160.45400249026716 10.761193718761204
leaf_count=21 10 22 575 87 35 487 103
internal_value=0.00359963 -0.00342322 -0.0104215 0.0109094 0.008681 0.0106651 -0.0143989
internal_weight=335.675 140.917 94.6846 46.2322 194.758 179.341 15.4175
internal_count=1340 705 596 109 635 522 113
is_linear=0
shrinkage=0.03


Tree=109
num_leaves=8
num_cat=0
split_feature=20 0 4 14 18 6 10
split_gain=14.2734 22.8952 19.4405 16.2356 11.0741 12.5879 9.52287
threshold=10.250000000000002 86.500000000000014 0.14410539944580728 4.5974288721243319e-23 258.50000000000006 0.0063342418813666619 -2.9394060735890009e-16
decision_type=2 2 2 2 2 2 2
left_child=4 2 -2 -3 6 -6 -1
right_child=1 3 -4 -5 5 -7 -8
leaf_value=0.029948269275546131 -0.013959206253990346 0.043480122235311669 0.019671489522167247 0.0047605538322112902 0.014139493459566764 -0.018847049902458484 0.010665827353911585
leaf_weight=29.050078086555004 98.620472214184701 13.778392717242239 18.347616009414196 33.307863868772984 20.091553166508675 21.610643563792109 111.61842132359743
leaf_count=42 700 24 38 76 45 112 305
internal_value=0.00484723 -0.00157319 -0.00868389 0.0160907 0.0106228 -0.00295458 0.0146479
internal_weight=346.425 164.054 116.968 47.0863 182.371 41.7022 140.668
internal_count=1342 838 738 100 504 157 347
is_linear=0
shrinkage=0.03


Tree=110
num_leaves=8
num_cat=0
split_feature=3 2 19 15 16 3 14
split_gain=16.1529 15.3236 27.6106 14.1518 13.7966 12.118 1.84675
threshold=19.347452721696531 4.5000000000000009 10.250000000000002 35.583333333333336 21.202941176470592 63.500000000000007 4.5733545977212686e-21
decision_type=2 2 2 2 2 2 2
left_child=1 4 -3 6 -1 -5 -2
right_child=3 2 -4 5 -6 -7 -8
leaf_value=0.01890147480707801 0.039628408739415581 -0.021462105039141144 0.0054780700438901353 0.00084948381040305992 -0.019785325077712579 0.033222537238968619 0.022721713375255238
leaf_weight=35.79084424674511 9.326935142278673 79.993796506896615 59.859664805233479 103.78800803236663 10.799799829721449 11.566218316555021 15.441851250827311
leaf_count=73 13 562 318 290 34 14 28
internal_value=0.000816998 -0.00496716 -0.00993125 0.00851325 0.0099338 0.00409543 0.0290881
internal_weight=326.567 186.444 139.853 140.123 46.5906 115.354 24.7688
internal_count=1332 987 880 345 107 304 41
is_linear=0
shrinkage=0.03


Tree=111
num_leaves=8
num_cat=0
split_feature=0 1 3 10 3 10 21
split_gain=16.1401 19.5129 17.6045 14.386 11.3648 9.77536 5.06051
threshold=75.500000000000014 5.3413484633586661 63.500000000000007 0.024917218589739682 11.462986741183878 -2.9394060735890009e-16 0.51697347450054409
decision_type=2 2 2 2 2 2 2
left_child=1 3 -3 -1 6 -6 -2
right_child=4 2 -4 -5 5 -7 -8
leaf_value=0.017602316601359792 -0.032908250001385746 -0.01731668593840003 0.035074569903847504 -0.016245627198909509 0.024326214680230697 0.0075436039436640326 0.0055852131636488587
leaf_weight=44.94749378412962 7.8027763590216619 76.596335492096841 6.2427303344011298 15.096718557178972 40.753560364246368 133.75159575045109 5.0714939683675766
leaf_count=106 36 705 7 60 67 313 11
internal_value=0.00366493 -0.00392985 -0.0133685 0.00909204 0.00945621 0.011463 -0.0177447
internal_weight=330.263 142.883 82.8391 60.0442 187.379 174.505 12.8743
internal_count=1305 878 712 166 427 380 47
is_linear=0
shrinkage=0.03


Tree=112
num_leaves=8
num_cat=0
split_feature=10 17 23 3 0 15 14
split_gain=21.0436 17.272 28.4471 27.1675 7.77386 9.16462 5.42504
threshold=-2.9394060735890009e-16 13.350000000000003 66.500000000000014 12.500000000000002 58.500000000000007 36.305555555555564 1.2551356729263047e-24
decision_type=2 2 2 2 2 2 2
left_child=4 2 -2 -3 5 -1 -6
right_child=1 3 -4 -5 6 -7 -8
leaf_value=0.020715059591594281 0.048587058471226602 -0.022093663156356066 -0.015199702975488508 0.011360690628101893 0.039119748345120754 -0.032245028168526216 0.016496295846450321
leaf_weight=5.8362300358712655 6.7388895694166413 26.818248815834522 94.98150216601789 117.85028375126421 11.608028791844843 5.927517743781209 53.534710064530373
leaf_count=17 15 180 622 303 18 39 107
internal_value=0.00277477 -0.00150137 -0.0109739 0.00515902 0.0164745 -0.00597047 0.0205277
internal_weight=323.295 246.389 101.72 144.669 76.9065 11.7637 65.1427
internal_count=1301 1120 637 483 181 56 125
is_linear=0
shrinkage=0.03


Tree=113
num_leaves=5
num_cat=0
split_feature=3 5 23 20
split_gain=13.0336 14.5346 21.4725 15.6735
threshold=61.500000000000007 14.500000000000002 64.500000000000014 14.65
decision_type=2 2 2 2
left_child=1 3 -3 -1
right_child=-2 2 -4 -5
leaf_value=0.002518257977781354 0.030653423212063675 0.02737695394252608 -0.021683072028540126 0.050939564848930981
leaf_weight=264.17265641316772 13.657311633229254 9.7144596725702268 46.281078287400305 6.1565935276448718
leaf_count=952 18 15 379 22
internal_value=0.00194113 0.000739464 -0.0131718 0.00362103
internal_weight=339.982 326.325 55.9955 270.329
internal_count=1386 1368 394 974
is_linear=0
shrinkage=0.03


Tree=114
num_leaves=7
num_cat=0
split_feature=22 20 0 18 6 0
split_gain=18.6274 12.6185 15.361 11.7711 1.62205 0.193333
threshold=10.15 10.250000000000002 86.500000000000014 258.50000000000006 1.4678134900740033e-11 69.500000000000014
decision_type=2 2 2 2 2 2
left_child=4 3 -3 -2 -1 -6
right_child=1 2 -4 -5 5 -7
leaf_value=-0.076136194387798242 0.013626344839272924 -0.0086746881993172882 0.012115009251828972 -0.005419543679662229 -0.034898388592173507 -0.048392355917212054
leaf_weight=1.6800516322255123 133.77484677173197 106.15592687670141 45.780790582299232 37.361607566475868 2.1684378003701572 1.7084690257906912
leaf_count=8 338 685 102 146 34 12
internal_value=0.0029452 0.00388192 -0.00241044 0.00946835 -0.0515146 -0.0408449
internal_weight=328.63 323.073 151.937 171.136 5.55696 3.87691
internal_count=1325 1271 787 484 54 46
is_linear=0
shrinkage=0.03


Tree=115
num_leaves=7
num_cat=0
split_feature=22 2 24 0 6 6
split_gain=20.1653 16.9856 17.5227 10.5523 1.63731 0.183024
threshold=10.15 5.2182978211668489 0.55000000000000016 47.500000000000007 1.4367507842049112e-12 0.0021950593160774711
decision_type=2 2 2 2 2 2
left_child=4 3 -3 -2 -1 -6
right_child=1 2 -4 -5 5 -7
leaf_value=-0.075543312514768465 -0.0083179887393060904 0.036748849516704679 -0.0055837705493074303 0.01387807370231282 -0.04942692526497007 -0.036796643847871166
leaf_weight=1.8043493852019299 22.699613682925701 9.3060675291344506 161.9034042544663 127.8488844409585 1.6643480807542799 2.7202567206695676
leaf_count=9 108 41 866 265 9 38
internal_value=0.00214904 0.00318077 -0.00328279 0.0105314 -0.0514895 -0.041591
internal_weight=327.947 321.758 171.209 150.548 6.18895 4.3846
internal_count=1336 1280 907 373 56 47
is_linear=0
shrinkage=0.03


Tree=116
num_leaves=4
num_cat=0
split_feature=17 13 23
split_gain=16.0077 13.4061 14.0562
threshold=29.350000000000005 0.35000000000000003 60.500000000000007
decision_type=2 2 2
left_child=1 -1 -3
right_child=-2 2 -4
leaf_value=0.049020797871272948 0.029043630159265903 0.023187486923206116 -0.00044012678098240287
leaf_weight=5.4290749765932551 21.520848698914051 24.644987735897303 281.43115063384175
leaf_count=14 37 55 1226
internal_value=0.00402002 0.00229122 0.00146235
internal_weight=333.026 311.505 306.076
internal_count=1332 1295 1281
is_linear=0
shrinkage=0.03


Tree=117
num_leaves=5
num_cat=0
split_feature=13 18 3 15
split_gain=14.4778 18.7221 23.3776 17.1525
threshold=0.35000000000000003 240.50000000000003 33.500000000000007 36.361111111111121
decision_type=2 2 2 2
left_child=-1 3 -3 -2
right_child=1 2 -4 -5
leaf_value=0.049707788612684496 0.016491169160895949 -0.015795335633038032 0.025940433123380964 -0.00037222872477981391
leaf_weight=5.8442302644252768 94.11101333424449 77.835750667378306 14.29759109020233 128.27743463218212
leaf_count=12 247 494 22 536
internal_value=0.00292228 0.00205295 -0.00931863 0.00676407
internal_weight=320.366 314.522 92.1333 222.388
internal_count=1311 1299 516 783
is_linear=0
shrinkage=0.03


Tree=118
num_leaves=5
num_cat=0
split_feature=24 20 3 17
split_gain=13.3506 12.1828 16.5175 5.00595
threshold=0.55000000000000016 14.65 9.5000000000000018 13.250000000000002
decision_type=2 2 2 2
left_child=3 2 -2 -1
right_child=1 -3 -4 -5
leaf_value=0.047854620264911427 -0.019475579722952142 0.042823759410783736 0.0043859784105121039 0.01072107602266985
leaf_weight=8.3318638205528242 28.746411166153848 6.7868190249428144 284.57379234395921 5.3752851076424113
leaf_count=34 267 38 982 18
internal_value=0.00429959 0.0030581 0.00219674 0.0332926
internal_weight=333.814 320.107 313.32 13.7071
internal_count=1339 1287 1249 52
is_linear=0
shrinkage=0.03


Tree=119
num_leaves=5
num_cat=0
split_feature=13 18 0 22
split_gain=10.6838 14.1433 18.7425 12.2247
threshold=0.35000000000000003 218.50000000000003 88.500000000000014 12.541778474999136
decision_type=2 2 2 2
left_child=-1 3 -3 -2
right_child=1 2 -4 -5
leaf_value=0.041948674459584008 -0.0018065351632850118 -0.011015193107136103 0.017228356820772776 0.013796555119650467
leaf_weight=6.2878844216465941 74.353517569601536 102.58774554543197 26.636802867054939 115.22479116264731
leaf_count=16 333 617 52 304
internal_value=0.00322383 0.00246004 -0.00519341 0.00767695
internal_weight=325.091 318.803 129.225 189.578
internal_count=1322 1306 669 637
is_linear=0
shrinkage=0.03


Tree=120
num_leaves=7
num_cat=0
split_feature=19 13 23 20 10 0
split_gain=16.4588 20.3748 18.0145 14.6821 14.4356 10.0736
threshold=11.350000000000003 0.95000000000000007 103.50000000000001 13.950000000000001 8.595758682201427e-17 85.500000000000014
decision_type=2 2 2 2 2 2
left_child=1 2 -1 4 -2 -3
right_child=3 5 -4 -5 -6 -7
leaf_value=0.0097798527095494369 0.019457095309294306 0.00081845389689433096 -0.016910191394145589 0.049372300438894498 -0.0042328037501890492 0.020362246531685464
leaf_weight=30.940068330615759 55.823601892217994 59.275370733812451 86.082970033399761 9.1720130629837495 39.552350459620357 39.588946178555489
leaf_count=104 159 200 574 35 169 68
internal_value=0.00334899 -0.00138246 -0.00985353 0.0131193 0.00963291 0.00864451
internal_weight=320.435 215.887 117.023 104.548 95.376 98.8643
internal_count=1309 946 678 363 328 268
is_linear=0
shrinkage=0.03


Tree=121
num_leaves=5
num_cat=0
split_feature=12 6 16 7
split_gain=14.9635 13.2837 18.9649 6.66587
threshold=25.350000000000005 1.186207745328435e-19 24.982447817836817 15.500000000000002
decision_type=2 2 2 2
left_child=-1 3 -3 -2
right_child=1 2 -4 -5
leaf_value=0.028476946889239466 -7.5284138860573857e-05 -0.0037208143201484748 0.032736681101186271 0.021223559651059785
leaf_weight=19.538271613419056 19.853776890784502 231.2194388313219 13.596759477630256 39.60777959227562
leaf_count=31 60 1122 26 81
internal_value=0.00302734 0.00139317 -0.00169601 0.014112
internal_weight=323.816 304.278 244.816 59.4616
internal_count=1320 1289 1148 141
is_linear=0
shrinkage=0.03


Tree=122
num_leaves=8
num_cat=0
split_feature=10 24 7 7 22 20 15
split_gain=14.7873 17.9451 17.6567 6.89917 6.06877 8.64552 3.58559
threshold=-0.011707811890440322 0.55000000000000016 64.500000000000014 13.500000000000002 12.324554521064568 10.850000000000003 36.112659016965104
decision_type=2 2 2 2 2 2 2
left_child=4 3 -3 -2 5 -1 -6
right_child=1 2 -4 -5 6 -7 -8
leaf_value=0.019264676915129595 0.015146614208119104 -0.0049448003151268726 0.02938072790571087 0.058796347569080344 0.031358070222835994 -0.022311616570570902 0.013758763650369234
leaf_weight=10.166060831397774 8.2650199336931092 234.95692684128881 14.308421626687048 5.3804943263530722 18.717563735321164 8.0782352238893491 23.49848123639822
leaf_count=22 42 1133 20 10 31 35 49
internal_value=0.0019358 -0.00114063 -0.00297443 0.0323579 0.0153136 0.000855467 0.0215619
internal_weight=323.371 262.911 249.265 13.6455 60.4603 18.2443 42.216
internal_count=1342 1205 1153 52 137 57 80
is_linear=0
shrinkage=0.03


Tree=123
num_leaves=7
num_cat=0
split_feature=5 13 13 3 21 15
split_gain=13.7999 19.6947 16.6508 10.6215 14.3939 4.9453
threshold=13.500000000000002 0.35000000000000003 0.60227097595100598 25.500000000000004 1.0700989071886469 35.583333333333336
decision_type=2 2 2 2 2 2
left_child=3 -2 -3 4 -1 -5
right_child=1 2 -4 5 -6 -7
leaf_value=0.0080405086158488216 0.071696160062742681 -0.040555966589776518 -0.0034676891962777926 0.037631253399940535 -0.014697058907679056 0.014715033843505343
leaf_weight=140.30168181285262 2.8529781177639952 12.520036913454531 83.906358430162072 10.949709914624689 30.505362136289477 37.502410665154457
leaf_count=492 4 137 448 16 135 71
internal_value=0.00329468 -0.00598489 -0.00828324 0.00749642 0.00397968 0.0198939
internal_weight=318.539 99.2794 96.4264 219.259 170.807 48.4521
internal_count=1303 589 585 714 627 87
is_linear=0
shrinkage=0.03


Tree=124
num_leaves=8
num_cat=0
split_feature=20 5 20 16 0 10 18
split_gain=12.3778 14.6448 15.5431 14.5911 14.3911 9.77777 9.54371
threshold=10.250000000000002 12.500000000000002 13.950000000000001 16.206389452332662 84.500000000000014 -0.025364357839853798 139.50000000000003
decision_type=2 2 2 2 2 2 2
left_child=3 2 -2 5 -3 -1 -5
right_child=1 4 -4 6 -6 -7 -8
leaf_value=0.023837207533375242 0.00065374708206066142 -0.027619506135414508 0.041210991908109174 0.025829427969179062 0.0023804809088237826 -0.021578002483021382 0.0082380262508190971
leaf_weight=5.4333063215017345 92.51223480515182 32.799860309809446 9.3653293848037702 37.748311769217253 25.641310125589371 19.868865001946688 104.85661621578038
leaf_count=10 354 395 29 67 77 106 302
internal_value=0.00347678 -0.00248532 0.00438207 0.00916944 -0.0144569 -0.0118257 0.0128946
internal_weight=328.226 160.319 101.878 167.907 58.4412 25.3022 142.605
internal_count=1340 855 383 485 472 116 369
is_linear=0
shrinkage=0.03


Tree=125
num_leaves=5
num_cat=0
split_feature=17 18 19 16
split_gain=17.0888 15.5337 15.2912 8.68913
threshold=30.700000000000006 158.50000000000003 10.350000000000003 22.314560439560442
decision_type=2 2 2 2
left_child=1 3 -3 -1
right_child=-2 2 -4 -5
leaf_value=0.014438254492856913 0.02835688897558649 -0.01211219891773087 0.0036376471500223617 -0.01745624372923547
leaf_weight=72.652201382443309 20.171627577394247 111.3982952143997 110.52239727880806 8.5972314067184907
leaf_count=205 36 600 455 29
internal_value=0.00161954 -0.000159452 -0.00426836 0.0110634
internal_weight=323.342 303.17 221.921 81.2494
internal_count=1325 1289 1055 234
is_linear=0
shrinkage=0.03


Tree=126
num_leaves=7
num_cat=0
split_feature=22 9 23 0 24 3
split_gain=15.9697 13.6395 20.57 9.51169 5.90202 1.04713
threshold=10.327182904492068 1.5000000000000002 215.50000000000003 37.500000000000007 1.5500000000000003 15.469215319512793
decision_type=2 2 2 2 2 2
left_child=4 3 -3 -2 5 -1
right_child=1 2 -4 -5 -6 -7
leaf_value=-0.041531465057246086 -0.0083646088276330688 0.0053650253885765935 -0.017790335361570736 0.017177295652079812 0.0062285598367367813 -0.067028833219807751
leaf_weight=4.68557519931346 15.259316373616455 164.15069003403187 43.725708582438529 93.674070382490754 2.2956974431872368 2.0990020018070936
leaf_count=56 76 681 286 198 7 11
internal_value=0.00387619 0.0050005 0.000494417 0.0135994 -0.0353506 -0.0494198
internal_weight=325.89 316.81 207.876 108.933 9.08027 6.78458
internal_count=1315 1241 967 274 74 67
is_linear=0
shrinkage=0.03


Tree=127
num_leaves=7
num_cat=0
split_feature=0 23 23 5 14 11
split_gain=11.0132 19.5658 21.2429 9.11376 11.9086 6.34399
threshold=86.500000000000014 35.000000000000007 58.000000000000007 14.500000000000002 4.8818200686813086e-25 10.350000000000003
decision_type=2 2 2 2 2 2
left_child=1 -1 -3 4 -2 -5
right_child=3 2 -4 5 -6 -7
leaf_value=-0.063487157495198857 0.050231333730963959 0.035483316969867347 -0.0026915257848630332 0.012005146908424632 0.011330674693651026 -0.026351816439590687
leaf_weight=4.5025908499956122 8.042209863662718 13.98403184302151 212.08411652129143 6.9585984051227561 59.353423915803432 8.7738783136010152
leaf_count=22 10 25 1069 14 121 39
internal_value=0.00181171 -0.00156345 -0.000330122 0.0111733 0.0159726 -0.00938623
internal_weight=313.699 230.571 226.068 83.1281 67.3956 15.7325
internal_count=1300 1116 1094 184 131 53
is_linear=0
shrinkage=0.03


Tree=128
num_leaves=6
num_cat=0
split_feature=22 21 5 5 19
split_gain=13.971 13.1005 13.9555 10.4567 1.08683
threshold=10.15 1.700145145719514 12.500000000000002 4.5000000000000009 8.4500000000000011
decision_type=2 2 2 2 2
left_child=4 2 -2 -3 -1
right_child=1 3 -4 -5 -6
leaf_value=-0.026657068084190473 0.0097208579655445795 0.0059475511089489338 -0.0035001698182785175 -0.053571185116287154 -0.051280476163200854
leaf_weight=2.7931367745622984 177.71554082259536 4.5221278443932516 120.62893936410546 6.4398026186972857 3.8191621880978346
leaf_count=25 555 13 633 47 33
internal_value=0.00226934 0.00319177 0.00437523 -0.0290179 -0.0408792
internal_weight=315.919 309.306 298.344 10.9619 6.6123
internal_count=1306 1248 1188 60 58
is_linear=0
shrinkage=0.03


Tree=129
num_leaves=4
num_cat=0
split_feature=7 24 5
split_gain=16.643 18.1241 14.6681
threshold=64.500000000000014 3.2000000000000006 13.500000000000002
decision_type=2 2 2
left_child=1 2 -1
right_child=-2 -3 -4
leaf_value=0.0055540774319748987 0.03164455009619721 -0.051572332593887008 -0.0092319754000896367
leaf_weight=213.10425564646721 16.083202034235001 5.937013901770114 84.256821069866419
leaf_count=725 21 30 570
internal_value=0.00190525 0.000328241 0.00136447
internal_weight=319.381 303.298 297.361
internal_count=1346 1325 1295
is_linear=0
shrinkage=0.03


Tree=130
num_leaves=7
num_cat=0
split_feature=22 19 9 22 24 7
split_gain=15.5322 14.1868 12.9422 11.5355 5.61084 1.1878
threshold=10.327182904492068 11.350000000000003 1.5000000000000002 15.228285813863122 1.4500000000000002 19.500000000000004
decision_type=2 2 2 2 2 2
left_child=4 2 -2 -3 5 -1
right_child=1 3 -4 -5 -6 -7
leaf_value=-0.040123287520484101 0.011040855943709994 0.0083435687645586828 -0.0058459288317760988 0.034692557965955891 0.0061438168921963141 -0.067088356944768002
leaf_weight=5.2473032167181355 58.142237603664398 89.351111305877566 137.31456650234759 17.959562294185162 2.2910430505871773 2.042497182264924
leaf_count=63 148 341 708 28 7 10
internal_value=0.00279908 0.00398913 -0.000822643 0.0127533 -0.0348081 -0.0476785
internal_weight=312.348 302.767 195.457 107.311 9.58084 7.2898
internal_count=1305 1225 856 369 80 73
is_linear=0
shrinkage=0.03


Tree=131
num_leaves=4
num_cat=0
split_feature=12 3 5
split_gain=12.338 11.7695 13.2988
threshold=25.350000000000005 61.500000000000007 14.500000000000002
decision_type=2 2 2
left_child=-1 2 -2
right_child=1 -3 -4
leaf_value=0.029588322883525735 0.0053676153680963313 0.032924517703672627 -0.011437681110357242
leaf_weight=17.419679529964924 245.3610956473276 11.874125361442564 51.228610768914223
leaf_count=27 894 15 377
internal_value=0.00502461 0.00363744 0.00246491
internal_weight=325.884 308.464 296.59
internal_count=1313 1286 1271
is_linear=0
shrinkage=0.03


Tree=132
num_leaves=7
num_cat=0
split_feature=1 0 20 15 17 2
split_gain=12.6953 21.3953 14.2551 2.53084 2.04036 0.342692
threshold=4.3941300425217635 46.500000000000007 14.65 36.69444444444445 13.650839442594288 4.5000000000000009
decision_type=2 2 2 2 2 2
left_child=3 5 -3 4 -1 -2
right_child=1 2 -4 -5 -6 -7
leaf_value=0.035933217969823732 -0.047849932535263033 0.0012779859432510946 0.047089114767232661 0.005859786632096211 0.01821931738747401 -0.032751263226675181
leaf_weight=8.8840217888355273 1.501182161271571 264.32846365589648 6.257971014827489 9.0662350282073003 17.148778140544891 13.697500067763029
leaf_count=14 8 934 21 25 43 309
internal_value=0.00248328 0.000392072 0.00233748 0.0195104 0.0242644 -0.0342426
internal_weight=320.884 285.785 270.586 35.099 26.0328 15.1987
internal_count=1354 1272 955 82 57 317
is_linear=0
shrinkage=0.03


Tree=133
num_leaves=5
num_cat=0
split_feature=3 1 0 16
split_gain=12.1492 12.4394 16.0757 9.34632
threshold=63.500000000000007 5.3413484633586661 75.500000000000014 21.202941176470592
decision_type=2 2 2 2
left_child=1 3 -3 -1
right_child=-2 2 -4 -5
leaf_value=0.014558025284245893 0.03286694909646052 -0.013781659804518957 0.0032749433293806393 -0.0083714317378340945
leaf_weight=80.121339485049248 11.316730469465254 77.287199361249804 139.48122616112232 19.991029754281044
leaf_count=192 14 735 367 62
internal_value=0.00232375 0.00123296 -0.00280646 0.00997934
internal_weight=328.198 316.881 216.768 100.112
internal_count=1370 1356 1102 254
is_linear=0
shrinkage=0.03


Tree=134
num_leaves=7
num_cat=0
split_feature=22 1 3 13 11 13
split_gain=14.5179 25.7977 19.2698 17.2597 9.18923 8.11228
threshold=12.541778474999136 5.3413484633586661 14.133577074285872 0.55000000000000016 15.850000000000003 1.0500000000000003
decision_type=2 2 2 2 2 2
left_child=1 3 -3 -1 5 -2
right_child=4 2 -4 -5 -6 -7
leaf_value=0.043962791857471213 0.0014023139547929301 -0.038755548141599823 -0.0067434142039639036 0.0023550824158746621 0.04461000408570804 0.014546727977028589
leaf_weight=11.267646007239817 109.93648127093911 23.26786130759865 62.06741370819509 44.056399367749691 5.8675053045153609 68.642040930688381
leaf_count=17 438 344 259 119 18 158
internal_value=0.00213236 -0.00512722 -0.015472 0.0108292 0.00766854 0.00645477
internal_weight=325.105 140.659 85.3353 55.324 184.446 178.579
internal_count=1353 739 603 136 614 596
is_linear=0
shrinkage=0.03


Tree=135
num_leaves=7
num_cat=0
split_feature=6 16 3 10 0 10
split_gain=17.2798 19.9904 15.4907 13.2471 10.993 10.1194
threshold=0.99998964238358712 25.291666666666668 83.000000000000014 0.0024083538092637834 75.500000000000014 4.3166152212277526e-17
decision_type=2 2 2 2 2 2
left_child=3 2 -2 5 -5 -1
right_child=1 -3 -4 4 -6 -7
leaf_value=0.010334440207993045 -0.012634378507060548 0.037126369872801816 0.040513446062252101 -0.014257675884815886 0.0081904627847414011 0.039558921507868716
leaf_weight=63.556209940463305 134.61819298937917 8.3399379476904851 5.1234639436006537 36.830704274587333 42.048607386648655 12.813427079468964
leaf_count=164 851 13 5 187 87 22
internal_value=-0.000661443 -0.007993 -0.0106858 0.00633164 -0.00229113 0.0152378
internal_weight=303.331 148.082 139.742 155.249 78.8793 76.3696
internal_count=1329 869 856 460 274 186
is_linear=0
shrinkage=0.03


Tree=136
num_leaves=5
num_cat=0
split_feature=13 4 18 0
split_gain=12.0453 12.1808 15.0411 7.18771
threshold=0.35000000000000003 0.14410539944580728 158.50000000000003 38.500000000000007
decision_type=2 2 2 2
left_child=-1 2 -2 -3
right_child=1 3 -4 -5
leaf_value=0.044497578606238222 0.0088409289597133553 -0.0010203856118826634 -0.0067619160982520642 0.028546521926399806
leaf_weight=5.4995266646146765 77.644625850021839 11.894576579332353 195.89582558721304 19.582340218126774
leaf_count=12 228 30 1037 45
internal_value=0.000494034 -0.00029936 -0.00233304 0.0173737
internal_weight=310.517 305.017 273.54 31.4769
internal_count=1352 1340 1265 75
is_linear=0
shrinkage=0.03


Tree=137
num_leaves=7
num_cat=0
split_feature=5 19 16 0 5 17
split_gain=13.6816 17.2831 17.7707 12.5156 14.9396 8.99536
threshold=13.500000000000002 4.1500000000000012 25.742647058823533 55.500000000000007 3.5000000000000004 13.750000000000002
decision_type=2 2 2 2 2 2
left_child=3 -2 -3 4 -1 -5
right_child=1 2 -4 5 -6 -7
leaf_value=0.017831788955200722 0.023227560787122143 -0.016711273138258986 0.038533230891152563 0.0026396403802877687 -0.021435431658945146 0.016138974335442247
leaf_weight=12.672301691025494 13.887335188686846 76.898366921581328 5.6236915886402121 90.503066770732403 27.959767521359026 87.259775303304195
leaf_count=33 30 565 8 244 278 177
internal_value=0.00167729 -0.00773578 -0.0129465 0.00583264 -0.0091888 0.00926616
internal_weight=314.804 96.4094 82.5221 218.395 40.6321 177.763
internal_count=1335 603 573 732 311 421
is_linear=0
shrinkage=0.03


Tree=138
num_leaves=5
num_cat=0
split_feature=7 17 21 20
split_gain=12.0497 8.83576 12.8173 3.35131
threshold=64.500000000000014 29.700000000000006 1.7348986462441494 10.550000000000002
decision_type=2 2 2 2
left_child=1 2 -1 -3
right_child=-2 3 -4 -5
leaf_value=0.00054406187113677988 0.027012445123999636 0.0078695045863448904 -0.035163496628602221 0.033094609380656392
leaf_weight=273.46043113339692 16.510514870285988 9.4537857994437235 9.3568389378488046 9.5069163329899293
leaf_count=1227 25 22 56 18
internal_value=0.00205717 0.000691848 -0.000637301 0.0205174
internal_weight=318.288 301.778 282.817 18.9607
internal_count=1348 1323 1283 40
is_linear=0
shrinkage=0.03


Tree=139
num_leaves=7
num_cat=0
split_feature=22 6 15 6 6 18
split_gain=12.4901 10.5781 13.0128 5.00297 0.498842 0.116322
threshold=10.15 1.186207745328435e-19 37.250000000000007 1.1944398210771052e-25 0.00063010714643578567 199.50000000000003
decision_type=2 2 2 2 2 2
left_child=4 3 -3 -2 -1 -6
right_child=1 2 -4 -5 5 -7
leaf_value=-0.057323576238045286 0.0077324950321102665 -0.0002865442729829815 -0.039404360829941212 0.028232507966417148 -0.046276876188195683 -0.034380681738160834
leaf_weight=1.9293366335332383 45.862654011696577 231.74508378654718 7.9149682866409412 13.980269297957419 1.0912902727723124 2.2964838966727257
leaf_count=10 122 1047 55 25 12 36
internal_value=0.000429724 0.00123886 -0.00157844 0.0125216 -0.0451472 -0.0382128
internal_weight=304.82 299.503 239.66 59.8429 5.31711 3.38777
internal_count=1307 1249 1102 147 58 48
is_linear=0
shrinkage=0.03


Tree=140
num_leaves=7
num_cat=0
split_feature=20 4 17 16 3 7
split_gain=9.88273 12.0758 14.0815 11.0628 9.42953 12.9705
threshold=10.050000000000002 7.2220274591168371e-33 13.750000000000002 20.876893939393941 6.5000000000000009 13.500000000000002
decision_type=2 2 2 2 2 2
left_child=4 2 -2 -3 -1 -6
right_child=1 3 -4 -5 5 -7
leaf_value=0.036035935783043233 -0.01653200146123647 0.022241387031752668 0.0034861660409327869 -0.017930354776277531 -0.024526089458448964 0.0079186179366349217
leaf_weight=9.471589418128131 72.528605285100639 25.272762129083276 56.078669439069927 8.1623850613832456 12.141429375857113 127.99378613382578
leaf_count=28 580 57 222 28 76 341
internal_value=0.00150577 -0.00362742 -0.00780316 0.0124344 0.00706565 0.00510758
internal_weight=311.649 162.042 128.607 33.4351 149.607 140.135
internal_count=1332 887 802 85 445 417
is_linear=0
shrinkage=0.03


Tree=141
num_leaves=7
num_cat=0
split_feature=14 19 9 15 19 14
split_gain=12.511 16.3018 12.9276 12.7061 9.82629 4.0817
threshold=1.1825474821923402e-22 2.7500000000000004 1.5000000000000002 36.861111111111121 10.65 1.0513829913859381e-31
decision_type=2 2 2 2 2 2
left_child=3 -2 -3 4 -1 -5
right_child=1 2 -4 5 -6 -7
leaf_value=0.0062328548439205605 0.030953754920724899 0.0058525252772851357 -0.0093347492097217918 0.0018987908982601117 0.028478181255854315 -0.048811800224209188
leaf_weight=42.587897521443665 12.977074157446621 80.473815752193332 135.17250204179436 2.3000887744128695 30.792930223047733 3.7699046609923244
leaf_count=207 23 243 706 8 96 43
internal_value=0.00186184 -0.00170209 -0.00366724 0.0121172 0.0155677 -0.0295962
internal_weight=308.074 228.623 215.646 79.4508 73.3808 6.06999
internal_count=1326 972 949 354 303 51
is_linear=0
shrinkage=0.03


Tree=142
num_leaves=8
num_cat=0
split_feature=10 19 5 10 0 4 0
split_gain=11.984 16.5766 22.4502 18.3162 16.3086 6.63056 4.1503
threshold=-2.3272150736874946e-16 12.550000000000002 13.500000000000002 -3.4321628000018565e-17 62.500000000000007 0.99141910385054011 74.500000000000014
decision_type=2 2 2 2 2 2 2
left_child=4 3 -3 -2 5 -1 -6
right_child=1 2 -4 -5 6 -7 -8
leaf_value=-0.037488724610222554 -0.026347023839156929 0.020093862259761491 -0.031476815261623874 -0.0021326530998087862 0.0062896309276359837 0.004186593422703712 0.024384659846740948
leaf_weight=7.1145773697644454 34.467545165680349 47.826814565807581 9.0319782681763154 152.53128784894943 16.074171599000692 6.6448720172047615 39.296833708882332
leaf_count=56 229 149 73 710 42 17 67
internal_value=0.000842708 -0.00228283 0.0119019 -0.00659584 0.011868 -0.0173624 0.0191317
internal_weight=312.988 243.858 56.8588 186.999 69.1305 13.7594 55.371
internal_count=1343 1161 222 939 182 73 109
is_linear=0
shrinkage=0.03


Tree=143
num_leaves=7
num_cat=0
split_feature=15 14 13 3 17 16
split_gain=11.8993 14.5206 9.69023 11.4955 7.77333 5.4622
threshold=37.083333333333336 0.93354450623268803 0.35000000000000003 11.462986741183878 15.150066981241665 17.533936651583716
decision_type=2 2 2 2 2 2
left_child=2 4 -1 -4 -2 -3
right_child=1 5 3 -5 -6 -7
leaf_value=0.043881358749419487 -0.021660336527452785 -0.024122527692060431 -0.011722409287211891 0.0042212592457365481 0.020681376686214999 -0.072563255726677309
leaf_weight=4.9265993982553473 8.6982058389112371 3.735052425414322 49.291158786043525 233.51503419317305 7.0772705972194663 4.7712699696421623
leaf_count=10 70 16 433 796 15 25
internal_value=0.000467113 -0.0197002 0.00216903 0.00144239 -0.00266479 -0.0512934
internal_weight=312.015 24.2818 287.733 282.806 15.7755 8.50632
internal_count=1365 126 1239 1229 85 41
is_linear=0
shrinkage=0.03


Tree=144
num_leaves=7
num_cat=0
split_feature=0 16 16 19 18 20
split_gain=10.6815 13.9104 13.0432 10.8938 10.293 9.94735
threshold=86.500000000000014 22.071127946127948 18.106203007518801 11.15 81.000000000000014 10.632559706411039
decision_type=2 2 2 2 2 2
left_child=2 5 3 -1 -4 -2
right_child=1 -3 4 -5 -6 -7
leaf_value=-0.01688274311620494 0.0060277108525483908 -0.026043820301331986 0.036947124353974431 0.0055971485239259327 0.003330508046437094 0.027581674992767025
leaf_weight=58.007107409648597 41.542325764894485 7.7841287702321997 8.7554451748728734 29.151604026556015 128.61401792056859 35.944503255188465
leaf_count=434 93 25 18 155 528 68
internal_value=0.00314646 0.0121857 -0.000286444 -0.00936399 0.00547311 0.0160261
internal_weight=309.799 85.271 224.528 87.1587 137.369 77.4868
internal_count=1321 186 1135 589 546 161
is_linear=0
shrinkage=0.03


Tree=145
num_leaves=5
num_cat=0
split_feature=13 19 18 18
split_gain=10.0404 9.30045 23.0535 12.9476
threshold=0.35000000000000003 10.350000000000003 180.50000000000003 182.50000000000003
decision_type=2 2 2 2
left_child=-1 2 -2 -3
right_child=1 3 -4 -5
leaf_value=0.043906138520850395 0.0095320026550477395 -0.013038395792933685 -0.012154410313327585 0.012192258162007093
leaf_weight=5.2623928040266028 80.364499328657985 21.866635803133249 97.811041005887091 112.39012902136892
leaf_count=13 263 74 554 438
internal_value=0.00281224 0.00212008 -0.00237295 0.0080829
internal_weight=317.695 312.432 178.176 134.257
internal_count=1342 1329 817 512
is_linear=0
shrinkage=0.03


Tree=146
num_leaves=5
num_cat=0
split_feature=3 10 19 15
split_gain=12.5404 13.1743 13.9554 6.55412
threshold=63.500000000000007 -0.011707811890440322 11.15 35.972222222222229
decision_type=2 2 2 2
left_child=1 3 -3 -1
right_child=-2 2 -4 -5
leaf_value=0.026704083728687857 0.031483410892354124 -0.0099257313256535598 0.0052137573962686016 0.0046167215645667092
leaf_weight=18.201221637427807 10.893617719411848 149.2830726057291 86.578475588932633 36.018522530794144
leaf_count=34 14 817 360 104
internal_value=-0.000116428 -0.00130312 -0.00436843 0.0120313
internal_weight=300.975 290.081 235.862 54.2197
internal_count=1329 1315 1177 138
is_linear=0
shrinkage=0.03


Tree=147
num_leaves=8
num_cat=0
split_feature=0 9 19 22 2 7 7
split_gain=15.2681 12.2241 13.9621 10.3322 9.59562 7.12105 6.66193
threshold=55.500000000000007 2.2389176722955395 3.8500000000000001 13.400228847124842 4.5000000000000009 9.5000000000000018 19.500000000000004
decision_type=2 2 2 2 2 2 2
left_child=3 5 -3 6 -5 -2 -1
right_child=1 2 -4 4 -6 -7 -8
leaf_value=-0.020583457051331185 0.038587267273823861 0.024478569775582427 -0.0044291198788639482 0.021266656144533137 -0.023404108697034565 0.0093930765911152576 -0.061826676749622195
leaf_weight=24.089833872392777 8.2152908742427808 16.713564492762089 149.92574741132557 10.3442939221859 7.4409291539341202 88.794451087713242 4.1289758384227744
leaf_count=370 13 30 602 22 70 200 38
internal_value=0.000616338 0.003399 -0.00152974 -0.0153311 0.00257743 0.0118654 -0.0266182
internal_weight=309.653 263.649 166.639 46.004 17.7852 97.0097 28.2188
internal_count=1345 845 632 500 92 213 408
is_linear=0
shrinkage=0.03


Tree=148
num_leaves=8
num_cat=0
split_feature=22 0 17 18 22 18 22
split_gain=9.35588 11.0642 12.3942 7.91601 13.3393 11.672 7.41455
threshold=13.750000000000002 44.500000000000007 20.750000000000004 210.50000000000003 15.228285813863122 122.50000000000001 13.400228847124842
decision_type=2 2 2 2 2 2 2
left_child=1 6 -3 5 -5 -2 -1
right_child=3 2 -4 4 -6 -7 -8
leaf_value=-0.0290354379901341 -0.0040822799204394654 0.0039020719311905288 -0.034524227815082478 -0.021568049597739388 0.016649767888729461 0.025242526240564556 0.026661583182913166
leaf_weight=16.381926389411095 16.480924693867564 186.53333950135857 7.873311683535575 14.842511819675563 18.420027263462543 47.201224967837334 2.4762749765068284
leaf_count=281 49 723 36 79 49 96 13
internal_value=0.0037303 0.000217624 0.00234584 0.0114577 -0.000403903 0.0176533 -0.0217218
internal_weight=310.21 213.265 194.407 96.9447 33.2625 63.6821 18.8582
internal_count=1326 1053 759 273 128 145 294
is_linear=0
shrinkage=0.03


Tree=149
num_leaves=5
num_cat=0
split_feature=20 0 17 19
split_gain=14.2344 11.812 13.871 9.36468
threshold=14.65 66.500000000000014 15.950000000000001 10.350000000000003
decision_type=2 2 2 2
left_child=1 2 -1 -3
right_child=-2 3 -4 -5
leaf_value=-0.01677279978163513 0.050584545699348692 -0.00068943769877506992 0.0083761520061759031 0.011708342407799641
leaf_weight=59.150039890781045 5.2737379651516667 129.89946233853698 29.623860067687929 94.888441974297166
leaf_count=590 31 413 104 224
internal_value=0.0017069 0.000884837 -0.00838059 0.00454397
internal_weight=318.836 313.562 88.7739 224.788
internal_count=1362 1331 694 637
is_linear=0
shrinkage=0.03


Tree=150
num_leaves=7
num_cat=0
split_feature=21 24 15 0 5 10
split_gain=11.9661 13.9101 10.4657 13.4645 8.4043 4.28689
threshold=1.700145145719514 0.75000000000000011 37.250000000000007 87.500000000000014 13.500000000000002 0.13657242882375212
decision_type=2 2 2 2 2 2
left_child=2 -2 4 -4 -1 -3
right_child=1 5 3 -5 -6 -7
leaf_value=0.0082056148829747766 0.021579799800030889 -0.070817722009091963 -0.046598967474889993 0.024860339811117054 -0.002783550980102416 -0.028393158128486515
leaf_weight=184.02151119895279 3.7353071048855773 3.9340521022677404 7.8631722787395102 3.3988840132951736 94.953582854941487 4.7101490050554276
leaf_count=610 12 23 60 6 584 29
internal_value=0.00208863 -0.0267967 0.00332067 -0.0250326 0.00446528 -0.047701
internal_weight=302.617 12.3795 290.237 11.2621 278.975 8.6442
internal_count=1324 64 1260 66 1194 52
is_linear=0
shrinkage=0.03


Tree=151
num_leaves=5
num_cat=0
split_feature=20 16 0 13
split_gain=10.0922 9.05573 18.495 8.40557
threshold=15.15 18.126054590570721 77.500000000000014 0.55000000000000016
decision_type=2 2 2 2
left_child=1 2 -1 -3
right_child=-2 3 -4 -5
leaf_value=-0.019606313304483838 0.046305205884555813 0.022178035555593386 0.0037750670315589738 0.0020853750650495395
leaf_weight=52.43163444288075 4.3204491008073083 21.378417284227908 72.618966169655323 151.74674962740391
leaf_count=493 15 76 204 549
internal_value=0.000782786 0.000123184 -0.00602836 0.00456652
internal_weight=302.496 298.176 125.051 173.125
internal_count=1337 1322 697 625
is_linear=0
shrinkage=0.03


Tree=152
num_leaves=8
num_cat=0
split_feature=23 22 15 6 16 10 18
split_gain=16.1601 13.8965 19.3664 12.3235 15.646 14.5387 11.0919
threshold=213.50000000000003 12.724877391112759 36.69444444444445 0.99999999740031509 20.433035714285719 0.0098748212224183049 258.50000000000006
decision_type=2 2 2 2 2 2 2
left_child=1 2 -1 5 -5 -2 -3
right_child=3 6 -4 4 -6 -7 -8
leaf_value=0.0045182742277615076 0.013637977916493302 0.013579527112057423 -0.024128666768799913 -0.044139369373684019 0.0070104879979841139 -0.021456989673826508 -0.026602482811473455
leaf_weight=80.056467650458217 23.812029473483562 120.57610404770821 28.908416622318327 17.507843977771703 7.7710875906050196 19.181680353358388 6.5169783728197208
leaf_count=351 73 333 197 205 36 97 39
internal_value=0.00106153 0.00477931 -0.00308177 -0.011793 -0.0284152 -0.00201967 0.0115191
internal_weight=304.331 236.058 108.965 68.2726 25.2789 42.9937 127.093
internal_count=1331 920 548 411 241 170 372
is_linear=0
shrinkage=0.03


Tree=153
num_leaves=7
num_cat=0
split_feature=10 24 4 15 24 15
split_gain=8.99912 9.90854 10.9094 6.96551 5.03032 4.19014
threshold=-2.3272150736874946e-16 0.55000000000000016 6.3927453467211454e-31 35.972222222222229 0.75000000000000011 36.405893076178799
decision_type=2 2 2 2 2 2
left_child=3 5 -3 -1 -5 -2
right_child=1 2 -4 4 -6 -7
leaf_value=0.026355077414218584 0.0077015904772137402 -0.0055412239322258951 0.011389248358954586 -0.01731659796493416 0.0094285418923551988 0.045630741877872347
leaf_weight=19.98198901116848 5.0135225392878038 178.12572068534791 42.408829921856523 7.4787112511694422 41.177343834191561 5.4938247175887227
leaf_count=39 20 971 111 36 108 24
internal_value=0.00190414 -0.0009294 -0.00228549 0.0114421 0.00531766 0.0275331
internal_weight=299.68 231.042 220.535 68.638 48.6561 10.5073
internal_count=1309 1126 1082 183 144 44
is_linear=0
shrinkage=0.03


Tree=154
num_leaves=7
num_cat=0
split_feature=3 14 3 20 10 5
split_gain=10.9057 14.4836 14.3705 10.9033 7.158 7.85872
threshold=24.500000000000004 1.1997379389259054e-21 11.462986741183878 8.2500000000000018 0.090230133389920739 13.500000000000002
decision_type=2 2 2 2 2 2
left_child=1 2 -1 -3 5 -2
right_child=4 3 -4 -5 -6 -7
leaf_value=-0.019289996382316189 0.01689117778516486 0.010003389349261775 0.017655496459430691 -0.010461303643204186 0.035355596863929306 -0.0029506763347314302
leaf_weight=11.717745480593292 39.419947117567062 28.788355275057256 49.512448231689632 125.90843016374856 9.6484478414058668 33.008129466325045
leaf_count=120 79 84 196 713 13 98
internal_value=0.00177356 -0.00176473 0.0105852 -0.00665292 0.0110821 0.00784852
internal_weight=298.004 215.927 61.2302 154.697 82.0765 72.4281
internal_count=1303 1113 316 797 190 177
is_linear=0
shrinkage=0.03


Tree=155
num_leaves=5
num_cat=0
split_feature=3 23 6 23
split_gain=10.3003 10.8268 14.9136 9.21273
threshold=63.500000000000007 60.500000000000007 0.99998964238358712 39.500000000000007
decision_type=2 2 2 2
left_child=1 3 -3 -1
right_child=-2 2 -4 -5
leaf_value=-0.0033475215241313711 0.032402915661012326 0.0063205528544951813 -0.0078672460236952103 0.035583280268129049
leaf_weight=8.7670452669262904 9.9352808445692045 141.42382562626153 126.16550809610635 14.550125362351535
leaf_count=27 12 434 810 27
internal_value=0.00236545 0.00133959 -0.000368843 0.0209457
internal_weight=300.842 290.907 267.589 23.3172
internal_count=1310 1298 1244 54
is_linear=0
shrinkage=0.03


Tree=156
num_leaves=8
num_cat=0
split_feature=15 23 21 4 20 12 16
split_gain=15.1846 17.8264 14.6896 10.4303 10.2043 14.5741 11.3396
threshold=37.027777777777779 150.50000000000003 0.29751877346368455 5.1910388223691674e-35 10.250000000000002 37.549986478215835 16.206389452332662
decision_type=2 2 2 2 2 2 2
left_child=4 3 -3 -2 6 -6 -1
right_child=1 2 -4 -5 5 -7 -8
leaf_value=-0.01065084763546338 -0.019286156059942963 -0.0080686795129376702 -0.068364046963884276 0.033427990456582665 -0.01674452505118763 0.0050394854481566999 0.012554496655635976
leaf_weight=22.227887914516032 7.1294107222929615 6.4708962654694906 8.3021754948422295 6.4204145707190037 42.383589496836066 79.46191452909261 128.61185887549073
leaf_count=106 41 40 62 12 220 476 342
internal_value=0.00174748 -0.0191597 -0.0419535 0.00569178 0.00391904 -0.00253802 0.00913494
internal_weight=301.008 28.3229 14.7731 13.5498 272.685 121.846 150.84
internal_count=1299 155 102 53 1144 696 448
is_linear=0
shrinkage=0.03


Tree=157
num_leaves=5
num_cat=0
split_feature=20 0 16 3
split_gain=9.59488 11.2995 14.7247 14.5541
threshold=14.65 75.500000000000014 18.481379310344831 11.462986741183878
decision_type=2 2 2 2
left_child=1 2 -1 -3
right_child=-2 3 -4 -5
leaf_value=-0.017510507057543912 0.037761775952921933 -0.02667901949815895 0.0029463344391449354 0.0086034500452076678
leaf_weight=53.280335201881826 6.6313926661387077 11.252655260264872 78.06624015327543 162.12146157026291
leaf_count=510 34 50 370 386
internal_value=0.00206214 0.00128523 -0.00535192 0.00631348
internal_weight=311.352 304.721 131.347 173.374
internal_count=1350 1316 880 436
is_linear=0
shrinkage=0.03


Tree=158
num_leaves=6
num_cat=0
split_feature=17 24 0 16 19
split_gain=11.0617 9.57468 10.7356 8.34005 5.03242
threshold=29.700000000000006 0.55000000000000016 86.500000000000014 17.754310344827591 10.532494837013298
decision_type=2 2 2 2 2
left_child=1 3 -3 -1 -2
right_child=4 2 -4 -5 -6
leaf_value=-0.010216835839994866 0.00779112970957476 -0.0051653371930468683 0.0083911699223082684 0.039692192878455886 0.037007316596313074
leaf_weight=4.4145026272162786 10.909023743122818 203.47472268948331 70.891482889652252 9.494158608838914 10.330958306789396
leaf_count=32 30 1101 164 25 14
internal_value=0.00110787 -0.000431572 -0.00166257 0.0238514 0.0220017
internal_weight=309.515 288.275 274.366 13.9087 21.24
internal_count=1366 1322 1265 57 44
is_linear=0
shrinkage=0.03


Tree=159
num_leaves=7
num_cat=0
split_feature=22 9 23 21 24 7
split_gain=14.4302 14.444 20.2031 5.4892 5.27635 1.05195
threshold=10.421172190791131 1.5000000000000002 294.50000000000006 1.0700989071886469 1.5500000000000003 19.500000000000004
decision_type=2 2 2 2 2 2
left_child=4 3 -3 -2 5 -1
right_child=1 2 -4 -5 -6 -7
leaf_value=-0.039599349303211906 0.014185145353327426 -0.0019867404281455141 -0.050372714201765569 -0.0022613853676964725 0.0053436340717850396 -0.062781269751756727
leaf_weight=4.8371475888416153 73.889029566198587 181.96533063892275 8.1126970453187806 24.261347835883498 2.1333945840597153 2.7709038518369198
leaf_count=66 208 890 72 74 7 17
internal_value=-0.000439718 0.00077399 -0.0040519 0.0101198 -0.0363507 -0.0480424
internal_weight=297.97 288.228 190.078 98.1504 9.74145 7.60805
internal_count=1334 1244 962 282 90 83
is_linear=0
shrinkage=0.03


Tree=160
num_leaves=6
num_cat=0
split_feature=21 19 19 17 16
split_gain=12.9269 12.1377 15.0695 7.77681 2.4657
threshold=1.7348986462441494 4.3500000000000005 7.8500000000000005 14.65 18.126054590570721
decision_type=2 2 2 2 2
left_child=1 3 -3 -1 -2
right_child=4 2 -4 -5 -6
leaf_value=0.034466309620188908 -0.050135458243558348 -0.012322916617319763 0.0040361600084502037 0.0014176362760259205 -0.018290017636020679
leaf_weight=15.779351936653258 4.6697691418230516 68.569821873679757 194.23128429381177 10.790271937847136 4.1177289383485913
leaf_count=34 35 387 822 32 24
internal_value=0.000632841 0.00172139 -0.000232235 0.0210448 -0.035213
internal_weight=298.158 289.371 262.801 26.5696 8.7875
internal_count=1334 1275 1209 66 59
is_linear=0
shrinkage=0.03


Tree=161
num_leaves=4
num_cat=0
split_feature=24 13 24
split_gain=10.9529 14.6705 11.8197
threshold=5.0500000000000007 1.8500000000000003 1.8500000000000003
decision_type=2 2 2
left_child=1 2 -1
right_child=-2 -3 -4
leaf_value=0.00021665717130880276 -0.041397734240792843 0.024927714894980375 -0.038775486595197431
leaf_weight=268.46020266646519 5.5702888965606681 21.504263050854206 7.1839424185454837
leaf_count=1242 24 37 32
internal_value=0.00028098 0.00106228 -0.000799571
internal_weight=302.719 297.148 275.644
internal_count=1335 1311 1274
is_linear=0
shrinkage=0.03


Tree=162
num_leaves=6
num_cat=0
split_feature=0 20 3 15 18
split_gain=11.0781 16.0368 14.4927 11.8364 12.2648
threshold=81.500000000000014 14.65 44.500000000000007 35.394444444444453 183.50000000000003
decision_type=2 2 2 2 2
left_child=1 2 -1 -2 -5
right_child=3 -3 -4 4 -6
leaf_value=-0.0074692978197457103 0.036323153002802901 0.044761024642357733 0.022714070017456119 -0.0085481803981821008 0.012313747462912106
leaf_weight=152.8301526918076 12.574622124433516 6.1286095082759848 15.796987809240816 37.151263877749443 79.928870067000389
leaf_count=964 16 31 28 106 189
internal_value=0.0020203 -0.00290919 -0.00464172 0.00866453 0.00569395
internal_weight=304.411 174.756 168.627 129.655 117.08
internal_count=1334 1023 992 311 295
is_linear=0
shrinkage=0.03


Tree=163
num_leaves=7
num_cat=0
split_feature=14 16 12 17 20 14
split_gain=12.5668 17.5987 14.1756 13.736 11.556 9.37573
threshold=6.6211535279572973e-17 20.876893939393941 25.350000000000005 11.850000000000003 13.950000000000001 7.8440355890258858e-27
decision_type=2 2 2 2 2 2
left_child=1 3 -2 -1 -4 -3
right_child=2 5 4 -5 -6 -7
leaf_value=0.021258125287035013 0.026614318079026058 0.0045747943387392936 -0.008474573795074658 -0.0083234190619824594 0.028784170735072591 0.037452440207718277
leaf_weight=19.572972257621586 12.280084587633608 11.940966975875197 162.66089077619836 50.777636648155749 7.8536573555320492 22.544800266623497
leaf_count=125 20 41 739 303 45 42
internal_value=0.000232352 0.00851256 -0.00451651 -9.32309e-05 -0.00675849 0.0260683
internal_weight=287.631 104.836 182.795 70.3506 170.515 34.4858
internal_count=1315 511 804 428 784 83
is_linear=0
shrinkage=0.03


Tree=164
num_leaves=5
num_cat=0
split_feature=13 19 0 5
split_gain=9.72115 8.97123 18.2974 10.771
threshold=0.35000000000000003 13.15 77.500000000000014 12.500000000000002
decision_type=2 2 2 2
left_child=-1 2 -2 -3
right_child=1 3 -4 -5
leaf_value=0.03889624886628637 -0.013173221066563665 0.017622731403579478 0.0039178146818631609 -0.0099913968008673824
leaf_weight=5.6391203925013533 100.5856366334483 42.581240642815828 128.26784051954746 18.123401431366801
leaf_count=14 751 139 334 94
internal_value=-0.000114659 -0.000874393 -0.00359403 0.00937852
internal_weight=295.197 289.558 228.853 60.7046
internal_count=1332 1318 1085 233
is_linear=0
shrinkage=0.03


Tree=165
num_leaves=6
num_cat=0
split_feature=1 13 5 16 15
split_gain=11.1962 8.59321 8.02903 2.18805 0.441816
threshold=4.3941300425217635 0.35000000000000003 3.5000000000000004 19.812812812812815 36.405893076178799
decision_type=2 2 2 2 2
left_child=3 -2 -3 4 -1
right_child=1 2 -4 -5 -6
leaf_value=0.033408943059382613 0.041777922294262304 -0.030219355367454331 0.0022512748246555736 0.012622265983263365 0.023482981879915151
leaf_weight=8.7557951956987434 4.8324435576796523 7.0328100863844147 269.09570256993175 13.909901514649389 7.486889734864234
leaf_count=23 11 29 1208 35 18
internal_value=0.00398273 0.00211834 0.00142427 0.0213551 0.0288337
internal_weight=311.114 280.961 276.129 30.1526 16.2427
internal_count=1324 1248 1237 76 41
is_linear=0
shrinkage=0.03


Tree=166
num_leaves=6
num_cat=0
split_feature=0 13 10 19 11
split_gain=10.4566 9.2566 9.87934 9.14751 5.56562
threshold=46.500000000000007 0.35000000000000003 -0.011707811890440322 22.250000000000004 12.700462617968055
decision_type=2 2 2 2 2
left_child=3 -2 -3 4 -1
right_child=1 2 -4 -5 -6
leaf_value=-0.046423929798587255 0.04292986844906925 0.013291716523660442 -0.0014127931461255581 0.030790592984452771 -0.014130989829721169
leaf_weight=7.3757143076509299 4.9178955107927314 50.819455653429031 215.48699257429689 2.9749278817325822 13.772258048411457
leaf_count=101 10 117 853 9 233
internal_value=0.000462975 0.00214643 0.00139328 -0.0184648 -0.0253937
internal_weight=295.347 271.224 266.306 24.1229 21.148
internal_count=1323 980 970 343 334
is_linear=0
shrinkage=0.03


Tree=167
num_leaves=7
num_cat=0
split_feature=5 3 21 18 0 19
split_gain=16.0867 14.8149 13.2947 12.3078 9.81826 8.15954
threshold=13.500000000000002 63.500000000000007 0.33969849393903739 234.50000000000003 58.500000000000007 13.850000000000003
decision_type=2 2 2 2 2 2
left_child=3 2 -2 5 -5 -1
right_child=1 -3 -4 4 -6 -7
leaf_value=0.0078751571257830756 -0.020370508525845196 0.033170210643441098 0.0096034410407333654 -0.02316968858224118 0.0020993898099762077 0.03009923074032838
leaf_weight=122.31626110710204 60.452689974568784 6.5644817501306525 17.080719890072942 19.161033311858773 49.822125382721424 16.925718367099762
leaf_count=364 493 8 83 189 137 42
internal_value=0.000970429 -0.0101034 -0.0137672 0.00544292 -0.00491945 0.0105766
internal_weight=292.323 84.0979 77.5334 208.225 68.9832 139.242
internal_count=1316 584 576 732 326 406
is_linear=0
shrinkage=0.03


Tree=168
num_leaves=7
num_cat=0
split_feature=15 16 4 9 19 16
split_gain=9.98724 20.5788 10.8066 10.2106 21.5676 10.3402
threshold=37.027777777777779 23.985294117647062 5.1910388223691674e-35 3.0321024709090252 10.532494837013298 15.728735632183909
decision_type=2 2 2 2 2 2
left_child=3 2 -2 5 -5 -1
right_child=1 -3 -4 4 -6 -7
leaf_value=0.02196359790208318 -0.043479930147197046 0.039306667291915211 -0.00010997741088529989 -0.016970098086740742 0.012202536668102565 0.0026366259640969334
leaf_weight=30.501191769726574 15.384561986196791 4.8064350672066203 7.7884047105908385 60.94220228632912 36.450244570150971 136.0061870040372
leaf_count=96 119 11 24 421 162 489
internal_value=-0.000143031 -0.0171859 -0.0289033 0.0016639 -0.0060519 0.00617698
internal_weight=291.879 27.9794 23.173 263.9 97.3924 166.507
internal_count=1322 154 143 1168 583 585
is_linear=0
shrinkage=0.03


Tree=169
num_leaves=5
num_cat=0
split_feature=13 23 5 23
split_gain=8.57677 7.88658 14.3378 7.10977
threshold=0.35000000000000003 58.000000000000007 14.500000000000002 39.500000000000007
decision_type=2 2 2 2
left_child=-1 3 -3 -2
right_child=1 2 -4 -5
leaf_value=0.040703503698366797 -0.002534633757861809 0.0021640359709968844 -0.017062904404995621 0.033996148966700612
leaf_weight=4.871487319469451 8.1883074939250964 227.99419111851603 41.216701708734035 11.570159235969184
leaf_count=11 24 890 367 24
internal_value=0.0012285 0.000563027 -0.000779645 0.0188571
internal_weight=293.841 288.969 269.211 19.7585
internal_count=1316 1305 1257 48
is_linear=0
shrinkage=0.03


Tree=170
num_leaves=8
num_cat=0
split_feature=13 18 19 0 3 19 17
split_gain=9.52323 14.713 13.6511 14.8955 13.0593 12.1132 5.933
threshold=0.95000000000000007 115.50000000000001 6.9500000000000011 88.500000000000014 6.5000000000000009 5.4500000000000011 14.65
decision_type=2 2 2 2 2 2 2
left_child=1 6 5 -4 -3 -2 -1
right_child=2 4 3 -5 -6 -7 -8
leaf_value=0.028859906590554766 5.3263560193076857e-05 0.020273119786580494 0.0038186587884261667 0.029358821628459885 -0.011601941250399541 -0.044137688046989067 -0.0023492220583067771
leaf_weight=14.535407742485406 18.836055288091305 12.742727132514117 72.649252931587398 28.659397467970848 125.48876676335931 7.9340277705341569 8.8019196651875955
leaf_count=39 54 82 251 44 762 45 30
internal_value=-0.000100547 -0.00494381 0.00600914 0.0110438 -0.00866357 -0.0130439 0.0170891
internal_weight=289.648 161.569 128.079 101.309 138.231 26.7701 23.3373
internal_count=1307 913 394 295 844 99 69
is_linear=0
shrinkage=0.03


Tree=171
num_leaves=5
num_cat=0
split_feature=7 6 10 21
split_gain=8.95652 11.0036 10.0837 4.66245
threshold=64.500000000000014 1.186207745328435e-19 0.048747373947307257 0.72587122617603794
decision_type=2 2 2 2
left_child=1 3 -3 -1
right_child=-2 2 -4 -5
leaf_value=0.023610297607290141 0.025097850498591482 0.0010770108619032731 -0.015397834483447816 0.0058417576862345557
leaf_weight=22.399350725114346 14.648593723773955 186.33818188169971 40.748121295124292 32.68462129496038
leaf_count=53 23 926 228 88
internal_value=0.00222592 0.00103854 -0.00187922 0.0130672
internal_weight=296.819 282.17 227.086 55.084
internal_count=1318 1295 1154 141
is_linear=0
shrinkage=0.03


Tree=172
num_leaves=7
num_cat=0
split_feature=14 5 23 0 14 14
split_gain=10.8006 11.7147 21.2217 11.1418 10.564 11.1499
threshold=3.9140662874604723e-25 13.500000000000002 77.500000000000014 38.500000000000007 4.7261583672093421e-26 4.2315990594125236e-29
decision_type=2 2 2 2 2 2
left_child=4 3 -3 -2 5 -1
right_child=1 2 -4 -5 -6 -7
leaf_value=0.015689514639428356 -0.030160738137207106 0.024084929395401598 -0.021299994259357264 0.0036883296712078894 0.042000065631472509 -0.015388826312716071
leaf_weight=35.920086746104062 9.2584529723972064 11.267890378832815 52.362534888088703 159.97084508370608 8.9868980189785344 14.617507101502268
leaf_count=125 152 22 409 478 31 119
internal_value=0.000625618 -0.00228958 -0.0132631 0.00183646 0.0120299 0.00670041
internal_weight=292.384 232.86 63.6304 169.229 59.5245 50.5376
internal_count=1336 1061 431 630 275 244
is_linear=0
shrinkage=0.03


Tree=173
num_leaves=6
num_cat=0
split_feature=21 13 23 20 12
split_gain=9.61416 11.0329 8.00933 7.1538 4.29817
threshold=1.644504125348863 0.55000000000000016 355.00000000000006 10.250000000000002 41.250000000000007
decision_type=2 2 2 2 2
left_child=2 -2 3 -1 -3
right_child=1 4 -4 -5 -6
leaf_value=0.0087509840251880355 0.023092025534610809 -0.049340293018773067 -0.030761031338662526 -0.0010322449690361832 -0.0080840950522404701
leaf_weight=144.99588057585061 3.7014517523348323 7.5512378979474288 6.0246924245730034 125.48719516443089 3.2512770164757967
leaf_count=431 11 49 35 771 18
internal_value=0.00220131 -0.0216072 0.00345016 0.00421218 -0.0369232
internal_weight=291.012 14.504 276.508 270.483 10.8025
internal_count=1315 78 1237 1202 67
is_linear=0
shrinkage=0.03


Tree=174
num_leaves=6
num_cat=0
split_feature=17 14 17 12 19
split_gain=9.53399 9.40457 20.5097 9.86444 6.22355
threshold=29.700000000000006 1.1997379389259054e-21 11.693513040494436 25.350000000000005 10.532494837013298
decision_type=2 2 2 2 2
left_child=1 2 -1 -3 -2
right_child=4 3 -4 -5 -6
leaf_value=0.035694853118771887 0.0056581100317991953 0.021543323961988065 6.9396550536437318e-05 -0.0048430312585576295 0.038282883052235379
leaf_weight=19.62504038028419 11.061283862218263 13.664857298135756 56.173432355746627 190.74417695309967 10.03804165124893
leaf_count=88 31 25 280 921 14
internal_value=0.00173208 0.000267722 0.00929321 -0.00307909 0.0211794
internal_weight=301.307 280.208 75.7985 204.409 21.0993
internal_count=1359 1314 368 946 45
is_linear=0
shrinkage=0.03


Tree=175
num_leaves=5
num_cat=0
split_feature=22 23 23 19
split_gain=9.96098 8.84756 11.4921 0.933876
threshold=10.15 35.000000000000007 58.000000000000007 7.2500000000000009
decision_type=2 2 2 2
left_child=3 -2 -3 -1
right_child=1 2 -4 -5
leaf_value=-0.025754968267063923 -0.033091160761392485 0.030903599104628438 0.0014948054894816461 -0.051485084115278759
leaf_weight=2.2771433107554904 6.3268437907099715 12.502362316474317 275.07175913127139 2.8691394692286849
leaf_count=21 26 27 1223 33
internal_value=0.00127678 0.0020013 0.00277336 -0.0400999
internal_weight=299.047 293.901 287.574 5.14628
internal_count=1330 1276 1250 54
is_linear=0
shrinkage=0.03


Tree=176
num_leaves=7
num_cat=0
split_feature=22 17 0 19 7 0
split_gain=13.617 9.99876 11.535 4.19778 0.872561 0.0627324
threshold=10.15 29.700000000000006 86.500000000000014 10.532494837013298 19.500000000000004 71.500000000000014
decision_type=2 2 2 2 2 2
left_child=4 2 -2 -3 5 -1
right_child=1 3 -4 -5 -6 -7
leaf_value=-0.033912315586168723 -0.0019078541447078723 0.010543127423959485 0.011971642569578705 0.037771436688732479 -0.063992868588585813 -0.042412263926521129
leaf_weight=1.8256597956642502 195.42210580268875 10.547090332955124 74.410529680550098 9.8596420586109144 1.7329383967444298 1.3662616834044454
leaf_count=41 1030 29 164 14 10 9
internal_value=0.00261155 0.00345092 0.00191963 0.0236987 -0.046855 -0.0375506
internal_weight=295.164 290.239 269.833 20.4067 4.92486 3.19192
internal_count=1297 1237 1194 43 60 50
is_linear=0
shrinkage=0.03


Tree=177
num_leaves=7
num_cat=0
split_feature=0 20 23 10 17 11
split_gain=7.57509 13.2615 10.5412 10.1883 9.88248 7.8742
threshold=86.500000000000014 10.15 35.000000000000007 0.026567224541195856 11.450000000000001 12.550000000000002
decision_type=2 2 2 2 2 2
left_child=1 2 -1 -3 -2 -6
right_child=4 3 -4 -5 5 -7
leaf_value=-0.042272493096770968 0.030635083429195322 -0.0057917693089251238 0.0059399976185346122 -0.028939417295507981 -0.0051854349089805671 0.016007448491071264
leaf_weight=4.2427722215652457 14.140517212450503 75.679479918442667 107.34499057102948 22.113577116280794 40.764480248093605 25.742857620120049
leaf_count=18 29 548 371 206 111 52
internal_value=4.7913e-05 -0.00296109 0.00410687 -0.0110261 0.00786 0.00301765
internal_weight=290.029 209.381 111.588 97.7931 80.6479 66.5073
internal_count=1335 1143 389 754 192 163
is_linear=0
shrinkage=0.03


Tree=178
num_leaves=6
num_cat=0
split_feature=16 16 22 10 6
split_gain=13.5991 12.7093 12.0079 2.39325 0.646605
threshold=14.455555555555557 14.676190476190477 10.327182904492068 -0.029618204200857475 0.99999971186795544
decision_type=2 2 2 2 2
left_child=3 -2 -3 -1 -5
right_child=1 2 -4 4 -6
leaf_value=-0.0029464704821142705 0.04956452532096603 -0.039313026543126239 0.0023928202368586299 -0.058709757950473347 -0.038390456770406721
leaf_weight=1.5343619324266908 5.0300841294229022 6.3559349947608998 276.70650639012456 2.0113047100603563 4.7106774519197643
leaf_count=6 13 72 1157 15 73
internal_value=0.00120838 0.00229632 0.00145635 -0.0367535 -0.0444703
internal_weight=296.349 288.093 283.062 8.25634 6.72198
internal_count=1336 1242 1229 94 88
is_linear=0
shrinkage=0.03


Tree=179
num_leaves=8
num_cat=0
split_feature=20 13 4 15 0 5 16
split_gain=9.90148 16.1085 18.6628 12.8197 5.48545 11.117 7.03475
threshold=10.250000000000002 0.95000000000000007 1.0315013628699678e-31 36.472222222222229 47.500000000000007 3.5000000000000004 18.106203007518801
decision_type=2 2 2 2 2 2 2
left_child=4 2 -2 -3 5 -1 -6
right_child=1 3 -4 -5 6 -7 -8
leaf_value=0.01559582318795376 -0.022347074445676015 0.017447323409418986 0.014272876701820626 -0.01019853980180742 0.00058816172258988866 -0.039304695193352002 0.013926772164127837
leaf_weight=6.609782921150325 56.393158867023885 38.167680495418608 16.101379016414285 24.97312327567488 62.611733408644795 6.6686689755879343 82.439770713448524
leaf_count=19 547 110 47 127 214 79 186
internal_value=0.00138365 -0.00456499 -0.0142136 0.00651297 0.00647964 -0.0119762 0.00816914
internal_weight=293.965 135.635 72.4945 63.1408 158.33 13.2785 145.052
internal_count=1329 831 594 237 498 98 400
is_linear=0
shrinkage=0.03


Tree=180
num_leaves=8
num_cat=0
split_feature=19 13 23 17 17 0 15
split_gain=12.1942 16.8996 26.0665 10.7028 11.7096 9.69461 8.8539
threshold=11.350000000000003 0.95000000000000007 88.500000000000014 11.750000000000002 11.15 88.500000000000014 36.394444444444453
decision_type=2 2 2 2 2 2 2
left_child=1 2 -1 4 -2 -3 -5
right_child=3 5 -4 6 -6 -7 -8
leaf_value=0.014060162007353818 -0.0047830894771669283 -0.0011583092942652456 -0.020983824592621762 0.013177030008293204 0.04306807655566984 0.021100538479992097 -0.0070948624159795741
leaf_weight=25.024842018261552 6.84523986745626 61.658945107832551 80.724510769359767 39.399960102513433 14.048386792652307 24.65080414712429 38.18112775683403
leaf_count=75 45 226 617 125 35 43 180
internal_value=-0.000250402 -0.00465133 -0.0126909 0.0083329 0.0273909 0.00519901 0.00320032
internal_weight=290.534 192.059 105.749 98.4747 20.8936 86.3097 77.5811
internal_count=1346 961 692 385 80 269 305
is_linear=0
shrinkage=0.03


Tree=181
num_leaves=7
num_cat=0
split_feature=0 16 6 0 22 6
split_gain=8.60543 7.80178 9.63359 7.40097 12.0639 8.53497
threshold=44.500000000000007 24.982447817836817 0.0047234224748068506 26.500000000000004 13.750000000000002 1.0000000180025095e-35
decision_type=2 2 2 2 2 2
left_child=3 2 -2 5 -5 -1
right_child=1 -3 -4 4 -6 -7
leaf_value=0.017484281180713407 0.01169031957250939 0.030126955572066679 -0.00065422411305584443 -0.056225115589551004 0.012893675834396778 -0.03310244965286889
leaf_weight=8.8300526663661021 84.852105153724551 10.229979299008845 172.68896371126175 6.9238933734595758 3.3831711038947105 4.5476876487955442
leaf_count=20 215 21 750 163 18 118
internal_value=0.00290041 0.00443352 0.00341294 -0.0144324 -0.0335377 0.000287606
internal_weight=291.456 267.771 257.541 23.6848 10.3071 13.3777
internal_count=1305 986 965 319 181 138
is_linear=0
shrinkage=0.03


Tree=182
num_leaves=6
num_cat=0
split_feature=15 7 20 0 16
split_gain=13.4702 10.6525 7.21757 7.7935 1.94123
threshold=37.250000000000007 28.500000000000004 15.15 55.500000000000007 17.879807692307697
decision_type=2 2 2 2 2
left_child=2 4 3 -1 -2
right_child=1 -3 -4 -5 -6
leaf_value=-0.011333215923717149 -0.029337659843255929 0.012601966759682054 0.039488167969837604 0.0030681762958562858 -0.062942323063253869
leaf_weight=39.346993670333177 2.2155298478901368 3.2254447340965271 4.4654516242444506 240.73617032263428 5.1279630688950419
leaf_count=460 24 9 15 804 38
internal_value=0.000413083 -0.0328432 0.00164831 0.00104502 -0.0528038
internal_weight=295.118 10.5689 284.549 280.083 7.34349
internal_count=1350 71 1279 1264 62
is_linear=0
shrinkage=0.03


Tree=183
num_leaves=5
num_cat=0
split_feature=13 9 16 0
split_gain=9.87987 10.3802 20.9193 10.0774
threshold=0.35000000000000003 3.0321024709090252 20.012500000000003 87.500000000000014
decision_type=2 2 2 2
left_child=-1 3 -3 -2
right_child=1 2 -4 -5
leaf_value=0.044326784272142032 0.0017173144008221538 -0.017620735246821208 0.010769771897114642 0.01732205182354388
leaf_weight=4.9753539264202109 147.87836552271619 58.656935594975948 38.815465893596411 49.785326987504959
leaf_count=10 633 482 135 98
internal_value=0.00240356 0.00169682 -0.00631507 0.00564766
internal_weight=300.111 295.136 97.4724 197.664
internal_count=1358 1348 617 731
is_linear=0
shrinkage=0.03


Tree=184
num_leaves=7
num_cat=0
split_feature=22 20 9 3 18 8
split_gain=8.81918 8.20903 14.2438 6.94924 1.07669 0.635092
threshold=10.15 9.1500000000000004 2.2389176722955395 9.5000000000000018 184.50000000000003 4.5000000000000009
decision_type=2 2 2 2 2 2
left_child=4 3 -3 -2 -1 -6
right_child=1 2 -4 -5 5 -7
leaf_value=-0.018832050016309131 -0.017810306077158146 0.0067601882409306152 -0.010196729788025537 0.010492223014766093 -0.06284726007116552 -0.037025266136282098
leaf_weight=1.527513014152645 8.6151889441534859 76.337693330831826 107.17954549519345 83.313923814333975 1.6094487356022003 1.8341495427303014
leaf_count=10 54 255 727 220 11 32
internal_value=-0.000192356 0.000522372 -0.00314316 0.00783984 -0.039795 -0.0490938
internal_weight=280.417 275.446 183.517 91.9291 4.97111 3.4436
internal_count=1309 1256 982 274 53 43
is_linear=0
shrinkage=0.03


Tree=185
num_leaves=7
num_cat=0
split_feature=0 4 10 17 12 8
split_gain=9.51409 8.57676 10.2762 5.89717 6.39073 4.25987
threshold=34.500000000000007 0.14410539944580728 0.050969930636623688 19.650000000000002 37.350000000000001 1.5000000000000002
decision_type=2 2 2 2 2 2
left_child=3 2 -2 4 -1 -3
right_child=1 5 -4 -5 -6 -7
leaf_value=-0.069123960895456943 0.0034289928530687121 0.0084358695166860953 -0.012305052484573187 0.010785392816564801 -0.018906248236714693 0.036354470028747442
leaf_weight=3.2294369279406947 209.10303192539141 10.849273622035982 45.485469026491046 3.5561958067119113 7.7640020977705717 8.9981999993324262
leaf_count=50 843 34 192 14 174 22
internal_value=0.000845353 0.0020987 0.000617906 -0.0227954 -0.0336582 0.0210933
internal_weight=288.986 274.436 254.589 14.5496 10.9934 19.8475
internal_count=1329 1091 1035 238 224 56
is_linear=0
shrinkage=0.03


Tree=186
num_leaves=8
num_cat=0
split_feature=10 15 15 3 14 14 22
split_gain=10.4392 9.67676 11.1329 8.40215 6.05858 14.8403 3.32262
threshold=-0.011707811890440322 37.250000000000007 37.183333333333344 19.347452721696531 3.0481613709416339e-14 9.5050906922080325e-06 12.690375105364451
decision_type=2 2 2 2 2 2 2
left_child=4 2 -2 -3 6 -6 -1
right_child=1 3 -4 -5 5 -7 -8
leaf_value=0.010203895598708755 -0.0026679516945436483 -0.051443433679527792 0.043094279393011713 0.0071597614808819095 -0.030215514371330569 0.015789924811940474 0.035329834249448099
leaf_weight=8.008807713165881 214.53544297860935 6.6173422951251251 4.8936218479648224 3.2998659759759903 8.4785784576088172 24.678613769821823 11.593682877719401
leaf_count=26 1110 57 11 8 36 56 23
internal_value=-0.000189513 -0.00295743 -0.00164738 -0.0319437 0.0118426 0.00402594 0.0250644
internal_weight=282.106 229.346 219.429 9.91721 52.7597 33.1572 19.6025
internal_count=1327 1186 1121 65 141 92 49
is_linear=0
shrinkage=0.03


Tree=187
num_leaves=5
num_cat=0
split_feature=13 0 9 18
split_gain=6.79304 7.87415 12.6301 11.8754
threshold=0.35000000000000003 87.500000000000014 3.6096502986167152 218.50000000000003
decision_type=2 2 2 2
left_child=-1 3 -3 -2
right_child=1 2 -4 -5
leaf_value=0.033482186329422202 0.0027782714729781039 0.01746997974382292 -0.010647837448535773 -0.011442958396971381
leaf_weight=5.4616042040288439 128.87616972764954 46.111808858811855 20.891500152647495 89.579368013422936
leaf_count=13 559 90 66 612
internal_value=0.000340263 -0.000293832 0.0087029 -0.00305325
internal_weight=290.92 285.459 67.0033 218.456
internal_count=1340 1327 156 1171
is_linear=0
shrinkage=0.03


Tree=188
num_leaves=7
num_cat=0
split_feature=15 16 14 19 20 0
split_gain=9.23204 12.5018 11.2701 8.88231 11.8648 9.73824
threshold=36.894444444444453 23.985294117647062 0.67296397119138462 13.15 14.250000000000002 55.500000000000007
decision_type=2 2 2 2 2 2
left_child=3 2 -2 5 -5 -1
right_child=1 -3 -4 4 -6 -7
leaf_value=-0.019139254202019639 -0.0032801335292585582 0.033793815864810867 -0.038474338769981332 0.0084734475736864944 0.051787553556593501 0.0022529896723847988
leaf_weight=21.388519210740924 17.730439493898302 4.4962593261152497 15.216956695541738 44.889739001169801 6.5181874027475706 183.14118086919188
leaf_count=302 130 13 74 167 19 641
internal_value=0.000782299 -0.0131311 -0.0195348 0.00281782 0.0139654 1.5914e-05
internal_weight=293.381 37.4437 32.9474 255.938 51.4079 204.53
internal_count=1346 217 204 1129 186 943
is_linear=0
shrinkage=0.03


Tree=189
num_leaves=7
num_cat=0
split_feature=14 6 20 13 17 10
split_gain=9.18855 16.5697 14.037 13.4133 12.7279 7.8585
threshold=1.1825474821923402e-22 0.99999581501663115 7.6500000000000012 0.35000000000000003 11.550000000000002 0.0098748212224183049
decision_type=2 2 2 2 2 2
left_child=2 5 -1 -3 -4 -2
right_child=1 3 4 -5 -6 -7
leaf_value=-0.044077117587129254 0.013305071857134988 0.039675738825958796 0.038126281971731943 -0.013739492176678393 0.0075219277127156802 -0.0012964795656373394
leaf_weight=3.9017013013362876 64.421717936173081 4.4578828364610663 15.764184467494486 83.152585926931351 54.555337130557746 68.388623370788991
leaf_count=19 168 9 76 551 252 265
internal_value=0.00217987 -0.00089435 0.0113096 -0.0110216 0.0143828 0.00578623
internal_weight=294.642 220.421 74.2212 87.6105 70.3195 132.81
internal_count=1340 993 347 560 328 433
is_linear=0
shrinkage=0.03


Tree=190
num_leaves=5
num_cat=0
split_feature=19 20 19 17
split_gain=10.0775 9.60079 13.0267 7.39777
threshold=2.7500000000000004 9.9500000000000011 8.4500000000000011 24.600000000000005
decision_type=2 2 2 2
left_child=-1 3 -3 -2
right_child=1 2 -4 -5
leaf_value=0.025133466514740563 0.0075099168907087482 -0.019965973993332043 -0.00026734609264196052 -0.017936563014065595
leaf_weight=14.266891518607734 117.00427047535777 42.480328266043216 104.63364961510524 11.272905118763445
leaf_count=29 368 338 573 39
internal_value=0.000548706 -0.00072493 -0.00595548 0.0052737
internal_weight=289.658 275.391 147.114 128.277
internal_count=1347 1318 911 407
is_linear=0
shrinkage=0.03


Tree=191
num_leaves=8
num_cat=0
split_feature=2 3 7 13 14 21 13
split_gain=7.73024 9.05576 16.5034 7.76934 7.1819 17.4316 7.06853
threshold=5.2182978211668489 11.462986741183878 16.500000000000004 0.35000000000000003 0.99999995453292267 0.42709703232885982 0.55000000000000016
decision_type=2 2 2 2 2 2 2
left_child=4 3 -3 -2 6 -6 -1
right_child=1 2 -4 -5 5 -7 -8
leaf_value=0.03073886420089764 0.034974816935833625 0.024654663242271578 -0.0038447245289997111 -0.026237409846895762 0.031198627186868999 -0.016205072373682818 0.0086511708572020955
leaf_weight=15.5458797365427 2.0694650113582638 22.012435141950846 108.05601547425613 18.99658745713532 9.5258164685219509 26.140170682221651 80.889457320794463
leaf_count=34 6 120 448 351 19 103 228
internal_value=0.00265666 -0.0019769 0.000978435 -0.0202241 0.00795783 -0.0035443 0.0122118
internal_weight=283.236 151.135 130.068 21.0661 132.101 35.666 96.4353
internal_count=1309 925 568 357 384 122 262
is_linear=0
shrinkage=0.03


Tree=192
num_leaves=8
num_cat=0
split_feature=17 4 16 18 18 3 10
split_gain=9.83761 13.9966 15.0732 7.86798 10.6773 5.89589 5.34151
threshold=12.963350933243786 1.7087722769326193e-29 18.204166666666669 257.50000000000006 292.50000000000006 12.500000000000002 0.08053859520157762
decision_type=2 2 2 2 2 2 2
left_child=1 2 -1 5 -5 -2 -3
right_child=3 6 -4 4 -6 -7 -8
leaf_value=-0.026825404901056577 -0.0038543685696127614 0.0025651168872719353 -0.00098814568652769554 -0.032670506611225322 0.0023820317815145989 0.011164632293687667 0.035936388505387509
leaf_weight=35.473118675407022 29.648718897718936 9.6261772792786378 47.576726916711777 10.678262254223226 29.229454047046602 113.87366438377649 7.8265515193343154
leaf_count=348 163 32 246 71 137 306 12
internal_value=0.000652262 -0.0068918 -0.012024 0.0047857 -0.00699711 0.00806202 0.0175302
internal_weight=283.933 100.503 83.0498 183.43 39.9077 143.522 17.4527
internal_count=1315 638 594 677 208 469 44
is_linear=0
shrinkage=0.03


Tree=193
num_leaves=7
num_cat=0
split_feature=0 5 6 7 10 11
split_gain=9.40428 9.64524 8.72984 16.0773 14.2108 5.71225
threshold=44.500000000000007 3.5000000000000004 0.99998964238358712 19.500000000000004 0.0098748212224183049 16.450000000000003
decision_type=2 2 2 2 2 2
left_child=1 -1 4 -4 -2 -3
right_child=2 5 3 -5 -6 -7
leaf_value=0.0088778882559544317 0.019923754649484048 -0.037916384408574831 0.010940160662563958 -0.0095389207522944448 1.4670996472231473e-05 0.029726305758016193
leaf_weight=8.6094947988167423 64.898342076689005 12.299523163586853 60.315628574695438 80.612335118465126 64.173635695129633 1.2365514012053598
leaf_count=26 146 304 347 312 190 6
internal_value=0.00284689 -0.0159473 0.0043884 -0.000774098 0.0100251 -0.0317371
internal_weight=292.146 22.1456 270 140.928 129.072 13.5361
internal_count=1331 336 995 659 336 310
is_linear=0
shrinkage=0.03


Tree=194
num_leaves=7
num_cat=0
split_feature=14 20 15 11 20 19
split_gain=13.237 11.1486 9.62396 8.72467 14.2759 13.3991
threshold=1.1825474821923402e-22 7.2500000000000009 36.69444444444445 13.950000000000001 11.550000000000002 7.8500000000000005
decision_type=2 2 2 2 2 2
left_child=1 -1 -3 4 -2 -5
right_child=3 2 -4 5 -6 -7
leaf_value=-0.036303564527325138 -0.0022862617045570242 0.019219346076405887 -0.012610945349923902 -0.046215137424977112 -0.026689031742585072 0.016535985285136411
leaf_weight=4.1008964627981177 144.75990230590105 59.022392338141799 9.9969914676621539 3.3890321287326506 25.35495386319235 31.785061598289758
leaf_count=19 535 242 85 50 181 193
internal_value=0.000792853 0.0117536 0.0146089 -0.00311115 -0.0059234 0.0104899
internal_weight=278.409 73.1203 69.0194 205.289 170.115 35.1741
internal_count=1305 346 327 959 716 243
is_linear=0
shrinkage=0.03


Tree=195
num_leaves=8
num_cat=0
split_feature=19 18 13 5 0 15 12
split_gain=10.4478 14.7023 14.4192 9.35594 11.9032 10.2952 6.63873
threshold=12.550000000000002 158.50000000000003 0.35000000000000003 13.500000000000002 79.500000000000014 36.894444444444453 38.050000000000004
decision_type=2 2 2 2 2 2 2
left_child=1 6 -3 5 -5 -2 -1
right_child=3 2 -4 4 -6 -7 -8
leaf_value=0.013534964053524206 0.02263306905150967 0.045489797160465605 -0.0092082644302627255 0.0093828757072184788 -0.055566299431716815 -0.012100746041778744 -0.010784001211703495
leaf_weight=56.783324874006212 44.631932782009244 4.4727123677730551 143.48642337461933 7.1845756368711573 3.9280367344617844 9.2764349626377207 12.289136768318711
leaf_count=156 129 7 828 59 18 53 69
internal_value=0.00094056 -0.00221979 -0.00755478 0.0114894 -0.0135751 0.0166561 0.00920822
internal_weight=282.053 217.032 147.959 65.021 11.1126 53.9084 69.0725
internal_count=1319 1060 835 259 77 182 225
is_linear=0
shrinkage=0.03


Tree=196
num_leaves=4
num_cat=0
split_feature=24 13 10
split_gain=17.1636 9.01962 11.3832
threshold=5.0500000000000007 1.8500000000000003 -0.011707811890440322
decision_type=2 2 2
left_child=1 2 -1
right_child=-2 -3 -4
leaf_value=0.014816259064997343 -0.057246524463297761 0.023604349577868118 -0.00084844893120556396
leaf_weight=51.84324442781508 4.2306934483349314 18.983398281037807 214.4650422912091
leaf_count=133 23 37 1134
internal_value=0.00273574 0.00362524 0.00220106
internal_weight=289.522 285.292 266.308
internal_count=1327 1304 1267
is_linear=0
shrinkage=0.03


Tree=197
num_leaves=7
num_cat=0
split_feature=14 14 14 6 13 10
split_gain=9.47391 16.135 13.7132 8.93466 11.9621 8.9266
threshold=1.1825474821923402e-22 7.6939561636187029e-24 3.9140662874604723e-25 0.99999581501663115 0.35000000000000003 0.0024083538092637834
decision_type=2 2 2 2 2 2
left_child=1 2 -1 5 -5 -2
right_child=3 -3 -4 4 -6 -7
leaf_value=0.00881407985111308 0.012357313271950898 0.042826210163322442 -0.045519607295286105 0.041101951766203342 -0.011154849328675064 -0.0034972892750539
leaf_weight=56.147427985444665 57.850497561506927 12.011053949128835 4.5169650902971616 4.1336172744631758 85.241234781686217 71.41644474864006
leaf_count=276 157 39 41 6 541 284
internal_value=0.00167455 0.0110583 0.00476849 -0.00144456 -0.00873795 0.00359808
internal_weight=291.317 72.6754 60.6644 218.642 89.3749 129.267
internal_count=1344 356 317 988 547 441
is_linear=0
shrinkage=0.03


Tree=198
num_leaves=4
num_cat=0
split_feature=3 24 23
split_gain=8.64894 11.9869 7.74782
threshold=70.000000000000014 3.2000000000000006 231.50000000000003
decision_type=2 2 2
left_child=1 2 -1
right_child=-2 -3 -4
leaf_value=0.0036882819686908635 0.031873306958143041 -0.042821472705123903 -0.009858276196333355
leaf_weight=230.85588045231998 8.1777396947145444 5.6139509566128245 45.485000680200756
leaf_count=1007 11 27 302
internal_value=0.00145903 0.000576902 0.00145855
internal_weight=290.133 281.955 276.341
internal_count=1347 1336 1309
is_linear=0
shrinkage=0.03


Tree=199
num_leaves=6
num_cat=0
split_feature=22 20 24 7 20
split_gain=13.7966 22.9693 12.8161 8.77414 7.94122
threshold=13.850000000000003 7.1500000000000012 2.2500000000000004 46.500000000000007 6.8500000000000005
decision_type=2 2 2 2 2
left_child=1 -1 -3 4 -2
right_child=3 2 -4 -5 -6
leaf_value=-0.062962271228111891 0.038150508551624683 -0.0063577319657674904 0.022124208647465057 -0.021738543688158671 0.0081661682892763023
leaf_weight=6.1359157222323111 8.9681204259395582 168.99336630059406 15.524865742772816 7.8218889683485022 69.990234674885869
leaf_count=34 14 1001 34 24 223
internal_value=-0.00134668 -0.00586019 -0.00396134 0.00856939 0.0115718
internal_weight=277.434 190.654 184.518 86.7802 78.9584
internal_count=1330 1069 1035 261 237
is_linear=0
shrinkage=0.03


Tree=200
num_leaves=7
num_cat=0
split_feature=1 0 13 16 13 16
split_gain=7.06784 14.3744 14.825 14.06 8.27004 8.84556
threshold=5.3413484633586661 75.500000000000014 0.95000000000000007 23.285361842105267 0.55000000000000016 23.285361842105267
decision_type=2 2 2 2 2 2
left_child=4 3 -3 -2 -1 -6
right_child=1 2 -4 -5 5 -7
leaf_value=0.029234869940528915 -0.019050566862079784 -0.0080051240180230698 0.011991897188425363 0.022038347396428307 0.0072061933881204972 -0.026097036090025182
leaf_weight=13.268476283177732 60.433805344626307 61.251708496361971 73.290011994540691 8.5562828844413144 63.726802829653025 8.0889639854431135
leaf_count=29 703 208 163 33 184 32
internal_value=0.000214329 -0.00282105 0.00288802 -0.0139546 0.00747532 0.00345509
internal_weight=288.616 203.532 134.542 68.9901 85.0842 71.8158
internal_count=1352 1107 371 736 245 216
is_linear=0
shrinkage=0.03


Tree=201
num_leaves=8
num_cat=0
split_feature=18 5 6 18 20 6 11
split_gain=7.00495 9.541 11.4662 10.6285 7.378 9.90165 4.22745
threshold=125.50000000000001 14.500000000000002 0.99999962631438533 192.50000000000003 10.250000000000002 0.0021950593160774711 9.2500000000000018
decision_type=2 2 2 2 2 2 2
left_child=4 3 -3 -2 6 -6 -1
right_child=1 2 -4 -5 5 -7 -8
leaf_value=0.00063530429459483567 -0.011739757982810134 0.025404665758715465 -0.024093996964263523 0.0040632309662762432 0.022935909349490243 -0.044178653838867515 0.02430671663546909
leaf_weight=9.6602540612220746 51.830230406485498 4.9044188531115642 29.827362215612084 146.76485305046663 3.5165671445429307 4.5230839662253857 22.853162731975317
leaf_count=23 210 18 329 645 9 42 46
internal_value=-0.000597874 -0.00259807 -0.0171044 -6.11036e-05 0.0109105 -0.0148225 0.0172736
internal_weight=273.88 233.327 34.7318 198.595 40.5531 8.03965 32.5134
internal_count=1322 1202 347 855 120 51 69
is_linear=0
shrinkage=0.03


Tree=202
num_leaves=6
num_cat=0
split_feature=18 20 10 23 20
split_gain=12.0548 12.0933 9.28641 7.2687 21.8987
threshold=158.50000000000003 15.15 -2.3272150736874946e-16 133.46094730244184 10.350000000000003
decision_type=2 2 2 2 2
left_child=3 2 -2 4 -1
right_child=1 -3 -4 -5 -6
leaf_value=0.014966673981689323 0.0060382171818290382 0.047549176379702657 -0.0091332388714678928 0.029063264407393506 -0.027094759826434316
leaf_weight=48.052200118079782 48.03948525711894 3.9558139359578481 148.72511048661545 14.094394160434602 14.502328500151632
leaf_count=111 149 12 912 35 88
internal_value=-0.000520244 -0.00438507 -0.00542917 0.00960057 0.00521536
internal_weight=277.369 200.72 196.765 76.6489 62.5545
internal_count=1307 1073 1061 234 199
is_linear=0
shrinkage=0.03


Tree=203
num_leaves=6
num_cat=0
split_feature=0 5 3 15 12
split_gain=14.05 12.7761 11.4711 7.43644 5.98013
threshold=55.500000000000007 3.5000000000000004 6.5000000000000009 37.083333333333336 25.350000000000005
decision_type=2 2 2 2 2
left_child=1 -1 -2 -4 -3
right_child=2 4 3 -5 -6
leaf_value=0.009605513455003066 0.033676270662195099 0.015801952772273989 0.0027133368761859287 -0.018784322174062264 -0.033908061322511368
leaf_weight=11.000348588451741 10.281232160516081 2.4085007607936886 221.48399135004729 15.495054395869372 22.762124018743634
leaf_count=36 30 6 757 56 454
internal_value=9.89081e-05 -0.0173647 0.0026536 0.0013077 -0.0291515
internal_weight=283.431 36.171 247.26 236.979 25.1706
internal_count=1339 496 843 813 460
is_linear=0
shrinkage=0.03


Tree=204
num_leaves=7
num_cat=0
split_feature=6 6 0 21 0 14
split_gain=11.1792 11.087 9.33898 8.37504 12.1406 6.86587
threshold=0.99999581501663115 0.99999951272527454 56.500000000000007 0.30115197416844147 74.500000000000014 0.9989765099725435
decision_type=2 2 2 2 2 2
left_child=3 -2 -3 5 -5 -1
right_child=1 2 -4 4 -6 -7
leaf_value=0.0072244502833250998 -0.058831993946320667 -0.034727248932512382 -0.0033869958547702475 -0.010719250029033343 0.010049788158085911 0.032977211825900646
leaf_weight=25.48329502902925 3.6199407633393994 9.2089478867128474 120.93029371555895 47.031918103341013 54.898163110017776 14.687375433742998
leaf_count=80 30 303 527 252 122 29
internal_value=-0.000820491 -0.0070452 -0.0056047 0.00503882 0.000466673 0.0166403
internal_weight=275.86 133.759 130.139 142.101 101.93 40.1707
internal_count=1343 860 830 483 374 109
is_linear=0
shrinkage=0.03


Tree=205
num_leaves=4
num_cat=0
split_feature=23 23 19
split_gain=7.59169 10.654 7.37601
threshold=35.000000000000007 60.500000000000007 4.3500000000000005
decision_type=2 2 2
left_child=-1 -2 -3
right_child=1 2 -4
leaf_value=-0.028623172010286052 0.028367559100493722 0.021963788141695615 0.00093328747074513752
leaf_weight=6.7412100508809081 14.796086790971456 15.976887704804538 247.87692890805192
leaf_count=27 33 43 1219
internal_value=0.0028348 0.00359585 0.00220673
internal_weight=285.391 278.65 263.854
internal_count=1322 1295 1262
is_linear=0
shrinkage=0.03


Tree=206
num_leaves=8
num_cat=0
split_feature=10 19 15 6 0 16 21
split_gain=8.93131 15.3009 16.0878 7.61161 10.0049 8.0206 7.5122
threshold=0.026567224541195856 13.550000000000002 36.750000000000007 0.99998964238358712 55.500000000000007 18.968472906403942 0.51566321501937995
decision_type=2 2 2 2 2 2 2
left_child=3 2 -2 5 -5 -1 -3
right_child=1 6 -4 4 -6 -7 -8
leaf_value=0.019277668913203472 -0.0082149302483133201 0.039853724223735815 -0.048737121669202445 -0.035643120086570161 0.0010977702543417977 -0.00029804430788226815 -0.001241538910095323
leaf_weight=44.52593637118116 43.389585194643587 7.1060025589540627 11.066609573550521 7.0446893023326984 125.56249856110662 32.649997824802995 9.1689937394112331
leaf_count=122 207 23 108 233 518 107 47
internal_value=0.000397089 -0.00882185 -0.0164499 0.00350538 -0.000854071 0.010996 0.0167015
internal_weight=280.514 70.7312 54.4562 209.783 132.607 77.1759 16.275
internal_count=1365 385 315 980 751 229 70
is_linear=0
shrinkage=0.03


Tree=207
num_leaves=5
num_cat=0
split_feature=3 6 15 23
split_gain=7.42804 8.60605 14.7862 7.27673
threshold=61.500000000000007 1.186207745328435e-19 37.250000000000007 204.50000000000003
decision_type=2 2 2 2
left_child=1 3 -3 -1
right_child=-2 2 -4 -5
leaf_value=0.017097433286542566 0.027785586745709797 -0.00088311706991014852 -0.049925755172220782 -0.010974287795474415
leaf_weight=41.317330105230212 9.2222942560911161 219.25509883021004 5.6761205079965285 10.403336985036729
leaf_count=105 14 1131 60 39
internal_value=0.00129947 0.000416547 -0.0021207 0.011451
internal_weight=285.874 276.652 224.931 51.7207
internal_count=1349 1335 1191 144
is_linear=0
shrinkage=0.03


Tree=208
num_leaves=4
num_cat=0
split_feature=12 20 17
split_gain=7.13809 8.71546 7.77851
threshold=25.350000000000005 6.6500000000000012 29.700000000000006
decision_type=2 2 2
left_child=-1 -2 -3
right_child=1 2 -4
leaf_value=0.020462882770747072 -0.039479082040064374 -0.0015240453262538058 0.018972856998637412
leaf_weight=14.822645641863344 5.173529061023145 252.23910816013813 17.842027885839343
leaf_count=28 25 1271 41
internal_value=0.000183256 -0.000908816 -0.000169984
internal_weight=290.077 275.255 270.081
internal_count=1365 1337 1312
is_linear=0
shrinkage=0.03


Tree=209
num_leaves=7
num_cat=0
split_feature=19 9 20 10 23 19
split_gain=13.4901 11.7139 11.3134 10.715 8.7536 7.83525
threshold=11.350000000000003 2.2389176722955395 11.950000000000001 0.016838649516065115 100.50000000000001 11.450000000000001
decision_type=2 2 2 2 2 2
left_child=1 3 -3 -1 -2 -6
right_child=4 2 -4 -5 5 -7
leaf_value=0.016304482473871462 -0.032329419369755391 -0.0054966097749975197 -0.033475100242632783 -0.0072642283302238814 0.049122133971577366 0.010327918559542914
leaf_weight=41.018226748332381 4.1202246397733679 97.828529197722673 15.001901472918687 30.100056030787528 4.9403194831684223 90.862786887213588
leaf_count=111 16 472 239 122 8 363
internal_value=0.00161379 -0.00320626 -0.00921662 0.00632928 0.010487 0.0123284
internal_weight=283.872 183.949 112.83 71.1183 99.9233 95.8031
internal_count=1331 944 711 233 387 371
is_linear=0
shrinkage=0.03


Tree=210
num_leaves=4
num_cat=0
split_feature=24 13 7
split_gain=8.99319 8.29807 7.92119
threshold=5.0500000000000007 1.8500000000000003 48.500000000000007
decision_type=2 2 2
left_child=1 2 -1
right_child=-2 -3 -4
leaf_value=0.00011476568353826934 -0.042726776129307052 0.020025649415184057 -0.032347762145116206
leaf_weight=250.36616787314415 4.3731865659356108 18.526190835982561 6.9528813883662215
leaf_count=1266 21 39 24
internal_value=-4.29303e-05 0.000633769 -0.000762387
internal_weight=280.218 275.845 257.319
internal_count=1350 1329 1290
is_linear=0
shrinkage=0.03


Tree=211
num_leaves=8
num_cat=0
split_feature=10 19 10 23 24 22 0
split_gain=11.3376 13.002 12.4479 9.87392 7.14527 11.4834 6.60928
threshold=-2.3272150736874946e-16 11.350000000000003 -7.0719194357924098e-17 103.50000000000001 0.75000000000000011 15.350000000000003 74.500000000000014
decision_type=2 2 2 2 2 2 2
left_child=4 2 -2 -3 5 -1 -6
right_child=1 3 -4 -5 6 -7 -8
leaf_value=-0.045510516330380855 -0.031149200857650498 -0.036229947287561688 -0.0049399922721309027 0.010170764504486007 0.0022423631445726258 0.021900945301521643 0.023498359183261611
leaf_weight=4.773198211565612 18.920828384812921 4.4014950916171065 118.15373244835064 66.294011782389134 21.486775625962764 4.34415203332901 33.994509659707546
leaf_count=33 145 17 669 284 83 8 59
internal_value=0.000244721 -0.00316818 -0.00855773 0.00728186 0.0112217 -0.0133909 0.0152663
internal_weight=272.369 207.77 137.075 70.6955 64.5986 9.11735 55.4813
internal_count=1298 1115 814 301 183 41 142
is_linear=0
shrinkage=0.03


Tree=212
num_leaves=6
num_cat=0
split_feature=9 16 15 5 6
split_gain=8.64339 14.7513 15.0408 7.70176 6.32867
threshold=2.2389176722955395 25.291666666666668 36.972222222222221 10.500000000000002 0.11413130690884128
decision_type=2 2 2 2 2
left_child=3 2 -2 4 -1
right_child=1 -3 -4 -5 -6
leaf_value=0.0084755072373924357 -0.0035683507426255189 0.033702471253375908 -0.048434900711961888 0.039944861594674266 -0.012374157443934657
leaf_weight=90.290295153856277 150.74652541335672 9.1047021588310582 7.038586758542805 6.1653834274038664 15.326730520464478
leaf_count=274 870 18 89 12 85
internal_value=0.000896743 -0.00342728 -0.00556979 0.00735246 0.00544989
internal_weight=278.672 166.89 157.785 111.782 105.617
internal_count=1348 977 959 371 359
is_linear=0
shrinkage=0.03


Tree=213
num_leaves=4
num_cat=0
split_feature=23 23 14
split_gain=10.5659 12.2502 7.20591
threshold=35.000000000000007 58.000000000000007 7.610657649873673e-23
decision_type=2 2 2
left_child=-1 -2 -3
right_child=1 2 -4
leaf_value=-0.04083365447262579 0.031919503081152309 0.011253080342985959 -0.0002088425323047655
leaf_weight=4.8080158270895472 13.48103550635278 65.442602867493406 200.93092147866264
leaf_count=22 27 326 951
internal_value=0.00326157 0.00401914 0.00260712
internal_weight=284.663 279.855 266.374
internal_count=1326 1304 1277
is_linear=0
shrinkage=0.03


Tree=214
num_leaves=7
num_cat=0
split_feature=22 18 18 11 20 18
split_gain=11.2795 6.73309 10.3258 8.72877 0.450559 0.0401301
threshold=10.15 158.50000000000003 166.50000000000003 11.750000000000002 9.8148399544066134 189.50000000000003
decision_type=2 2 2 2 2 2
left_child=4 3 -3 -2 -1 -6
right_child=1 2 -4 -5 5 -7
leaf_value=-0.055333429123507034 0.017988837749960438 -0.043017804650649624 0.0019382832974458026 -0.0043314572578635677 -0.04077331773229826 -0.032761409701787481
leaf_weight=2.0149257159791878 53.219959078356624 4.705021556466817 202.53031230950728 22.408042538911104 0.94077835325151715 1.3998852407094089
leaf_count=12 120 29 1011 114 12 32
internal_value=0.00297597 0.00371369 0.000917611 0.0113755 -0.0449339 -0.0359816
internal_weight=287.219 282.863 207.235 75.628 4.35559 2.34066
internal_count=1330 1274 1040 234 56 44
is_linear=0
shrinkage=0.03


Tree=215
num_leaves=7
num_cat=0
split_feature=0 24 4 20 21 3
split_gain=7.4919 8.52604 9.09054 7.43059 9.1402 6.25379
threshold=44.500000000000007 1.5500000000000003 0.99999144859377509 13.950000000000001 0.37105611154025714 6.5000000000000009
decision_type=2 2 2 2 2 2
left_child=1 2 -1 5 -5 -2
right_child=3 -3 -4 4 -6 -7
leaf_value=-0.033894737576427206 0.02361114217079871 -0.090057243114438496 0.0069986332753089022 -0.0043558098452645818 0.052049363089875213 0.00069850316205606589
leaf_weight=8.7155226985923981 11.21282728621736 1.3064612448215474 11.153394520282745 4.5870162453502399 5.925861987285316 244.42473369976506
leaf_count=294 47 10 29 39 10 927
internal_value=0.00135361 -0.0158206 -0.0109393 0.00272003 0.0274385 0.0017035
internal_weight=287.326 21.1754 19.8689 266.15 10.5129 255.638
internal_count=1356 333 323 1023 49 974
is_linear=0
shrinkage=0.03


Tree=216
num_leaves=5
num_cat=0
split_feature=3 10 10 0
split_gain=10.066 9.0275 12.4958 7.4261
threshold=63.500000000000007 -2.9394060735890009e-16 -1.4367717953738651e-16 74.500000000000014
decision_type=2 2 2 2
left_child=1 3 -3 -1
right_child=-2 2 -4 -5
leaf_value=-0.0040159828432572205 0.030693964321029811 -0.043585839243623505 -0.0029264596111437625 0.017850131692045246
leaf_weight=23.361770988907665 9.1299861371517164 7.0474180667661122 195.93407015292905 34.802563313394785
leaf_count=105 12 68 1063 69
internal_value=-0.000269782 -0.00135231 -0.00433813 0.00906758
internal_weight=270.276 261.146 202.981 58.1643
internal_count=1317 1305 1131 174
is_linear=0
shrinkage=0.03


Tree=217
num_leaves=5
num_cat=0
split_feature=17 10 10 14
split_gain=5.9788 6.78253 14.6245 6.87297
threshold=30.700000000000006 -9.008251862360977e-17 -2.3272150736874946e-16 9.7141707522738664e-22
decision_type=2 2 2 2
left_child=1 2 -1 -3
right_child=-2 3 -4 -5
leaf_value=0.00092278990071733007 0.019146698444575991 0.013136375741079674 -0.030196243578425833 0.00037045576170285184
leaf_weight=51.656405817717314 16.937423329800367 50.610959406476468 18.444682492408901 151.80035695200786
leaf_count=174 38 260 150 733
internal_value=0.00185208 0.000777167 -0.00726511 0.00356245
internal_weight=289.45 272.512 70.1011 202.411
internal_count=1355 1317 324 993
is_linear=0
shrinkage=0.03


Tree=218
num_leaves=5
num_cat=0
split_feature=3 17 14 21
split_gain=6.13312 6.42748 10.4837 7.65705
threshold=63.500000000000007 11.750000000000002 1.1997379389259054e-21 0.2627300658297928
decision_type=2 2 2 2
left_child=1 2 -1 -3
right_child=-2 3 -4 -5
leaf_value=0.029796722924807041 0.025709198427793133 -0.0072770573337141535 0.00053963401769059659 0.0039511974355407181
leaf_weight=17.622251723427325 9.6820919215679151 93.231911326292902 29.434019789099693 132.12577844038606
leaf_count=92 15 525 191 506
internal_value=0.00224565 0.00141171 0.0114962 -0.000694003
internal_weight=282.096 272.414 47.0563 225.358
internal_count=1329 1314 283 1031
is_linear=0
shrinkage=0.03


Tree=219
num_leaves=5
num_cat=0
split_feature=20 0 15 3
split_gain=9.58015 6.43432 16.0356 8.09037
threshold=14.65 75.500000000000014 36.750000000000007 11.462986741183878
decision_type=2 2 2 2
left_child=1 2 -1 -3
right_child=-2 3 -4 -5
leaf_value=-0.012841299399730393 0.039625793462352517 -0.019648001552989854 0.010323723133925208 0.0070189744087927695
leaf_weight=72.510457065422088 5.9417466246522954 11.025818280875681 42.750922554871067 143.50791788846254
leaf_count=585 31 48 287 368
internal_value=0.00194501 0.00111515 -0.0042493 0.00511631
internal_weight=275.737 269.795 115.261 154.534
internal_count=1319 1288 872 416
is_linear=0
shrinkage=0.03


Tree=220
num_leaves=5
num_cat=0
split_feature=20 17 9 14
split_gain=7.38993 7.26113 12.184 8.82818
threshold=14.65 11.950000000000001 1.5000000000000002 1.1825474821923402e-22
decision_type=2 2 2 2
left_child=1 3 -3 -1
right_child=-2 2 -4 -5
leaf_value=0.02359928603588168 0.031266928098219529 0.0057274934858076556 -0.0091385222856452224 -0.0002394874909183
leaf_weight=21.643198439385742 6.5807411558926097 79.595843941904604 131.74584057857282 39.493740950943902
leaf_count=110 36 254 720 245
internal_value=-0.000146966 -0.000905656 -0.00353966 0.00819972
internal_weight=279.059 272.479 211.342 61.1369
internal_count=1365 1329 974 355
is_linear=0
shrinkage=0.03


Tree=221
num_leaves=8
num_cat=0
split_feature=22 3 2 0 16 22 15
split_gain=8.30211 13.437 8.88659 8.29177 11.9083 8.42781 3.74491
threshold=11.050000000000002 18.500000000000004 3.5000000000000004 86.500000000000014 19.812812812812815 11.414260857654471 36.472222222222229
decision_type=2 2 2 2 2 2 2
left_child=1 2 -1 4 -2 -5 -3
right_child=3 6 -4 5 -6 -7 -8
leaf_value=0.0093860505400652772 -0.0089369528803096652 0.022697610631533197 -0.045397747011679278 0.03208395150101321 0.0068192180341732885 0.0049156571308240776 -0.0089389476536020258
leaf_weight=3.3572489507496384 105.47145050088875 6.5352993756532651 12.921229913132267 12.357738912105559 73.08592598605901 61.007835060358047 6.9472347330302
leaf_count=9 698 13 186 21 259 151 32
internal_value=-0.000769211 -0.0157538 -0.0340992 0.001001 -0.00248774 0.0094919 0.00639603
internal_weight=281.684 29.761 16.2785 251.923 178.557 73.3656 13.4825
internal_count=1369 240 195 1129 957 172 45
is_linear=0
shrinkage=0.03


Tree=222
num_leaves=7
num_cat=0
split_feature=0 4 21 24 14 5
split_gain=9.80596 8.17986 6.88582 6.74473 8.30205 2.00252
threshold=44.500000000000007 0.14410539944580728 1.7348986462441494 1.5500000000000003 1.0000000180025095e-35 3.5000000000000004
decision_type=2 2 2 2 2 2
left_child=3 2 -2 4 -1 -3
right_child=1 5 -4 -5 -6 -7
leaf_value=0.0094880886781237555 0.0024020733572729389 0.01473894283773977 -0.027473601008886982 -0.083887601032589229 -0.034170090172764983 0.037217983534762002
leaf_weight=6.9988222271204021 240.52454098500311 7.9899308308958989 7.1496380856260648 1.3894662372767914 8.9114848021417838 6.442638635635376
leaf_count=19 921 29 34 11 293 17
internal_value=0.00137512 0.00281899 0.00153965 -0.0205008 -0.0149652 0.0247735
internal_weight=279.407 262.107 247.674 17.2998 15.9103 14.4326
internal_count=1324 1001 955 323 312 46
is_linear=0
shrinkage=0.03


Tree=223
num_leaves=5
num_cat=0
split_feature=24 13 22 10
split_gain=11.7216 8.55835 7.14428 4.10574
threshold=5.0500000000000007 1.8500000000000003 10.15 0.011583889470908366
decision_type=2 2 2 2
left_child=1 2 -1 -3
right_child=-2 3 -4 -5
leaf_value=-0.036010993683119434 -0.044540455219091696 0.0076230338423677046 0.0019310258796386584 0.034628057769118405
leaf_weight=4.5464517390355459 4.8011771701276293 9.8597506433725375 253.74425383633934 10.423627853393553
leaf_count=57 23 25 1231 15
internal_value=0.0019357 0.00273671 0.00126317 0.0215009
internal_weight=283.375 278.574 258.291 20.2834
internal_count=1351 1328 1288 40
is_linear=0
shrinkage=0.03


Tree=224
num_leaves=5
num_cat=0
split_feature=19 20 3 14
split_gain=7.1934 7.88228 11.2646 8.32751
threshold=2.7500000000000004 7.4500000000000011 17.500000000000004 1.1825474821923402e-22
decision_type=2 2 2 2
left_child=-1 2 -2 -3
right_child=1 3 -4 -5
leaf_value=0.023568776430844394 -0.050443635303865357 0.01216947802808434 -0.0010490427978910631 -0.00030115302946945858
leaf_weight=14.078862832859157 6.1517291511409011 65.484541996382177 12.803652882575987 182.50605874601752
leaf_count=30 40 328 35 890
internal_value=0.00266889 0.00156662 -0.0170794 0.00299185
internal_weight=281.025 266.946 18.9554 247.991
internal_count=1323 1293 75 1218
is_linear=0
shrinkage=0.03


Tree=225
num_leaves=8
num_cat=0
split_feature=14 15 0 6 8 21 0
split_gain=10.8267 19.443 19.1636 10.8064 10.372 6.54264 3.76361
threshold=0.99999999083309621 36.168898217405037 87.500000000000014 7.4249287699784271e-05 4.5000000000000009 1.0062877425836734 59.500000000000007
decision_type=2 2 2 2 2 2 2
left_child=3 5 -3 6 -5 -2 -1
right_child=1 2 -4 4 -6 -7 -8
leaf_value=0.0060210573604768331 0.0259657185651768 -0.050675803735137227 0.015335646521266292 -0.039182935942222177 0.0021463281966441223 -0.010225517616870383 0.024676385283160417
leaf_weight=15.454896487295626 9.8170594014227408 15.044037645682694 5.3711991980671874 5.6254316279664627 191.61584548186511 8.293546222150324 26.288021072745323
leaf_count=61 21 86 12 31 1029 30 62
internal_value=0.00152319 -0.0132352 -0.0333084 0.00390234 0.000967594 0.00939235 0.0177694
internal_weight=277.51 38.5258 20.4152 238.984 197.241 18.1106 41.7429
internal_count=1332 149 98 1183 1060 51 123
is_linear=0
shrinkage=0.03


Tree=226
num_leaves=8
num_cat=0
split_feature=14 17 19 6 11 13 21
split_gain=6.61479 16.0998 14.7684 12.77 10.6946 10.1246 8.48482
threshold=1.1825474821923402e-22 11.850000000000003 5.0500000000000007 0.99999999929803052 12.236259865849332 1.7500000000000002 1.7348986462441494
decision_type=2 2 2 2 2 2 2
left_child=1 4 -3 6 -1 -5 -2
right_child=3 2 -4 5 -6 -7 -8
leaf_value=0.046941047883339235 0.0056546171908143051 -0.059639755955249688 0.0054814438399264634 -0.009109545898699797 -0.0057798513590669306 -0.057845008485377145 -0.023819432569076381
leaf_weight=13.937446796800943 143.92085306136869 3.3515488589182487 48.338709571864456 56.306553298374638 4.6077603148296467 4.1169542819261542 9.3621595073491317
leaf_count=32 537 25 225 379 64 23 61
internal_value=0.00187514 0.00986235 0.00125905 -0.00074989 0.033842 -0.0124301 0.00385441
internal_weight=283.942 70.2355 51.6903 213.707 18.5452 60.4235 153.283
internal_count=1346 346 250 1000 96 402 598
is_linear=0
shrinkage=0.03


Tree=227
num_leaves=6
num_cat=0
split_feature=24 3 24 6 16
split_gain=9.16697 7.06125 12.5775 2.39686 4.06427
threshold=0.55000000000000016 57.500000000000007 3.2000000000000006 0.99999979763194224 18.968472906403942
decision_type=2 2 2 2 2
left_child=3 2 -2 -1 -5
right_child=1 -3 -4 4 -6
leaf_value=0.043561290957251059 -0.00036375453072954678 0.022797835104945603 -0.049009724840162777 -0.0065130692224611309 0.037969524796375179
leaf_weight=4.6002115998417121 246.46942524798214 11.434173256158827 4.8781331144273272 3.6555141985882074 3.7398724816739559
leaf_count=9 1208 19 28 31 9
internal_value=0.000911748 -0.000258983 -0.00130787 0.0265584 0.0159819
internal_weight=274.777 262.782 251.348 11.9956 7.39539
internal_count=1304 1255 1236 49 40
is_linear=0
shrinkage=0.03


Tree=228
num_leaves=7
num_cat=0
split_feature=15 0 9 16 0 3
split_gain=7.2396 12.928 6.67151 13.6849 8.83282 5.79673
threshold=37.083333333333336 68.500000000000014 2.2389176722955395 17.321290322580648 78.500000000000014 7.5000000000000009
decision_type=2 2 2 2 2 2
left_child=2 5 4 -4 -1 -2
right_child=1 -3 3 -5 -6 -7
leaf_value=7.9702538381882184e-05 0.036646857583548249 -0.045749139602049557 -0.016515431962040861 0.0029385824674586221 0.018936189974358947 -0.0099933458065894955
leaf_weight=56.680901544168591 3.2651800988242057 8.4851352274417859 45.366380686406046 115.13762304279953 36.920285403728485 9.0334936175495368
leaf_count=238 20 35 392 502 80 71
internal_value=-0.000240318 -0.0172636 0.00115206 -0.00256009 0.0075175 0.00238918
internal_weight=274.889 20.7838 254.105 160.504 93.6012 12.2987
internal_count=1338 126 1212 894 318 91
is_linear=0
shrinkage=0.03


Tree=229
num_leaves=7
num_cat=0
split_feature=23 23 0 23 23 10
split_gain=8.01855 10.9494 8.25516 5.1685 6.74133 1.43641
threshold=231.50000000000003 245.50000000000003 77.500000000000014 39.500000000000007 58.000000000000007 1.2043347883734732e-16
decision_type=2 2 2 2 2 2
left_child=3 5 -3 -1 -5 -2
right_child=1 2 -4 4 -6 -7
leaf_value=-0.024467799852358453 -0.031875400864892434 -0.022778121314118129 0.0048878385104691446 0.025004211575855986 0.00068076476312793773 -0.059216702970030941
leaf_weight=6.8978840764611951 3.0976404333487144 16.502899174811319 23.571009453386068 10.805255795828996 201.3970812538173 3.915034634526819
leaf_count=29 31 177 69 26 943 27
internal_value=-0.00132525 -0.012557 -0.00650532 0.00108857 0.0019193 -0.0471395
internal_weight=266.187 47.0866 40.0739 219.1 212.202 7.01268
internal_count=1302 304 246 998 969 58
is_linear=0
shrinkage=0.03


Tree=230
num_leaves=8
num_cat=0
split_feature=6 16 9 6 16 11 14
split_gain=7.93012 8.10041 17.261 11.5541 7.07204 9.27221 6.39486
threshold=0.99998964238358712 20.012500000000003 2.2389176722955395 0.99999999999997269 21.202941176470592 13.750000000000002 0.99999999083309621
decision_type=2 2 2 2 2 2 2
left_child=4 2 -2 -3 6 -6 -1
right_child=1 3 -4 -5 5 -7 -8
leaf_value=0.015662509212498555 0.022476542068047296 -0.013465937853979379 -0.013414896360530427 0.017511525354738041 -0.018707497992603791 0.022667837895408924 0.00066140068624172732
leaf_weight=77.108001574873924 14.300183887593446 16.14841256197542 76.961653460282832 32.943131269421428 17.44668936170638 6.7647134959697715 38.268931644968688
leaf_count=244 47 80 623 99 69 25 131
internal_value=0.00253049 -0.00250498 -0.00779092 0.00732165 0.00759357 -0.00714715 0.0106868
internal_weight=279.942 140.353 91.2618 49.0915 139.588 24.2114 115.377
internal_count=1318 849 670 179 469 94 375
is_linear=0
shrinkage=0.03


Tree=231
num_leaves=4
num_cat=0
split_feature=20 19 19
split_gain=8.67094 8.73554 11.0036
threshold=14.65 2.7500000000000004 3.7500000000000004
decision_type=2 2 2
left_child=1 -1 -3
right_child=-2 2 -4
leaf_value=0.022937044879421019 0.035841983418757065 -0.055771506891271382 -0.0013268828120541569
leaf_weight=13.243712663650511 5.9419320542365304 3.3869027439504853 246.12551975809038
leaf_count=28 29 22 1221
internal_value=4.72601e-06 -0.000805693 -0.00206592
internal_weight=268.698 262.756 249.512
internal_count=1300 1271 1243
is_linear=0
shrinkage=0.03


Tree=232
num_leaves=7
num_cat=0
split_feature=9 3 23 0 21 12
split_gain=10.5736 12.831 13.0635 10.9342 7.47894 6.88903
threshold=3.0321024709090252 57.500000000000007 53.500000000000007 87.500000000000014 1.700145145719514 35.850000000000001
decision_type=2 2 2 2 2 2
left_child=3 2 -2 4 -1 -5
right_child=1 -3 -4 5 -6 -7
leaf_value=0.0014928320411887088 0.018888952869438431 0.028170669106025729 -0.016771995401036681 0.0025575223333871538 -0.028295695997858222 0.027686654247510829
leaf_weight=133.26765304431319 10.595607748255132 7.7343826293945304 72.538009070092812 16.567827545106411 8.0433203307911736 24.101942837238312
leaf_count=588 24 13 572 45 53 40
internal_value=-0.000430843 -0.0087884 -0.0122269 0.00374232 -0.00020271 0.0174497
internal_weight=272.849 90.868 83.1336 181.981 141.311 40.6698
internal_count=1335 609 596 726 641 85
is_linear=0
shrinkage=0.03


Tree=233
num_leaves=7
num_cat=0
split_feature=17 19 17 18 19 16
split_gain=11.5747 13.1491 17.1551 8.49445 14.5047 8.17531
threshold=13.350000000000003 4.2500000000000009 12.850000000000003 218.50000000000003 7.1500000000000012 22.492424242424246
decision_type=2 2 2 2 2 2
left_child=1 -1 -3 4 -2 -5
right_child=3 2 -4 5 -6 -7
leaf_value=0.027042376094359617 -0.0040174529227210458 -0.0057746823318735449 -0.044928498201456848 0.00029059068712456956 0.019768812667823522 -0.037824407360581042
leaf_weight=9.3655053926631791 36.501151695847511 91.373021060600877 11.318958529271184 57.193716343957931 62.715885116253048 5.5567855359986416
leaf_count=21 131 602 115 270 163 32
internal_value=0.000425824 -0.00698685 -0.0100903 0.00555429 0.011018 -0.00308463
internal_weight=274.025 112.057 102.692 161.968 99.217 62.7505
internal_count=1334 738 717 596 294 302
is_linear=0
shrinkage=0.03


Tree=234
num_leaves=4
num_cat=0
split_feature=24 7 18
split_gain=6.81966 6.50965 6.94849
threshold=5.0500000000000007 66.500000000000014 220.50000000000003
decision_type=2 2 2
left_child=1 2 -1
right_child=-2 -3 -4
leaf_value=0.0056282407086110826 -0.033429384857262406 0.027626018405455439 -0.0042989130822761795
leaf_weight=158.84720205771737 4.8343701399862757 8.9862910658121091 105.67249921313487
leaf_count=633 22 14 664
internal_value=0.00189121 0.00251552 0.00166246
internal_weight=278.34 273.506 264.52
internal_count=1333 1311 1297
is_linear=0
shrinkage=0.03


Tree=235
num_leaves=8
num_cat=0
split_feature=20 20 5 15 18 18 23
split_gain=5.15775 11.9327 11.2487 10.6838 7.48248 5.36296 4.53531
threshold=11.65 11.850000000000003 12.500000000000002 36.361111111111121 339.50000000000006 466.00000000000006 35.000000000000007
decision_type=2 2 2 2 2 2 2
left_child=4 3 -3 -2 6 -6 -1
right_child=1 2 -4 -5 5 -7 -8
leaf_value=-0.01989216497969868 0.0010279918915960182 0.0066778334247661122 -0.022172127912936844 -0.07512829863727595 -0.041401807247967187 0.0048003068832646722 0.0052695509753617692
leaf_weight=6.6697055008262387 2.8087886665016404 40.186849018093199 17.442897060187533 4.0461293491534889 5.6545890499837679 3.7677375599741936 193.23333641630597
leaf_count=24 11 189 275 38 58 16 716
internal_value=0.000913325 -0.00650506 -0.00205424 -0.0439234 0.00319863 -0.0229268 0.00443004
internal_weight=273.81 64.4847 57.6297 6.85492 209.325 9.42233 199.903
internal_count=1327 513 464 49 814 74 740
is_linear=0
shrinkage=0.03


Tree=236
num_leaves=6
num_cat=0
split_feature=16 16 23 15 0
split_gain=7.99284 13.0618 8.92807 2.41198 0.211448
threshold=14.455555555555557 14.676190476190477 213.50000000000003 35.527777777777786 73.500000000000014
decision_type=2 2 2 2 2
left_child=3 -2 -3 -1 -5
right_child=1 2 -4 4 -6
leaf_value=0.001412354328381047 0.052056731537688528 0.0028917160751183169 -0.010846577912985152 -0.036408464842088789 -0.048505141659336441
leaf_weight=1.5255715930834401 4.393771242350339 193.95019084890373 54.546210730681196 3.2093670519534498 2.1865559183061123
leaf_count=10 15 814 376 68 12
internal_value=-8.78257e-05 0.00078269 -0.000123909 -0.0318938 -0.0413103
internal_weight=259.812 252.89 248.496 6.92149 5.39592
internal_count=1295 1205 1190 90 80
is_linear=0
shrinkage=0.03


Tree=237
num_leaves=7
num_cat=0
split_feature=18 19 15 21 17 20
split_gain=6.6739 10.8038 13.6303 6.86958 6.75912 5.62655
threshold=135.50000000000003 13.15 36.472222222222229 0.51566321501937995 19.983026892849775 10.250000000000002
decision_type=2 2 2 2 2 2
left_child=4 2 -2 -3 5 -1
right_child=1 3 -4 -5 -6 -7
leaf_value=0.021958744043288198 0.0035330704186935149 0.019483287120813521 -0.013780694687869676 -0.0038840896852543557 -0.014688305345669953 -0.0031182396348160479
leaf_weight=34.000143410637975 92.912775190081447 33.984847858548164 73.134493550518528 16.980022368021309 7.5433855261653653 10.55157992383465
leaf_count=70 419 145 515 73 24 64
internal_value=0.00193048 -0.000384274 -0.00409267 0.011698 0.011573 0.0160195
internal_weight=269.107 217.012 166.047 50.9649 52.0951 44.5517
internal_count=1310 1152 934 218 158 134
is_linear=0
shrinkage=0.03


Tree=238
num_leaves=8
num_cat=0
split_feature=5 6 3 18 22 23 18
split_gain=6.59118 9.53343 13.0029 7.0666 7.073 6.95846 5.12454
threshold=13.500000000000002 0.99999996131792745 57.500000000000007 220.50000000000003 16.150000000000002 189.50000000000003 244.50000000000003
decision_type=2 2 2 2 2 2 2
left_child=3 6 -3 5 -5 -1 -2
right_child=1 2 -4 4 -6 -7 -8
leaf_value=0.0054940435404529329 -0.00085941616171243533 -0.014716981709307946 0.033703994310849902 -0.0062083619530231803 0.025927208131861619 0.029495558211689699 0.038540851022498823
leaf_weight=99.263614685274661 6.2201917776837927 65.769837647676468 5.4012389928102484 74.011670036707073 6.7241978123784056 12.208258729428051 5.6875423896126449
leaf_count=325 28 547 7 372 14 31 14
internal_value=0.00017532 -0.00688543 -0.0110423 0.00322722 -0.00353191 0.00812266 0.0179595
internal_weight=275.287 83.0788 71.1711 192.208 80.7359 111.472 11.9077
internal_count=1338 596 554 742 386 356 42
is_linear=0
shrinkage=0.03


Tree=239
num_leaves=8
num_cat=0
split_feature=19 15 0 8 16 7 23
split_gain=11.6571 11.8157 10.2973 10.2772 12.8666 10.7838 7.81841
threshold=10.532494837013298 36.894444444444453 87.500000000000014 5.0162272961811469 19.937254901960788 66.500000000000014 100.50000000000001
decision_type=2 2 2 2 2 2 2
left_child=3 6 -3 4 -1 -5 -2
right_child=1 2 -4 5 -6 -7 -8
leaf_value=0.0088075775574420652 -0.024511983089263403 -0.036263891177328554 0.017175023470972363 -0.017432226654213717 -0.019700066536465572 0.024744055021101469 0.01199033108148467
leaf_weight=54.065142252482474 5.6093528643250457 10.008994382340459 4.8023303747177115 73.237804107135162 19.348316458053887 5.8952298462390891 90.231154568959028
leaf_count=180 21 96 11 590 84 9 364
internal_value=-0.00141295 0.00600008 -0.0189372 -0.0067901 0.00129431 -0.0142902 0.00985392
internal_weight=263.198 110.652 14.8113 152.546 73.4135 79.133 95.8405
internal_count=1355 492 107 863 264 599 385
is_linear=0
shrinkage=0.03


Tree=240
num_leaves=8
num_cat=0
split_feature=19 9 0 15 10 11 3
split_gain=9.67228 14.3815 11.6853 10.4152 9.8356 9.63517 8.00329
threshold=10.532494837013298 3.0321024709090252 66.500000000000014 36.361111111111121 0.016838649516065115 8.4500000000000011 17.500000000000004
decision_type=2 2 2 2 2 2 2
left_child=1 4 3 -2 -1 -3 -4
right_child=2 5 6 -5 -6 -7 -8
leaf_value=0.0082873133787601423 0.010939521947117043 0.014886093220503757 0.023974284901240598 -0.025973033377507893 -0.010718092821611853 -0.022630560238024875 0.0045261589766175444
leaf_weight=67.116900406777859 12.10172620136291 7.0948221907019606 32.301541009917855 15.942780008539556 38.601991581264883 46.811138528632 46.399359220638871
leaf_count=229 75 15 72 204 190 429 129
internal_value=-0.000407505 -0.00508235 0.00658316 -0.0100446 0.00134772 -0.0176928 0.0125083
internal_weight=266.37 159.625 106.745 28.0445 105.719 53.906 78.7009
internal_count=1343 863 480 279 419 444 201
is_linear=0
shrinkage=0.03


Tree=241
num_leaves=8
num_cat=0
split_feature=16 11 14 7 19 20 18
split_gain=9.19791 10.7802 11.3613 8.07939 17.1358 7.93651 5.09101
threshold=18.106203007518801 10.050000000000002 4.2315990594125236e-29 18.123569260752486 7.8500000000000005 9.8148399544066134 209.50000000000003
decision_type=2 2 2 2 2 2 2
left_child=1 6 -3 5 -5 -2 -1
right_child=3 2 -4 4 -6 -7 -8
leaf_value=-0.0015132684569588719 0.024300012637168234 0.022839580822700049 -0.014617631141817718 -0.023854124037181335 0.0068548899611620539 0.0044254789522610869 0.024923288010578581
leaf_weight=13.826851317659022 31.282072817906737 8.066344954306258 75.51570688537322 21.594262913800776 67.386754174716771 42.858911007177085 12.467287119477986
leaf_count=47 77 43 570 93 194 277 32
internal_value=0.000977354 -0.00573215 -0.0110027 0.00549676 -0.000597694 0.0128111 0.0110215
internal_weight=272.998 109.876 83.5821 163.122 88.981 74.141 26.2941
internal_count=1333 692 613 641 287 354 79
is_linear=0
shrinkage=0.03


Tree=242
num_leaves=5
num_cat=0
split_feature=19 19 16 16
split_gain=7.03815 7.33559 7.49748 6.24737
threshold=2.7500000000000004 7.8500000000000005 17.422649572649576 20.62145593869732
decision_type=2 2 2 2
left_child=-1 3 -3 -2
right_child=1 2 -4 -5
leaf_value=0.023431946014516699 -0.0038569554029572852 -0.0070341266651156196 0.0068087451969469194 -0.02575607307049247
leaf_weight=11.838868651539086 59.972982109058648 48.258997732773423 130.26026646187529 14.573263964150099
leaf_count=26 383 343 523 68
internal_value=0.000823669 -0.000233987 0.00306661 -0.00813808
internal_weight=264.904 253.066 178.519 74.5462
internal_count=1343 1317 866 451
is_linear=0
shrinkage=0.03


Tree=243
num_leaves=8
num_cat=0
split_feature=0 4 0 5 3 16 5
split_gain=10.1459 7.18515 6.7129 6.84859 6.20994 5.06935 0.933278
threshold=47.500000000000007 0.14410539944580728 26.500000000000004 5.5000000000000009 5.5000000000000009 25.742647058823533 3.5000000000000004
decision_type=2 2 2 2 2 2 2
left_child=2 4 3 -1 -2 -4 -3
right_child=1 6 5 -5 -6 -7 -8
leaf_value=0.016725797899904839 0.029914869233176569 0.017260928804770363 -0.029733958357607209 -0.034201412815052075 0.00038015586671088906 -0.099841415873883801 0.034337351432410367
leaf_weight=6.338860113173725 6.5915403021499506 6.0064047053456289 9.2240800729487074 3.8019384844228625 229.03263774467632 1.032117936760186 5.5346646010875702
leaf_count=19 26 23 213 120 901 6 18
internal_value=0.000660218 0.00233842 -0.0196757 -0.00236758 0.00120638 -0.0367891 0.0254501
internal_weight=267.562 247.165 20.397 10.1408 235.624 10.2562 11.5411
internal_count=1326 968 358 139 927 219 41
is_linear=0
shrinkage=0.03


Tree=244
num_leaves=6
num_cat=0
split_feature=21 9 20 21 3
split_gain=8.88102 6.00038 9.65274 5.66052 4.36914
threshold=1.700145145719514 1.5000000000000002 12.15 1.9562385687196022 14.133577074285872
decision_type=2 2 2 2 2
left_child=1 4 -3 -2 -1
right_child=3 2 -4 -5 -6
leaf_value=0.00011888777904709218 -0.056992883861088785 0.00028372774913622203 -0.020068693885244668 -0.010632215306981031 0.014305349617598285
leaf_weight=37.906572339124978 3.815869774669407 149.32647090032697 24.400018744403496 6.2567324573174119 40.321923794224858
leaf_count=155 28 674 333 35 110
internal_value=-0.000572394 0.00053191 -0.00257479 -0.0281953 0.00743113
internal_weight=262.028 251.955 173.726 10.0726 78.2285
internal_count=1335 1272 1007 63 265
is_linear=0
shrinkage=0.03


Tree=245
num_leaves=8
num_cat=0
split_feature=14 14 12 17 22 24 14
split_gain=7.05656 15.3589 12.4067 11.8253 10.4644 7.6699 7.58499
threshold=1.1825474821923402e-22 9.4137545867743948e-10 47.457151024469418 11.550000000000002 13.65 0.55000000000000016 9.5333404876552419e-26
decision_type=2 2 2 2 2 2 2
left_child=3 2 -2 6 -5 -3 -1
right_child=1 5 -4 4 -6 -7 -8
leaf_value=0.012688241059512047 -0.018498583782271392 0.040356483063499912 0.042834408223895372 -0.0098710726994188387 0.017369306776501323 0.0020976377784538199 0.055072654052630461
leaf_weight=8.1086497143842262 53.531824039062485 4.8894029092043629 3.1425772379152468 28.027174724731594 23.196563207544386 132.93235405604355 7.1514550806023172
leaf_count=54 396 10 12 195 79 542 25
internal_value=0.000933001 -0.00195114 -0.0150977 0.00937046 0.00246468 0.00345492 0.0325512
internal_weight=260.98 194.496 56.6744 66.4838 51.2237 137.822 15.2601
internal_count=1313 960 408 353 274 552 79
is_linear=0
shrinkage=0.03


Tree=246
num_leaves=7
num_cat=0
split_feature=23 21 13 10 20 22
split_gain=15.272 11.5122 11.4235 9.80739 7.93313 10.6538
threshold=213.50000000000003 0.58591102049851829 2.1500000000000008 0.012726667360599728 6.5500000000000007 10.327182904492068
decision_type=2 2 2 2 2 2
left_child=4 2 -2 -3 -1 -6
right_child=1 3 -4 -5 5 -7
leaf_value=-0.031969336827609274 -0.030732507155496296 0.028576265509575871 0.021790527270295585 -0.014416835731819245 -0.040631481469451398 0.0048916065911740947
leaf_weight=5.7281555999070397 32.416387499077246 8.291535662487151 4.2109612412750712 11.260369174182413 4.7372959405183783 198.39819759386592
leaf_count=24 323 20 10 65 54 845
internal_value=-0.000886643 -0.0147719 -0.0246941 0.0038156 0.00284816 0.00382997
internal_weight=265.043 56.1793 36.6273 19.5519 208.864 203.135
internal_count=1341 418 333 85 923 899
is_linear=0
shrinkage=0.03


Tree=247
num_leaves=5
num_cat=0
split_feature=7 11 15 13
split_gain=8.2977 7.10367 9.41404 8.86184
threshold=64.500000000000014 8.7500000000000018 36.577777777777783 0.35000000000000003
decision_type=2 2 2 2
left_child=1 2 -1 -3
right_child=-2 3 -4 -5
leaf_value=-0.0064726592265713185 0.023569251296685544 0.042539416336119198 0.033879701795454062 -0.003678433169528891
leaf_weight=9.6191110387444514 12.635008633136747 3.7974857427179805 11.33462483435869 222.51698995335028
leaf_count=33 21 9 16 1217
internal_value=-0.00014398 -0.00135569 0.0153554 -0.00290291
internal_weight=259.903 247.268 20.9537 226.314
internal_count=1296 1275 49 1226
is_linear=0
shrinkage=0.03


Tree=248
num_leaves=7
num_cat=0
split_feature=5 24 17 0 17 10
split_gain=10.5566 9.8987 9.65223 8.41389 8.24866 6.70169
threshold=13.500000000000002 1.2296031021657658 12.690381886960296 85.500000000000014 30.200000000000006 0.047226474821647317
decision_type=2 2 2 2 2 2
left_child=4 3 -3 -2 5 -1
right_child=1 2 -4 -5 -6 -7
leaf_value=0.0058243538747163029 -0.012187239268924933 -0.028099308078706423 0.011438570880216548 -0.044528508121123564 0.029872127035888891 -0.0071598867795341367
leaf_weight=125.14336330024526 33.19902964332141 7.1181767117232075 25.337872508913279 9.2588826045393926 10.194166406989096 50.098366108722985
leaf_count=456 403 48 69 55 21 247
internal_value=-0.000201166 -0.00970547 0.00276723 -0.01924 0.00363847 0.0021124
internal_weight=260.35 74.914 32.456 42.4579 185.436 175.242
internal_count=1299 575 117 458 724 703
is_linear=0
shrinkage=0.03


Tree=249
num_leaves=6
num_cat=0
split_feature=17 14 14 14 5
split_gain=8.7177 7.2291 10.2541 9.37262 1.9341
threshold=29.700000000000006 4.2315990594125236e-29 9.2740327277142025e-28 1.1083948002433674e-29 12.500000000000002
decision_type=2 2 2 2 2
left_child=1 3 -3 -1 -2
right_child=4 2 -4 -5 -6
leaf_value=0.0064643353291521325 0.03207248533167037 -0.044572142536487329 -0.00023592441761656274 0.049911329771870551 0.012227036658675907
leaf_weight=23.487815507221971 9.1074748635292071 4.7992498080711803 215.82076629018411 5.5186999137513331 8.5868780296295864
leaf_count=104 19 48 1102 13 21
internal_value=0.00209314 0.000650766 -0.00120039 0.0147304 0.0224417
internal_weight=267.321 249.627 220.62 29.0065 17.6944
internal_count=1307 1267 1150 117 40
is_linear=0
shrinkage=0.03


Tree=250
num_leaves=6
num_cat=0
split_feature=22 13 17 10 8
split_gain=7.16268 5.58443 5.91053 0.719599 0.197935
threshold=10.15 0.35000000000000003 11.450000000000001 -5.4055363967338567e-18 4.5000000000000009
decision_type=2 2 2 2 2
left_child=3 -2 -3 -1 -5
right_child=1 2 -4 4 -6
leaf_value=-0.019102744075986011 0.03209219273752302 0.012839260003859057 -0.0011883695956122287 -0.051233438511123532 -0.036464602067099609
leaf_weight=1.5922607346437869 5.1346944123506537 30.717150988522917 225.41785001312383 1.6005979813635343 1.6676465456839649
leaf_count=16 14 177 1080 13 32
internal_value=0.000443612 0.0011149 0.000493903 -0.0356405 -0.0436975
internal_weight=266.13 261.27 256.135 4.86051 3.26824
internal_count=1332 1271 1257 61 45
is_linear=0
shrinkage=0.03


Tree=251
num_leaves=8
num_cat=0
split_feature=19 23 21 0 13 20 5
split_gain=8.73359 11.9621 11.4761 10.6384 8.65521 6.44228 1.37186
threshold=10.350000000000003 275.50000000000006 0.31154763663392609 87.500000000000014 0.95000000000000007 12.550000000000002 13.500000000000002
decision_type=2 2 2 2 2 2 2
left_child=1 4 5 -4 -1 -2 -3
right_child=2 6 3 -5 -6 -7 -8
leaf_value=-0.011205340610088182 0.018499090462108687 -0.072504531361035074 -0.011921866452561916 0.016808440743967742 0.0037050228279432071 -0.01359803682324756 -0.039186849949995703
leaf_weight=74.84727426758036 50.347893269499764 1.9848787798546244 42.315046613570303 15.979824081063269 65.877847470808774 6.3362108035944393 2.5299332174472511
leaf_count=540 170 14 238 33 222 73 34
internal_value=-0.000877382 -0.00576744 0.00529968 -0.0040463 -0.00422533 0.0149112 -0.0538345
internal_weight=260.219 145.24 114.979 58.2949 140.725 56.6841 4.51481
internal_count=1324 810 514 271 762 243 48
is_linear=0
shrinkage=0.03


Tree=252
num_leaves=4
num_cat=0
split_feature=13 11 0
split_gain=6.29725 5.13428 6.03937
threshold=0.35000000000000003 16.450000000000003 75.500000000000014
decision_type=2 2 2
left_child=-1 2 -2
right_child=1 -3 -4
leaf_value=0.037350430513340797 -0.0039523479059752455 0.034156746397340156 0.0052976980516816303
leaf_weight=4.6135667599737635 108.59804456820711 4.3944801492616525 153.05712458118796
leaf_count=9 857 17 431
internal_value=0.00260121 0.00199863 0.00145853
internal_weight=270.663 266.05 261.655
internal_count=1314 1305 1288
is_linear=0
shrinkage=0.03


Tree=253
num_leaves=5
num_cat=0
split_feature=4 5 13 16
split_gain=8.29163 8.60332 6.82502 5.19895
threshold=0.14410539944580728 4.5000000000000009 0.35000000000000003 20.080540540540543
decision_type=2 2 2 2
left_child=1 -1 -3 -2
right_child=3 2 -4 -5
leaf_value=-0.046420524140685461 0.030184259770036512 0.036431143587679522 -0.0019054867187072468 0.0020438678109948576
leaf_weight=3.8477717936038962 12.339053906500341 4.2601151354610911 220.70893596601672 11.338373586535452
leaf_count=25 36 9 1207 37
internal_value=-0.000191503 -0.0019403 -0.00117953 0.0167087
internal_weight=252.494 228.817 224.969 23.6774
internal_count=1314 1241 1216 73
is_linear=0
shrinkage=0.03


Tree=254
num_leaves=6
num_cat=0
split_feature=17 3 21 16 19
split_gain=6.81627 7.29074 10.196 9.24825 3.44487
threshold=29.700000000000006 15.469215319512793 1.0062877425836734 19.561250000000005 10.050000000000002
decision_type=2 2 2 2 2
left_child=1 2 -1 -3 -2
right_child=4 3 -4 -5 -6
leaf_value=0.010103967378859349 0.0069538764919038929 0.0016526266797889427 -0.015819025770801652 -0.014960407193432976 0.033629170317210799
leaf_weight=97.004535197047517 8.7573389485478419 90.920020321849734 15.89246190083213 45.126569613814354 8.6714552640914899
leaf_count=673 26 329 126 163 14
internal_value=0.00208874 0.00081895 0.0064548 -0.00385791 0.0202258
internal_weight=266.372 248.944 112.897 136.047 17.4288
internal_count=1331 1291 799 492 40
is_linear=0
shrinkage=0.03


Tree=255
num_leaves=6
num_cat=0
split_feature=0 23 16 23 17
split_gain=9.70543 12.9207 10.9842 8.74785 8.43781
threshold=86.500000000000014 35.000000000000007 21.246621621621625 77.500000000000014 11.450000000000001
decision_type=2 2 2 2 2
left_child=1 -1 4 -3 -2
right_child=2 3 -4 -5 -6
leaf_value=-0.056655242469217201 0.03876587442152165 0.015933134656586193 -0.020728471847725541 -0.005549727635505616 0.0084237329970114749
leaf_weight=4.1778899915516368 9.8371018916368467 19.060773257166147 9.9130294620990735 162.45694038155489 51.080814428627491
leaf_count=21 20 59 32 1065 130
internal_value=-0.000890513 -0.00449442 0.00855774 -0.00329386 0.0133234
internal_weight=256.527 185.696 70.8309 181.518 60.9179
internal_count=1327 1145 182 1124 150
is_linear=0
shrinkage=0.03


Tree=256
num_leaves=7
num_cat=0
split_feature=20 24 7 23 18 10
split_gain=8.15291 13.3176 10.9128 10.496 6.79734 6.37654
threshold=10.250000000000002 2.1500000000000008 13.500000000000002 125.50000000000001 140.50000000000003 -0.027769511009728718
decision_type=2 2 2 2 2 2
left_child=2 3 5 -2 -4 -1
right_child=1 -3 4 -5 -6 -7
leaf_value=0.018354235573604268 -0.033524834884616182 0.025288905537272435 0.020263171166681231 -0.0053843864089960858 0.0041325299967479578 -0.024593940130862874
leaf_weight=3.8916015848517445 13.727170923259107 11.241598613560198 31.443016033619642 91.063292702194303 93.205308557953686 15.516355287749318
leaf_count=8 103 22 62 702 309 124
internal_value=0.000176458 -0.0057418 0.0049434 -0.00907068 0.00820155 -0.0159822
internal_weight=260.088 116.032 144.056 104.79 124.648 19.408
internal_count=1330 827 503 805 371 132
is_linear=0
shrinkage=0.03


Tree=257
num_leaves=4
num_cat=0
split_feature=12 3 3
split_gain=7.79968 5.64888 9.798
threshold=25.350000000000005 63.500000000000007 51.500000000000007
decision_type=2 2 2
left_child=-1 2 -2
right_child=1 -3 -4
leaf_value=0.022088766924488839 -0.00016914379938805506 0.026788309032887824 -0.04620019953361211
leaf_weight=14.936570599675177 243.89419229794294 6.7860790193080893 4.2340173944830886
leaf_count=28 1279 11 19
internal_value=0.00101853 -0.000216065 -0.00095461
internal_weight=269.851 254.914 248.128
internal_count=1337 1309 1298
is_linear=0
shrinkage=0.03


Tree=258
num_leaves=7
num_cat=0
split_feature=6 6 3 11 6 7
split_gain=5.03342 10.3552 7.78035 6.80347 5.19097 5.11732
threshold=1.186207745328435e-19 2.9150706066625686e-08 15.469215319512793 12.450000000000001 8.3062457333731777e-25 13.500000000000002
decision_type=2 2 2 2 2 2
left_child=4 3 -3 -2 5 -1
right_child=1 2 -4 -5 -6 -7
leaf_value=-0.016445442780417999 -0.0078982725333598073 0.0088900958185025251 -0.002923102231192091 -0.045756922800922702 0.029205148053406436 0.011227215355353339
leaf_weight=7.7121775746345511 11.5822412353009 81.634175947168842 130.2154513807036 6.768774867989122 10.474760863929985 27.31793075799942
leaf_count=32 38 663 468 50 21 88
internal_value=0.00155853 -0.000243681 0.001629 -0.0218624 0.0106756 0.00513484
internal_weight=275.706 230.201 211.85 18.351 45.5049 35.0301
internal_count=1360 1219 1131 88 141 120
is_linear=0
shrinkage=0.03


Tree=259
num_leaves=8
num_cat=0
split_feature=6 6 0 14 0 3 11
split_gain=8.79021 13.3098 7.82229 7.31763 11.2218 5.2994 1.658
threshold=0.99998040245852537 0.99999951272527454 55.500000000000007 0.99999999083309621 80.500000000000014 29.500000000000004 11.050000000000002
decision_type=2 2 2 2 2 2 2
left_child=3 6 -3 5 -5 -1 -2
right_child=1 2 -4 4 -6 -7 -8
leaf_value=0.0070476379723492053 -0.076717151462287664 -0.034955927893516078 -0.0018291627323846818 -0.01931802034373787 0.013027653588297595 0.026994468913468621 -0.040640061581597095
leaf_weight=76.616750327404588 1.8096485957503308 6.7861130270175627 117.41134661622345 22.310450536198914 17.01544239744544 14.21067241579294 3.1284446357749403
leaf_count=283 10 288 535 109 39 25 36
internal_value=-1.42558e-05 -0.00555967 -0.0036392 0.00548779 -0.00532276 0.0101685 -0.0538611
internal_weight=259.289 129.136 124.197 130.153 39.3259 90.8274 4.93809
internal_count=1325 869 823 456 148 308 46
is_linear=0
shrinkage=0.03


Tree=260
num_leaves=6
num_cat=0
split_feature=24 3 18 19 3
split_gain=5.55 7.79675 9.00201 5.70532 2.67011
threshold=0.55000000000000016 9.5000000000000018 213.50000000000003 6.9500000000000011 6.5000000000000009
decision_type=2 2 2 2 2
left_child=4 2 -2 -3 -1
right_child=1 3 -4 -5 -6
leaf_value=0.034390347729279236 -0.042021513892247606 -0.0067789809214086868 -0.0025125284597611601 0.004612134612327767 0.0058515084432412545
leaf_weight=6.49741985904984 7.9497101157903698 50.64165291772224 14.952772746095432 181.03843902447261 5.4049632530659437
leaf_count=27 98 244 185 759 24
internal_value=0.00140767 0.000471543 -0.0162265 0.00212221 0.0214306
internal_weight=266.485 254.583 22.9025 231.68 11.9024
internal_count=1337 1286 283 1003 51
is_linear=0
shrinkage=0.03


Tree=261
num_leaves=7
num_cat=0
split_feature=23 23 24 5 12 20
split_gain=8.74737 13.242 11.5344 9.63787 8.10174 7.98503
threshold=224.50000000000003 253.50000000000003 3.5500000000000003 6.5000000000000009 37.650000000000013 14.65
decision_type=2 2 2 2 2 2
left_child=2 3 5 -2 -3 -1
right_child=1 4 -4 -5 -6 -7
leaf_value=0.0028369573241878421 0.009349597776154784 -0.012523687163680722 -0.04827245406460675 -0.047624302617411053 0.016593806079145346 0.039424811362890097
leaf_weight=207.53672072757035 3.469513200223445 21.851530687883496 3.9010409712791434 11.62841770518571 14.182005420792846 5.510956873651593
leaf_count=953 11 114 23 116 104 22
internal_value=0.000216515 -0.010946 0.00284735 -0.0345317 -0.00106368 0.00378338
internal_weight=268.08 51.1315 216.949 15.0979 36.0335 213.048
internal_count=1343 345 998 127 218 975
is_linear=0
shrinkage=0.03


Tree=262
num_leaves=6
num_cat=0
split_feature=23 23 0 3 2
split_gain=6.42829 8.53663 6.26301 5.49602 5.70557
threshold=279.50000000000006 297.50000000000006 75.500000000000014 61.500000000000007 5.2182978211668489
decision_type=2 2 2 2 2
left_child=3 -2 -3 4 -1
right_child=1 2 -4 -5 -6
leaf_value=0.0069014164375623046 -0.059419728884327172 -0.032439687578459449 0.009361932289750045 0.027532026404587968 -0.002217245838263928
leaf_weight=117.34259209828451 3.3001929451711502 5.0563801549142218 8.9103355258703214 7.8928210139274588 130.36638145125471
leaf_count=366 32 69 23 14 846
internal_value=0.00169083 -0.0160252 -0.00577154 0.00288762 0.00210237
internal_weight=272.869 17.2669 13.9667 255.602 247.709
internal_count=1350 124 92 1226 1212
is_linear=0
shrinkage=0.03


Tree=263
num_leaves=5
num_cat=0
split_feature=3 9 0 13
split_gain=7.22693 8.57448 10.5361 8.33665
threshold=63.500000000000007 3.0321024709090252 87.500000000000014 0.35000000000000003
decision_type=2 2 2 2
left_child=1 2 -1 -3
right_child=-2 3 -4 -5
leaf_value=-0.0010538225204224437 0.031267124041866393 0.038178682079521929 0.016332210512044368 -0.010550070258878838
leaf_weight=130.42644708813168 6.5288370102643958 3.2903209850192061 41.305187880992889 79.672925720689818
leaf_count=634 10 6 89 586
internal_value=0.000100917 -0.000697997 0.0031279 -0.00861749
internal_weight=261.224 254.695 171.732 82.9632
internal_count=1325 1315 723 592
is_linear=0
shrinkage=0.03


Tree=264
num_leaves=8
num_cat=0
split_feature=10 10 3 14 0 15 18
split_gain=7.03254 14.0765 8.7315 8.52148 6.66695 13.8509 4.86919
threshold=-2.9394060735890009e-16 -9.008251862360977e-17 61.500000000000007 1.1825474821923402e-22 62.500000000000007 36.361111111111121 153.50000000000003
decision_type=2 2 2 2 2 2 2
left_child=4 2 -2 -3 5 -1 -6
right_child=1 3 -4 -5 6 -7 -8
leaf_value=0.016502459899087427 -0.035414855958737029 0.011828142832280876 0.027064266125751368 -0.0031077084306865032 0.029722952152876861 -0.052866888179697417 0.0087024416066614364
leaf_weight=6.37065482418984 15.494398022769021 45.911829165415838 2.3136835098266593 136.86688540643081 13.535445462912319 4.365761109162122 37.106732176616788
leaf_count=23 150 234 4 737 25 41 94
internal_value=0.000882389 -0.00183663 -0.0272974 0.000643999 0.00976822 -0.0117053 0.0143207
internal_weight=261.965 200.587 17.8081 182.779 61.3786 10.7364 50.6422
internal_count=1308 1125 154 971 183 64 119
is_linear=0
shrinkage=0.03


Tree=265
num_leaves=4
num_cat=0
split_feature=23 23 16
split_gain=5.85397 12.37 7.20005
threshold=35.000000000000007 58.000000000000007 25.291666666666668
decision_type=2 2 2
left_child=-1 -2 -3
right_child=1 2 -4
leaf_value=-0.030374042385380242 0.030755742664085105 -0.00090727945426113032 0.022698731553707968
leaf_weight=5.2124449033290139 12.579785164445637 235.16357691993471 12.233694827184079
leaf_count=23 27 1257 29
internal_value=0.00110452 0.00173566 0.000260028
internal_weight=265.19 259.977 247.397
internal_count=1336 1313 1286
is_linear=0
shrinkage=0.03


Tree=266
num_leaves=4
num_cat=0
split_feature=7 19 19
split_gain=6.79519 5.48063 7.58607
threshold=66.500000000000014 2.7500000000000004 7.7500000000000009
decision_type=2 2 2
left_child=1 -1 -3
right_child=-2 2 -4
leaf_value=0.018948399130074445 0.027803638318947454 -0.0089224336972408957 0.0028869784946808572
leaf_weight=13.986268877983091 8.5888530313968641 67.507424205658026 178.14259749022312
leaf_count=32 15 427 865
internal_value=0.00155012 0.000681649 -0.000358382
internal_weight=268.225 259.636 245.65
internal_count=1339 1324 1292
is_linear=0
shrinkage=0.03


Tree=267
num_leaves=8
num_cat=0
split_feature=21 12 12 22 6 20 13
split_gain=6.88925 10.7347 12.7177 8.29121 7.51968 10.2825 6.34315
threshold=0.43683654828479396 40.750000000000007 32.850000000000001 11.850000000000003 0.0031980800249093665 11.65 0.55000000000000016
decision_type=2 2 2 2 2 2 2
left_child=4 2 -2 -3 6 -6 -1
right_child=1 3 -4 -5 5 -7 -8
leaf_value=0.042231215527207148 0.0032019325945466517 -0.013991485440618047 -0.021973907002400709 0.023186936502669252 0.0045546842187502434 -0.01893378040122182 0.010066160155162833
leaf_weight=7.0854968670755616 30.782250230200589 7.9556353406514999 43.688451216090471 16.796205257065594 108.94003880559467 19.826586361974478 24.94205230474472
leaf_count=11 107 70 242 72 457 302 81
internal_value=0.000337644 -0.00587872 -0.0115675 0.0112372 0.00417363 0.000938094 0.0171821
internal_weight=260.017 99.2225 74.4707 24.7518 160.794 128.767 32.0275
internal_count=1342 491 349 142 851 759 92
is_linear=0
shrinkage=0.03


Tree=268
num_leaves=7
num_cat=0
split_feature=4 10 10 0 14 0
split_gain=5.57609 6.77417 13.0503 7.01606 4.3813 1.81745
threshold=0.14410539944580728 0.054018856348416598 0.069214972937505545 46.500000000000007 6.3296804111696325e-11 27.500000000000004
decision_type=2 2 2 2 2 2
left_child=1 3 -3 -1 5 -2
right_child=4 2 -4 -5 -6 -7
leaf_value=-0.032651080081565274 0.021204220239056725 -0.044129258837474046 -0.0030774176621148033 0.0025614816235065385 0.035490168954164326 -4.5640171890211193e-06
leaf_weight=5.2298666068818411 5.2755427211523118 8.7813255551736784 33.77696168422699 194.04589195176959 6.5362753644585601 11.703913651406763
leaf_count=228 13 77 166 794 14 51
internal_value=0.000673107 -0.00068301 -0.0115479 0.00163735 0.0146193 0.00658504
internal_weight=265.35 241.834 42.5583 199.276 23.5157 16.9795
internal_count=1343 1265 243 1022 78 64
is_linear=0
shrinkage=0.03


Tree=269
num_leaves=5
num_cat=0
split_feature=12 12 22 1
split_gain=6.09478 6.6168 10.4924 7.26081
threshold=25.350000000000005 27.950000000000003 16.250000000000004 4.3941300425217635
decision_type=2 2 2 2
left_child=-1 2 -2 -3
right_child=1 3 -4 -5
leaf_value=0.019325188267255683 -0.039795312511332025 0.016893519255091607 0.0161962714524552 -0.0013187993533356911
leaf_weight=14.332073643803595 9.0526793301105482 21.742378003895283 4.5140818655490866 209.87877754017245
leaf_count=30 45 70 11 1185
internal_value=0.000309588 -0.000801938 -0.0211652 0.000390799
internal_weight=259.52 245.188 13.5668 231.621
internal_count=1341 1311 56 1255
is_linear=0
shrinkage=0.03


Tree=270
num_leaves=5
num_cat=0
split_feature=24 15 13 18
split_gain=7.52147 7.68633 10.5356 6.47938
threshold=5.0500000000000007 36.361111111111121 1.0500000000000003 325.50000000000006
decision_type=2 2 2 2
left_child=1 2 -1 -3
right_child=-2 3 -4 -5
leaf_value=0.00083651767201967954 -0.039912176093350356 -0.00081676602633262479 0.020439113606986217 -0.028256423330140872
leaf_weight=65.086726932553574 3.9074919596314421 142.92743405560032 39.743608430027962 8.1886778807966021
leaf_count=322 20 784 100 100
internal_value=0.00139576 0.0020264 0.00826832 -0.00230367
internal_weight=259.854 255.946 104.83 151.116
internal_count=1326 1306 422 884
is_linear=0
shrinkage=0.03


Tree=271
num_leaves=6
num_cat=0
split_feature=22 22 17 17 12
split_gain=5.78872 8.03614 6.93777 6.37903 6.69882
threshold=15.228285813863122 14.817203969112844 29.350000000000005 16.150000000000002 25.250000000000004
decision_type=2 2 2 2 2
left_child=1 2 -1 -2 -5
right_child=3 -3 -4 4 -6
leaf_value=-0.0016394279932038984 0.034501209869047929 -0.037173088748538509 0.023627543788755267 0.03480567827611071 -0.00059367599332453883
leaf_weight=203.13600019470323 8.177266429178415 5.4929764908738425 10.275107204914091 5.7363605350255957 29.829879784956574
leaf_count=1177 15 27 22 8 104
internal_value=0.000645854 -0.00134507 -0.000422899 0.010609 0.00511577
internal_weight=262.648 218.904 213.411 43.7435 35.5662
internal_count=1353 1226 1199 127 112
is_linear=0
shrinkage=0.03


Tree=272
num_leaves=7
num_cat=0
split_feature=6 6 0 11 11 18
split_gain=7.3277 8.49047 7.53517 5.80878 9.24956 5.15981
threshold=0.99999581501663115 0.99999951272527454 55.500000000000007 10.750000000000002 11.621836141986458 205.50000000000003
decision_type=2 2 2 2 2 2
left_child=3 -2 -3 5 -5 -1
right_child=1 2 -4 4 -6 -7
leaf_value=0.024960266165470098 -0.055637630904202089 -0.034858583790960067 -0.0017514910450152005 -0.022068570581535524 0.0052827474917316129 0.0014620842765541537
leaf_weight=21.6468122638762 2.8701286469586185 6.5233486576471469 120.0657670092769 12.855909976176916 82.779626112664118 13.753895951434968
leaf_count=43 27 295 541 55 324 47
internal_value=0.000447746 -0.00461439 -0.00345755 0.00544896 0.00160602 0.0158307
internal_weight=260.495 129.459 126.589 131.036 95.6355 35.4007
internal_count=1332 863 836 469 379 90
is_linear=0
shrinkage=0.03


Tree=273
num_leaves=8
num_cat=0
split_feature=11 5 5 13 20 11 7
split_gain=5.33941 11.6118 8.72745 6.24076 6.04335 9.67535 4.85433
threshold=13.950000000000001 12.500000000000002 9.0320021875583496 1.7500000000000002 12.550000000000002 12.700462617968055 7.5000000000000009
decision_type=2 2 2 2 2 2 2
left_child=4 2 -2 -3 6 -6 -1
right_child=1 3 -4 -5 5 -7 -8
leaf_value=0.023634736205430974 0.0098462007962301767 -0.037394578684927404 0.044318470688701692 0.04072206907829163 0.031108286691269513 -0.04598278798089981 0.00010801058175624358
leaf_weight=8.2193281445652229 24.445494028739631 5.5063211302040136 9.0594063668977451 1.1051740646362302 1.9744221558794368 5.6812687730416656 198.88527316902764
leaf_count=39 110 154 56 1 5 79 843
internal_value=0.00195081 0.0119974 0.0191672 -0.0243366 7.41463e-05 -0.0261008 0.00104171
internal_weight=254.877 40.1164 33.5049 6.6115 214.76 7.65569 207.105
internal_count=1287 321 166 155 966 84 882
is_linear=0
shrinkage=0.03


Tree=274
num_leaves=7
num_cat=0
split_feature=20 21 0 19 14 2
split_gain=7.46776 8.15166 6.50697 4.9165 2.1583 1.78935
threshold=13.950000000000001 1.8574121435637494 35.500000000000007 11.950000000000001 2.2768005919220481e-31 5.4589527757161109
decision_type=2 2 2 2 2 2
left_child=1 2 -1 4 -2 -3
right_child=3 5 -4 -5 -6 -7
leaf_value=-0.021089771902596581 0.02269705586086649 -0.05465700252457148 0.0016624607608879626 0.035266926556452936 -0.033350505373262868 -0.020451771103619957
leaf_weight=11.892800411675124 1.0092291086912148 2.5586563432589173 232.00502710603178 8.8049347880296391 1.596610822714865 2.9789549349807194
leaf_count=208 3 16 994 35 46 30
internal_value=0.000821523 -0.000264159 0.00055303 0.0245541 -0.0116436 -0.0362563
internal_weight=260.846 249.435 243.898 11.4108 2.60584 5.53761
internal_count=1332 1248 1202 84 49 46
is_linear=0
shrinkage=0.03


Tree=275
num_leaves=7
num_cat=0
split_feature=22 12 18 18 0 5
split_gain=5.31583 8.30314 6.76082 14.9045 5.21269 2.29226
threshold=13.138713958645626 43.45000000000001 128.50000000000003 168.50000000000003 56.500000000000007 12.500000000000002
decision_type=2 2 2 2 2 2
left_child=2 4 5 -4 -2 -1
right_child=1 -3 3 -5 -6 -7
leaf_value=-0.00068733618931010555 0.017111370496213783 0.033141874264491632 -0.035689043073413619 -0.0015688879397474124 0.00052697034717467093 0.020340158877192871
leaf_weight=6.9899932127445963 21.231225223746151 9.4296984411776048 12.819508563028647 113.86138972977642 86.758516658097506 14.032784997019915
leaf_count=29 116 32 94 745 273 42
internal_value=0.00138051 0.00614491 -0.00240703 -0.00502169 0.00378753 0.0133486
internal_weight=265.123 117.419 147.704 126.681 107.99 21.0228
internal_count=1331 421 910 839 389 71
is_linear=0
shrinkage=0.03


Tree=276
num_leaves=8
num_cat=0
split_feature=9 12 16 0 21 12 6
split_gain=7.51626 10.9649 8.34171 7.60541 6.68937 5.06805 0.382212
threshold=3.0321024709090252 39.45000000000001 17.321290322580648 87.500000000000014 0.51471220298598197 35.850000000000001 0.71800217242573094
decision_type=2 2 2 2 2 2 2
left_child=3 2 -2 4 -1 -5 -3
right_child=1 6 -4 5 -6 -7 -8
leaf_value=0.006140891058240428 -0.019742786836765305 -0.052734087159222919 0.0032250330841062809 0.0034655573172032265 -0.007614323123570731 0.023573313342982308 -0.035468118654181945
leaf_weight=81.738055878784508 19.235897910082713 1.3652659086510519 54.706569886766374 19.797273114323616 52.102040507365018 26.225523546338081 7.4529870010446757
leaf_count=373 185 12 223 52 254 48 184
internal_value=0.000960974 -0.00652096 -0.00274997 0.00440365 0.000786182 0.0149237 -0.0381413
internal_weight=262.624 82.7607 73.9425 179.863 133.84 46.0228 8.81825
internal_count=1331 604 408 727 627 100 196
is_linear=0
shrinkage=0.03


Tree=277
num_leaves=7
num_cat=0
split_feature=20 19 10 10 0 6
split_gain=6.91388 7.2324 6.5172 12.3196 7.00416 2.0464
threshold=13.950000000000001 11.950000000000001 -2.3272150736874946e-16 -9.008251862360977e-17 62.500000000000007 0.9999998984951356
decision_type=2 2 2 2 2 2
left_child=2 5 4 -4 -1 -2
right_child=1 -3 3 -5 -6 -7
leaf_value=-0.016066850744409823 0.012739394542578615 0.036512961884280472 -0.029917477124976593 -0.0018297663466731002 0.01275889476696466 -0.037661248692739464
leaf_weight=9.1724794569890928 1.2071343138813964 8.4818326318636519 15.320032427087424 170.09769671061076 43.874058183282614 1.8154506168793887
leaf_count=62 6 33 131 933 105 40
internal_value=-0.000401895 0.0223134 -0.00149777 -0.0041505 0.00777452 -0.0175327
internal_weight=249.969 11.5044 238.464 185.418 53.0465 3.02258
internal_count=1310 79 1231 1064 167 46
is_linear=0
shrinkage=0.03


Tree=278
num_leaves=8
num_cat=0
split_feature=0 13 22 21 17 5 19
split_gain=6.53054 11.8506 9.52172 7.27873 14.6661 12.5137 4.92564
threshold=88.500000000000014 0.8500000000000002 11.65 0.63401192415797636 17.550000000000004 12.500000000000002 6.9500000000000011
decision_type=2 2 2 2 2 2 2
left_child=3 2 -2 5 -5 -1 -3
right_child=1 6 -4 4 -6 -7 -8
leaf_value=0.010156391923706229 0.016305692791009983 0.0002725180889587558 -0.034184979528718989 -0.022687514716483857 0.009782737051888403 -0.0067395212339265015 0.025467485860853453
leaf_weight=85.494309466099367 5.8096679747104627 9.1542982906103116 7.9771726578474045 33.22377500240691 20.08980546426028 73.255584631115198 29.450937703251839
leaf_count=348 16 25 36 212 60 588 53
internal_value=0.00148207 0.0109667 -0.0129086 -0.000861183 -0.010452 0.00235973 0.0194931
internal_weight=264.456 52.3921 13.7868 212.063 53.3136 158.75 38.6052
internal_count=1338 130 52 1208 272 936 78
is_linear=0
shrinkage=0.03


Tree=279
num_leaves=7
num_cat=0
split_feature=22 17 23 0 19 6
split_gain=6.89166 5.37273 9.23153 9.18103 0.583147 0.281014
threshold=10.15 11.450000000000001 213.50000000000003 67.500000000000014 5.4500000000000011 1.9350958834397542e-16
decision_type=2 2 2 2 2 2
left_child=4 3 -3 -2 -1 -6
right_child=1 2 -4 -5 5 -7
leaf_value=-0.017601444849068421 -0.026925858173227041 0.0031106600492216171 -0.011885725360466184 0.019698935215381675 -0.053981359451288992 -0.035638282180904916
leaf_weight=1.2341170078143466 4.4173455135896829 177.63673433498479 46.644873177399859 27.24283011443913 1.1201202496886256 2.285130116273649
leaf_count=8 108 762 325 76 6 48
internal_value=0.000968018 0.00162487 -8.20691e-06 0.0131937 -0.035269 -0.041672
internal_weight=260.581 255.942 224.282 31.6602 4.63937 3.40525
internal_count=1333 1271 1087 184 62 54
is_linear=0
shrinkage=0.03


Tree=280
num_leaves=7
num_cat=0
split_feature=14 22 16 17 16 15
split_gain=7.44123 8.98725 8.0843 7.84515 7.36432 6.29639
threshold=0.99999995453292267 11.050000000000002 20.876893939393941 11.950000000000001 18.288690476190478 36.577777777777783
decision_type=2 2 2 2 2 2
left_child=1 5 4 -3 -2 -1
right_child=2 3 -4 -5 -6 -7
leaf_value=-0.0064382311668632793 -0.019122215078931051 0.017331035347205811 -0.049494976925561901 0.00049192531924481227 0.012322816789644118 -0.042349889837152349
leaf_weight=13.468427592189984 18.98333296272904 29.137281950563192 4.941770387813448 171.23982451017946 10.361788481473921 6.5217250538989893
leaf_count=101 80 136 29 822 38 117
internal_value=-0.000995862 0.00102696 -0.0139969 0.00294054 -0.00801895 -0.0181543
internal_weight=254.654 220.367 34.2869 200.377 29.3451 19.9902
internal_count=1323 1176 147 958 118 218
is_linear=0
shrinkage=0.03


Tree=281
num_leaves=6
num_cat=0
split_feature=17 17 22 16 19
split_gain=7.11469 6.08099 8.09275 6.72737 4.00953
threshold=29.700000000000006 11.750000000000002 12.724877391112759 14.781929347826088 10.532494837013298
decision_type=2 2 2 2 2
left_child=1 3 -3 -1 -2
right_child=4 2 -4 -5 -6
leaf_value=0.0484830101749587 0.0036770980183121697 -0.012365210480741469 0.00024401714378353875 0.0043031072317909974 0.032780865814189847
leaf_weight=3.3663856729399404 8.8953457437455672 75.610587275587022 116.23075164970942 39.493220519740134 8.1760766953229886
leaf_count=21 31 504 488 280 13
internal_value=-0.0010831 -0.0024432 -0.00472567 0.00777319 0.0176159
internal_weight=251.772 234.701 191.841 42.8596 17.0714
internal_count=1337 1293 992 301 44
is_linear=0
shrinkage=0.03


Tree=282
num_leaves=8
num_cat=0
split_feature=9 3 16 15 15 20 15
split_gain=10.8361 11.5395 21.6053 13.325 6.35487 7.45508 5.97888
threshold=2.2389176722955395 15.469215319512793 17.261208576998055 36.750000000000007 36.361111111111121 12.350000000000003 35.183333333333344
decision_type=2 2 2 2 2 2 2
left_child=4 2 -2 -3 6 -6 -1
right_child=1 3 -4 -5 5 -7 -8
leaf_value=-0.0041700892267370546 -0.029753138856825963 -0.0073380669561030343 0.014797629841524756 -0.041447141156944971 -0.004443314230545569 0.018989544967193236 0.023440350560618422
leaf_weight=9.2109496723860484 12.443206551368347 80.493054898455739 46.067908667842858 11.821752631571142 46.971133019309491 16.515690359286964 30.206252264790237
leaf_count=39 250 325 311 78 181 60 81
internal_value=2.12144e-05 -0.00509972 0.00532329 -0.011706 0.00752694 0.00165259 0.0169884
internal_weight=253.73 150.826 58.5111 92.3148 102.904 63.4868 39.4172
internal_count=1325 964 561 403 361 241 120
is_linear=0
shrinkage=0.03


Tree=283
num_leaves=6
num_cat=0
split_feature=24 17 17 12 14
split_gain=4.82758 6.33641 9.7587 5.88093 4.34376
threshold=0.55000000000000016 13.250000000000002 13.050000000000002 35.95000000000001 4.04856460158355e-14
decision_type=2 2 2 2 2
left_child=4 2 -2 -3 -1
right_child=1 3 -4 -5 -6
leaf_value=-0.0035112731224781705 -0.0027842915752319532 -0.00042915825721556044 -0.045856720001787477 0.011272143212461399 0.034147879583806183
leaf_weight=4.332442155806346 97.992073259665631 87.980449307709932 4.9744013990275553 68.952049182960764 7.5783681222237647
leaf_count=36 651 293 49 321 20
internal_value=0.00177368 0.000917786 -0.00486516 0.00471209 0.0204497
internal_weight=271.81 259.899 102.966 156.932 11.9108
internal_count=1370 1314 700 614 56
is_linear=0
shrinkage=0.03


Tree=284
num_leaves=4
num_cat=0
split_feature=24 16 12
split_gain=5.95881 6.08662 7.17237
threshold=4.7500000000000009 25.291666666666668 25.250000000000004
decision_type=2 2 2
left_child=1 2 -1
right_child=-2 -3 -4
leaf_value=0.024083742787368648 -0.030501876331501108 0.020525207539895007 -0.00057729843955871437
leaf_weight=11.128096856176851 5.2783685810863963 14.57680857926607 229.78951389458962
leaf_count=21 24 37 1253
internal_value=0.00104896 0.00170079 0.000561807
internal_weight=260.773 255.494 240.918
internal_count=1335 1311 1274
is_linear=0
shrinkage=0.03


Tree=285
num_leaves=5
num_cat=0
split_feature=12 19 22 6
split_gain=7.29181 5.48696 10.5256 7.13051
threshold=25.250000000000004 8.3500000000000032 16.550000000000004 0.99999999999994393
decision_type=2 2 2 2
left_child=-1 2 -2 -3
right_child=1 3 -4 -5
leaf_value=0.025563968589559768 -0.0014824224230958751 0.00087069827682322422 -0.048032630577694725 0.014573810092904885
leaf_weight=12.555053815245627 79.889271731488407 101.24951736989897 4.624726057983934 51.590288558742031
leaf_count=24 483 470 31 275
internal_value=0.00328285 0.00210427 -0.00402972 0.00549611
internal_weight=249.909 237.354 84.514 152.84
internal_count=1283 1259 514 745
is_linear=0
shrinkage=0.03


Tree=286
num_leaves=7
num_cat=0
split_feature=21 11 16 16 20 13
split_gain=7.1472 7.27911 6.84749 10.6846 7.70539 4.18444
threshold=1.5466120692768743 10.550000000000002 14.455555555555557 14.781929347826088 7.7500000000000009 1.2137138933697378
decision_type=2 2 2 2 2 2
left_child=2 -2 4 -4 -1 -3
right_child=1 5 3 -5 -6 -7
leaf_value=0.036557800735600963 0.015424616333279925 -0.046513541154387841 0.043678442329411676 0.0030321040705632717 -0.040730047406712766 -0.0018058057931991762
leaf_weight=1.447481021285056 3.7969349753111592 6.664995269617064 5.9677612737286827 235.80279707012232 5.8649182614171878 2.6266888529062271
leaf_count=2 13 61 22 1151 94 9
internal_value=0.00203489 -0.0195735 0.00317035 0.0040354 -0.025431 -0.033875
internal_weight=262.172 13.0886 249.083 241.771 7.3124 9.29168
internal_count=1352 83 1269 1173 96 70
is_linear=0
shrinkage=0.03


Tree=287
num_leaves=8
num_cat=0
split_feature=0 13 17 10 14 9 14
split_gain=9.56262 9.53011 11.0549 8.50042 7.80916 8.87208 7.70872
threshold=75.500000000000014 0.55000000000000016 13.250000000000002 0.019198173804680554 3.9140662874604723e-25 2.2389176722955395 3.4304487432260913e-26
decision_type=2 2 2 2 2 2 2
left_child=1 2 -1 -3 6 -6 -2
right_child=4 3 -4 -5 5 -7 -8
leaf_value=0.030007608669886918 0.011282819545723903 -0.0035087826331690946 -0.015608639716576337 -0.02366468223406681 0.013936320285899936 -0.002716241776172309 0.046989685926376076
leaf_weight=12.827171568525957 22.041555508971218 61.068028078763746 7.622993689030408 27.227116456022486 43.555281408131123 84.963022828102112 7.2252807915210715
leaf_count=89 70 503 52 257 101 271 9
internal_value=0.0013948 -0.00545005 0.0130037 -0.00972415 0.00611227 0.00292737 0.020098
internal_weight=266.53 108.745 20.4502 88.2951 157.785 128.518 29.2668
internal_count=1352 901 141 760 451 372 79
is_linear=0
shrinkage=0.03


Tree=288
num_leaves=4
num_cat=0
split_feature=3 7 20
split_gain=6.00651 11.1813 5.7156
threshold=63.500000000000007 54.500000000000007 13.950000000000001
decision_type=2 2 2
left_child=1 2 -1
right_child=-2 -3 -4
leaf_value=-0.001429767863095291 0.024878209995256587 -0.046381519842857696 0.020118935524282289
leaf_weight=223.65434887970332 8.1615677922964078 4.8497229367494574 11.655322946840895
leaf_count=1189 14 22 90
internal_value=-0.000431592 -0.00129172 -0.000362421
internal_weight=248.321 240.159 235.31
internal_count=1315 1301 1279
is_linear=0
shrinkage=0.03


Tree=289
num_leaves=5
num_cat=0
split_feature=3 1 0 16
split_gain=5.86613 5.12974 17.4545 10.0507
threshold=61.500000000000007 5.3413484633586661 75.500000000000014 24.400070126227213
decision_type=2 2 2 2
left_child=1 3 -3 -1
right_child=-2 2 -4 -5
leaf_value=0.0086373014919149567 0.024546404636125483 -0.018214263109179833 0.0026110479715464683 -0.031424553998483956
leaf_weight=71.636789964511991 8.4341220855712873 52.402684202650562 117.30405509471893 6.1173477321863166
leaf_count=227 15 718 349 25
internal_value=-5.72452e-05 -0.000895803 -0.00381947 0.00548541
internal_weight=255.895 247.461 169.707 77.7541
internal_count=1334 1319 1067 252
is_linear=0
shrinkage=0.03


Tree=290
num_leaves=8
num_cat=0
split_feature=20 14 12 19 20 15 9
split_gain=5.78626 10.1587 14.5878 9.14406 5.57912 8.85811 5.75979
threshold=9.1500000000000004 1.1825474821923402e-22 38.850000000000001 7.1500000000000012 7.4500000000000011 36.472222222222229 3.6096502986167152
decision_type=2 2 2 2 2 2 2
left_child=4 3 -3 -2 5 -1 -6
right_child=1 2 -4 -5 6 -7 -8
leaf_value=-0.027830761952238076 -0.022761986665763716 -0.016830361399319298 0.004112287869704313 0.014465513467293436 0.017855060377273413 0.0099587242650610898 -0.0015099883329874235
leaf_weight=9.8085282323882002 7.0150569775141767 69.653070572530851 52.494316572323442 38.683006056584418 39.559460175223649 12.957778885494916 21.248040169943124
leaf_count=43 75 379 369 212 107 42 96
internal_value=-0.00010423 -0.00331568 -0.00783 0.00875076 0.00634549 -0.00632232 0.0110883
internal_weight=251.419 167.845 122.147 45.6981 83.5738 22.7663 60.8075
internal_count=1323 1035 748 287 288 85 203
is_linear=0
shrinkage=0.03


Tree=291
num_leaves=5
num_cat=0
split_feature=23 19 22 15
split_gain=5.28833 8.42972 10.4485 3.21964
threshold=35.000000000000007 4.3500000000000005 15.228285813863122 36.405893076178799
decision_type=2 2 2 2
left_child=-1 3 -3 -2
right_child=1 2 -4 -5
leaf_value=-0.025634365337070666 0.0075501518638193838 -0.0010181177911890247 0.016859400585201051 0.033164846105893112
leaf_weight=5.8972152825444928 7.4554044818505671 202.11663622455671 34.435603128280491 10.83464352134615
leaf_count=23 27 1175 95 24
internal_value=0.00245161 0.00310154 0.00158436 0.0227238
internal_weight=260.74 254.842 236.552 18.29
internal_count=1344 1321 1270 51
is_linear=0
shrinkage=0.03


Tree=292
num_leaves=6
num_cat=0
split_feature=16 16 21 15 9
split_gain=7.49857 11.5392 6.43867 1.71 0.368181
threshold=14.455555555555557 14.676190476190477 1.644504125348863 35.583333333333336 2.2389176722955395
decision_type=2 2 2 2 2
left_child=3 -2 -3 -1 -5
right_child=1 2 -4 4 -6
leaf_value=-0.0038017164602340853 0.04477748970792176 0.00020799232773891565 -0.023130505931745926 -0.055386473250231695 -0.036681036123128292
leaf_weight=1.3790005091577757 5.0874322573654345 227.65525154513307 11.160347406752406 1.2910755821503697 3.5539723120164126
leaf_count=12 18 1161 74 12 70
internal_value=-0.000760036 6.97347e-05 -0.000882664 -0.0332764 -0.0416655
internal_weight=250.127 243.903 238.816 6.22405 4.84505
internal_count=1347 1253 1235 94 82
is_linear=0
shrinkage=0.03


Tree=293
num_leaves=5
num_cat=0
split_feature=19 13 22 22
split_gain=6.48965 6.4309 10.5051 7.17986
threshold=2.7500000000000004 1.8500000000000003 18.050000000000001 14.040569629161974
decision_type=2 2 2 2
left_child=-1 2 -2 -3
right_child=1 3 -4 -5
leaf_value=0.020988529138838613 -0.0013509633139071589 0.02652988961332059 -0.04656178477847505 -0.0070918307185484537
leaf_weight=13.068247908726333 216.9909600293031 15.237162262201311 4.7262376230210057 9.14846622943878
leaf_count=31 1220 33 24 30
internal_value=0.000387525 -0.000706404 -0.0023147 0.0139164
internal_weight=259.171 246.103 221.717 24.3856
internal_count=1338 1307 1244 63
is_linear=0
shrinkage=0.03


Tree=294
num_leaves=8
num_cat=0
split_feature=20 15 19 24 6 20 10
split_gain=5.37149 8.48213 12.2802 10.6025 7.11924 12.2309 5.22196
threshold=10.250000000000002 36.472222222222229 11.850000000000003 0.95000000000000007 0.99999999939033168 9.8148399544066134 0.039509665967662221
decision_type=2 2 2 2 2 2 2
left_child=4 3 -3 -2 6 -6 -1
right_child=1 2 -4 -5 5 -7 -8
leaf_value=0.017652166464398874 -0.014171244946355422 -0.021821202688596355 0.0071461716692822787 0.012610438631315689 -0.010868430238738673 0.021879532576299782 0.0016410330480223355
leaf_weight=51.930184007855132 18.592261767014861 34.966344997403212 21.131260866764933 46.770770770031959 38.739909975090995 13.964264429640023 28.336649636738002
leaf_count=147 161 355 142 181 175 46 113
internal_value=0.00220883 -0.002352 -0.0109096 0.00499249 0.00637486 -0.00219168 0.0119997
internal_weight=254.432 121.461 56.0976 65.363 132.971 52.7042 80.2668
internal_count=1320 839 497 342 481 221 260
is_linear=0
shrinkage=0.03


Tree=295
num_leaves=6
num_cat=0
split_feature=15 15 0 13 11
split_gain=7.59159 16.1695 9.06815 8.52833 7.66189
threshold=37.083333333333336 37.638888888888893 59.500000000000007 3.3500000000000001 11.350000000000003
decision_type=2 2 2 2 2
left_child=3 2 -2 4 -1
right_child=1 -3 -4 -5 -6
leaf_value=0.0078805685547623846 0.0015237774300781667 0.018778401419027507 -0.059101915881306137 -0.037677160743363323 -0.0031255693132151421
leaf_weight=101.80131655139849 3.1049537976505253 6.2228555227629831 7.7950835525989532 5.0517232045531264 129.13719097350258
leaf_count=325 56 18 40 26 885
internal_value=-0.000516873 -0.0198049 -0.0418323 0.000882623 0.00172611
internal_weight=253.113 17.1229 10.9 235.99 230.939
internal_count=1350 114 96 1236 1210
is_linear=0
shrinkage=0.03


Tree=296
num_leaves=8
num_cat=0
split_feature=1 22 14 19 19 14 6
split_gain=6.33656 7.61881 15.088 7.33021 7.79589 6.57026 3.16543
threshold=5.3413484633586661 12.541778474999136 1.1997379389259054e-21 13.550000000000002 8.8500000000000032 9.2740327277142025e-28 5.3618893996054062e-08
decision_type=2 2 2 2 2 2 2
left_child=3 2 -2 4 -1 -3 -5
right_child=1 5 -4 6 -6 -7 -8
leaf_value=0.01332845419031548 0.0072852412049185479 -0.023266166351711862 -0.021468979642764351 0.013778652850715388 -0.0092973373936153809 0.0050691389457140652 0.038168393642480751
leaf_weight=30.421985298395157 27.911373782320879 7.9197330155875525 39.904393464326859 10.837305322289469 24.942971931770444 105.13449801318347 8.5814410671591741
leaf_count=79 203 47 405 44 99 440 15
internal_value=0.00135242 -0.00168456 -0.00963442 0.00869759 0.0031351 0.00308418 0.0245569
internal_weight=255.654 180.87 67.8158 74.7837 55.365 113.054 19.4187
internal_count=1332 1095 608 237 178 487 59
is_linear=0
shrinkage=0.03


Tree=297
num_leaves=6
num_cat=0
split_feature=0 16 14 23 22
split_gain=5.44292 12.8181 8.80084 6.09004 5.66364
threshold=86.500000000000014 21.246621621621625 1.3650074059751963e-25 355.00000000000006 10.15
decision_type=2 2 2 2 2
left_child=3 2 -2 4 -1
right_child=1 -3 -4 -5 -6
leaf_value=-0.034605359162943987 0.040398831437686661 -0.021358803613129557 0.0098846180140070364 -0.040289247359929302 0.0015395222275091235
leaf_weight=3.9859634625026947 10.254137724637983 10.151588000357149 49.918996147811413 3.3075200279708943 184.36984437785577
leaf_count=56 20 32 126 31 1081
internal_value=0.00268527 0.00982385 0.0150846 6.59922e-05 0.000774628
internal_weight=261.988 70.3247 60.1731 191.663 188.356
internal_count=1346 178 146 1168 1137
is_linear=0
shrinkage=0.03


Tree=298
num_leaves=7
num_cat=0
split_feature=0 5 4 22 12 5
split_gain=5.51433 8.7124 7.02019 6.54585 4.94525 1.79995
threshold=49.500000000000007 3.5000000000000004 0.14410539944580728 14.293126426690032 46.500000000000007 3.5000000000000004
decision_type=2 2 2 2 2 2
left_child=1 -1 4 -3 -2 -4
right_child=2 3 5 -5 -6 -7
leaf_value=0.010625774285436566 0.0014024786188621789 -0.03937142696908736 0.013983885432422629 0.0088532287378316251 0.027914140131529198 0.037584872184825736
leaf_weight=9.044784386642279 221.82955729728565 10.193668323336167 5.691105440258978 3.3708992190659037 6.5182952713221303 5.9478772655129433
leaf_count=31 885 337 24 29 24 18
internal_value=0.00198331 -0.0121803 0.00331767 -0.0273872 0.00215927 0.0260447
internal_weight=262.596 22.6094 239.987 13.5646 228.348 11.639
internal_count=1348 397 951 366 909 42
is_linear=0
shrinkage=0.03


Tree=299
num_leaves=6
num_cat=0
split_feature=17 6 11 16 19
split_gain=5.47354 5.40197 8.6746 4.88503 4.84536
threshold=30.200000000000006 1.186207745328435e-19 10.050000000000002 21.808876811594207 10.532494837013298
decision_type=2 2 2 2 2
left_child=1 3 -3 -1 -2
right_child=4 2 -4 -5 -6
leaf_value=0.014258354875022604 0.0014842524832258549 0.007741105062898726 -0.006636290010668287 -0.0090671507652546942 0.034602402837879506
leaf_weight=34.407406564801931 8.1733675114810449 51.658647775650024 140.46645763982087 10.560944329947231 7.7419744506478301
leaf_count=106 28 152 970 38 13
internal_value=0.000563524 -0.000579711 -0.00277049 0.00878029 0.0175945
internal_weight=253.009 237.093 192.125 44.9684 15.9153
internal_count=1307 1266 1122 144 41
is_linear=0
shrinkage=0.03


Tree=300
num_leaves=8
num_cat=0
split_feature=14 5 15 12 3 0 2
split_gain=5.70147 14.1869 13.3015 13.2006 8.47832 8.08791 4.34794
threshold=3.9140662874604723e-25 13.500000000000002 36.69444444444445 25.350000000000005 21.500000000000004 75.500000000000014 2.5000000000000004
decision_type=2 2 2 2 2 2 2
left_child=2 4 5 -3 -2 -1 -4
right_child=1 3 6 -5 -6 -7 -8
leaf_value=-0.0016480976080066765 -0.0042393921835918854 0.022296144206757237 0.00064289039681529375 -0.024439653242584274 0.010867904372074111 0.025812467257590736 -0.044791556693940117
leaf_weight=15.946470232913269 96.352240905165672 6.299407757818698 3.0781238451600075 39.833353369147517 51.19871492870152 24.458538461476564 4.9345403515035269
leaf_count=125 504 12 12 405 125 61 65
internal_value=-0.00123546 -0.00353728 0.00797244 -0.0180579 0.00100269 0.0149747 -0.0273376
internal_weight=242.101 193.684 48.4177 46.1328 147.551 40.405 8.01266
internal_count=1309 1046 263 417 629 186 77
is_linear=0
shrinkage=0.03


Tree=301
num_leaves=4
num_cat=0
split_feature=23 23 7
split_gain=6.08605 9.06537 6.82403
threshold=35.000000000000007 58.000000000000007 65.500000000000014
decision_type=2 2 2
left_child=-1 -2 -3
right_child=1 2 -4
leaf_value=-0.031335490001019123 0.029537088113851806 0.00091456142684792239 0.026651006155457908
leaf_weight=4.6920268237590781 11.198738746345041 234.33040369767696 9.6542924493551237
leaf_count=21 25 1257 18
internal_value=0.00252181 0.00314434 0.00193293
internal_weight=259.875 255.183 243.985
internal_count=1321 1300 1275
is_linear=0
shrinkage=0.03


Tree=302
num_leaves=6
num_cat=0
split_feature=10 13 23 19 22
split_gain=7.21404 9.66455 9.90152 4.35493 3.83444
threshold=-2.3272150736874946e-16 3.9500000000000006 35.000000000000007 13.950000000000001 13.250000000000002
decision_type=2 2 2 2 2
left_child=3 2 -2 4 -1
right_child=1 -3 -4 -5 -6
leaf_value=0.0043141444607940008 -0.046045073362354125 -0.050831508825034101 -0.00038910751769712792 -0.0125608410864921 0.020209675587627932
leaf_weight=27.196183285210282 4.3747532479464999 3.6312371697276822 187.73663860419765 7.1761462013237169 27.437773135490716
leaf_count=100 24 23 1122 33 65
internal_value=0.000476141 -0.00234526 -0.00142878 0.00941106 0.0122971
internal_weight=257.553 195.743 192.111 61.8101 54.634
internal_count=1367 1169 1146 198 165
is_linear=0
shrinkage=0.03


Tree=303
num_leaves=4
num_cat=0
split_feature=23 19 10
split_gain=5.93655 6.77938 4.62913
threshold=35.000000000000007 2.7500000000000004 -2.3272150736874946e-16
decision_type=2 2 2
left_child=-1 -2 -3
right_child=1 2 -4
leaf_value=-0.029043401866443472 0.029234885727920698 0.0082239100708044136 -0.0017852087307829261
leaf_weight=5.9051367845386258 7.6277721943333736 53.884278857149184 182.21177317900583
leaf_count=26 18 180 1098
internal_value=0.000678388 0.00139851 0.000499176
internal_weight=249.629 243.724 236.096
internal_count=1322 1296 1278
is_linear=0
shrinkage=0.03


Tree=304
num_leaves=8
num_cat=0
split_feature=23 18 16 10 16 13 14
split_gain=6.00099 16.0209 6.65213 4.79822 6.55994 3.08723 2.00093
threshold=216.50000000000003 264.50000000000006 26.418003565062392 0.13248592366347059 14.455555555555557 1.2137138933697378 2.4260491050036859e-26
decision_type=2 2 2 2 2 2 2
left_child=3 6 -3 4 -1 -5 -2
right_child=1 2 -4 5 -6 -7 -8
leaf_value=-0.036820206492372186 -0.015504828504088491 -0.0025926520415138874 0.043199090336438394 0.0091332136984284152 0.00337979082303728 0.03725605776947527 -0.04754452618178779
leaf_weight=3.7278235950507215 2.2285034554079166 37.343367922818288 3.0915193557739249 8.7507069115526956 182.85001875285525 5.8695559650659552 8.2436921282205713
leaf_count=63 20 283 4 46 805 8 74
internal_value=0.00154527 -0.00765635 0.000908435 0.00387347 0.0025766 0.0204236 -0.0407264
internal_weight=252.105 50.9071 40.4349 201.198 186.578 14.6203 10.4722
internal_count=1303 381 287 922 868 54 94
is_linear=0
shrinkage=0.03


Tree=305
num_leaves=8
num_cat=0
split_feature=6 16 14 16 10 18 10
split_gain=6.51493 9.00727 7.93871 7.39119 6.82489 7.37032 7.12011
threshold=0.99998964238358712 20.160256410256412 9.2740327277142025e-28 20.037749287749293 0.0024083538092637834 204.50000000000003 4.3166152212277526e-17
decision_type=2 2 2 2 2 2 2
left_child=4 3 -3 -2 6 -6 -1
right_child=1 2 -4 -5 5 -7 -8
leaf_value=0.0074321123901722654 -0.0082018203821691265 -0.03444934195427516 0.011581902316683016 -0.060653602362638566 0.0090280430820622488 -0.010634901075710315 0.032943732928004309
leaf_weight=53.398167441599071 84.710450269398279 3.7099203341640523 37.019463726086542 2.4889313615858546 32.375616901088506 36.497578632319346 12.071684118360279
leaf_count=173 686 28 140 17 99 189 26
internal_value=0.000586784 -0.00425855 0.00738905 -0.00969895 0.00520077 -0.00139183 0.0121361
internal_weight=262.272 127.929 40.7294 87.1994 134.343 68.8732 65.4699
internal_count=1358 871 168 703 487 288 199
is_linear=0
shrinkage=0.03


Tree=306
num_leaves=5
num_cat=0
split_feature=24 13 24 6
split_gain=5.31732 6.24744 6.93029 4.96823
threshold=5.0500000000000007 1.8500000000000003 1.8500000000000003 0.99999936792386002
decision_type=2 2 2 2
left_child=1 2 -1 -3
right_child=-2 3 -4 -5
leaf_value=0.0017259415276202428 -0.030412111035929716 0.033841526614686528 -0.028096675679257683 0.0021694469857013064
leaf_weight=222.92251349589787 4.6067806538194409 9.6253574714064616 7.240771389566361 8.3022665940225107
leaf_count=1234 23 19 31 24
internal_value=0.00152338 0.00211639 0.000787743 0.0191742
internal_weight=252.698 248.091 230.163 17.9276
internal_count=1331 1308 1265 43
is_linear=0
shrinkage=0.03


Tree=307
num_leaves=7
num_cat=0
split_feature=0 4 24 24 8 5
split_gain=6.50624 9.49195 5.26777 5.65074 5.01494 1.76851
threshold=37.500000000000007 0.14410539944580728 1.6040185663419093 0.95000000000000007 1.5000000000000002 3.5000000000000004
decision_type=2 2 2 2 2 2
left_child=2 4 3 -1 -2 -3
right_child=1 5 -4 -5 -6 -7
leaf_value=-0.045849317125416761 -0.029858477426913811 0.016017075685894416 -0.086041561050901591 -0.0012345292086084674 0.00085524721582674228 0.037008951085195807
leaf_weight=3.6322966574225566 4.8934406638145438 8.4019468799233419 1.0010921340435732 8.6145647753728536 215.06025048927404 6.3357100039720526
leaf_count=133 23 31 8 112 986 20
internal_value=0.000579024 0.00173365 -0.0198754 -0.0144668 0.000171941 0.0250415
internal_weight=247.939 234.691 13.248 12.2469 219.954 14.7377
internal_count=1313 1060 253 245 1009 51
is_linear=0
shrinkage=0.03


Tree=308
num_leaves=8
num_cat=0
split_feature=20 20 5 20 20 16 3
split_gain=5.05499 15.7238 15.6538 7.49036 10.3515 9.67017 1.39073
threshold=11.65 11.850000000000003 12.500000000000002 10.945636445959058 10.250000000000002 14.781929347826088 17.500000000000004
decision_type=2 2 2 2 2 2 2
left_child=3 6 -3 4 -1 -5 -2
right_child=1 2 -4 5 -6 -7 -8
leaf_value=0.00323219639424621 -0.038193438314884968 0.0075007761614010885 -0.028276522008694797 0.052327678113801512 -0.017946287922570921 0.0085181110521301458 -0.069588828189496674
leaf_weight=128.31420881440863 2.1386229344643644 39.2078419723548 15.302098326967096 5.3333436527755103 24.782568444265053 30.278218948398717 3.1259457115083933
leaf_count=487 30 188 279 17 150 146 21
internal_value=0.000278342 -0.00732441 -0.00254267 0.00268656 -0.000196075 0.0150792 -0.0568351
internal_weight=248.483 59.7745 54.5099 188.708 153.097 35.6116 5.26457
internal_count=1318 518 467 800 637 163 51
is_linear=0
shrinkage=0.03


Tree=309
num_leaves=8
num_cat=0
split_feature=6 6 15 19 19 7 23
split_gain=7.38806 11.5104 9.93942 8.0466 7.5563 6.554 5.74928
threshold=0.99998040245852537 0.99999999996205702 36.361111111111121 10.450000000000001 13.050000000000002 29.500000000000004 137.50000000000003
decision_type=2 2 2 2 2 2 2
left_child=2 6 5 -3 -4 -1 -2
right_child=1 3 4 -5 -6 -7 -8
leaf_value=0.0073039850264813881 -0.0070872573607701286 -0.009080155732722155 -0.0092051333925706018 0.0087898608598920482 0.012743954834082319 0.03081427243984643 -0.036248828746861229
leaf_weight=39.050405598245561 10.224380688392559 54.235304401488975 52.678557067876682 38.975104551296681 19.283659651875496 14.684710387140511 15.027837073546833
leaf_count=145 54 446 225 199 70 30 159
internal_value=-0.00109979 -0.00647532 0.00396635 -0.00160797 -0.00332345 0.0137289 -0.0244416
internal_weight=244.16 118.463 125.697 93.2104 71.9622 53.7351 25.2522
internal_count=1328 858 470 645 295 175 213
is_linear=0
shrinkage=0.03


Tree=310
num_leaves=8
num_cat=0
split_feature=17 16 16 14 12 20 22
split_gain=4.82145 9.93391 11.5206 6.55064 4.80024 7.41501 6.87007
threshold=13.250000000000002 14.781929347826088 18.106203007518801 1.3650074059751963e-25 37.650000000000013 10.350000000000003 11.850000000000003
decision_type=2 2 2 2 2 2 2
left_child=1 3 -3 -1 5 -2 -6
right_child=4 2 -4 -5 6 -7 -8
leaf_value=0.069937000793767967 0.0058588894532226165 -0.019034831388527084 0.0026023668552160677 0.011080884581867357 -0.021599396943822562 -0.014521474567132387 0.016234330592546531
leaf_weight=2.4915036584716281 81.581036138813943 35.025815213681199 60.23247191705741 5.3704893372487277 4.7349417165387413 20.00709790433757 49.24603942851536
leaf_count=11 256 347 314 48 35 100 225
internal_value=0.00235201 -0.00267848 -0.00535348 0.0297327 0.00568652 0.00184511 0.0129157
internal_weight=258.689 103.12 95.2583 7.86199 155.569 101.588 53.981
internal_count=1336 720 661 59 616 356 260
is_linear=0
shrinkage=0.03


Tree=311
num_leaves=8
num_cat=0
split_feature=10 10 13 6 0 15 15
split_gain=5.54824 8.20877 6.35995 5.58453 5.12926 11.5873 3.94249
threshold=-2.3272150736874946e-16 -1.3045883210444822e-16 0.55000000000000016 0.99999999976290843 62.500000000000007 36.361111111111121 36.750000000000007
decision_type=2 2 2 2 2 2 2
left_child=4 3 -3 -2 5 -1 -6
right_child=1 2 -4 -5 6 -7 -8
leaf_value=0.01518632793036752 0.012734210708613273 0.011903684485342323 -0.0043220038366723248 -0.044947584152417064 0.0049956449171748565 -0.05129961472487906 0.023011922172485062
leaf_weight=5.6006682766601426 1.9494298857171068 25.249551581451669 156.48766926745884 6.7107247714884579 32.330341331660748 4.07625485828612 16.515975575894117
leaf_count=26 11 149 907 75 94 46 30
internal_value=-0.000944339 -0.00342748 -0.0020677 -0.0319632 0.00713423 -0.0128199 0.0110873
internal_weight=248.921 190.397 181.737 8.66015 58.5232 9.67692 48.8463
internal_count=1338 1142 1056 86 196 72 124
is_linear=0
shrinkage=0.03


Tree=312
num_leaves=7
num_cat=0
split_feature=22 12 11 5 0 23
split_gain=7.76186 7.4547 9.58467 7.98866 0.856724 0.921951
threshold=10.327182904492068 38.850000000000001 12.850000000000003 14.500000000000002 58.500000000000007 97.500000000000014
decision_type=2 2 2 2 2 2
left_child=4 2 -2 -3 5 -1
right_child=1 3 -4 -5 -6 -7
leaf_value=0.013613002428936529 -0.00050013709749409645 0.012482213569253218 -0.031397010564112024 -0.023225975417369114 -0.044602299507876288 -0.03593747531640331
leaf_weight=0.54459331650286802 169.61792048369534 64.487511511193588 9.5447898942511511 6.1790071807336053 3.550368953961879 0.89065466832835227
leaf_count=4 699 336 102 147 37 37
internal_value=0.000368795 0.00110845 -0.00214615 0.00935993 -0.0366953 -0.0171359
internal_weight=254.815 249.829 179.163 70.6665 4.98562 1.43525
internal_count=1362 1284 801 483 78 41
is_linear=0
shrinkage=0.03


Tree=313
num_leaves=4
num_cat=0
split_feature=23 18 7
split_gain=5.21979 7.1516 6.25876
threshold=355.00000000000006 407.50000000000006 66.500000000000014
decision_type=2 2 2
left_child=1 2 -1
right_child=-2 -3 -4
leaf_value=0.00097319783922184531 -0.029291661458446343 0.035949452115625967 0.029049662669235733
leaf_weight=237.26257590646856 4.7088765604421488 5.6529864508192977 7.3676142692565909
leaf_count=1276 32 16 12
internal_value=0.00200093 0.00258967 0.00181879
internal_weight=254.992 250.283 244.63
internal_count=1336 1304 1288
is_linear=0
shrinkage=0.03


Tree=314
num_leaves=5
num_cat=0
split_feature=13 0 4 0
split_gain=4.64485 4.72017 6.83398 4.27325
threshold=0.35000000000000003 37.500000000000007 0.14410539944580728 21.500000000000004
decision_type=2 2 2 2
left_child=-1 3 -3 -2
right_child=1 2 -4 -5
leaf_value=0.033594000559986868 0.016992362923130874 0.002431929875254357 0.024306369623799361 -0.025329899938540287
leaf_weight=4.4718102887272826 2.792602401576004 227.75515150430147 13.622979544103144 9.2898492634994891
leaf_count=12 49 1012 49 207
internal_value=0.00328527 0.00275053 0.00366649 -0.015548
internal_weight=257.932 253.461 241.378 12.0825
internal_count=1329 1317 1061 256
is_linear=0
shrinkage=0.03


Tree=315
num_leaves=6
num_cat=0
split_feature=17 0 6 7 13
split_gain=5.36108 10.1313 10.1296 6.84502 6.89501
threshold=11.450000000000001 84.500000000000014 0.99999996978360939 81.000000000000014 0.35000000000000003
decision_type=2 2 2 2 2
left_child=1 2 -1 4 -2
right_child=3 -3 -4 -5 -6
leaf_value=0.016483268910287587 0.037556328017681551 0.030444694387775448 -0.029303068128958269 0.033918746310011252 -0.0019011096354676002
leaf_weight=10.363669142127039 4.0655372291803351 15.457869075238703 7.4927779305726281 5.1400076746940604 203.3235577045707
leaf_count=53 7 29 144 8 1055
internal_value=0.00147397 0.0126635 -0.00272922 -0.000280014 -0.00112761
internal_weight=245.843 33.3143 17.8564 212.529 207.389
internal_count=1296 226 197 1070 1062
is_linear=0
shrinkage=0.03


Tree=316
num_leaves=5
num_cat=0
split_feature=23 13 0 0
split_gain=5.85041 6.86025 6.56829 6.10195
threshold=35.000000000000007 0.55000000000000016 72.500000000000014 87.500000000000014
decision_type=2 2 2 2
left_child=-1 2 -2 -3
right_child=1 3 -4 -5
leaf_value=-0.032950166912453213 0.025371390767252006 -0.0027875176797956891 -0.0073077867433167139 0.008534474403239737
leaf_weight=4.3980232179164878 19.594916202127937 162.36031938937958 7.7148476652801028 58.198175050318241
leaf_count=22 117 1009 31 152
internal_value=0.00134764 0.0019562 0.0161397 0.000199986
internal_weight=252.266 247.868 27.3098 220.558
internal_count=1331 1309 148 1161
is_linear=0
shrinkage=0.03


Tree=317
num_leaves=4
num_cat=0
split_feature=24 11 19
split_gain=7.93666 6.37935 5.22466
threshold=4.7500000000000009 8.4500000000000011 13.350000000000003
decision_type=2 2 2
left_child=1 -1 -3
right_child=-2 2 -4
leaf_value=0.020124984187955393 -0.037314779244938319 -0.0023684098479242908 0.0089678551083097312
leaf_weight=14.932335928082464 4.9317095149308434 183.78860261745285 45.685192664153874
leaf_count=34 26 1052 209
internal_value=0.000364561 0.00112487 -0.00011151
internal_weight=249.338 244.406 229.474
internal_count=1321 1295 1261
is_linear=0
shrinkage=0.03


Tree=318
num_leaves=7
num_cat=0
split_feature=0 21 6 16 17 6
split_gain=6.49971 7.76276 9.85926 7.19673 6.19802 4.74335
threshold=75.500000000000014 0.98396200404241851 0.0031980800249093665 14.676190476190477 18.346361177969069 0.99999999999999778
decision_type=2 2 2 2 2 2
left_child=1 2 -1 -2 -3 -5
right_child=3 4 -4 5 -6 -7
leaf_value=0.0099961455611163805 0.028555708524606056 -0.038460803629299094 -0.010840471195501068 -0.0022580959350217058 5.6591544965467373e-05 0.0091030910191311851
leaf_weight=35.561267372220755 10.199462376534937 10.44692870648578 48.056897987728007 80.13573008403182 5.8740859217941752 56.316279914230108
leaf_count=128 27 118 639 242 27 169
internal_value=0.000227106 -0.00567294 -0.00197904 0.00424783 -0.024598 0.00243088
internal_weight=246.591 99.9392 83.6182 146.651 16.321 136.452
internal_count=1350 912 767 438 145 411
is_linear=0
shrinkage=0.03


Tree=319
num_leaves=8
num_cat=0
split_feature=13 11 12 15 18 6 22
split_gain=6.07686 10.3285 8.75677 7.71614 9.62859 5.39451 1.6145
threshold=0.95000000000000007 15.15 40.350000000000001 36.305555555555564 200.50000000000003 0.99999999690331343 11.250000000000002
decision_type=2 2 2 2 2 2 2
left_child=1 2 -1 5 -5 -2 -3
right_child=3 6 -4 4 -6 -7 -8
leaf_value=-0.0055893868745007227 0.023767737074745089 -0.070432960743716064 0.014800693161075787 -0.013573003389725939 0.0093715715148740813 0.003128194572286682 -0.034032582663902938
leaf_weight=111.75227293430362 26.937120096758008 1.7027070124167938 22.828354247845709 29.732630945974961 36.875753385946155 19.75579123175703 3.0810273315291852
leaf_count=647 68 26 204 116 156 68 70
internal_value=0.000524503 -0.00367047 -0.0021307 0.00568446 -0.000870421 0.0150351 -0.0469888
internal_weight=252.666 139.364 134.581 113.301 66.6084 46.6929 4.78373
internal_count=1355 947 851 408 272 136 96
is_linear=0
shrinkage=0.03


Tree=320
num_leaves=5
num_cat=0
split_feature=19 9 16 15
split_gain=5.28394 4.5367 13.2296 7.72662
threshold=1.7500000000000002 2.2389176722955395 25.291666666666668 36.361111111111121
decision_type=2 2 2 2
left_child=-1 3 -3 -2
right_child=1 2 -4 -5
leaf_value=0.029742701180344902 0.016531138693056623 -0.0044748809541256323 0.036049669067076004 -0.00085334767290586586
leaf_weight=5.8429171815514556 37.772712161764503 141.67313545022625 7.6412730924785128 58.871779737761244
leaf_count=11 119 943 15 237
internal_value=0.00154672 0.000876906 -0.00240101 0.00594124
internal_weight=251.802 245.959 149.314 96.6445
internal_count=1325 1314 958 356
is_linear=0
shrinkage=0.03


Tree=321
num_leaves=5
num_cat=0
split_feature=3 17 14 6
split_gain=4.93637 4.7336 7.56669 6.50184
threshold=63.500000000000007 11.750000000000002 1.4623626260190281e-21 0.99999999998320899
decision_type=2 2 2 2
left_child=1 2 -1 -3
right_child=-2 3 -4 -5
leaf_value=0.025426767508814146 0.024054585789530285 0.0010553487919220232 -0.0010928630092031291 -0.010634274745431341
leaf_weight=15.028514245408585 7.4373744130134574 132.11228043073788 27.22363849345129 63.360977212898433
leaf_count=97 14 555 198 459
internal_value=-1.26272e-05 -0.000765584 0.00833981 -0.00273374
internal_weight=245.163 237.725 42.2522 195.473
internal_count=1323 1309 295 1014
is_linear=0
shrinkage=0.03


Tree=322
num_leaves=8
num_cat=0
split_feature=0 9 22 19 19 9 6
split_gain=7.48067 10.0443 8.66117 7.53663 5.14787 14.715 11.6024
threshold=87.500000000000014 3.6096502986167152 12.541778474999136 7.7500000000000009 11.350000000000003 3.6096502986167152 1.186207745328435e-19
decision_type=2 2 2 2 2 2 2
left_child=4 3 -3 -2 6 -6 -1
right_child=1 2 -4 -5 5 -7 -8
leaf_value=0.0089662672452091204 -0.0080404068845748803 -0.036214442695044674 0.0056237294370016727 0.022041929929162807 -0.0098451405985160896 0.021212074459282602 -0.014104906613044801
leaf_weight=25.179386449046433 9.762099161744116 7.5422576144337681 10.873042255640028 32.281441852450371 36.148347018752247 22.139555789995939 88.816902727819979
leaf_count=82 27 39 28 64 214 113 755
internal_value=-0.00211472 0.00696445 -0.0115117 0.0150571 -0.00530083 0.00195135 -0.00900897
internal_weight=232.743 60.4588 18.4153 42.0435 172.284 58.2879 113.996
internal_count=1322 158 67 91 1164 327 837
is_linear=0
shrinkage=0.03


Tree=323
num_leaves=8
num_cat=0
split_feature=16 16 17 17 15 6 6
split_gain=5.56365 11.1617 9.36653 8.11135 6.04405 6.08653 3.4983
threshold=15.728735632183909 16.206389452332662 25.950000000000003 19.929231203022471 36.69444444444445 2.9150706066625686e-08 2.9150706066625686e-08
decision_type=2 2 2 2 2 2 2
left_child=4 2 -2 -3 5 -1 -6
right_child=1 3 -4 -5 6 -7 -8
leaf_value=-0.019811668029147592 -0.055303042904162707 0.00070074894211256706 0.020221595786100211 -0.016773542047830943 0.0095151663927168801 0.019914406077447815 -0.042103895240648948
leaf_weight=3.994328077882531 6.2538063233951089 172.45564727322198 1.935228783637285 27.755370393395424 1.9871352436020959 26.495719108497724 2.914977403357625
leaf_count=18 84 909 5 118 8 153 50
internal_value=-0.00125821 -0.00312586 -0.0374551 -0.00172172 0.00973911 0.0147101 -0.0211794
internal_weight=243.792 208.4 8.18904 200.211 35.3922 30.49 4.90211
internal_count=1345 1116 89 1027 229 171 58
is_linear=0
shrinkage=0.03


Tree=324
num_leaves=4
num_cat=0
split_feature=12 12 3
split_gain=4.80066 5.12632 5.83658
threshold=25.250000000000004 26.800000000000001 61.500000000000007
decision_type=2 2 2
left_child=-1 -2 -3
right_child=1 2 -4
leaf_value=0.020778173773663262 -0.030308006051847729 0.001897664040908217 0.029161249380871189
leaf_weight=13.129999428987501 4.3011836223304263 228.5402709065238 7.2924985438585272
leaf_count=28 23 1257 14
internal_value=0.00311457 0.00214876 0.00274072
internal_weight=253.264 240.134 235.833
internal_count=1322 1294 1271
is_linear=0
shrinkage=0.03


Tree=325
num_leaves=6
num_cat=0
split_feature=15 15 15 15 6
split_gain=4.47667 8.20121 5.12228 6.84381 1.16026
threshold=37.250000000000007 37.638888888888893 37.183333333333344 37.083333333333336 0.00091302942704953461
decision_type=2 2 2 2 2
left_child=2 4 3 -1 -2
right_child=1 -3 -4 -5 -6
leaf_value=0.0023170245188582328 -0.062273720841813436 0.0087234298822892707 0.032968522459089163 -0.034388911378029817 -0.033215896405055872
leaf_weight=232.39195253723301 2.0224762167781574 5.2148334311787039 4.77798207104206 4.6633355899248263 3.1832211028086022
leaf_count=1218 11 20 13 39 41
internal_value=0.00138521 -0.0178676 0.00221481 0.00159495 -0.0445052
internal_weight=252.254 10.4205 241.833 237.055 5.2057
internal_count=1342 72 1270 1257 52
is_linear=0
shrinkage=0.03


Tree=326
num_leaves=5
num_cat=0
split_feature=19 10 23 11
split_gain=4.45074 5.75193 11.6567 6.02837
threshold=2.7500000000000004 0.045894059856837949 108.50000000000001 14.65
decision_type=2 2 2 2
left_child=-1 3 -3 -2
right_child=1 2 -4 -5
leaf_value=0.019550069577990999 0.0042237550362622476 -0.050341119829321344 -0.0034722356369603644 -0.021434004205982821
leaf_weight=11.6384443603456 176.38429771468509 5.3205684134736648 46.647324000135995 8.6454358939081413
leaf_count=28 857 39 263 144
internal_value=0.00143751 0.000548039 -0.00827076 0.00302491
internal_weight=248.636 236.998 51.9679 185.03
internal_count=1331 1303 302 1001
is_linear=0
shrinkage=0.03


Tree=327
num_leaves=8
num_cat=0
split_feature=6 15 19 14 21 10 19
split_gain=9.90288 8.20114 11.891 8.38304 5.21175 5.50159 4.14907
threshold=0.99999581501663115 36.638888888888893 7.1500000000000012 6.0409769525552099e-26 1.6553825291283657 0.22196005215502163 11.850000000000003
decision_type=2 2 2 2 2 2 2
left_child=4 2 -2 -3 6 -6 -1
right_child=1 3 -4 -5 5 -7 -8
leaf_value=0.0035969888007528397 -0.032056222184020766 -0.026768301771709229 -0.0051810498830303182 0.010307723331034377 -0.027109537274228573 0.01425929351894503 0.015595249944580647
leaf_weight=77.506239684764296 20.030151115264744 6.5242075164569533 56.930087305372581 34.575718983542174 8.2589309976901841 4.4533076062798491 38.987167890649289
leaf_count=268 165 78 350 268 53 17 140
internal_value=-0.000116816 -0.00639753 -0.0121757 0.00442227 0.00562211 -0.0126174 0.00761248
internal_weight=247.266 118.06 76.9602 41.0999 129.206 12.7122 116.493
internal_count=1339 861 515 346 478 70 408
is_linear=0
shrinkage=0.03


Tree=328
num_leaves=8
num_cat=0
split_feature=0 0 1 15 14 1 16
split_gain=5.01072 7.74648 6.64141 5.12196 8.96532 5.1953 3.83543
threshold=38.500000000000007 26.500000000000004 4.3941300425217635 36.638888888888893 0.99961218692855558 3.5000000000000004 20.62145593869732
decision_type=2 2 2 2 2 2 2
left_child=1 2 -1 5 -5 -2 -3
right_child=3 6 -4 4 -6 -7 -8
leaf_value=0.020500636892899608 0.03141835775669536 -0.022495584457204516 -0.033452572101896172 0.012874521285307325 -0.0098657571629628005 -0.0025866623385496462 -0.077613127831563364
leaf_weight=5.284496381878852 4.1633626669645301 2.3798601962625971 3.3582932164426884 67.114861046429724 20.329702633433044 140.56019353703596 2.1744393524713814
leaf_count=12 20 108 135 311 73 663 25
internal_value=0.00083312 -0.0171484 -0.00046374 0.00185524 0.00758771 -0.00160842 -0.0488113
internal_weight=245.365 13.1971 8.64279 232.168 87.4446 144.724 4.5543
internal_count=1347 280 147 1067 384 683 133
is_linear=0
shrinkage=0.03


Tree=329
num_leaves=8
num_cat=0
split_feature=19 7 15 10 14 23 22
split_gain=5.71415 13.6457 10.6087 8.24843 6.59552 9.5838 5.53194
threshold=7.8500000000000005 25.500000000000004 36.168898217405037 5.7198652335745582e-17 0.99999995453292267 147.50000000000003 16.550000000000004
decision_type=2 2 2 2 2 2 2
left_child=1 3 -3 -1 6 -6 -2
right_child=4 2 -4 -5 5 -7 -8
leaf_value=0.011347857478298817 0.0053177074811021725 -0.0021960347541365509 -0.043466801817040365 -0.01220246462420113 0.016350978445747316 -0.022971905061016117 0.026151844530601556
leaf_weight=36.364336495404132 128.84677349799313 10.22704127058387 12.404899402055888 21.181617903173901 8.456525972113015 16.388259827625006 12.591019451618193
leaf_count=200 715 35 67 169 23 90 24
internal_value=0.0014963 -0.00508208 -0.0248171 0.00267941 0.00466826 -0.00958741 0.0071724
internal_weight=246.46 80.1779 22.6319 57.546 166.283 24.8448 141.438
internal_count=1323 471 102 369 852 113 739
is_linear=0
shrinkage=0.03


Tree=330
num_leaves=4
num_cat=0
split_feature=19 23 17
split_gain=5.16789 7.43651 6.80944
threshold=2.2000000000000006 39.500000000000007 13.350000000000003
decision_type=2 2 2
left_child=-1 -2 -3
right_child=1 2 -4
leaf_value=0.024003417521876048 -0.043404000319083771 -0.0046028061773933232 0.0057080150337791716
leaf_weight=8.9018487520515901 3.3883068524301043 99.721134776598774 136.62410191236995
leaf_count=20 18 743 551
internal_value=0.00155836 0.000724927 0.00135757
internal_weight=248.635 239.734 236.345
internal_count=1332 1312 1294
is_linear=0
shrinkage=0.03


Tree=331
num_leaves=5
num_cat=0
split_feature=19 5 15 14
split_gain=5.00014 6.68148 16.6646 6.15286
threshold=2.7500000000000004 13.500000000000002 36.07777777777779 0.99999999083309621
decision_type=2 2 2 2
left_child=-1 3 -3 -2
right_child=1 2 -4 -5
leaf_value=0.021396984072747163 0.0075030454315853715 -0.039712430839586636 0.00026425986108865798 -0.0068706473313198723
leaf_weight=11.973084513098 136.48268758598715 11.310005452483891 55.131279911845922 33.352961169555783
leaf_count=27 566 102 471 140
internal_value=0.00248334 0.00152491 -0.00654079 0.00468029
internal_weight=248.25 236.277 66.4413 169.836
internal_count=1306 1279 573 706
is_linear=0
shrinkage=0.03


Tree=332
num_leaves=8
num_cat=0
split_feature=22 11 11 17 23 20 23
split_gain=4.93042 7.31677 8.54535 6.29094 7.54683 5.69393 2.74142
threshold=11.050000000000002 12.450000000000001 12.050000000000002 11.950000000000001 213.50000000000003 9.5500000000000025 154.50000000000003
decision_type=2 2 2 2 2 2 2
left_child=1 2 -1 5 -5 -2 -3
right_child=3 6 -4 4 -6 -7 -8
leaf_value=-0.014620500217661453 0.027733456375877749 -0.057905383357815005 0.038370181137515252 0.00086491866289993254 -0.013880097835153786 0.001291135870970706 -0.023743758184778092
leaf_weight=10.076350874733182 12.816364008933308 2.975113651249556 3.7612363724037996 151.21987294172868 39.374821476289071 17.11869339318946 7.3058574141468853
leaf_count=63 30 47 20 676 291 119 121
internal_value=-0.00158159 -0.0144596 -0.000216943 -0.000173169 -0.00218124 0.0126121 -0.0336295
internal_weight=244.648 24.1186 13.8376 220.53 190.595 29.9351 10.281
internal_count=1367 251 83 1116 967 149 168
is_linear=0
shrinkage=0.03


Tree=333
num_leaves=8
num_cat=0
split_feature=10 10 15 18 0 15 10
split_gain=5.61308 8.89149 11.5215 10.9095 7.87754 10.2185 5.27531
threshold=-2.3272150736874946e-16 -9.008251862360977e-17 35.472222222222229 277.50000000000006 62.500000000000007 36.361111111111121 -0.031834483568019926
decision_type=2 2 2 2 2 2 2
left_child=4 2 -2 -3 5 -1 -6
right_child=1 3 -4 -5 6 -7 -8
leaf_value=0.0074023863803421228 0.035174854183331057 0.0029417666384826055 -0.032662580904116958 -0.018865508603799114 -7.1441550815688073e-05 -0.05852890627463133 0.020760692294691584
leaf_weight=5.698308091145007 2.6523808380588916 148.66509325138759 14.974662708002141 23.976151107111946 16.891007922589775 3.3650461746146902 31.052632045932118
leaf_count=28 6 763 152 247 50 44 66
internal_value=0.000315024 -0.00215905 -0.0224549 -8.67943e-05 0.00857256 -0.0170766 0.0134213
internal_weight=247.275 190.268 17.627 172.641 57.007 9.06335 47.9436
internal_count=1356 1168 158 1010 188 72 116
is_linear=0
shrinkage=0.03


Tree=334
num_leaves=7
num_cat=0
split_feature=23 18 6 12 15 13
split_gain=6.36386 13.4589 13.0912 6.52669 6.70345 5.16564
threshold=181.50000000000003 239.50000000000003 1.186207745328435e-19 46.500000000000007 36.112659016965104 1.1500000000000001
decision_type=2 2 2 2 2 2
left_child=1 2 -1 4 -2 -3
right_child=3 5 -4 -5 -6 -7
leaf_value=0.018734753458625956 -0.010022673085494231 -0.02938234228648734 -0.0066885477750112006 0.037136298999335932 0.0075941420773033581 -0.087829585051935027
leaf_weight=22.221774541772902 25.031121663283557 5.0496451220242298 101.44742602296174 5.4983699020231134 87.022628321195953 1.8630528505891559
leaf_count=67 152 60 529 31 493 12
internal_value=0.00016102 -0.00439738 -0.00212031 0.00522468 0.00365881 -0.0451346
internal_weight=248.134 130.582 123.669 117.552 112.054 6.9127
internal_count=1344 668 596 676 645 72
is_linear=0
shrinkage=0.03


Tree=335
num_leaves=8
num_cat=0
split_feature=17 19 14 12 16 18 24
split_gain=5.87988 10.1575 6.6792 6.1872 9.99499 8.06165 5.55973
threshold=11.450000000000001 8.3500000000000032 7.610657649873673e-23 38.850000000000001 16.140394088669954 158.50000000000003 0.75000000000000011
decision_type=2 2 2 2 2 2 2
left_child=1 6 -3 5 -5 -2 -1
right_child=3 2 -4 4 -6 -7 -8
leaf_value=0.015408356329640365 0.0060354191061645149 0.045578231971114984 0.011194860775203992 0.032186733021186929 0.00077369999273040329 -0.0093487419005911336 -0.030961450062415942
leaf_weight=3.8120872153667751 43.876926956232637 8.0576087827794272 13.78170512896031 11.295549931121057 47.244234119541943 101.74206426739693 5.9742242584470659
leaf_count=41 155 34 78 84 320 521 56
internal_value=0.000462619 0.0124995 0.0238806 -0.00140197 0.006835 -0.00471329 -0.0128989
internal_weight=235.784 31.6256 21.8393 204.159 58.5398 145.619 9.78631
internal_count=1289 209 112 1080 404 676 97
is_linear=0
shrinkage=0.03


Tree=336
num_leaves=5
num_cat=0
split_feature=13 17 24 14
split_gain=3.62976 4.03544 7.7 7.13898
threshold=0.35000000000000003 11.750000000000002 1.2296031021657658 1.4623626260190281e-21
decision_type=2 2 2 2
left_child=-1 3 -3 -2
right_child=1 2 -4 -5
leaf_value=0.026882200256821101 0.026274312347642589 -0.0056082525561137707 0.0068791682083861978 -6.3916337688599566e-05
leaf_weight=4.7176402509212485 13.990983474999664 133.51735595485661 66.613907491555437 27.402378715341911
leaf_count=14 89 826 217 199
internal_value=0.000820825 0.000311775 -0.0014518 0.00883842
internal_weight=246.242 241.525 200.131 41.3934
internal_count=1345 1331 1043 288
is_linear=0
shrinkage=0.03


Tree=337
num_leaves=8
num_cat=0
split_feature=10 19 5 10 0 15 21
split_gain=5.86006 8.25452 16.9795 14.5277 6.21651 8.18154 4.5576
threshold=-2.3272150736874946e-16 13.15 13.500000000000002 -8.0963819229286954e-17 62.500000000000007 36.361111111111121 0.43241096079147801
decision_type=2 2 2 2 2 2 2
left_child=4 3 -3 -2 5 -1 -6
right_child=1 2 -4 -5 6 -7 -8
leaf_value=0.0085403808962220863 -0.035169657656474222 0.017961353296323358 -0.034935166420273951 -0.0031000319491103082 0.023874535509562787 -0.046972491055856588 0.0044439489314507478
leaf_weight=6.179145389236508 14.01499369565863 33.273290406446904 6.5340006805490694 136.85778100101743 19.785395029932261 3.8959149033762515 24.095676857978106
leaf_count=31 149 124 63 812 37 46 71
internal_value=-0.000402968 -0.00287287 0.00927888 -0.00607907 0.00832562 -0.0129258 0.0132049
internal_weight=244.636 190.68 39.8073 150.873 53.9561 10.0751 43.8811
internal_count=1333 1148 187 961 185 77 108
is_linear=0
shrinkage=0.03


Tree=338
num_leaves=7
num_cat=0
split_feature=16 10 19 15 3 6
split_gain=5.204 9.10019 11.9604 5.74467 12.4779 5.05468
threshold=21.428337428337432 -0.022864462477723186 10.450000000000001 37.138888888888893 26.500000000000004 0.0031980800249093665
decision_type=2 2 2 2 2 2
left_child=3 -2 -3 5 -5 -1
right_child=1 2 -4 4 -6 -7
leaf_value=0.009310342437086009 -0.055998981965204947 -0.023030847173690628 0.010887412559762222 -0.038352911576168332 0.027854227830306232 -0.00096924865247395109
leaf_weight=65.356338333338499 3.6005712747573844 18.704688486410305 18.722087644739076 8.6078349751187471 3.6476381346583358 126.14397501386702
leaf_count=227 18 97 81 76 8 836
internal_value=-0.000698114 -0.0104462 -0.00606383 0.00126471 -0.0186475 0.00253903
internal_weight=244.783 41.0273 37.4268 203.756 12.2555 191.5
internal_count=1343 196 178 1147 84 1063
is_linear=0
shrinkage=0.03


Tree=339
num_leaves=6
num_cat=0
split_feature=16 13 10 10 10
split_gain=4.86624 10.027 6.81676 6.13768 4.96968
threshold=21.246621621621625 0.55000000000000016 -0.092429700563408518 -1.1520747166144247e-16 -0.031834483568019926
decision_type=2 2 2 2 2
left_child=2 -2 -1 -3 -4
right_child=1 3 4 -5 -6
leaf_value=0.029676873425868569 0.024717019788738036 0.0019474313542568451 -0.020424907850026135 -0.022310806708593058 0.0030999351098142331
leaf_weight=8.3990361746400577 7.3744539436884216 14.901853159535674 8.4533338544424605 25.365088409744203 183.96990081842523
leaf_count=21 23 51 43 140 1072
internal_value=0.00117632 -0.00744354 0.00322122 -0.0133334 0.00206647
internal_weight=248.464 47.6414 200.822 40.2669 192.423
internal_count=1350 214 1136 191 1115
is_linear=0
shrinkage=0.03


Tree=340
num_leaves=8
num_cat=0
split_feature=5 20 19 14 21 16 18
split_gain=4.7 8.58133 10.4459 5.37306 10.7159 6.22539 5.04616
threshold=12.500000000000002 11.65 13.750000000000002 0.99999999083309621 0.37932898341133398 15.728735632183909 292.50000000000006
decision_type=2 2 2 2 2 2 2
left_child=3 2 -2 5 -5 -1 -3
right_child=1 6 -4 4 -6 -7 -8
leaf_value=0.022263889072862916 0.0027230079825108161 -0.032387051087308327 -0.036053044771587814 0.03077534026394281 -0.01330451304838595 0.0038797175740982359 0.013469091577699403
leaf_weight=20.050220075761899 72.993809528532438 13.136037939810192 6.8383780885487786 5.9266960527747861 30.542928769253194 95.714995068497956 2.5847513686167067
leaf_count=80 347 256 37 12 139 413 52
internal_value=0.00062705 -0.00458808 -0.000598526 0.00390042 -0.00614108 0.00706381 -0.0248476
internal_weight=247.788 95.553 79.8322 152.235 36.4696 115.765 15.7208
internal_count=1336 692 384 644 151 493 308
is_linear=0
shrinkage=0.03


Tree=341
num_leaves=6
num_cat=0
split_feature=22 24 13 7 0
split_gain=4.44278 3.47406 5.6452 0.464109 0.466933
threshold=10.15 5.0500000000000007 1.9500000000000002 21.125261158708042 59.500000000000007
decision_type=2 2 2 2 2
left_child=3 2 -2 4 -1
right_child=1 -3 -4 -5 -6
leaf_value=-0.0076227716173762582 0.00012889374076384557 -0.026989977927897583 0.019413388340081644 -0.04767601356899507 -0.035519377856694172
leaf_weight=0.86851248901803035 225.454417955596 3.9721120130270711 14.542959108948706 1.2514929072931407 1.4276458807289598
leaf_count=29 1235 21 39 8 20
internal_value=0.000352237 0.00083691 0.00129746 -0.0329784 -0.0249676
internal_weight=247.517 243.969 239.997 3.54765 2.29616
internal_count=1352 1295 1274 57 49
is_linear=0
shrinkage=0.03


Tree=342
num_leaves=7
num_cat=0
split_feature=16 10 0 23 15 16
split_gain=6.04883 9.17046 6.08461 8.34458 7.14701 6.01774
threshold=22.492424242424246 -2.6429522865278645e-16 75.500000000000014 213.50000000000003 35.077777777777783 23.592809364548497
decision_type=2 2 2 2 2 2
left_child=2 -2 3 -1 -4 -3
right_child=1 5 4 -5 -6 -7
leaf_value=0.001193089721356225 -0.04954022814977152 -0.031246780614826001 0.037780719894564566 -0.02208733149381847 0.0050800958400077116 0.0044403573166967346
leaf_weight=65.889553937478922 4.8827080223709372 5.6273877690546241 6.3160086646676055 17.547109827282839 126.32741047441959 17.406770001165569
leaf_count=531 24 38 8 269 381 65
internal_value=0.000946676 -0.0121946 0.00264449 -0.00370289 0.00663718 -0.00427823
internal_weight=243.997 27.9169 216.08 83.4367 132.643 23.0342
internal_count=1316 127 1189 800 389 103
is_linear=0
shrinkage=0.03


Tree=343
num_leaves=4
num_cat=0
split_feature=12 3 24
split_gain=6.04835 6.19466 7.13421
threshold=25.250000000000004 70.000000000000014 2.7500000000000004
decision_type=2 2 2
left_child=-1 2 -2
right_child=1 -3 -4
leaf_value=0.019012606863204395 -0.003138359799950008 0.027348674643419987 -0.040190968294037371
leaf_weight=11.705147512257097 202.81707375240512 5.8352662026882163 4.7872115839272729
leaf_count=27 1224 11 32
internal_value=-0.00198443 -0.00313592 -0.00399277
internal_weight=225.145 213.44 207.604
internal_count=1294 1267 1256
is_linear=0
shrinkage=0.03


Tree=344
num_leaves=8
num_cat=0
split_feature=10 22 19 10 16 19 7
split_gain=6.46699 8.47987 7.51735 5.14796 6.06292 1.66914 0.363271
threshold=-0.01075552981450636 10.327182904492068 10.532494837013298 -0.029618204200857475 19.937254901960788 8.1500000000000004 19.500000000000004
decision_type=2 2 2 2 2 2 2
left_child=3 6 -3 4 -1 -5 -2
right_child=1 2 -4 5 -6 -7 -8
leaf_value=0.011382800206484158 -0.035651550892419608 -0.006193319814936241 0.0057506706138287329 0.032712985456961434 -0.021122858455424994 0.014217439695986774 -0.052991348131791939
leaf_weight=18.08927211351693 2.5471494597150004 112.19404042058159 82.150771159445867 8.5703512637410331 7.2276261784136286 9.0059224171563965 1.8973981908056883
leaf_count=60 62 724 410 19 28 29 14
internal_value=0.000198005 -0.00208154 -0.00114452 0.0107626 0.00210288 0.023236 -0.043054
internal_weight=241.683 198.789 194.345 42.8932 25.3169 17.5763 4.44455
internal_count=1346 1210 1134 136 88 48 76
is_linear=0
shrinkage=0.03


Tree=345
num_leaves=7
num_cat=0
split_feature=11 7 16 20 9 24
split_gain=5.00593 6.78892 5.65614 4.78249 4.41691 3.70626
threshold=11.350000000000003 48.500000000000007 15.431677018633541 13.950000000000001 2.2389176722955395 0.55000000000000016
decision_type=2 2 2 2 2 2
left_child=2 3 4 -2 -1 -4
right_child=1 -3 5 -5 -6 -7
leaf_value=0.01172142620906729 -0.0007209308712485149 -0.034430673678916363 0.032192097564443099 0.01979755418865967 -0.03885999913294419 0.0086215125675419071
leaf_weight=2.5803162902593604 128.32444294448942 5.0688409209251395 6.4409785815514615 11.108677601092493 3.9053685555700213 88.490313965827227
leaf_count=11 883 22 16 86 40 274
internal_value=0.00325977 -0.00032603 0.00836893 0.000913783 -0.0187363 0.0102207
internal_weight=245.919 144.502 101.417 139.433 6.48568 94.9313
internal_count=1332 991 341 969 51 290
is_linear=0
shrinkage=0.03


Tree=346
num_leaves=5
num_cat=0
split_feature=20 0 16 16
split_gain=6.2346 6.15151 11.0646 7.29306
threshold=14.65 86.500000000000014 17.610023041474658 19.812812812812815
decision_type=2 2 2 2
left_child=1 3 -3 -1
right_child=-2 2 -4 -5
leaf_value=-0.0077993134310749175 0.032221013026343656 0.022334282834423975 -0.0023616651474867834 0.0050077648408923883
leaf_weight=101.40503688459285 5.6493929137941441 28.147479094564915 38.883330456912518 66.104792274418287
leaf_count=834 38 70 112 285
internal_value=0.00107832 0.000328182 0.00800862 -0.00274523
internal_weight=240.19 234.541 67.0308 167.51
internal_count=1339 1301 182 1119
is_linear=0
shrinkage=0.03


Tree=347
num_leaves=6
num_cat=0
split_feature=21 21 20 14 15
split_gain=7.08026 8.1631 7.20427 6.36798 9.27689
threshold=0.45799763885632377 0.47374987468027757 10.350000000000003 0.99999999989472854 37.027777777777779
decision_type=2 2 2 2 2
left_child=3 -2 -3 4 -1
right_child=1 2 -4 -5 -6
leaf_value=0.0053381696949283807 -0.055701843507499391 0.0034489613883201434 -0.013396305621387635 0.029731091632484458 -0.026659526120940621
leaf_weight=135.97176792891696 2.8262693309225133 52.048687003785744 40.730145195499063 8.7807870320975763 8.6749625580850971
leaf_count=772 23 199 253 19 82
internal_value=0.000931944 -0.00547615 -0.00394615 0.00492501 0.00341916
internal_weight=249.033 95.6051 92.7788 153.428 144.647
internal_count=1348 475 452 873 854
is_linear=0
shrinkage=0.03


Tree=348
num_leaves=4
num_cat=0
split_feature=11 12 20
split_gain=5.03538 5.49141 7.22337
threshold=7.7500000000000009 24.550000000000004 7.5500000000000007
decision_type=2 2 2
left_child=-1 -2 -3
right_child=1 2 -4
leaf_value=-0.034230841338968837 0.031476415894618567 -0.019327171241272059 0.002745407617830725
leaf_weight=3.4788339361548415 5.6024119406938544 14.191401072777806 223.3875951616792
leaf_count=15 9 68 1235
internal_value=0.00160655 0.00211922 0.00142694
internal_weight=246.66 243.181 237.579
internal_count=1327 1312 1303
is_linear=0
shrinkage=0.03


Tree=349
num_leaves=5
num_cat=0
split_feature=20 14 20 6
split_gain=5.18375 5.03726 10.4016 5.85
threshold=15.15 1.1825474821923402e-22 7.2500000000000009 1.186207745328435e-19
decision_type=2 2 2 2
left_child=1 2 -1 -3
right_child=-2 3 -4 -5
leaf_value=-0.044719984097756377 0.037132445092337367 0.010912729580636769 0.01136068459791122 -0.0037610441355752596
leaf_weight=3.1326817274093619 3.6840981617569915 29.323382566682994 59.73157415445894 147.18941673391964
leaf_count=17 14 94 340 861
internal_value=0.00181728 0.00127377 0.00856605 -0.00132335
internal_weight=243.061 239.377 62.8643 176.513
internal_count=1326 1312 357 955
is_linear=0
shrinkage=0.03


Tree=350
num_leaves=8
num_cat=0
split_feature=23 23 10 10 7 24 10
split_gain=4.71956 11.2005 6.45074 11.7523 5.39044 5.05254 1.52377
threshold=231.50000000000003 245.50000000000003 -8.2365978998534688e-17 -2.9394060735890009e-16 14.290072155037317 3.5500000000000003 0.0049097433679954885
decision_type=2 2 2 2 2 2 2
left_child=2 6 3 -1 -3 -4 -2
right_child=1 4 5 -5 -6 -7 -8
leaf_value=0.001148373127679214 -0.033474411388947148 -0.029088852227485557 0.0070631698849648707 -0.033533736667148373 0.0035576299710343346 -0.026348486127142291 -0.064106499461416333
leaf_weight=42.812257898738608 3.6009847256354979 5.4137677166145286 145.6433463874273 11.066293119685723 28.592909633589443 4.1905955681577316 2.4599637473002076
leaf_count=155 39 92 733 112 148 21 24
internal_value=0.00107622 -0.00833585 0.00292745 -0.0059751 -0.0016396 0.0061287 -0.0459071
internal_weight=243.78 40.0676 203.712 53.8786 34.0067 149.834 6.06095
internal_count=1324 303 1021 267 240 754 63
is_linear=0
shrinkage=0.03


Tree=351
num_leaves=8
num_cat=0
split_feature=12 12 3 17 12 21 11
split_gain=5.76739 7.54663 16.9929 8.80813 5.7461 11.2628 4.77555
threshold=38.850000000000001 33.250000000000007 29.500000000000004 22.350000000000005 41.45000000000001 0.44782039932319934 14.15
decision_type=2 2 2 2 2 2 2
left_child=1 3 -3 -1 6 -6 -2
right_child=4 2 -4 -5 5 -7 -8
leaf_value=0.0070071603686900786 0.011354789240104886 -0.0039132408975039827 -0.048259242558307137 -0.023420154880409928 -0.023134172716226999 0.012941671244663373 0.039628126261025617
leaf_weight=82.26125986664556 29.877678260789253 70.81044900091365 8.736261919140814 9.5572733506560308 12.603236222814301 20.387678507948294 6.5565408845432094
leaf_count=287 173 431 43 41 194 108 31
internal_value=0.000935439 -0.00201977 -0.00878357 0.00384002 0.00822992 -0.000840074 0.0164427
internal_weight=240.79 171.365 79.5467 91.8185 69.4251 32.9909 36.4342
internal_count=1308 802 474 328 506 302 204
is_linear=0
shrinkage=0.03


Tree=352
num_leaves=8
num_cat=0
split_feature=10 23 0 6 17 0 20
split_gain=5.30728 11.5355 11.1152 8.84818 3.79001 8.39605 5.21144
threshold=0.036819300609664991 114.50000000000001 75.500000000000014 3.5588704037937691e-21 11.450000000000001 67.500000000000014 11.65
decision_type=2 2 2 2 2 2 2
left_child=4 3 -3 -2 5 -1 -6
right_child=1 2 -4 -5 6 -7 -8
leaf_value=-0.025876123585038425 0.0067570475309236501 -0.020292416120506872 0.0098253830910259698 -0.05773110937609225 0.0053877621114376897 0.022366053831477415 -0.0077667719580451194
leaf_weight=3.8270735089899999 2.7864943444728834 16.739394021220505 32.325006680563092 6.1215151442447677 125.39401495159836 21.416271863039583 34.579677079280373
leaf_count=107 8 197 79 53 492 69 310
internal_value=0.00176956 -0.00615207 -0.000449963 -0.0375587 0.00424901 0.0150522 0.0025443
internal_weight=243.189 57.9724 49.0644 8.90801 185.217 25.2433 159.974
internal_count=1315 337 276 61 978 176 802
is_linear=0
shrinkage=0.03


Tree=353
num_leaves=7
num_cat=0
split_feature=22 6 3 17 16 22
split_gain=6.54724 8.77709 6.22929 4.81387 10.0876 5.74581
threshold=11.050000000000002 1.9350958834397542e-16 20.500000000000004 11.850000000000003 17.422649572649576 13.750000000000002
decision_type=2 2 2 2 2 2
left_child=1 -1 -3 4 -2 -5
right_child=3 2 -4 5 -6 -7
leaf_value=0.0098482784195398441 -0.019868898691946815 -0.042303008846714715 -0.0042817837535440101 -0.003658713784968206 0.024910356621953175 0.0069877990220468767
leaf_weight=8.8665856933221239 5.9212246718816486 9.8092199683887902 6.4140661163255563 119.08013293857221 19.23835570528172 73.957385344896466
leaf_count=30 57 194 30 701 73 265
internal_value=0.00036008 -0.0141532 -0.0272709 0.00202892 0.0143717 0.000420225
internal_weight=243.287 25.0899 16.2233 218.197 25.1596 193.038
internal_count=1350 254 224 1096 130 966
is_linear=0
shrinkage=0.03


Tree=354
num_leaves=8
num_cat=0
split_feature=16 17 16 17 16 16 5
split_gain=3.95894 9.4492 22.8553 8.72113 16.4828 7.5604 4.92296
threshold=18.106203007518801 13.250000000000002 17.471405228758172 18.850000000000005 20.160256410256412 21.345238095238098 12.500000000000002
decision_type=2 2 2 2 2 2 2
left_child=1 2 -1 5 -5 -2 -3
right_child=3 6 -4 4 -6 -7 -8
leaf_value=-0.0044980149936467984 0.013217465287869502 0.010249881160569544 -0.069079971850392607 -0.046395388497190701 0.0067545070554603402 -0.0030055352924269357 -0.0068224130389597966
leaf_weight=32.338682382192928 86.539312861859798 43.957903942326084 5.8192952692043027 8.0411597872152942 15.135969921946524 36.868305744370446 23.237360769300722
leaf_count=335 371 156 69 44 47 166 153
internal_value=0.00201143 -0.00242449 -0.0143471 0.00519962 -0.0116855 0.00837081 0.00434597
internal_weight=251.938 105.353 38.158 146.585 23.1771 123.408 67.1953
internal_count=1341 713 404 628 91 537 309
is_linear=0
shrinkage=0.03


Tree=355
num_leaves=7
num_cat=0
split_feature=16 6 17 11 16 13
split_gain=6.61716 10.0529 11.347 9.94396 8.18991 6.44736
threshold=17.261208576998055 0.45214975187856121 10.350000000000003 10.850000000000003 17.471405228758172 0.55000000000000016
decision_type=2 2 2 2 2 2
left_child=1 3 -3 -1 -2 -6
right_child=4 2 -4 -5 5 -7
leaf_value=0.028595463090757271 0.029191562394760753 0.052908227255171449 -0.024952696259544972 -0.0088959251268171009 0.015669909091052675 -0.0019704633177511682
leaf_weight=9.5333358459174651 9.4642848370131087 1.7809499581344415 31.120036657317542 19.170582439750433 21.621499236673117 135.54450096806977
leaf_count=28 38 18 383 95 100 651
internal_value=-0.00101752 -0.0094186 -0.020738 0.00355596 0.00208845 0.000456342
internal_weight=228.235 61.6049 32.901 28.7039 166.63 157.166
internal_count=1313 524 401 123 789 751
is_linear=0
shrinkage=0.03


Tree=356
num_leaves=4
num_cat=0
split_feature=11 12 23
split_gain=5.07799 4.70634 4.37161
threshold=7.7500000000000009 24.550000000000004 39.500000000000007
decision_type=2 2 2
left_child=-1 -2 -3
right_child=1 2 -4
leaf_value=-0.033653754385579666 0.030587776372383444 -0.030411293592822575 0.0030715384741295862
leaf_weight=3.4119552299380294 5.5182090103626242 3.5648633278906336 225.78367277566576
leaf_count=15 9 18 1273
internal_value=0.00268197 0.00320982 0.0025511
internal_weight=238.279 234.867 229.349
internal_count=1315 1300 1291
is_linear=0
shrinkage=0.03


Tree=357
num_leaves=8
num_cat=0
split_feature=16 12 11 15 15 7 17
split_gain=4.72256 7.27121 6.95929 6.07193 10.7809 5.48155 5.44921
threshold=22.492424242424246 36.150000000000013 13.750000000000002 37.138888888888893 37.638888888888893 21.125261158708042 15.72701284768203
decision_type=2 2 2 2 2 2 2
left_child=3 5 -3 6 -5 -2 -1
right_child=1 2 -4 4 -6 -7 -8
leaf_value=0.0068596966637239432 0.018199810935986178 -0.047673775158586562 -0.0016499205193669115 -0.039478128053904049 0.01500169780652795 -0.018487857487619361 -0.0042026906616984766
leaf_weight=142.55194845714141 8.8637170344591159 6.9778642258606833 5.1314132236875594 7.9393530703382549 5.5573401444125921 6.2495289742946616 55.747672640369274
leaf_count=876 25 46 33 74 18 23 231
internal_value=0.000912738 -0.0108495 -0.0281708 0.00242455 -0.0170458 0.00302897 0.00374974
internal_weight=239.019 27.2225 12.1093 211.796 13.4967 15.1132 198.3
internal_count=1326 127 79 1199 92 48 1107
is_linear=0
shrinkage=0.03


Tree=358
num_leaves=7
num_cat=0
split_feature=16 19 17 1 15 19
split_gain=5.85492 7.75904 6.51256 5.31035 10.8258 5.47283
threshold=21.884444444444448 6.2500000000000009 19.650000000000002 5.3413484633586661 36.861111111111121 13.050000000000002
decision_type=2 2 2 2 2 2
left_child=3 -2 -3 5 -5 -1
right_child=1 2 -4 4 -6 -7
leaf_value=0.0044093819115286802 -0.044765004848234688 -0.013217704262804365 0.022276382418661433 0.0017256542591719598 -0.025745085575267689 0.025420764997480357
leaf_weight=44.271666251122952 5.3273173393681672 20.242209248710427 6.0408875606954089 133.6414598193951 14.291843119601252 14.915910560637711
leaf_count=145 33 111 14 800 172 49
internal_value=0.000274765 -0.0117513 -0.00505977 0.00211016 -0.000928295 0.00970448
internal_weight=238.731 31.6104 26.2831 207.121 147.933 59.1876
internal_count=1324 158 125 1166 972 194
is_linear=0
shrinkage=0.03


Tree=359
num_leaves=8
num_cat=0
split_feature=17 22 12 15 0 18 6
split_gain=5.38664 8.9271 9.9499 7.35148 6.89034 6.44398 2.13348
threshold=11.450000000000001 12.541778474999136 43.45000000000001 37.083333333333336 67.500000000000014 191.50000000000003 1.0000000180025095e-35
decision_type=2 2 2 2 2 2 2
left_child=4 3 -3 -2 6 -6 -1
right_child=1 2 -4 -5 5 -7 -8
leaf_value=0.031250526007574976 -0.007744300189590876 0.00037218058283646936 0.030191489390499975 -0.046436324221941286 -0.0055988809029605523 0.026251710372550606 -0.033515017495118836
leaf_weight=0.52641984820366161 66.837577229714952 120.61943239334505 10.988291408284566 4.7324356816825448 8.0932170804590005 19.470642327331007 3.5099631871562451
leaf_count=3 463 533 53 46 30 62 129
internal_value=1.6684e-05 -0.0017754 0.00286188 -0.0103027 0.0115391 0.0168998 -0.0250684
internal_weight=234.778 203.178 131.608 71.57 31.6002 27.5639 4.03638
internal_count=1319 1095 586 509 224 92 132
is_linear=0
shrinkage=0.03


Tree=360
num_leaves=7
num_cat=0
split_feature=17 10 16 12 0 20
split_gain=4.00519 9.28422 8.75037 5.44935 6.93343 5.25049
threshold=13.250000000000002 -0.033894557880960414 23.985294117647062 37.45000000000001 77.500000000000014 10.350000000000003
decision_type=2 2 2 2 2 2
left_child=1 -1 -3 5 -5 -2
right_child=3 2 -4 4 -6 -7
leaf_value=-0.045286684517772645 0.0015902041822870065 -0.0063806669926819862 0.024420522472184639 -0.0023133674604601633 0.019928702200079342 -0.016357337484476157
leaf_weight=4.9960477072745553 75.901331897359341 82.899578519107308 9.2247808701358718 22.291492256801575 29.053571872413158 18.184784700162709
leaf_count=31 257 670 26 206 68 89
internal_value=-0.000739057 -0.00545647 -0.00329642 0.00241128 0.0102723 -0.00187866
internal_weight=242.552 97.1204 92.1244 145.431 51.3451 94.0861
internal_count=1347 727 696 620 274 346
is_linear=0
shrinkage=0.03


Tree=361
num_leaves=6
num_cat=0
split_feature=12 16 7 14 16
split_gain=6.83512 9.43363 7.40562 7.44082 4.48531
threshold=27.850000000000005 19.174442190669374 65.500000000000014 1.1825474821923402e-22 17.85696040868455
decision_type=2 2 2 2 2
left_child=1 4 3 -2 -1
right_child=2 -3 -4 -5 -6
leaf_value=-0.019399808983909559 0.011017748068088935 -0.046712803225131785 0.03279411320804558 -0.0017290597075757799 0.016100321180459908
leaf_weight=6.3254625461995619 56.514071965939365 6.1141738891601554 7.1392586529254904 152.2526809949195 6.48916270211339
leaf_count=32 342 29 11 877 17
internal_value=0.00123357 -0.016052 0.00274902 0.00172156 -0.001423
internal_weight=234.835 18.9288 215.906 208.767 12.8146
internal_count=1308 78 1230 1219 49
is_linear=0
shrinkage=0.03


Tree=362
num_leaves=7
num_cat=0
split_feature=18 18 20 20 14 18
split_gain=9.27613 6.77517 6.55465 4.86138 9.51461 4.43589
threshold=158.50000000000003 165.50000000000003 7.9500000000000011 11.65 0.037184772765884749 152.50000000000003
decision_type=2 2 2 2 2 2
left_child=3 -2 -3 5 -5 -1
right_child=1 2 -4 4 -6 -7
leaf_value=0.0090400155733420581 -0.043868067757525636 -0.022549507351361447 -0.0015564200748575696 -0.045256486941940496 0.017129917558069193 0.034257275370586683
leaf_weight=48.902583955321461 3.807855629362165 14.673073437297715 152.56027209258173 4.0833583448547852 4.7706139143556356 7.2027750751003614
leaf_count=159 30 80 975 52 12 15
internal_value=-0.000633949 -0.00429933 -0.00339836 0.00901717 -0.011642 0.0122774
internal_weight=236.001 171.041 167.233 64.9593 8.85397 56.1054
internal_count=1323 1085 1055 238 64 174
is_linear=0
shrinkage=0.03


Tree=363
num_leaves=6
num_cat=0
split_feature=11 18 11 11 10
split_gain=4.28189 5.12894 6.20858 4.74868 4.99725
threshold=9.3500000000000032 120.50000000000001 8.5500000000000025 9.5500000000000025 -0.045252179551203676
decision_type=2 2 2 2 2
left_child=1 -1 -3 -2 -5
right_child=3 2 -4 4 -6
leaf_value=-0.034625586272075383 0.026555083228018389 0.013699814143284982 -0.019172987229009779 -0.016737296897671144 0.0026320720826850542
leaf_weight=6.1112142577767399 6.9951443187892428 9.9700339846313017 10.742110543884335 12.790374497650189 191.07027810422005
leaf_count=24 17 28 52 58 1151
internal_value=0.000814611 -0.010475 -0.00334928 0.00225079 0.00141682
internal_weight=237.679 26.8234 20.7121 210.856 203.861
internal_count=1330 104 80 1226 1209
is_linear=0
shrinkage=0.03


Tree=364
num_leaves=8
num_cat=0
split_feature=3 0 8 20 15 17 13
split_gain=5.56271 6.57092 7.09799 6.55178 5.15594 7.84231 7.00952
threshold=15.469215319512793 83.500000000000014 5.8783830752297712 13.950000000000001 36.168898217405037 19.734561053544521 1.0500000000000003
decision_type=2 2 2 2 2 2 2
left_child=1 3 -3 -1 6 -6 -2
right_child=4 2 -4 -5 5 -7 -8
leaf_value=-0.00081124694726073432 -0.0094342082666452384 -0.0042651141572344351 0.030474865851629077 0.030059772355061066 -0.0037619697595293608 -0.029476093428261865 0.013926073323573825
leaf_weight=70.591034037875943 19.000335074029863 7.6834981739521053 17.014831360429525 6.7816923939390099 75.271639647660777 12.438288779929279 29.523663038387895
leaf_count=671 78 22 43 57 302 55 87
internal_value=0.000899842 0.00619513 0.0196675 0.00189459 -0.00306756 -0.00740853 0.00477899
internal_weight=238.305 102.071 24.6983 77.3727 136.234 87.7099 48.524
internal_count=1315 793 65 728 522 357 165
is_linear=0
shrinkage=0.03


Tree=365
num_leaves=8
num_cat=0
split_feature=10 0 15 10 17 10 10
split_gain=5.59477 7.0089 10.4337 5.91531 13.5848 5.37756 5.0434
threshold=-2.3272150736874946e-16 62.500000000000007 36.361111111111121 -9.008251862360977e-17 30.700000000000006 -0.031834483568019926 -7.6723331756677813e-17
decision_type=2 2 2 2 2 2 2
left_child=1 2 -1 4 -2 -3 -5
right_child=3 5 -4 6 -6 -7 -8
leaf_value=0.012472448419301042 -0.030496554606799429 0.00059789038829910338 -0.053416837613400166 0.030574225812324867 0.036299917324801818 0.021674561538655362 -0.00016426696002987164
leaf_weight=5.2559637580998224 14.153124773059973 16.753355503082272 3.6755490846699104 4.9455984951928249 3.3981595337390891 31.15618514362723 167.76123703760095
leaf_count=26 136 51 45 22 5 66 982
internal_value=0.00149702 0.00975583 -0.0146427 -0.000970358 -0.0175639 0.0143043 0.000715954
internal_weight=247.099 56.8411 8.93151 190.258 17.5513 47.9095 172.707
internal_count=1333 188 71 1145 141 117 1004
is_linear=0
shrinkage=0.03


Tree=366
num_leaves=5
num_cat=0
split_feature=19 17 20 19
split_gain=5.61374 4.85799 12.4265 6.30589
threshold=2.2000000000000006 13.250000000000002 9.9500000000000011 4.7500000000000009
decision_type=2 2 2 2
left_child=-1 2 -2 -3
right_child=1 3 -4 -5
leaf_value=0.02481338987303653 0.006787839826225407 -0.020536260724262949 -0.015420871565304821 0.0044851232969873606
leaf_weight=7.9053778713569036 38.845479028765112 9.7610355913639051 54.47041640576208 127.11949297448155
leaf_count=18 167 48 554 556
internal_value=-4.39046e-05 -0.000897551 -0.00617584 0.00270083
internal_weight=238.102 230.196 93.3159 136.881
internal_count=1343 1325 721 604
is_linear=0
shrinkage=0.03


Tree=367
num_leaves=5
num_cat=0
split_feature=3 17 0 22
split_gain=7.17077 6.84259 10.7347 6.71491
threshold=63.500000000000007 11.450000000000001 84.500000000000014 12.541778474999136
decision_type=2 2 2 2
left_child=1 2 -1 -3
right_child=-2 3 -4 -5
leaf_value=-0.0043031750911150099 0.030702047134205792 -0.01037262835445155 0.031938106557322286 0.001076754016607428
leaf_weight=15.930800286529122 6.5907209292054167 71.807308546442073 13.665590032935141 128.78404093050631
leaf_count=194 12 514 26 582
internal_value=-0.000151674 -0.00103508 0.0124306 -0.00302187
internal_weight=236.778 230.188 29.5964 200.591
internal_count=1328 1316 220 1096
is_linear=0
shrinkage=0.03


Tree=368
num_leaves=4
num_cat=0
split_feature=23 23 18
split_gain=4.71362 6.40744 10.2828
threshold=35.000000000000007 58.000000000000007 104.50000000000001
decision_type=2 2 2
left_child=-1 -2 -3
right_child=1 2 -4
leaf_value=-0.030968102976780289 0.023501041799942984 -0.036146500337198371 0.00087105744920255575
leaf_weight=4.2779088374227277 10.691775048151611 6.9669648471754035 220.55868122121319
leaf_count=21 31 42 1241
internal_value=0.000243621 0.000804121 -0.000262441
internal_weight=242.495 238.217 227.526
internal_count=1335 1314 1283
is_linear=0
shrinkage=0.03


Tree=369
num_leaves=5
num_cat=0
split_feature=20 20 9 17
split_gain=6.08295 5.67235 10.8509 4.25001
threshold=15.15 12.750000000000002 1.5000000000000002 13.650839442594288
decision_type=2 2 2 2
left_child=1 3 -3 -1
right_child=-2 2 -4 -5
leaf_value=-0.003369080395823597 0.039320003593536289 0.0065183203063901001 -0.040648031327915571 0.005047613615123135
leaf_weight=99.897196645382792 3.5684675937518469 8.9785705702379364 8.5891602759947983 117.50729631586
leaf_count=621 14 45 203 461
internal_value=0.00044552 -0.000144858 -0.0165421 0.00118015
internal_weight=238.541 234.972 17.5677 217.404
internal_count=1344 1330 248 1082
is_linear=0
shrinkage=0.03


Tree=370
num_leaves=8
num_cat=0
split_feature=17 20 24 17 12 0 3
split_gain=6.0124 10.7508 11.5333 9.66012 9.20259 7.94378 5.57672
threshold=13.250000000000002 9.9500000000000011 1.0500000000000003 11.750000000000002 37.45000000000001 77.500000000000014 45.500000000000007
decision_type=2 2 2 2 2 2 2
left_child=1 2 -1 -3 6 -6 -2
right_child=4 3 -4 -5 5 -7 -8
leaf_value=0.019061688336758392 -0.0057966774519130479 -0.00056034656164989931 -0.01341442433802667 -0.026089215635882252 -0.00052271581869147148 0.022680449176582893 0.018580507085320851
leaf_weight=23.108595654484816 73.480611076345667 23.248973307141569 17.14247811678797 31.300087585579604 22.993329990655184 31.432439956814051 9.5429634153842908
leaf_count=89 308 226 71 330 210 70 21
internal_value=-0.000718354 -0.00653047 0.00523048 -0.0152087 0.00329032 0.0128778 -0.0029947
internal_weight=232.249 94.8001 40.2511 54.5491 137.449 54.4258 83.0236
internal_count=1325 716 160 556 609 280 329
is_linear=0
shrinkage=0.03


Tree=371
num_leaves=5
num_cat=0
split_feature=11 17 21 12
split_gain=3.92703 3.76804 5.62858 4.83431
threshold=16.450000000000003 11.750000000000002 0.24626781251816651 25.250000000000004
decision_type=2 2 2 2
left_child=1 2 -1 -3
right_child=-2 3 -4 -5
leaf_value=0.018494854602412715 0.031339831061333714 0.017920919439971487 -0.0036980657709195751 -0.0018059393456593324
leaf_weight=24.684277266787831 3.9346483754925421 11.897448293864725 17.631834865780547 185.5372348218807
leaf_count=166 16 26 135 986
internal_value=0.00161185 0.00112397 0.00924774 -0.000617195
internal_weight=243.685 239.751 42.3161 197.435
internal_count=1329 1313 301 1012
is_linear=0
shrinkage=0.03


Tree=372
num_leaves=5
num_cat=0
split_feature=19 14 14 17
split_gain=3.39558 5.23613 7.73906 6.49705
threshold=3.2500000000000004 1.1825474821923402e-22 7.6939561636187029e-24 19.929231203022471
decision_type=2 2 2 2
left_child=-1 2 -2 -3
right_child=1 3 -4 -5
leaf_value=0.018263623325853604 0.0044641062607323331 0.0014149022222580214 0.032220849210586114 -0.016625568634178151
leaf_weight=12.08090280741453 49.632113976462279 150.60138824442402 11.054017356829716 20.400170364184305
leaf_count=35 312 834 39 83
internal_value=0.00275793 0.00194941 0.00952001 -0.000737293
internal_weight=243.769 231.688 60.6861 171.002
internal_count=1303 1268 351 917
is_linear=0
shrinkage=0.03


Tree=373
num_leaves=7
num_cat=0
split_feature=14 14 19 14 14 0
split_gain=6.16412 9.70814 7.44572 7.0383 5.45555 0.487109
threshold=3.9140662874604723e-25 2.0469570061820052e-23 2.7500000000000004 4.7261583672093421e-26 4.2315990594125236e-29 85.500000000000014
decision_type=2 2 2 2 2 2
left_child=3 5 -3 4 -1 -2
right_child=1 2 -4 -5 -6 -7
leaf_value=0.0099587373223223342 -0.036729078234404813 0.023712458909489288 -0.0040348965659108595 0.034402624978124206 -0.016313515791512731 -0.055933385478342201
leaf_weight=27.560538261663169 2.4541956760222083 9.1705708494409901 170.97786605916917 7.8739915227051815 9.5883742106379923 2.3052573949098587
leaf_count=130 47 22 993 34 102 11
internal_value=-0.00131591 -0.00373971 -0.0026224 0.00863858 0.0031777 -0.0460308
internal_weight=229.931 184.908 180.148 45.0229 37.1489 4.75945
internal_count=1339 1073 1015 266 232 58
is_linear=0
shrinkage=0.03


Tree=374
num_leaves=7
num_cat=0
split_feature=17 13 0 23 18 6
split_gain=3.58567 9.50404 9.20143 5.0333 10.8936 3.76166
threshold=11.450000000000001 1.5500000000000003 67.500000000000014 234.50000000000003 407.50000000000006 1.186207745328435e-19
decision_type=2 2 2 2 2 2
left_child=1 2 -1 5 -5 -2
right_child=3 -3 -4 4 -6 -7
leaf_value=-0.028651270608709263 0.010977502948984657 -0.042555457560062342 0.022413706919907281 -0.021599932239137601 0.017078646323614416 -0.00015619342067404562
leaf_weight=3.6365595993120285 33.839255209080875 2.7379503007978192 25.064411862753332 23.555990085296798 9.0794805786572379 141.57663075765595
leaf_count=138 110 17 80 205 39 746
internal_value=0.00140588 0.010849 0.0159435 -2.10783e-05 -0.0108392 0.00199159
internal_weight=239.49 31.4389 28.701 208.051 32.6355 175.416
internal_count=1335 235 218 1100 244 856
is_linear=0
shrinkage=0.03


Tree=375
num_leaves=8
num_cat=0
split_feature=17 22 24 14 12 7 15
split_gain=3.72323 7.55417 15.0651 5.91778 7.8798 5.12613 4.72008
threshold=11.750000000000002 12.724877391112759 2.5500000000000003 1.1825474821923402e-22 36.95000000000001 16.500000000000004 37.638888888888893
decision_type=2 2 2 2 2 2 2
left_child=3 2 -2 5 -5 -1 -3
right_child=1 6 -4 4 -6 -7 -8
leaf_value=0.042659296026043014 -0.011814890110228238 0.0030983220955123573 0.037620135169466551 -0.017608972079040029 0.015716722930563448 0.0083274898600399772 0.033589975043726156
leaf_weight=7.2178657688200465 68.738751614117064 117.07724053342827 6.0352189913392058 11.614225945668297 14.184011566103434 8.5515866158530098 4.7546477457508436
leaf_count=47 495 507 11 80 117 48 11
internal_value=0.00140608 -0.000318625 -0.00782485 0.00956353 0.000713677 0.0240416 0.0042883
internal_weight=238.174 196.606 74.774 41.5677 25.7982 15.7695 121.832
internal_count=1316 1024 506 292 197 95 518
is_linear=0
shrinkage=0.03


Tree=376
num_leaves=7
num_cat=0
split_feature=15 7 19 23 0 6
split_gain=4.38429 7.29788 4.54222 7.69696 7.13829 0.110858
threshold=37.305555555555564 22.500000000000004 13.15 283.50000000000006 70.500000000000014 4.0003730084102478e-12
decision_type=2 2 2 2 2 2
left_child=2 5 3 -1 -4 -2
right_child=1 -3 4 -5 -6 -7
leaf_value=0.0017783543296228887 -0.054395782976703333 0.015358617992291953 0.022508672031460144 -0.033179192098223072 -0.0013571485237810984 -0.044150985884224621
leaf_weight=182.61073735897662 1.7518002670258277 2.7296115066856146 23.964195403736085 5.8502607861300921 21.308923922479153 2.0784926914493553
leaf_count=994 10 11 136 63 71 36
internal_value=0.00206409 -0.0221246 0.00274296 0.000693192 0.0112756 -0.0488365
internal_weight=240.294 6.5599 233.734 188.461 45.2731 3.83029
internal_count=1321 57 1264 1057 207 46
is_linear=0
shrinkage=0.03


Tree=377
num_leaves=7
num_cat=0
split_feature=19 10 3 22 17 6
split_gain=5.24267 10.005 9.63132 6.51294 7.25422 4.87336
threshold=10.350000000000003 -0.092429700563408518 24.500000000000004 10.65 11.450000000000001 3.5588704037937691e-21
decision_type=2 2 2 2 2 2
left_child=1 -1 -3 5 -5 -2
right_child=3 2 -4 4 -6 -7
leaf_value=0.035739280785388967 0.014005348701242168 -0.010849519961504206 0.0064261891363945403 0.029214550505123379 0.004128893942403406 -0.051551877264765386
leaf_weight=5.6143977493047705 1.5423103608191002 88.109364094794728 43.325746949762106 11.90676823700778 80.638666386599652 3.0166239871177822
leaf_count=13 5 695 131 41 399 45
internal_value=0.000299021 -0.00347955 -0.00515482 0.00563195 0.00735638 -0.0293735
internal_weight=234.154 137.05 131.435 97.1044 92.5454 4.55893
internal_count=1329 839 826 490 440 50
is_linear=0
shrinkage=0.03


Tree=378
num_leaves=5
num_cat=0
split_feature=12 15 16 13
split_gain=5.98645 4.56903 6.04292 4.85352
threshold=25.250000000000004 35.394444444444453 17.067340067340073 0.35000000000000003
decision_type=2 2 2 2
left_child=-1 2 -2 -3
right_child=1 3 -4 -5
leaf_value=0.021077954394969393 -0.020226228140099816 0.031850666707846871 0.018193592230402091 -0.0033184070537346307
leaf_weight=11.478356927633284 4.5208509163931039 3.5977787114679805 19.916367101017386 192.13945793604944
leaf_count=25 34 11 67 1199
internal_value=-4.3835e-05 -0.00114498 0.011086 -0.00267198
internal_weight=231.653 220.174 24.4372 195.737
internal_count=1336 1311 101 1210
is_linear=0
shrinkage=0.03


Tree=379
num_leaves=5
num_cat=0
split_feature=23 11 7 23
split_gain=6.80711 4.75648 10.9955 5.29784
threshold=23.500000000000004 11.350000000000003 49.500000000000007 285.50000000000006
decision_type=2 2 2 2
left_child=-1 3 -3 -2
right_child=1 2 -4 -5
leaf_value=-0.057055029653159103 0.008151240282610191 -0.0011339647770956687 -0.058035304218779525 -0.016288744616967128
leaf_weight=1.811973463743924 95.236094969324768 127.19813676230842 3.1316742040216914 8.7128093359060568
leaf_count=10 310 946 17 49
internal_value=0.000868325 0.00131632 -0.00250124 0.00610272
internal_weight=236.091 234.279 130.33 103.949
internal_count=1332 1322 963 359
is_linear=0
shrinkage=0.03


Tree=380
num_leaves=4
num_cat=0
split_feature=23 23 18
split_gain=6.1674 8.43826 5.31944
threshold=35.000000000000007 58.000000000000007 104.50000000000001
decision_type=2 2 2
left_child=-1 -2 -3
right_child=1 2 -4
leaf_value=-0.03401796355717962 0.027307832663535248 -0.027946073037241288 0.0012560471786457199
leaf_weight=4.414384961128234 11.091883342713116 5.766222534235566 212.78703210089589
leaf_count=22 29 30 1249
internal_value=0.00110593 0.00178111 0.00048559
internal_weight=234.06 229.645 218.553
internal_count=1330 1308 1279
is_linear=0
shrinkage=0.03


Tree=381
num_leaves=7
num_cat=0
split_feature=20 17 17 7 23 23
split_gain=4.83218 4.10196 10.5037 8.40206 3.71885 1.5463
threshold=13.950000000000001 16.150000000000002 13.350000000000003 49.500000000000007 196.50000000000003 214.50000000000003
decision_type=2 2 2 2 2 2
left_child=1 2 -1 -3 -2 -6
right_child=4 3 -4 -5 5 -7
leaf_value=-0.0033691994236536836 -0.014701759380987219 -0.0024242458980960778 0.011655993554269226 -0.040990443021389225 0.043098903751221489 0.017477285696380646
leaf_weight=96.939005486783572 2.0585951030952847 57.765847278526053 73.716411968693137 5.5747540742158881 4.2269016513600928 4.2529516908107325
leaf_count=694 33 238 309 25 12 40
internal_value=0.00159618 0.000701212 0.00312109 -0.00581855 0.021468 0.0302487
internal_weight=244.534 233.996 170.655 63.3406 10.5384 8.47985
internal_count=1351 1266 1003 263 85 52
is_linear=0
shrinkage=0.03


Tree=382
num_leaves=8
num_cat=0
split_feature=18 19 18 15 23 20 22
split_gain=5.5248 11.5127 11.3462 8.53009 4.95906 9.1426 8.40959
threshold=158.50000000000003 10.350000000000003 175.50000000000003 36.361111111111121 133.46094730244184 10.250000000000002 14.293126426690032
decision_type=2 2 2 2 2 2 2
left_child=4 3 -3 -2 5 -1 -6
right_child=1 2 -4 -5 6 -7 -8
leaf_value=0.010971225186329286 -0.00045888603493570427 -0.046209903771409738 0.0075267127404250516 -0.019599680243252135 -0.00043780839324872642 -0.018769204402145499 0.048878556959998667
leaf_weight=38.700003141071647 40.642343150393572 3.6930427837651214 83.339509560260922 43.256971004244406 6.048110841540618 12.246832824079318 6.4102904871106148
leaf_count=109 233 24 426 401 34 88 8
internal_value=0.000407726 -0.00239777 0.00524651 -0.0103275 0.00797097 0.00382209 0.0249372
internal_weight=234.337 170.932 87.0326 83.8993 63.4052 50.9468 12.4584
internal_count=1323 1084 450 634 239 197 42
is_linear=0
shrinkage=0.03


Tree=383
num_leaves=7
num_cat=0
split_feature=0 4 10 20 4 5
split_gain=4.88489 7.36261 7.355 4.3082 4.74921 2.56267
threshold=35.500000000000007 0.14410539944580728 0.054018856348416598 7.5500000000000007 0.99999144859377509 3.5000000000000004
decision_type=2 2 2 2 2 2
left_child=3 2 -2 -1 -5 -3
right_child=1 5 -4 4 -6 -7
leaf_value=-0.060666816882775483 0.0018176334221179774 0.010480008560293658 -0.01321349705282353 -0.033485086197682944 0.014882685917688611 0.036305140627355591
leaf_weight=1.9869985070545206 172.1556404097355 7.9766173586249334 35.30698353657499 3.9076452639419585 3.4314693287014961 6.1049418896436691
leaf_count=14 869 31 179 218 10 23
internal_value=-0.000210942 0.000684391 -0.000740436 -0.0214798 -0.0108703 0.0216763
internal_weight=230.87 221.544 207.463 9.32611 7.33911 14.0816
internal_count=1344 1102 1048 242 228 54
is_linear=0
shrinkage=0.03


Tree=384
num_leaves=5
num_cat=0
split_feature=13 18 18 19
split_gain=3.93354 4.4443 8.68565 5.90612
threshold=0.35000000000000003 158.50000000000003 165.50000000000003 13.550000000000002
decision_type=2 2 2 2
left_child=-1 3 -3 -2
right_child=1 2 -4 -5
leaf_value=0.028334462455403508 0.009226462902528319 -0.057456897573597988 -0.0022082979750809549 -0.024612516387763482
leaf_weight=4.3294806852936736 55.721210098592564 2.6017447912599883 163.3606907420326 5.0639236308634272
leaf_count=10 215 28 1064 19
internal_value=8.26571e-06 -0.00053259 -0.00307441 0.00640739
internal_weight=231.077 226.748 165.962 60.7851
internal_count=1336 1326 1092 234
is_linear=0
shrinkage=0.03


Tree=385
num_leaves=8
num_cat=0
split_feature=0 22 4 16 4 22 2
split_gain=6.07253 5.5027 4.6792 4.17727 3.48349 3.05233 2.34953
threshold=37.500000000000007 13.400228847124842 0.14410539944580728 22.492424242424246 0.99999999996230382 13.050000000000002 1.5000000000000002
decision_type=2 2 2 2 2 2 2
left_child=1 5 3 -2 -4 -1 -3
right_child=2 6 4 -5 -6 -7 -8
leaf_value=-0.029544364485237989 0.0019172893216564475 0.032038214088853413 0.038361437878057771 -0.013282495489254243 0.006182072198309207 -0.08333920074201831 -0.013563718777181868
leaf_weight=5.0512794718961214 194.31242298072902 1.6945966333150861 5.1811486631631833 17.760015472536907 7.2841655872762203 1.168957120273262 2.5424755231942981
leaf_count=185 937 6 10 75 39 23 46
internal_value=0.000653601 -0.021693 0.00169434 0.000644383 0.0195573 -0.0396539 0.00467455
internal_weight=234.995 10.4573 224.538 212.072 12.4653 6.22024 4.23707
internal_count=1321 260 1061 1012 49 208 52
is_linear=0
shrinkage=0.03


Tree=386
num_leaves=7
num_cat=0
split_feature=0 10 10 0 10 18
split_gain=8.02868 5.33407 8.10778 7.01457 4.88051 4.1214
threshold=49.500000000000007 -2.3272150736874946e-16 -1.4109437013654834e-16 74.500000000000014 -0.025364357839853798 201.50000000000003
decision_type=2 2 2 2 2 2
left_child=4 3 -3 -2 -1 -6
right_child=1 2 -4 -5 5 -7
leaf_value=0.015598681415359212 -0.0046616912951126981 -0.03207236467166498 0.0015976079709489458 0.019636077685752793 -0.0062686624119540546 -0.038842848816067942
leaf_weight=3.1454173158854273 16.000539264641702 6.6937424985226235 167.57776967389509 32.238448530435562 5.8827393811661741 8.6152697702054848
leaf_count=19 75 59 752 68 93 284
internal_value=0.00120353 0.00274812 0.000304349 0.0115767 -0.0182762 -0.0256255
internal_weight=240.154 222.51 174.272 48.239 17.6434 14.498
internal_count=1350 954 811 143 396 377
is_linear=0
shrinkage=0.03


Tree=387
num_leaves=7
num_cat=0
split_feature=14 21 21 14 16 16
split_gain=3.6642 13.042 9.25869 4.78164 13.8326 5.60049
threshold=0.99999995453292267 0.33969849393903739 0.88151048589233005 9.5050906922080325e-06 16.462912087912091 15.376190476190478
decision_type=2 2 2 2 2 2
left_child=3 -2 -3 4 -1 -5
right_child=1 2 -4 5 -6 -7
leaf_value=-0.027371909275384573 0.033999910015004846 -0.039669630404513004 -0.0049098188135120154 0.029045043859662428 0.0015832307589456421 0.0041240188028802503
leaf_weight=16.985144093516283 5.3212639838457099 10.526129789650442 20.001384305302054 9.6383405318483693 118.06289921613643 51.380802198895253
leaf_count=262 12 57 94 31 665 209
internal_value=-0.000521749 -0.00934058 -0.0168953 0.00109068 -0.00205849 0.00806044
internal_weight=231.916 35.8488 30.5275 196.067 135.048 61.0191
internal_count=1330 163 151 1167 927 240
is_linear=0
shrinkage=0.03


Tree=388
num_leaves=7
num_cat=0
split_feature=24 13 16 1 5 6
split_gain=6.09032 15.8426 5.1635 5.92045 5.11496 4.85726
threshold=1.6040185663419093 1.8500000000000003 24.982447817836817 5.3413484633586661 4.5000000000000009 0.99999993280445099
decision_type=2 2 2 2 2 2
left_child=2 4 3 -1 -2 -3
right_child=1 5 -4 -5 -6 -7
leaf_value=0.0077452419980315098 -0.0082605884053576495 0.018023502040351289 0.0202977467668689 -0.0036594822816440743 -0.052043972073240179 -0.013771722306660369
leaf_weight=60.704269933514297 3.3212792947888401 10.326574474573137 12.066416630521415 125.99299953080481 8.6705366708338243 7.4395349835976949
leaf_count=209 14 26 32 945 53 35
internal_value=-0.000617 -0.0132744 0.00127801 4.87426e-05 -0.0399176 0.00470929
internal_weight=228.522 29.7579 198.764 186.697 11.9918 17.7661
internal_count=1314 128 1186 1154 67 61
is_linear=0
shrinkage=0.03


Tree=389
num_leaves=5
num_cat=0
split_feature=19 10 10 10
split_gain=4.61646 3.96666 6.31523 4.49615
threshold=2.7500000000000004 -0.033894557880960414 -0.058349766537548788 -0.011707811890440322
decision_type=2 2 2 2
left_child=-1 2 -2 -3
right_child=1 3 -4 -5
leaf_value=0.019861174440209045 -0.0021101606522076549 0.015706778245331614 -0.043141965738984808 0.00028153699463993187
leaf_weight=11.696882558986543 12.204349633306267 18.680206211516634 4.6668238197453311 189.83267191296909
leaf_count=30 49 59 29 1178
internal_value=0.00148504 0.000531367 -0.0134602 0.00166345
internal_weight=237.081 225.384 16.8712 208.513
internal_count=1345 1315 78 1237
is_linear=0
shrinkage=0.03


Tree=390
num_leaves=7
num_cat=0
split_feature=14 21 15 15 6 7
split_gain=3.98149 11.0341 15.183 6.39367 5.22441 3.74518
threshold=0.99999999083309621 0.4540546613525987 36.027777777777786 37.250000000000007 4.5705251802074488e-05 19.500000000000004
decision_type=2 2 2 2 2 2
left_child=3 -2 -3 4 -1 -5
right_child=1 2 -4 5 -6 -7
leaf_value=0.013567208200374204 0.023878146367864877 0.0082268890221635638 -0.038464623168636733 -0.054346704427423044 0.00051898001306385311 -0.0022402579297904337
leaf_weight=33.068904037121683 7.0201318301260462 10.92057526856661 14.712033051997421 2.8350102296099058 167.51411756925518 2.2086204439401627
leaf_count=117 18 37 83 40 1037 12
internal_value=0.000285988 -0.00944554 -0.0185721 0.00183132 0.00267016 -0.0315291
internal_weight=238.279 32.6527 25.6326 205.627 200.583 5.04363
internal_count=1344 138 120 1206 1154 52
is_linear=0
shrinkage=0.03


Tree=391
num_leaves=7
num_cat=0
split_feature=0 10 16 16 5 17
split_gain=3.91389 4.13083 8.67533 4.30047 3.73261 2.04379
threshold=34.500000000000007 -0.040028143100149856 19.641737891737893 20.037749287749293 3.5000000000000004 21.750000000000004
decision_type=2 2 2 2 2 2
left_child=4 2 -2 -3 -1 -6
right_child=1 3 -4 -5 5 -7
leaf_value=0.0067579127640755065 0.0024808176336817821 0.00053847986988667367 -0.045372923836517552 0.0097348203662920574 -0.036672072374647979 0.023924362206288314
leaf_weight=3.7331055640242976 10.994994838023556 142.92855831584893 4.9420868959277859 67.319615919142962 5.6085833471734077 0.55006924271583546
leaf_count=13 40 793 25 236 213 2
internal_value=0.00155906 0.00236686 -0.0123586 0.00348307 -0.0169121 -0.0312598
internal_weight=236.077 226.185 15.9371 210.248 9.89176 6.15865
internal_count=1322 1094 65 1029 228 215
is_linear=0
shrinkage=0.03


Tree=392
num_leaves=6
num_cat=0
split_feature=22 22 17 5 7
split_gain=4.27798 10.8538 5.77711 8.49406 5.19105
threshold=15.228285813863122 14.817203969112844 15.850000000000003 11.749575705281936 45.500000000000007
decision_type=2 2 2 2 2
left_child=1 4 -2 -4 -1
right_child=2 -3 3 -5 -6
leaf_value=-0.0014753042794636803 0.036080729081385786 -0.048489010143148589 0.017942509142436627 -0.013056981595387993 0.015132278640927586
leaf_weight=178.56404261820717 6.365828424692153 4.2262054893653831 18.814673670567572 13.782729763537644 18.714134860783815
leaf_count=1147 9 28 55 61 45
internal_value=0.000840579 -0.000918954 0.00994028 0.0048354 0.000100119
internal_weight=240.468 201.504 38.9632 32.5974 197.278
internal_count=1345 1220 125 116 1192
is_linear=0
shrinkage=0.03


Tree=393
num_leaves=6
num_cat=0
split_feature=13 24 15 4 6
split_gain=4.20055 6.99343 10.3068 4.12847 3.3594
threshold=1.8500000000000003 1.6040185663419093 36.250000000000007 1.1162680223507022e-12 0.99999999690331343
decision_type=2 2 2 2 2
left_child=1 3 -3 -1 -2
right_child=4 2 -4 -5 -6
leaf_value=-0.00093043921304587817 0.022277490249515988 0.0074749177913008827 -0.040347191416427057 0.01252421344468288 -0.0030082281297129686
leaf_weight=177.9742396484362 13.249146293848755 7.1434126943349865 9.3848998602479679 23.20086579862982 7.3533599190413943
leaf_count=1125 32 24 51 84 30
internal_value=0.000305312 -0.000919965 -0.0196788 0.000621242 0.0132526
internal_weight=238.306 217.703 16.5283 201.175 20.6025
internal_count=1346 1284 75 1209 62
is_linear=0
shrinkage=0.03


Tree=394
num_leaves=4
num_cat=0
split_feature=24 13 24
split_gain=5.84039 5.35986 4.89678
threshold=3.5500000000000003 1.8500000000000003 1.6040185663419093
decision_type=2 2 2
left_child=1 2 -1
right_child=-2 -3 -4
leaf_value=0.00220042884321121 -0.032640289978776695 0.021883223717812417 -0.0143439752092476
leaf_weight=193.12362605379894 4.4928577980026594 11.465825915336607 17.565364435315132
leaf_count=1183 26 28 70
internal_value=0.0012233 0.00190816 0.000821104
internal_weight=226.648 222.155 210.689
internal_count=1307 1281 1253
is_linear=0
shrinkage=0.03


Tree=395
num_leaves=5
num_cat=0
split_feature=19 19 3 19
split_gain=6.83273 5.00324 7.45476 6.97844
threshold=2.7500000000000004 8.4500000000000011 7.5000000000000009 8.7500000000000018
decision_type=2 2 2 2
left_child=-1 2 -2 -3
right_child=1 3 -4 -5
leaf_value=0.024204104589234422 0.020014603791889927 0.024703862559136543 -0.0098638859932433584 0.00072408330935884284
leaf_weight=10.444344746880232 8.4100388609804195 11.906218865420668 70.658538042800501 132.15639190963702
leaf_count=24 75 44 460 737
internal_value=0.000487952 -0.000622156 -0.00668589 0.00270592
internal_weight=233.576 223.131 79.0686 144.063
internal_count=1340 1316 535 781
is_linear=0
shrinkage=0.03


Tree=396
num_leaves=8
num_cat=0
split_feature=14 15 12 11 0 5 14
split_gain=6.08368 10.1839 8.39857 12.4231 6.73815 5.63695 3.25776
threshold=3.9140662874604723e-25 36.69444444444445 38.850000000000001 12.950000000000001 71.500000000000014 14.500000000000002 1.0513829913859381e-31
decision_type=2 2 2 2 2 2 2
left_child=1 4 3 -2 -1 -4 -3
right_child=2 6 5 -5 -6 -7 -8
leaf_value=-0.0020723559338555 -0.0045320396266212894 0.0029349771455814992 0.0098916733099546662 -0.052434660118277694 0.024278971171968415 -0.034404035384962776 -0.042405665475593574
leaf_weight=13.015196291846221 121.63507786684204 2.2448912970721713 51.425440375343896 5.0758704626932731 26.545545003376901 2.7224986072978927 3.9108527359785512
leaf_count=115 569 9 308 61 73 112 64
internal_value=0.000246651 0.0100242 -0.00222487 -0.00645095 0.0156096 0.00766453 -0.0258707
internal_weight=226.575 45.7165 180.859 126.711 39.5607 54.1479 6.15574
internal_count=1311 261 1050 630 188 420 73
is_linear=0
shrinkage=0.03


Tree=397
num_leaves=5
num_cat=0
split_feature=17 17 14 6
split_gain=3.93758 10.7909 4.76057 4.14157
threshold=25.950000000000003 23.750000000000004 1.1997379389259054e-21 0.99999999999985789
decision_type=2 2 2 2
left_child=1 2 -1 -2
right_child=3 -3 -4 -5
leaf_value=0.0085268328129992875 0.022970663848212471 -0.049653745874899811 -0.0016033022397166322 -0.0053069481460227743
leaf_weight=56.157008603506256 14.176642342470588 3.8524035420268765 162.75799813907361 6.9450937719084314
leaf_count=348 35 24 924 30
internal_value=0.00129319 0.000119429 0.000995323 0.0136726
internal_weight=243.889 222.767 218.915 21.1217
internal_count=1361 1296 1272 65
is_linear=0
shrinkage=0.03


Tree=398
num_leaves=7
num_cat=0
split_feature=20 20 14 23 15 23
split_gain=3.70949 2.9183 11.5863 2.84053 1.74446 2.84941
threshold=14.250000000000002 12.750000000000002 0.88260051715473675 229.50000000000003 36.112659016965104 212.50000000000003
decision_type=2 2 2 2 2 2
left_child=1 3 -3 -1 -2 -6
right_child=4 2 -4 -5 5 -7
leaf_value=0.0040754921627572122 0.040405420961711784 -0.036819786602847841 0.01689358184003854 -0.0049714502100410328 -0.01782998260426116 0.028905864440127473
leaf_weight=177.27803171810228 3.0092502668267098 7.6441337185096909 6.8558086886769161 37.914985942887142 1.86925727664493 3.1569571235449985
leaf_count=834 9 167 27 242 28 22
internal_value=0.00230466 0.00160373 -0.0114232 0.00248151 0.0223404 0.0115247
internal_weight=237.728 229.693 14.4999 215.193 8.03546 5.02621
internal_count=1329 1270 194 1076 59 50
is_linear=0
shrinkage=0.03


Tree=399
num_leaves=4
num_cat=0
split_feature=12 12 20
split_gain=5.67088 8.14131 4.21519
threshold=25.250000000000004 26.800000000000001 13.950000000000001
decision_type=2 2 2
left_child=-1 -2 -3
right_child=1 2 -4
leaf_value=0.018989599366345204 -0.044593342995449127 -0.0027367207195105269 0.018108456547548186
leaf_weight=11.48491398245096 4.0852010808885089 201.61029237875482 9.125890219351275
leaf_count=25 26 1209 83
internal_value=-0.00154911 -0.00264717 -0.00183402
internal_weight=226.306 214.821 210.736
internal_count=1343 1318 1292
is_linear=0
shrinkage=0.03


end of trees

feature_importances:
admission_age=254
wbc_min=143
rr_mean=139
temp_min=115
bun_min=111
motor_slope=111
pt_min=111
hemoglobin_min=109
platelet_min=106
prob_m1=103
pt_max=101
prob_m2=91
creatinine_min=88
gcs_total_first=85
platelet_max=85
bun_max=71
hemoglobin_max=67
hematocrit_max=66
gcs_eye_first=63
motor_sd=60
prob_m3=58
creatinine_max=53
motor_last=47
motor_max=41
gcs_motor_first=10

parameters:
[boosting: gbdt]
[objective: binary]
[metric: binary_logloss]
[tree_learner: serial]
[device_type: cpu]
[data_sample_strategy: bagging]
[data: ]
[valid: ]
[num_iterations: 400]
[learning_rate: 0.03]
[num_leaves: 15]
[num_threads: 4]
[seed: 42]
[deterministic: 0]
[force_col_wise: 0]
[force_row_wise: 0]
[histogram_pool_size: -1]
[max_depth: 3]
[min_data_in_leaf: 20]
[min_sum_hessian_in_leaf: 0.001]
[bagging_fraction: 0.8]
[pos_bagging_fraction: 1]
[neg_bagging_fraction: 1]
[bagging_freq: 1]
[bagging_seed: 400]
[bagging_by_query: 0]
[feature_fraction: 0.8]
[feature_fraction_bynode: 1]
[feature_fraction_seed: 30056]
[extra_trees: 0]
[extra_seed: 12879]
[early_stopping_round: 0]
[early_stopping_min_delta: 0]
[first_metric_only: 0]
[max_delta_step: 0]
[lambda_l1: 0]
[lambda_l2: 0]
[linear_lambda: 0]
[min_gain_to_split: 0]
[drop_rate: 0.1]
[max_drop: 50]
[skip_drop: 0.5]
[xgboost_dart_mode: 0]
[uniform_drop: 0]
[drop_seed: 17869]
[top_rate: 0.2]
[other_rate: 0.1]
[min_data_per_group: 100]
[max_cat_threshold: 32]
[cat_l2: 10]
[cat_smooth: 10]
[max_cat_to_onehot: 4]
[top_k: 20]
[monotone_constraints: ]
[monotone_constraints_method: basic]
[monotone_penalty: 0]
[feature_contri: ]
[forcedsplits_filename: ]
[refit_decay_rate: 0.9]
[cegb_tradeoff: 1]
[cegb_penalty_split: 0]
[cegb_penalty_feature_lazy: ]
[cegb_penalty_feature_coupled: ]
[path_smooth: 0]
[interaction_constraints: ]
[verbosity: -1]
[saved_feature_importance_type: 0]
[use_quantized_grad: 0]
[num_grad_quant_bins: 4]
[quant_train_renew_leaf: 0]
[stochastic_rounding: 1]
[linear_tree: 0]
[max_bin: 255]
[max_bin_by_feature: ]
[min_data_in_bin: 3]
[bin_construct_sample_cnt: 200000]
[data_random_seed: 175]
[is_enable_sparse: 1]
[enable_bundle: 1]
[use_missing: 1]
[zero_as_missing: 0]
[feature_pre_filter: 1]
[pre_partition: 0]
[two_round: 0]
[header: 0]
[label_column: ]
[weight_column: ]
[group_column: ]
[ignore_column: ]
[categorical_feature: ]
[forcedbins_filename: ]
[precise_float_parser: 0]
[parser_config_file: ]
[objective_seed: 16083]
[num_class: 1]
[is_unbalance: 0]
[scale_pos_weight: 5.69758]
[sigmoid: 1]
[boost_from_average: 1]
[reg_sqrt: 0]
[alpha: 0.9]
[fair_c: 1]
[poisson_max_delta_step: 0.7]
[tweedie_variance_power: 1.5]
[lambdarank_truncation_level: 30]
[lambdarank_norm: 1]
[label_gain: ]
[lambdarank_position_bias_regularization: 0]
[eval_at: ]
[multi_error_top_k: 1]
[auc_mu_weights: ]
[num_machines: 1]
[local_listen_port: 12400]
[time_out: 120]
[machine_list_filename: ]
[machines: ]
[gpu_platform_id: -1]
[gpu_device_id: -1]
[gpu_device_id_list: ]
[gpu_use_dp: 0]
[num_gpu: 1]

end of parameters

pandas_categorical:[]
