tree
version=v4
num_class=1
num_tree_per_iteration=1
label_index=0
max_feature_idx=24
objective=binary sigmoid:1
feature_names=admission_age motor_max motor_last bun_min prob_m3 gcs_total_first prob_m2 bun_max gcs_motor_first gcs_eye_first motor_slope hemoglobin_max hematocrit_max creatinine_min prob_m1 temp_min rr_mean pt_max platelet_max wbc_min hemoglobin_min motor_sd pt_min platelet_min creatinine_max
feature_infos=[19:97] [1:6] [1:6] [1.1228475307447736:143] [0:1] [3:15] [0:1] [-1.8845888716982078:154] [1:6] [1:4] [-0.28591935426937609:0.39346855108823675] [6.2000000000000002:17.300000000000001] [21.5:53.399999999999999] [0.10000000000000001:11.9] [0:1] [26.666666666666664:39.166666666666664] [10.4:32.529411764705884] [-4.132557663783528:150] [14:1775] [0.10000000000000001:155.5] [1.8999999999999999:16.899999999999999] [-0.079836855700573417:2.8867513459481291] [8.3000000000000007:32.100000000000001] [5:1297] [0.11831615374810178:12.9]
tree_sizes=939 960 950 966 970 950 975 969 954 970 963 975 968 970 973 970 977 976 977 975 962 960 973 972 970 877 979 978 981 870 975 874 971 970 961 984 977 968 974 974 878 965 981 975 983 975 980 979 979 972 976 972 865 860 866 976 980 978 977 986 878 869 877 987 876 962 967 978 966 977 982 658 977 973 981 877 974 876 977 983 877 875 876 990 670 670 986 878 980 981 982 984 990 672 668 676 967 675 984 872 674 757 986 970 987 776 884 984 988 991 984 976 986 660 883 872 676 572 880 977 888 674 579 987 885 680 878 885 880 573 878 570 862 674 982 882 679 883 573 892 991 887 993 975 868 982 970 983 675 665 877 667 982 989 785 677 991 778 791 881 764 973 766 890 667 770 881 878 888 677 887 674 894 782 780 575 974 873 781 992 971 879 760 676 770 889 894 987 987 991 991 984 880 878 887 882 679 789 572 879 873 969 993 774 971 570 886 680 579 882 676 987 779 567 769 679 980 684 776 665 1001 888 873 673 883 978 990 680 887 677 886 676 877 988 869 973 888 884 984 890 576 990 677 983 786 995 877 881 874 790 666 971 558 677 572 783 884 681 686 990 783 868 775 868 994 572 675 986 575 562 675 782 989 987 663 979 985 891 978 648 892 881 986 674 574 674 880 992 576 670 995 673 783 580 888 782 992 873 874 677 987 572 791 576 784 888 673 889 890 891 677 998 987 674 672 779 678 576 983 876 674 878 985 985 676 674 886 992 992 995 980 678 576 999 986 986 991 985 989 669 779 991 891 574 999 986 884 884 886 669 677 986 972 887 982 884 773 986 884 987 993 772 977 886 983 1005 893 674 789 667 989 881 777 902 681 982 873 885 679 999 569 878 986 998 682 979 889 768 883 683 886 881 883 787 574 679 996 898 885 578

Tree=0
num_leaves=8
num_cat=0
split_feature=9 0 0 2 3 5 0
split_gain=906.267 413.773 158.693 282 131.187 98.3439 41.203
threshold=2.4986188804604175 75.500000000000014 48.500000000000007 4.3779512885137839 63.500000000000007 13.500000000000002 74.500000000000014
decision_type=2 2 2 2 2 2 2
left_child=2 4 3 -1 -2 -3 -4
right_child=1 5 6 -5 -6 -7 -8
leaf_value=-1.5829937664570934 -1.755340029917704 -1.6161464543785617 -1.6024075605008465 -1.7753070303146306 -1.5581694636205072 -1.6855773883822069 -1.5608500046203881
leaf_weight=17.775935888290409 85.604952692985535 35.439709722995758 34.60079687833786 11.177309036254881 3.1487395763397208 38.098315954208374 56.58870929479599
leaf_count=46 627 124 108 88 6 206 112
internal_value=-1.6585 -1.70474 -1.59605 -1.65724 -1.74834 -1.65212 -1.57662
internal_weight=282.434 162.292 120.143 28.9532 88.7537 73.538 91.1895
internal_count=1317 963 354 134 633 330 220
is_linear=0
shrinkage=1


Tree=1
num_leaves=8
num_cat=0
split_feature=2 0 22 1 0 9 2
split_gain=691.909 393.247 143.186 138.239 171.488 110.264 5.06219
threshold=5.2271097658831236 75.500000000000014 15.250000000000002 4.0894206596997495 59.500000000000007 3.0254147785150756 2.5000000000000004
decision_type=2 2 2 2 2 2 2
left_child=3 2 -2 6 -5 -3 -1
right_child=1 5 -4 4 -6 -7 -8
leaf_value=0.16881046664640767 -0.02405936605410729 0.11836722921488398 0.093642654803965233 0.02802085335161076 0.12539345599308055 0.043784582805449224 0.14770333335241337
leaf_weight=38.363743394613266 76.432247161865234 39.860091924667358 10.59093117713928 21.532135710120201 66.710336863994598 32.294007793068886 13.943111956119536
leaf_count=56 581 118 44 128 184 173 28
internal_value=0.0760326 0.0332017 -0.00973475 0.12454 0.101633 0.0849863 0.163184
internal_weight=299.727 159.177 87.0232 140.549 88.2425 72.1541 52.3069
internal_count=1312 916 625 396 312 291 84
is_linear=0
shrinkage=0.03


Tree=2
num_leaves=8
num_cat=0
split_feature=2 0 11 7 22 22 1
split_gain=514.182 349.949 103.005 91.318 81.2415 62.4738 25.9993
threshold=5.2271097658831236 75.500000000000014 11.450000000000001 17.500000000000004 11.65 12.730039768834844 5.6693628510177358
decision_type=2 2 2 2 2 2 2
left_child=3 2 -2 4 -1 -3 -5
right_child=1 5 -4 6 -6 -7 -8
leaf_value=-0.013067592106062606 0.04117733595773844 0.050651607462542186 -0.029493411226274122 0.13855947454177325 0.094093568014611495 0.10378759873712162 0.10405235237586379
leaf_weight=7.4314330071210852 26.75744966417551 37.33432774245739 60.601721040904522 66.184666901826859 44.459615364670753 42.679501995444298 27.949784308671951
leaf_count=49 150 171 477 111 143 132 82
internal_value=0.0695603 0.0336679 -0.0078475 0.1107 0.0787468 0.0789944 0.128314
internal_weight=313.399 167.373 87.3592 146.025 51.891 80.0138 94.1345
internal_count=1315 930 627 385 192 303 193
is_linear=0
shrinkage=0.03


Tree=3
num_leaves=8
num_cat=0
split_feature=2 0 11 5 0 6 4
split_gain=450.519 326.758 111.999 88.032 68.6488 136.383 37.1241
threshold=5.2271097658831236 75.500000000000014 11.450000000000001 13.500000000000002 44.500000000000007 3.4435004852380256e-34 0.57697845111028812
decision_type=2 2 2 2 2 2 2
left_child=4 2 -2 -3 5 -1 -6
right_child=1 3 -4 -5 6 -7 -8
leaf_value=0.10720007704647863 0.042733491594266461 0.10696416425077364 -0.029404456108912038 0.045287764722598239 0.10163743448115146 -0.03572439128323205 0.13672617505851581
leaf_weight=17.669388011097912 28.338522180914879 41.450444236397743 61.20440100133419 41.863148182630539 100.73136842250824 9.105222821235655 37.143519774079323
leaf_count=37 152 98 492 196 248 68 43
internal_value=0.0670399 0.0332121 -0.00657426 0.0759732 0.102554 0.0585959 0.11109
internal_weight=337.506 172.857 89.5429 83.3136 164.649 26.7746 137.875
internal_count=1334 938 644 294 396 105 291
is_linear=0
shrinkage=0.03


Tree=4
num_leaves=8
num_cat=0
split_feature=9 0 3 4 0 23 21
split_gain=372.253 273.744 82.4995 78.9125 165.602 62.3473 16.9824
threshold=2.4986188804604175 66.500000000000014 26.500000000000004 1.0315013628699678e-31 55.500000000000007 77.500000000000014 1.266961168413214
decision_type=2 2 2 2 2 2 2
left_child=3 5 -3 4 -1 -2 -5
right_child=1 2 -4 6 -6 -7 -8
leaf_value=-0.023316723538320708 0.063885555409549405 0.039493349133907896 0.093859466377886835 0.11847502413082148 0.091501204402545694 -0.03202692293045107 0.084738179949866682
leaf_weight=13.973801404237745 6.8561734706163397 80.439541138708591 36.528833657503128 69.433789864182472 59.205099478363991 55.285109050571918 16.648506544530392
leaf_count=103 32 365 106 90 137 443 42
internal_value=0.0591104 0.029439 0.0564717 0.0924798 0.0695763 -0.0214447 0.11195
internal_weight=338.371 179.11 116.968 159.261 73.1789 62.1413 86.0823
internal_count=1318 946 471 372 240 475 132
is_linear=0
shrinkage=0.03


Tree=5
num_leaves=8
num_cat=0
split_feature=2 0 22 13 2 0 14
split_gain=361.893 256.117 118.627 58.624 58.3684 142.354 9.42662
threshold=5.2271097658831236 75.500000000000014 14.65 1.0500000000000003 4.3779512885137839 55.500000000000007 0.93354450623268803
decision_type=2 2 2 2 2 2 2
left_child=4 2 -2 -3 6 -6 -1
right_child=1 3 -4 -5 5 -7 -8
leaf_value=0.10971358305911 -0.02761907496081278 0.03895760964672812 0.064972955364930293 0.087157241188245596 -0.022636511284874788 0.085919120057678738 0.08919283483472415
leaf_weight=65.005114704370499 69.747849516570568 49.01469287276268 15.159855030477045 42.31894226372242 12.927547127008436 68.373586937785149 29.195752114057541
leaf_count=78 562 200 63 110 91 151 57
internal_value=0.0567871 0.0264212 -0.0110872 0.0612906 0.0872808 0.0686579 0.103354
internal_weight=351.743 176.241 84.9077 91.3336 175.502 81.3011 94.2009
internal_count=1312 935 625 310 377 242 135
is_linear=0
shrinkage=0.03


Tree=6
num_leaves=8
num_cat=0
split_feature=2 0 11 16 4 0 0
split_gain=287.862 172.195 120.269 64.3575 40.3992 87.4879 8.72153
threshold=5.2271097658831236 75.500000000000014 11.450000000000001 18.106203007518801 8.3954226603097693e-22 46.500000000000007 58.500000000000007
decision_type=2 2 2 2 2 2 2
left_child=4 2 -2 -3 5 -1 -6
right_child=1 3 -4 -5 6 -7 -8
leaf_value=-0.018597634662441086 0.046276270261291594 0.023749000205606937 -0.02875433398436909 0.075046015755855372 0.084168859623770451 0.076681784419693588 0.10388167309340444
leaf_weight=9.5869353488087636 28.954671949148178 35.773103669285774 57.233174003660679 57.221311464905739 34.164972096681595 91.02800352871418 49.415150701999664
leaf_count=65 139 151 480 158 59 206 51
internal_value=0.0540729 0.0270005 -0.00354792 0.0553131 0.0804085 0.0676032 0.0958237
internal_weight=363.377 179.182 86.1878 92.9944 184.195 100.615 83.5801
internal_count=1309 928 619 309 381 271 110
is_linear=0
shrinkage=0.03


Tree=7
num_leaves=8
num_cat=0
split_feature=2 0 3 5 0 1 4
split_gain=241.149 229.459 91.6436 44.626 36.9936 82.093 26.8894
threshold=5.2271097658831236 75.500000000000014 49.500000000000007 13.500000000000002 37.500000000000007 4.0894206596997495 2.6696576854298232e-05
decision_type=2 2 2 2 2 2 2
left_child=4 2 -2 -3 5 -1 -6
right_child=1 3 -4 -5 6 -7 -8
leaf_value=0.079527487230833083 -0.015919717184309661 0.08001916255737572 0.10648083605926635 0.039344267053719767 0.072253271335538868 -0.035796852231218583 0.097287690657388001
leaf_weight=16.859543785452846 80.579048916697502 48.435048118233681 5.9089666754007331 48.669534608721733 118.14900799095631 8.2853389233350736 57.361600697040558
leaf_count=26 627 100 12 192 254 63 54
internal_value=0.0528264 0.0279804 -0.00755716 0.0596326 0.0755595 0.0415277 0.0804352
internal_weight=384.248 183.593 86.488 97.1046 200.655 25.1449 175.511
internal_count=1328 931 639 292 397 89 308
is_linear=0
shrinkage=0.03


Tree=8
num_leaves=8
num_cat=0
split_feature=2 0 22 9 0 1 15
split_gain=259.141 191.901 62.7873 43.8122 37.4663 97.7351 9.36778
threshold=5.2271097658831236 75.500000000000014 14.65 2.4986188804604175 74.500000000000014 4.0894206596997495 36.788888888888899
decision_type=2 2 2 2 2 2 2
left_child=4 2 -2 -3 5 -1 -6
right_child=1 3 -4 -5 6 -7 -8
leaf_value=0.086897213903681714 -0.022978214699516719 0.089801694974783394 0.045490438638075704 0.03969800033532879 0.088855669372818219 0.028074426056961064 0.067058354352240515
leaf_weight=51.07823745906353 72.108018592000008 19.523450747132301 14.473452925682066 80.355378091335297 74.234409138560295 50.610113702714443 23.319030717015266
leaf_count=55 590 27 63 283 93 199 41
internal_value=0.0465747 0.0211556 -0.0115326 0.0494918 0.0703632 0.0576212 0.0836453
internal_weight=385.702 186.46 86.5815 99.8788 199.242 101.688 97.5534
internal_count=1351 963 653 310 388 254 134
is_linear=0
shrinkage=0.03


Tree=9
num_leaves=8
num_cat=0
split_feature=9 11 0 16 0 4 0
split_gain=228.973 163.411 123.04 67.197 34.1016 112.688 13.8064
threshold=2.4986188804604175 11.350000000000003 81.500000000000014 16.206389452332662 48.500000000000007 0.99141910385054011 80.500000000000014
decision_type=2 2 2 2 2 2 2
left_child=4 3 -3 -2 5 -1 -6
right_child=1 2 -4 -5 6 -7 -8
leaf_value=-0.024114091996132861 -0.0099962214217739539 -0.023940909624866499 0.040655472715852591 0.066040191847805407 0.0669689585569931 0.080349931263955066 0.084633156266041759
leaf_weight=14.050376050174235 12.20730224251747 71.024956740438938 42.369671881198883 73.097805507481098 82.340071931481361 27.451229818165302 77.123503983020782
leaf_count=102 67 540 135 213 153 33 85
internal_value=0.0466287 0.0237923 0.000195397 0.0551593 0.0692076 0.0449836 0.0755121
internal_weight=399.665 198.7 113.395 85.3051 200.965 41.5016 159.464
internal_count=1328 955 675 280 373 135 238
is_linear=0
shrinkage=0.03


Tree=10
num_leaves=8
num_cat=0
split_feature=5 20 7 4 22 3 0
split_gain=189.982 117.127 91.535 67.2856 37.5612 34.4988 21.2714
threshold=13.500000000000002 10.15 14.500000000000002 5.1910388223691674e-35 12.730039768834844 24.500000000000004 84.500000000000014
decision_type=2 2 2 2 2 2 2
left_child=2 4 3 -1 -2 -4 -3
right_child=1 6 5 -5 -6 -7 -8
leaf_value=-0.0044056190455357622 0.0080674633352347275 -0.031774966836906365 0.05530885215693692 0.058395299858855228 0.062188998085343609 0.08047788298848392 0.011190635122933406
leaf_weight=35.836508467793465 18.624679379165173 43.706221856176853 149.97748705744743 26.864764332771301 30.343664139509201 72.806886449456215 13.596603229641913
leaf_count=217 97 349 368 56 88 94 58
internal_value=0.0417759 0.00753438 0.0545223 0.0225018 0.0416043 0.0635342 -0.0215802
internal_weight=391.757 106.271 285.486 62.7013 48.9683 222.784 57.3028
internal_count=1327 592 735 273 185 462 407
is_linear=0
shrinkage=0.03


Tree=11
num_leaves=8
num_cat=0
split_feature=6 0 11 14 0 16 11
split_gain=168.285 123.207 84.2577 52.4483 100.342 37.8935 6.72601
threshold=0.99999581501663115 78.500000000000014 11.450000000000001 0.0012021922878133579 74.500000000000014 18.204166666666669 10.750000000000002
decision_type=2 2 2 2 2 2 2
left_child=3 2 -2 6 -5 -3 -1
right_child=1 5 -4 4 -6 -7 -8
leaf_value=0.086596255633016719 0.029667850439808439 0.019090486202696485 -0.03157767774487482 0.01112547393531218 0.065432235926577403 0.05848442780365247 0.06876254865585997
leaf_weight=25.926219098269939 32.831386111676693 37.504441857337952 52.614468790590763 50.057352289557457 78.861211150884628 53.076560243964195 71.591125078499317
leaf_count=26 147 142 459 223 117 126 104
internal_value=0.039799 0.0177969 -0.00804493 0.056903 0.0443456 0.0421736 0.0735039
internal_weight=402.463 176.027 85.4459 226.436 128.919 90.581 97.5173
internal_count=1344 874 606 470 340 268 130
is_linear=0
shrinkage=0.03


Tree=12
num_leaves=8
num_cat=0
split_feature=2 3 17 18 3 5 8
split_gain=178.787 113.498 55.9625 42.2256 24.1451 38.8286 2.02583
threshold=5.2271097658831236 13.500000000000002 13.850000000000003 81.000000000000014 22.29024924921524 6.5000000000000009 4.9057745661929362
decision_type=2 2 2 2 2 2 2
left_child=4 3 -3 -2 5 -1 -6
right_child=1 2 -4 -5 6 -7 -8
leaf_value=0.065884408631638317 0.076396177533986462 0.015179064287079319 0.054861064319057781 -0.018858500705740185 0.069241708400320609 0.035900333661266715 0.079531787433372525
leaf_weight=90.920619979500771 4.5026037469506255 59.409890502691269 69.290468312799931 60.014952555298805 34.801088139414787 67.896550945937634 34.08238773047924
leaf_count=119 15 277 189 450 35 208 34
internal_value=0.0414888 0.0202638 0.0365433 -0.0122108 0.0594995 0.0530658 0.0743331
internal_weight=420.919 193.218 128.7 64.5176 227.701 158.817 68.8835
internal_count=1327 931 466 465 396 327 69
is_linear=0
shrinkage=0.03


Tree=13
num_leaves=8
num_cat=0
split_feature=6 20 9 7 2 16 15
split_gain=191.999 65.5591 55.0984 43.9792 57.9491 40.4735 9.84971
threshold=0.99998040245852537 11.750000000000002 2.4986188804604175 17.500000000000004 4.3779512885137839 17.321290322580648 36.361111111111121
decision_type=2 2 2 2 2 2 2
left_child=3 5 -3 4 -1 -2 -5
right_child=1 2 -4 6 -6 -7 -8
leaf_value=0.060880056280302214 0.0032225439577324667 0.053770531777029042 -0.028030420766415261 0.070882622657391273 0.0083993024751506003 0.038425612382188466 0.05663878530267423
leaf_weight=41.170363456010818 44.412485383450985 9.0015672147274 41.934702426195145 90.987538233399391 35.063086621463299 86.919484458863735 84.058806397020817
leaf_count=59 231 32 329 104 162 306 138
internal_value=0.038757 0.015316 -0.0135744 0.0557601 0.0367419 0.026521 0.0640426
internal_weight=433.548 182.268 50.9363 251.28 76.2335 131.332 175.046
internal_count=1361 898 361 463 221 537 242
is_linear=0
shrinkage=0.03


Tree=14
num_leaves=8
num_cat=0
split_feature=2 0 22 9 7 2 12
split_gain=140.481 145.183 67.2255 47.6643 31.6815 37.9288 11.541
threshold=5.2271097658831236 75.500000000000014 15.250000000000002 3.4525745300917401 17.500000000000004 4.3779512885137839 32.350000000000001
decision_type=2 2 2 2 2 2 2
left_child=4 2 -2 -3 5 -1 -6
right_child=1 3 -4 -5 6 -7 -8
leaf_value=0.055583363991656254 -0.021117123419977304 0.059409981928143382 0.047284138572111667 0.019782011164032887 0.074442681477263101 0.011073597263597744 0.056179007495851016
leaf_weight=41.338200584053993 74.086632795631886 62.632760509848595 15.665904223918913 48.446709036827087 43.024905696511269 29.546031169593334 112.72385729849339
leaf_count=63 611 113 50 180 39 123 165
internal_value=0.0374677 0.0191983 -0.00917799 0.0421265 0.0536572 0.0370308 0.0612243
internal_weight=427.465 200.832 89.7525 111.079 226.633 70.8842 155.749
internal_count=1344 954 661 293 390 186 204
is_linear=0
shrinkage=0.03


Tree=15
num_leaves=8
num_cat=0
split_feature=5 0 11 10 22 17 15
split_gain=113.879 139.455 53.2456 12.6371 16.9296 9.36175 2.9541
threshold=6.5000000000000009 49.500000000000007 11.350000000000003 0.0095370960555400206 11.918011243756641 20.350000000000005 36.361111111111121
decision_type=2 2 2 2 2 2 2
left_child=3 5 -3 6 -5 -2 -1
right_child=1 2 -4 4 -6 -7 -8
leaf_value=0.068876305395891138 -0.034877949602938912 0.046771250244880054 0.018690979357331008 0.013026578832245077 0.05435517236960944 0.026402353544876026 0.05744792916925065
leaf_weight=49.595406159758568 34.35859440267086 113.99506524950266 130.17646166682243 11.365255884826182 41.46899401396513 2.4004144817590705 34.528414398431778
leaf_count=41 303 291 534 35 66 8 40
internal_value=0.0345343 0.0235996 0.0318007 0.0569637 0.0454649 -0.0308763 0.0641856
internal_weight=417.889 280.931 244.172 136.958 52.8342 36.759 84.1238
internal_count=1318 1136 825 182 101 311 81
is_linear=0
shrinkage=0.03


Tree=16
num_leaves=8
num_cat=0
split_feature=6 0 11 7 2 9 0
split_gain=163.637 97.5811 78.2666 33.7254 64.8789 31.7124 11.9556
threshold=0.99998040245852537 79.500000000000014 11.450000000000001 17.500000000000004 4.3779512885137839 3.4525745300917401 74.500000000000014
decision_type=2 2 2 2 2 2 2
left_child=3 2 -2 4 -1 -3 -5
right_child=1 5 -4 6 -6 -7 -8
leaf_value=0.055341582495113242 0.024336119598677226 0.050857652945699473 -0.031834434542582127 0.045629393985374946 -0.00088586112498415144 0.01492019116015751 0.062240391375561296
leaf_weight=47.035366296768188 37.648162268102169 49.943618074059486 54.854432165622711 57.236379601061344 30.410435117781162 39.638708680868149 122.36614459753036
leaf_count=63 159 97 488 106 153 144 130
internal_value=0.0343978 0.0126391 -0.00897326 0.0498111 0.0332629 0.0349559 0.0569467
internal_weight=439.133 182.085 92.5026 257.048 77.4458 89.5823 179.603
internal_count=1340 888 647 452 216 241 236
is_linear=0
shrinkage=0.03


Tree=17
num_leaves=8
num_cat=0
split_feature=9 0 20 20 0 4 4
split_gain=115.744 115.585 54.8262 36.1988 21.8152 68.4124 8.83764
threshold=2.4986188804604175 75.500000000000014 10.050000000000002 12.550000000000002 47.500000000000007 0.99141910385054011 2.6696576854298232e-05
decision_type=2 2 2 2 2 2 2
left_child=4 2 -2 -3 5 -1 -6
right_child=1 3 -4 -5 6 -7 -8
leaf_value=-0.025197257554784806 0.019135219159196293 0.04048719133510844 -0.028429606597496222 -0.022500596673355709 0.049357765079109682 0.054967916628345513 0.063809118670566184
leaf_weight=13.761094368994234 38.271127469837666 123.00413590669632 50.707897953689098 8.7989329844713193 119.31609337031841 31.539907187223434 55.942489013075829
leaf_count=95 180 294 443 41 194 35 43
internal_value=0.0338028 0.0184473 -0.00797131 0.0362822 0.0491738 0.0306161 0.0539706
internal_weight=441.342 220.782 88.979 131.803 220.56 45.301 175.259
internal_count=1325 958 623 335 367 130 237
is_linear=0
shrinkage=0.03


Tree=18
num_leaves=8
num_cat=0
split_feature=2 16 0 22 6 0 15
split_gain=121.639 91.8352 76.3535 30.2711 23.0111 37.9621 6.82177
threshold=5.2271097658831236 17.754310344827591 55.500000000000007 13.442652978425164 1.186207745328435e-19 50.500000000000007 36.361111111111121
decision_type=2 2 2 2 2 2 2
left_child=4 3 -3 -2 6 -6 -1
right_child=1 2 -4 -5 5 -7 -8
leaf_value=0.060279810668018192 -0.026581798013111117 -0.025872812714831127 0.039330343300917933 0.014588359261169663 -0.019391812788124206 0.04163603480621926 0.046046132445848639
leaf_weight=78.484936386346817 47.689983166754246 18.978063434362411 108.98539977520704 24.244735889136791 10.065307907760142 103.54157197475433 49.365091495215893
leaf_count=71 350 168 310 104 68 189 68
internal_value=0.0317237 0.0144145 0.0296602 -0.0127059 0.0460538 0.0362291 0.0547839
internal_weight=441.355 199.898 127.963 71.9347 241.457 113.607 127.85
internal_count=1328 932 478 454 396 257 139
is_linear=0
shrinkage=0.03


Tree=19
num_leaves=8
num_cat=0
split_feature=6 22 3 3 6 16 23
split_gain=121.122 70.4032 57.0241 34.6142 48.6252 28.8109 3.22552
threshold=0.99998040245852537 13.80639689749024 20.433155267051223 22.29024924921524 1.6403556168207908e-20 20.037749287749293 100.50000000000001
decision_type=2 2 2 2 2 2 2
left_child=3 2 -2 4 -1 -3 -5
right_child=1 5 -4 6 -6 -7 -8
leaf_value=0.050262801718959936 -0.016756632067498212 0.020899868203869139 0.026609307801368096 0.044186824359262189 0.017593044116774422 0.062901693699994293 0.060979074149114063
leaf_weight=89.067505352199078 80.329503938555717 37.625032857060432 41.331334866583347 11.946163237094877 75.980823911726475 24.121021836996078 74.482275247573853
leaf_count=110 561 134 132 16 261 50 72
internal_value=0.0297565 0.0112174 -0.0020241 0.0432773 0.0352231 0.0373078 0.058658
internal_weight=434.884 183.407 121.661 251.477 165.048 61.7461 86.4284
internal_count=1336 877 693 459 371 184 88
is_linear=0
shrinkage=0.03


Tree=20
num_leaves=8
num_cat=0
split_feature=2 0 12 16 20 0 16
split_gain=109.917 115.722 47.3642 31.9391 19.5952 23.6994 6.6157
threshold=5.2271097658831236 78.500000000000014 28.200000000000006 17.321290322580648 10.15 44.500000000000007 19.773504273504276
decision_type=2 2 2 2 2 2 2
left_child=4 2 -2 -3 6 -6 -1
right_child=1 3 -4 -5 5 -7 -8
leaf_value=0.056261675957073112 0.038488247907509099 0.0053568690319775311 -0.020205146894030957 0.044045761983823734 -0.00033192925131587399 0.040204685773569268 0.041510865344415289
leaf_weight=93.123454108834267 14.756021842360495 24.965566590428352 76.65868953615427 83.214513316750526 14.856453061103819 102.78568403422832 38.751696914434433
leaf_count=109 44 92 622 171 65 173 59
internal_value=0.0307127 0.0141187 -0.0107309 0.0351172 0.0439867 0.0350855 0.0519271
internal_weight=449.112 199.595 91.4147 108.18 249.517 117.642 131.875
internal_count=1335 929 666 263 406 238 168
is_linear=0
shrinkage=0.03


Tree=21
num_leaves=8
num_cat=0
split_feature=9 11 0 18 0 1 19
split_gain=112.977 70.8745 74.1271 26.4499 26.3599 52.2349 13.1545
threshold=2.4986188804604175 11.15 81.500000000000014 135.50000000000003 47.500000000000007 4.0894206596997495 13.050000000000002
decision_type=2 2 2 2 2 2 2
left_child=4 3 -3 -2 5 -1 -6
right_child=1 2 -4 -5 6 -7 -8
leaf_value=0.048226158599098984 0.056858826908054279 -0.022010878303976283 0.024649590941604349 0.021607800570629738 0.042401887628526681 -0.025742684263261401 0.059749550426929809
leaf_weight=22.377365499734879 28.803225487470627 71.331777632236481 53.718292087316513 57.200210899114609 126.57454992085695 13.947705917060373 57.080923274159431
leaf_count=24 59 574 146 188 192 98 52
internal_value=0.028131 0.0124506 -0.00196674 0.0334136 0.0431751 0.0198244 0.0477936
internal_weight=431.034 211.054 125.05 86.0034 219.981 36.3251 183.655
internal_count=1333 967 720 247 366 122 244
is_linear=0
shrinkage=0.03


Tree=22
num_leaves=8
num_cat=0
split_feature=9 0 12 5 6 0 10
split_gain=94.8129 126.774 54.6566 30.778 20.6706 27.21 12.2935
threshold=1.5000000000000002 67.500000000000014 25.250000000000004 14.500000000000002 0.00012858615831802704 77.500000000000014 0.0024083538092637834
decision_type=2 2 2 2 2 2 2
left_child=4 2 -2 -3 6 -6 -1
right_child=1 3 -4 -5 5 -7 -8
leaf_value=0.053913169979560423 0.067213092702365473 0.037055039782443677 -0.026087424469181927 0.0087105166830327811 -0.01438051571470346 0.044118754865503644 0.03796441609317195
leaf_weight=99.906457990407944 6.1839861273765555 126.76057649403811 65.551103286445141 47.359748259186745 12.235259287059309 17.23777163028717 77.038770414888859
leaf_count=89 11 283 536 192 67 23 133
internal_value=0.0281042 0.0155182 -0.0180444 0.0293455 0.0430949 0.0198337 0.0469694
internal_weight=452.274 245.855 71.7351 174.12 206.418 29.473 176.945
internal_count=1334 1022 547 475 312 90 222
is_linear=0
shrinkage=0.03


Tree=23
num_leaves=8
num_cat=0
split_feature=4 3 12 18 15 21 16
split_gain=77.5099 83.9555 34.3738 32.0999 4.90346 5.24601 1.7421
threshold=8.004254916332089e-24 13.500000000000002 32.050000000000004 81.000000000000014 36.361111111111121 0.6574760077359324 20.080540540540543
decision_type=2 2 2 2 2 2 2
left_child=1 3 -3 -1 6 -6 -2
right_child=4 2 -4 -5 5 -7 -8
leaf_value=0.058960118074066238 0.056912758486561521 0.045622806977084061 0.020586182169778856 -0.0093396060386594284 0.050569211568818731 0.029497719327370234 0.0471823517413891
leaf_weight=6.653783604502677 40.258638367056847 74.159847125411034 147.54542468488216 89.448772296309471 21.076738715171814 21.461183398962021 28.1308898255229
leaf_count=16 31 138 474 565 20 39 30
internal_value=0.0263451 0.0188091 0.0289609 -0.00461079 0.0479359 0.0399382 0.0529103
internal_weight=428.735 317.808 221.705 96.1026 110.927 42.5379 68.3895
internal_count=1313 1193 612 581 120 59 61
is_linear=0
shrinkage=0.03


Tree=24
num_leaves=8
num_cat=0
split_feature=2 3 0 0 1 11 18
split_gain=92.8342 103.005 75.7377 18.2058 35.6354 12.8895 8.1967
threshold=5.2271097658831236 26.500000000000004 78.500000000000014 66.500000000000014 4.0894206596997495 11.350000000000003 157.50000000000003
decision_type=2 2 2 2 2 2 2
left_child=3 2 -2 4 -1 -3 -5
right_child=1 5 -4 6 -6 -7 -8
leaf_value=0.045742254647428551 -0.022407570395482222 0.055167364948171503 0.021064671245340574 0.057990281076256436 0.0099814797852419822 0.024902190502785221 0.041719256893403209
leaf_weight=54.451082795858383 75.985406868159771 39.593207761645317 68.660443529486656 37.115445464849472 46.492447592318058 18.620820067822933 111.79465438425541
leaf_count=55 633 63 190 35 169 50 147
internal_value=0.0268663 0.0117895 -0.00177218 0.0391073 0.0292716 0.0454865 0.0457748
internal_weight=452.714 202.86 144.646 249.854 100.944 58.214 148.91
internal_count=1342 936 823 406 224 113 182
is_linear=0
shrinkage=0.03


Tree=25
num_leaves=7
num_cat=0
split_feature=4 0 20 23 21 2
split_gain=60.9359 97.4505 41.5539 7.90517 5.03025 0.0249574
threshold=1.0315013628699678e-31 46.500000000000007 9.9500000000000011 225.50000000000003 1.0848145101042481 5.4738567549626902
decision_type=2 2 2 2 2 2
left_child=1 5 -3 4 -2 -1
right_child=3 2 -4 -5 -6 -7
leaf_value=-0.035652333709846218 0.049558459172527998 0.036584584072425527 0.013194382682831855 0.025149238986561288 0.035076602260312596 -0.033652729196216043
leaf_weight=7.663037151098254 83.925897769629955 125.99399082362652 149.43036084622145 19.498958826065063 29.061451487243176 21.046335995197296
leaf_count=59 79 289 569 37 47 229
internal_value=0.0258087 0.0184117 0.0238943 0.0427893 0.0458336 -0.0341865
internal_weight=436.62 304.134 275.424 132.486 112.987 28.7094
internal_count=1309 1146 858 163 126 288
is_linear=0
shrinkage=0.03


Tree=26
num_leaves=8
num_cat=0
split_feature=9 7 22 20 15 3 10
split_gain=81.6248 74.6662 55.2041 26.4551 20.3392 35.3223 9.14522
threshold=2.4986188804604175 21.232994969640771 13.738955857137212 11.750000000000002 36.361111111111121 12.500000000000002 0.051759401734620812
decision_type=2 2 2 2 2 2 2
left_child=4 2 -2 -3 6 -6 -1
right_child=1 3 -4 -5 5 -7 -8
leaf_value=0.051913552812733743 -0.021146728325331716 0.032720470714744633 0.027740698125140888 -0.014088612750203526 -0.0024069500053934376 0.03745493827606939 0.030892380841232962
leaf_weight=74.840752683579922 75.486022338271141 99.630379900336266 28.689089238643646 12.196846112608908 26.236265048384666 84.260242365300655 24.797733053565025
leaf_count=74 532 240 103 67 111 129 47
internal_value=0.0235413 0.010591 -0.00768348 0.0276151 0.0368531 0.0279901 0.0466819
internal_weight=426.137 216.002 104.175 111.827 210.135 110.497 99.6385
internal_count=1303 942 635 307 361 240 121
is_linear=0
shrinkage=0.03


Tree=27
num_leaves=8
num_cat=0
split_feature=5 11 7 4 12 16 0
split_gain=81.5613 47.8734 45.2538 46.669 25.8449 19.442 17.4213
threshold=13.500000000000002 12.250000000000002 17.500000000000004 3.3953528489430142e-16 25.550000000000004 20.080540540540543 74.500000000000014
decision_type=2 2 2 2 2 2 2
left_child=2 4 3 -1 -2 -3 -4
right_child=1 5 6 -5 -6 -7 -8
leaf_value=-0.00016547717103890477 0.05766958016104929 -0.036066312272309789 0.026752604305845397 0.041758504938064218 0.0084418835275172476 0.012540987340790491 0.044647266912255214
leaf_weight=66.687576547265053 11.446642145514486 30.95069096237421 72.574826814234257 37.242935672402382 59.445165447890759 9.7354817613959295 150.50416817516088
leaf_count=334 18 283 172 46 230 51 179
internal_value=0.0236512 0.00150359 0.0312081 0.0148578 0.0163905 -0.0244354 0.0388256
internal_weight=438.587 111.578 327.01 103.931 70.8918 40.6862 223.079
internal_count=1313 582 731 380 248 334 351
is_linear=0
shrinkage=0.03


Tree=28
num_leaves=8
num_cat=0
split_feature=6 0 11 10 0 16 0
split_gain=72.1054 57.9003 59.4571 29.5678 49.9817 18.8555 7.27189
threshold=0.99998964238358712 79.500000000000014 11.450000000000001 0.0095370960555400206 74.500000000000014 17.321290322580648 38.500000000000007
decision_type=2 2 2 2 2 2 2
left_child=3 2 -2 6 -5 -3 -1
right_child=1 5 -4 4 -6 -7 -8
leaf_value=0.025699823580069829 0.018643614844121019 0.0031027210771828744 -0.031155925266595493 -0.0023230454310436076 0.038401237494726966 0.031927409724591557 0.044766128313837306
leaf_weight=20.857136212289333 39.33794216811657 27.684104010462761 47.790988840162754 45.634894371032715 66.86601809412241 77.887902438640594 131.58691199123859
leaf_count=43 152 91 474 180 90 164 156
internal_value=0.0233925 0.00942955 -0.00867187 0.0335481 0.0218818 0.0243687 0.0421575
internal_weight=457.646 192.701 87.1289 264.945 112.501 105.572 152.444
internal_count=1350 881 626 469 270 255 199
is_linear=0
shrinkage=0.03


Tree=29
num_leaves=7
num_cat=0
split_feature=5 3 23 0 4 9
split_gain=82.8897 53.1994 42.6152 42.2352 74.0493 12.9129
threshold=13.500000000000002 57.500000000000007 64.500000000000014 55.500000000000007 0.99141910385054011 1.5000000000000002
decision_type=2 2 2 2 2 2
left_child=3 2 -2 4 -1 -5
right_child=1 -3 -4 5 -6 -7
leaf_value=-0.019284634017037314 0.05264849751730933 0.066368761261637654 -0.011448694413323145 0.042262420738892144 0.04167506232411123 0.029079419080722022
leaf_weight=36.711718745529652 10.372531928122042 10.324409261345862 93.355491764843464 149.87294688820839 35.062292724847794 120.74666836857796
leaf_count=273 20 11 556 174 37 264
internal_value=0.0235756 0.00142494 -0.00503914 0.0309541 0.0104948 0.0363804
internal_weight=456.446 114.052 103.728 342.394 71.774 270.62
internal_count=1335 587 576 748 310 438
is_linear=0
shrinkage=0.03


Tree=30
num_leaves=8
num_cat=0
split_feature=2 17 19 0 0 4 18
split_gain=75.2116 73.7394 49.1968 32.4618 13.6135 28.2535 8.43037
threshold=5.2271097658831236 13.450000000000001 4.1500000000000012 49.500000000000007 66.500000000000014 0.99999999999998967 157.50000000000003
decision_type=2 2 2 2 2 2 2
left_child=4 2 -2 -3 5 -1 -6
right_child=1 3 -4 -5 6 -7 -8
leaf_value=0.007351651809070249 0.055015174275972391 -0.034036712060428125 -0.021474081628109383 0.027533677171382442 0.049888900400722504 0.041503010651270308 0.033921003181583934
leaf_weight=45.990360789000988 8.4178515598177892 8.294734448194502 74.957550540566444 108.72049985080957 41.831233784556389 41.453581064939499 103.09715673327446
leaf_count=158 19 88 530 290 41 41 143
internal_value=0.0212755 0.00780782 -0.0137515 0.0231692 0.0328896 0.0235414 0.0385299
internal_weight=432.763 200.391 83.3754 117.015 232.372 87.4439 144.928
internal_count=1310 927 549 378 383 199 184
is_linear=0
shrinkage=0.03


Tree=31
num_leaves=7
num_cat=0
split_feature=5 23 10 3 4 15
split_gain=67.2149 52.5896 38.1065 35.6094 47.7683 4.69757
threshold=13.500000000000002 64.500000000000014 -2.9394060735890009e-16 21.500000000000004 0.14400223846823232 36.361111111111121
decision_type=2 2 2 2 2 2
left_child=3 -2 -3 4 -1 -5
right_child=1 2 -4 5 -6 -7
leaf_value=0.01234108649068975 0.058876710674986434 0.036568264107749847 -0.013313590665232883 0.049044187597287729 0.043128772111068955 0.036534668112328139
leaf_weight=155.38279689848423 12.884692966938017 16.381858609616756 86.89693109691143 50.319143526256084 64.051594331860542 58.340451143682003
leaf_count=555 20 42 532 50 62 79
internal_value=0.0213393 0.0017282 -0.00540144 0.0282827 0.0213278 0.0423277
internal_weight=444.257 116.163 103.279 328.094 219.434 108.66
internal_count=1340 594 574 746 617 129
is_linear=0
shrinkage=0.03


Tree=32
num_leaves=8
num_cat=0
split_feature=2 0 11 21 15 0 15
split_gain=60.1279 79.9856 61.1106 27.1234 6.65755 7.85385 1.56284
threshold=4.3779512885137839 77.500000000000014 11.450000000000001 0.22360679774997902 36.361111111111121 59.500000000000007 35.361111111111121
decision_type=2 2 2 2 2 2 2
left_child=4 2 -2 -3 6 -6 -1
right_child=1 3 -4 -5 5 -7 -8
leaf_value=0.039074136676046964 0.018755743731463437 0.012467389683552066 -0.02186467867926474 0.036283703123838454 0.010088815610598448 0.036240264992960555 0.048214192035622584
leaf_weight=33.501210257411003 57.707635924220085 76.189453035593033 78.914968006312847 98.903315216302872 13.889701083302496 40.391483470797539 33.847815334796906
leaf_count=35 193 216 638 150 31 48 29
internal_value=0.019477 0.0124965 -0.00470713 0.0259203 0.0373666 0.0295485 0.0436677
internal_weight=433.346 311.715 136.623 175.093 121.63 54.2812 67.349
internal_count=1340 1197 831 366 143 79 64
is_linear=0
shrinkage=0.03


Tree=33
num_leaves=8
num_cat=0
split_feature=2 3 5 19 0 2 23
split_gain=61.8201 65.4781 29.7628 27.257 16.5616 37.7683 4.93154
threshold=5.2271097658831236 13.500000000000002 13.500000000000002 2.2000000000000006 66.500000000000014 4.3779512885137839 208.50000000000003
decision_type=2 2 2 2 2 2 2
left_child=4 3 -3 -2 5 -1 -6
right_child=1 2 -4 -5 6 -7 -8
leaf_value=0.035344158546334374 0.046740856563583594 0.033293135925690637 0.0069570932379282458 -0.023810459087623092 0.041052506932169622 -0.0053205101034081064 0.026880414000008897
leaf_weight=64.65524660050869 5.4401478841900817 77.959937527775764 76.534410133957863 52.397214099764824 121.28003276884556 30.1374681442976 27.021825596690178
leaf_count=82 10 167 312 451 138 129 42
internal_value=0.02188 0.0100534 0.0202466 -0.0171744 0.0322099 0.0224156 0.0384702
internal_weight=455.426 212.332 154.494 57.8374 243.095 94.7927 148.302
internal_count=1331 940 479 461 391 211 180
is_linear=0
shrinkage=0.03


Tree=34
num_leaves=8
num_cat=0
split_feature=5 20 3 6 0 23 0
split_gain=51.1911 43.6304 33.2795 39.127 21.9826 21.0521 6.23346
threshold=13.500000000000002 10.15 20.433155267051223 1.186207745328435e-19 84.500000000000014 64.500000000000014 74.500000000000014
decision_type=2 2 2 2 2 2 2
left_child=2 5 3 -1 -3 -2 -4
right_child=1 4 6 -5 -6 -7 -8
leaf_value=0.035373808682292014 0.05514183332337616 -0.027823881488137549 0.024112577289394491 0.0091244222169976821 0.011925752853692909 0.012060549424526258 0.043137727026241801
leaf_weight=85.40662993490696 13.021262079477308 39.242111720144749 18.630632899701595 127.25771637260914 18.389121383428574 47.258420459926128 92.221284031867981
leaf_count=111 18 354 37 494 61 165 96
internal_value=0.0204454 0.00352313 0.0266131 0.0196663 -0.0151405 0.0213667 0.0399402
internal_weight=441.427 117.911 323.516 212.664 57.6312 60.2797 110.852
internal_count=1336 598 738 605 415 183 133
is_linear=0
shrinkage=0.03


Tree=35
num_leaves=8
num_cat=0
split_feature=9 3 20 14 14 7 22
split_gain=48.497 59.8391 26.2349 26.0928 20.0578 26.3511 7.2195
threshold=2.4986188804604175 13.500000000000002 11.450000000000001 1.0150486447978186e-07 4.6382554453868421e-09 19.500000000000004 12.730039768834844
decision_type=2 2 2 2 2 2 2
left_child=4 3 -3 -2 6 -6 -1
right_child=1 2 -4 -5 5 -7 -8
leaf_value=0.027836517938640296 -0.032446020990270691 0.024634808416710469 -0.0041280084639722095 0.010567316779133067 0.0034227803540700322 0.031969845191415838 0.046356469198089854
leaf_weight=28.587890081107616 37.502761691808701 123.19117198139429 37.146223902702332 19.186365857720375 46.829766489565372 76.873878195881844 56.156058512628078
leaf_count=52 344 305 189 94 158 103 55
internal_value=0.0185306 0.0086044 0.0179712 -0.0178882 0.0288654 0.0211629 0.0401089
internal_weight=425.474 217.027 160.337 56.6891 208.448 123.704 84.7439
internal_count=1300 932 494 438 368 261 107
is_linear=0
shrinkage=0.03


Tree=36
num_leaves=8
num_cat=0
split_feature=9 0 12 19 11 6 0
split_gain=43.2357 51.8241 33.6117 19.956 12.9948 26.5816 3.54225
threshold=1.5000000000000002 66.500000000000014 33.650000000000013 2.6500000000000008 12.71269222847109 1.186207745328435e-19 55.500000000000007
decision_type=2 2 2 2 2 2 2
left_child=4 2 -2 -3 6 -6 -1
right_child=1 3 -4 -5 5 -7 -8
leaf_value=0.026836805244322488 0.015805578865296016 0.061798364713447455 -0.026891325273145854 0.018636887908219053 0.035320920598932652 -0.0063525476221113911 0.039392203526193645
leaf_weight=24.961135700345039 28.090100787580013 10.169301941990851 40.544165950268507 185.58876766264439 37.730322569608688 21.697040617465973 106.55732491612434
leaf_count=47 109 9 414 497 47 90 117
internal_value=0.0208706 0.0130145 -0.00941667 0.0208791 0.0317485 0.0201059 0.0370093
internal_weight=455.338 264.392 68.6343 195.758 190.946 59.4274 131.518
internal_count=1330 1029 523 506 301 137 164
is_linear=0
shrinkage=0.03


Tree=37
num_leaves=8
num_cat=0
split_feature=9 11 24 14 3 18 22
split_gain=42.3116 36.3857 25.6669 19.4255 24.0894 18.0049 3.26407
threshold=2.4986188804604175 11.15 2.0283866234093568 4.6382554453868421e-09 16.500000000000004 259.50000000000006 13.738955857137212
decision_type=2 2 2 2 2 2 2
left_child=3 5 -3 6 -5 -2 -1
right_child=1 2 -4 4 -6 -7 -8
leaf_value=0.034025171444201759 0.027263767384719181 -0.0076150651541338384 0.040834612055849116 0.0044244985824749136 0.031025347135531973 -0.0066485674486690552 0.047285325771042871
leaf_weight=49.032790586352348 78.736044593155384 113.33980251476169 10.776587285101412 55.345720268785954 68.636008433997631 17.161386571824551 25.342282593250275
leaf_count=74 180 687 21 176 89 67 22
internal_value=0.0163743 0.0073155 -0.00340835 0.0264221 0.0191507 0.021195 0.0385434
internal_weight=418.371 220.014 124.116 198.357 123.982 95.8974 74.3751
internal_count=1316 955 708 361 265 247 96
is_linear=0
shrinkage=0.03


Tree=38
num_leaves=8
num_cat=0
split_feature=9 7 18 14 0 20 0
split_gain=45.3948 45.0656 40.3286 22.2315 19.51 17.3503 6.52153
threshold=2.4986188804604175 22.500000000000004 133.50000000000003 4.6382554453868421e-09 58.500000000000007 11.909512018709025 47.500000000000007
decision_type=2 2 2 2 2 2 2
left_child=3 2 -2 6 -5 -3 -1
right_child=1 5 -4 4 -6 -7 -8
leaf_value=0.02452877224524877 0.027798247419979428 0.025167963131821836 -0.015140515476462498 -0.0042862761869780601 0.024946908038550614 -0.015036110869162397 0.0430054169966873
leaf_weight=23.35006570070982 25.174332171678543 97.320169411599636 90.296207893639803 26.792877666652203 88.139142796397209 10.725396290421484 65.199349962174892
leaf_count=42 82 222 616 118 139 54 72
internal_value=0.0165841 0.00725117 -0.00577921 0.026836 0.0181321 0.021177 0.0381332
internal_weight=426.998 223.516 115.471 203.481 114.932 108.046 88.5494
internal_count=1345 974 698 371 257 276 114
is_linear=0
shrinkage=0.03


Tree=39
num_leaves=8
num_cat=0
split_feature=2 7 19 7 14 15 14
split_gain=44.4654 45.2182 33.1213 11.0952 24.6863 6.50557 5.9811
threshold=5.2271097658831236 42.500000000000007 10.550000000000002 15.500000000000002 0.96809341352631073 37.083333333333336 5.6246579037056076e-14
decision_type=2 2 2 2 2 2 2
left_child=3 2 -2 4 -1 -5 -3
right_child=1 6 -4 5 -6 -7 -8
leaf_value=0.029547306101563552 -0.00814935097168289 0.053320430821035783 0.018959844311773191 0.033296587205442145 -0.010602566831545217 0.015558529424801727 0.028431727922780599
leaf_weight=41.536197260022163 111.42212492972612 14.785797119140623 63.780144590884447 147.18353926390409 20.626989468932152 21.301936596632004 21.0781484618783
leaf_count=71 612 22 281 206 79 42 38
internal_value=0.0179519 0.00800183 0.0017194 0.0270573 0.0162248 0.0310539 0.0386927
internal_weight=441.715 211.066 175.202 230.649 62.1632 168.485 35.8639
internal_count=1351 953 893 398 150 248 60
is_linear=0
shrinkage=0.03


Tree=40
num_leaves=7
num_cat=0
split_feature=0 1 11 14 23 21
split_gain=42.4272 67.3479 29.0583 16.2443 15.3364 21.7634
threshold=75.500000000000014 5.0344109320528228 11.450000000000001 0.99999995453292267 60.500000000000007 0.21085756520634263
decision_type=2 2 2 2 2 2
left_child=1 3 -3 -1 -2 -6
right_child=4 2 -4 -5 5 -7
leaf_value=0.032588190815368477 0.063000564915754162 0.0087874601111014011 -0.022155662384874052 0.0023485840465085838 0.012762794187475409 0.032109114574931256
leaf_weight=75.757871374487877 9.9240706861019117 49.873707935214043 60.384133961051702 20.264516077935696 83.496065601706505 140.21532842516899
leaf_count=112 8 182 553 61 213 202
internal_value=0.0177531 0.00783797 -0.00815894 0.0262064 0.0265073 0.0248885
internal_weight=439.916 206.28 110.258 96.0224 233.635 223.711
internal_count=1331 908 735 173 423 415
is_linear=0
shrinkage=0.03


Tree=41
num_leaves=8
num_cat=0
split_feature=5 11 16 0 4 19 24
split_gain=52.7913 30.8009 34.1829 29.0989 49.0184 14.9095 8.62389
threshold=13.500000000000002 9.5500000000000025 19.459935897435901 46.500000000000007 0.99141910385054011 13.15 1.2500000000000002
decision_type=2 2 2 2 2 2 2
left_child=3 6 -3 4 -1 -5 -2
right_child=1 2 -4 5 -6 -7 -8
leaf_value=-0.030000628918597068 0.0049634247317487295 -0.023856334204255425 0.015805875723832293 0.022748767414039639 0.031029129798238284 0.039089063156603446 0.041378971935915221
leaf_weight=23.047308668494225 9.2387540340423602 54.845785204321146 30.394905045628548 199.17300585657358 24.367663741111755 67.215985365211964 15.970497459173201
leaf_count=198 27 418 121 409 30 93 24
internal_value=0.0167393 -0.00109826 -0.00971369 0.0230176 0.00136399 0.0268718 0.0280333
internal_weight=424.254 110.45 85.2407 313.804 47.415 266.389 25.2093
internal_count=1320 590 539 730 228 502 51
is_linear=0
shrinkage=0.03


Tree=42
num_leaves=8
num_cat=0
split_feature=9 0 16 10 15 0 18
split_gain=47.708 55.9238 28.5463 19.7203 12.2839 27.1859 4.26329
threshold=1.5000000000000002 66.500000000000014 18.569498069498074 -2.3272150736874946e-16 36.361111111111121 48.500000000000007 235.12502919439851
decision_type=2 2 2 2 2 2 2
left_child=4 2 -2 -3 6 -6 -1
right_child=1 3 -4 -5 5 -7 -8
leaf_value=0.040708207859183457 -0.036173664697453291 0.032744818107272464 0.0043617562983021795 0.010198066272782157 -0.023299346711091004 0.026336355194410545 0.026911089050374353
leaf_weight=56.841449372470379 33.036847021430731 46.168815568089485 29.685894645750523 143.20663541555405 11.373135425150393 78.326751843094826 31.230992242693901
leaf_count=60 337 77 196 431 66 120 52
internal_value=0.0159557 0.00756308 -0.0169888 0.0156949 0.0278571 0.020043 0.0358157
internal_weight=429.871 252.098 62.7227 189.375 177.772 89.6999 88.0724
internal_count=1339 1041 533 508 298 186 112
is_linear=0
shrinkage=0.03


Tree=43
num_leaves=8
num_cat=0
split_feature=1 22 18 20 15 7 10
split_gain=51.0235 45.6012 45.4732 22.882 12.194 17.7506 3.56011
threshold=5.0344109320528228 12.730039768834844 128.50000000000003 12.250000000000002 36.361111111111121 15.500000000000002 0.042437588574490065
decision_type=2 2 2 2 2 2 2
left_child=4 2 -2 -3 6 -6 -1
right_child=1 3 -4 -5 5 -7 -8
leaf_value=0.039134485853349603 0.034415490176369877 0.021396654972847283 -0.01579242522906851 -0.019567232617300256 -0.0059873545844459685 0.02702623532973077 0.024418506108823231
leaf_weight=62.037686981260777 19.380041133612394 128.80350752174854 100.04363776743412 13.565018866211174 19.225171618163586 61.698645427823067 19.42908838391304
leaf_count=65 49 325 612 102 63 94 33
internal_value=0.0142207 0.00602606 -0.0076447 0.0174936 0.0274315 0.0191832 0.0356249
internal_weight=424.183 261.792 119.424 142.369 162.391 80.9238 81.4668
internal_count=1343 1088 661 427 255 157 98
is_linear=0
shrinkage=0.03


Tree=44
num_leaves=8
num_cat=0
split_feature=1 0 22 19 10 11 10
split_gain=42.5045 49.986 32.952 22.8882 15.3806 18.8543 4.61743
threshold=5.0344109320528228 55.500000000000007 12.591034546164897 13.950000000000001 0.0095370960555400206 12.822080875484941 -2.1286090201314274e-18
decision_type=2 2 2 2 2 2 2
left_child=4 3 -3 -2 6 -6 -1
right_child=1 2 -4 -5 5 -7 -8
leaf_value=0.029666291009725509 -0.035148216843479116 -0.0014396356686734895 0.022127777232437085 0.021010522188527191 0.023379168043534036 -0.020188149758258944 0.043124656222109307
leaf_weight=67.814077652990818 31.303274169564247 86.408298265188932 139.75502056628466 8.2537872083485109 44.56926155090332 11.182978659868239 34.674897998571396
leaf_count=95 342 352 327 62 72 40 38
internal_value=0.0150122 0.00768189 0.0131236 -0.0234304 0.0273214 0.0146403 0.0342196
internal_weight=423.962 265.72 226.163 39.5571 158.241 55.7522 102.489
internal_count=1328 1083 679 404 245 112 133
is_linear=0
shrinkage=0.03


Tree=45
num_leaves=8
num_cat=0
split_feature=5 20 19 1 7 14 16
split_gain=48.734 44.7024 20.1345 20.1118 24.2168 16.8445 1.82871
threshold=13.500000000000002 10.250000000000002 2.432000510959742 4.0894206596997495 22.500000000000004 2.7680714674619334e-23 19.773504273504276
decision_type=2 2 2 2 2 2 2
left_child=3 2 -2 6 -5 -3 -1
right_child=1 5 -4 4 -6 -7 -8
leaf_value=0.038461772295554517 0.051111105236504181 -0.0046230218933667432 0.0066857473910637271 0.0074347971034339376 0.026780993376481939 -0.038885154850388452 0.028823256837251576
leaf_weight=40.71924239397049 11.031120061874388 23.96122682467103 54.764627896249294 129.18579253554344 106.0258181989193 28.01181685552001 31.360162392258644
leaf_count=40 12 171 183 471 174 240 39
internal_value=0.0141155 -0.00229315 0.014134 0.0204041 0.0161554 -0.0230892 0.0342683
internal_weight=425.06 117.769 65.7957 307.291 235.212 51.973 72.0794
internal_count=1330 606 195 724 645 411 79
is_linear=0
shrinkage=0.03


Tree=46
num_leaves=8
num_cat=0
split_feature=2 0 19 0 4 20 12
split_gain=45.9235 34.5005 27.1968 18.0273 17.7878 11.6866 0.0345454
threshold=5.2271097658831236 49.500000000000007 10.550000000000002 34.500000000000007 0.99999144859377509 8.2500000000000018 35.441437559090431
decision_type=2 2 2 2 2 2 2
left_child=3 6 -3 4 -1 -5 -2
right_child=1 2 -4 5 -6 -7 -8
leaf_value=-0.037538421835872894 -0.035277119962849199 -0.00070072288312532068 0.024275936644891596 0.040592205436339741 0.018655911409945356 0.022646076445288633 -0.032582159684966285
leaf_weight=8.1303760930895805 6.1162225455045727 114.4588784724474 59.702773626893759 41.176633059978485 13.467027053236961 157.85996711999178 14.265364360064266
leaf_count=60 55 477 188 44 21 268 212
internal_value=0.014165 0.00353946 0.0078613 0.023534 -0.00249853 0.0263588 -0.0333909
internal_weight=415.177 194.543 174.162 220.634 21.5974 199.037 20.3816
internal_count=1325 932 665 393 81 312 267
is_linear=0
shrinkage=0.03


Tree=47
num_leaves=8
num_cat=0
split_feature=0 1 13 5 20 10 13
split_gain=38.2922 64.6529 36.8647 21.9371 25.0045 14.2078 10.8519
threshold=75.500000000000014 5.0344109320528228 0.31823502504286688 14.500000000000002 10.250000000000002 1.841757257543807e-16 0.95000000000000007
decision_type=2 2 2 2 2 2 2
left_child=1 5 -3 6 -5 -1 -2
right_child=3 2 -4 4 -6 -7 -8
leaf_value=0.031503317592622621 0.018286235901042669 0.074122508257069175 -0.01564310522278739 0.021168688009233737 -0.03023451462355084 0.0061518560059915855 0.032410502144980667
leaf_weight=58.415493488311768 89.942328080534935 4.2937005981802931 100.33115882799029 20.980833724141121 14.336655035614966 30.17234180867672 107.43605817854404
leaf_count=84 174 10 734 47 69 77 148
internal_value=0.0138812 0.0040094 -0.0119592 0.0220779 0.000302256 0.0228688 0.0259743
internal_weight=425.909 193.213 104.625 232.696 35.3175 88.5878 197.378
internal_count=1343 905 744 438 116 161 322
is_linear=0
shrinkage=0.03


Tree=48
num_leaves=8
num_cat=0
split_feature=2 0 11 13 14 3 17
split_gain=36.6492 44.703 25.2369 22.6079 15.3959 20.8355 5.86048
threshold=5.2271097658831236 78.500000000000014 11.450000000000001 0.95000000000000007 0.91813394189600539 17.202925735012112 15.050000000000002
decision_type=2 2 2 2 2 2 2
left_child=4 2 -2 -3 6 -6 -1
right_child=1 3 -4 -5 5 -7 -8
leaf_value=0.024645650570331565 0.0060233602857776257 0.0020699235245533569 -0.026987802539443717 0.028993174376153213 0.00090619356817393337 0.029713448629099106 0.03825303722605828
leaf_weight=67.329076081514359 39.247262857854366 49.472984731197357 44.44701062515378 64.885322719812393 49.90166649967432 41.296485088765621 49.375502735376358
leaf_count=118 158 146 511 118 146 53 55
internal_value=0.0143881 0.00515272 -0.0115077 0.0173458 0.0231859 0.0139507 0.0304027
internal_weight=405.955 198.053 83.6943 114.358 207.903 91.1982 116.705
internal_count=1305 933 669 264 372 199 173
is_linear=0
shrinkage=0.03


Tree=49
num_leaves=8
num_cat=0
split_feature=0 2 5 18 19 22 22
split_gain=45.7903 46.3914 27.9351 29.4263 27.0885 11.2918 6.56553
threshold=58.500000000000007 4.3779512885137839 12.500000000000002 128.50000000000003 13.950000000000001 15.350000000000003 13.738955857137212
decision_type=2 2 2 2 2 2 2
left_child=1 6 5 -4 -3 -2 -1
right_child=2 4 3 -5 -6 -7 -8
leaf_value=0.011844519194553978 0.022613108122540186 -0.03357699877020287 0.032107679038327806 -0.0016456838746278044 0.018108948258460579 0.043354170699825542 0.039171192886819833
leaf_weight=22.10577766597271 172.14006834477186 43.594831556081772 31.45830611884594 89.043276727199554 11.542285043746231 27.381105907261372 12.324698224663733
leaf_count=43 294 431 64 375 79 32 13
internal_value=0.0132646 -0.0056958 0.0185713 0.00716601 -0.0227572 0.0254595 0.0216263
internal_weight=409.59 89.5676 320.023 120.502 55.1371 199.521 34.4305
internal_count=1331 566 765 439 510 326 56
is_linear=0
shrinkage=0.03


Tree=50
num_leaves=8
num_cat=0
split_feature=1 3 19 21 0 1 15
split_gain=38.1633 41.9709 36.7795 18.063 10.1724 21.2781 4.15299
threshold=5.0344109320528228 25.500000000000004 11.350000000000003 0.41262122891655761 58.500000000000007 4.0894206596997495 36.69444444444445
decision_type=2 2 2 2 2 2 2
left_child=4 2 -2 -3 5 -1 -6
right_child=1 3 -4 -5 6 -7 -8
leaf_value=0.027417252029997837 -0.011858157507425514 0.0090996107921547924 0.018347341387563561 0.037582475498631189 0.034027028323559735 -0.015888981550464875 0.020610178361274191
leaf_weight=29.832206025719643 126.63711403682828 41.227408483624458 50.848482131958008 38.989178530871868 66.225022077560425 15.525209583342074 30.246913820505142
leaf_count=39 700 110 240 46 77 71 47
internal_value=0.0118133 0.00493482 -0.00320448 0.0229437 0.0243114 0.0125941 0.0298204
internal_weight=399.532 257.702 177.486 80.2166 141.829 45.3574 96.4719
internal_count=1330 1096 940 156 234 110 124
is_linear=0
shrinkage=0.03


Tree=51
num_leaves=8
num_cat=0
split_feature=1 0 12 19 10 6 10
split_gain=52.5095 52.584 28.112 28.0915 10.0936 16.667 4.95914
threshold=5.0344109320528228 66.500000000000014 25.250000000000004 11.15 0.0095370960555400206 1.186207745328435e-19 4.3166152212277526e-17
decision_type=2 2 2 2 2 2 2
left_child=4 2 -2 -3 6 -6 -1
right_child=1 3 -4 -5 5 -7 -8
leaf_value=0.028937584036181255 0.037495547604072789 0.0044446805795349872 -0.025553334679266779 0.029101825831613613 0.02716457811815581 -0.0099293392292719267 0.045399158248715009
leaf_weight=75.293227106332779 7.1376640796661368 129.62855014950037 58.773853436112404 61.225442372262478 36.765187971293926 15.496863573789595 21.082256361842155
leaf_count=103 11 392 546 123 56 49 24
internal_value=0.0125911 0.00437634 -0.0187257 0.0123546 0.0267816 0.0161654 0.0325386
internal_weight=405.403 256.766 65.9115 190.854 148.638 52.2621 96.3755
internal_count=1304 1072 557 515 232 105 127
is_linear=0
shrinkage=0.03


Tree=52
num_leaves=7
num_cat=0
split_feature=3 4 0 3 8 0
split_gain=35.1685 35.6356 37.745 9.6276 15.2781 3.48879
threshold=22.29024924921524 0.14400223846823232 83.500000000000014 63.500000000000007 5.3008592662657428 38.500000000000007
decision_type=2 2 2 2 2 2
left_child=1 2 -1 4 -2 -3
right_child=3 5 -4 -5 -6 -7
leaf_value=-0.004895983174617897 0.033413233029133564 0.019901347998217519 0.021049322621096721 0.049163391207299539 0.012163840427866534 0.037546437820888567
leaf_weight=161.9967184998095 66.354963660240173 14.792031958699225 73.29745626449585 14.947074443101881 56.281026169657707 31.691188782453537
leaf_count=885 77 23 150 15 146 33
internal_value=0.0139989 0.00792825 0.00318635 0.0264319 0.0236613 0.0319314
internal_weight=419.36 281.777 235.294 137.583 122.636 46.4832
internal_count=1329 1091 1035 238 223 56
is_linear=0
shrinkage=0.03


Tree=53
num_leaves=7
num_cat=0
split_feature=1 0 22 19 7 22
split_gain=35.8943 45.1945 46.0146 14.9581 3.81453 0.442042
threshold=4.0894206596997495 75.500000000000014 13.115180766640302 11.15 15.500000000000002 12.910267269344674
decision_type=2 2 2 2 2 2
left_child=4 2 -2 -3 -1 -6
right_child=1 3 -4 -5 5 -7
leaf_value=0.021024592499482197 -0.021804201577660096 0.010957561832072218 0.014033649117179152 0.02823399173093253 0.033757326644056694 0.039782565723666875
leaf_weight=18.228160515427589 72.079176593571901 130.13015002757311 58.344822734594345 69.029252514243126 18.721446543931961 26.428886413574219
leaf_count=27 582 300 223 113 21 26
internal_value=0.0119316 0.00795563 -0.00577224 0.0169456 0.0326078 0.0372842
internal_weight=392.962 329.583 130.424 199.159 63.3785 45.1503
internal_count=1292 1218 805 413 74 47
is_linear=0
shrinkage=0.03


Tree=54
num_leaves=7
num_cat=0
split_feature=1 0 19 4 0 17
split_gain=33.6098 46.4368 28.0933 14.5976 2.4045 0.288253
threshold=4.0894206596997495 46.500000000000007 11.350000000000003 0.99141910385054011 47.500000000000007 14.057056386129657
decision_type=2 2 2 2 2 2
left_child=4 3 -3 -2 -1 -6
right_child=1 2 -4 -5 5 -7
leaf_value=0.024470043492037311 -0.03454666209761003 0.0056058811788774528 0.024603162431563252 0.031644724082324799 0.039825258327174214 0.034664730435528895
leaf_weight=20.666582673788071 26.843325920403007 216.54875239729881 103.5645271576941 3.3756990581750861 18.611772954463959 20.440002962946892
leaf_count=29 322 711 230 5 18 23
internal_value=0.0119422 0.00839613 0.011752 -0.0271526 0.032745 0.0371242
internal_weight=410.051 350.332 320.113 30.219 59.7184 39.0518
internal_count=1338 1268 941 327 70 41
is_linear=0
shrinkage=0.03


Tree=55
num_leaves=8
num_cat=0
split_feature=5 18 20 22 0 16 12
split_gain=41.472 38.6509 26.0674 20.8424 18.9086 17.3072 5.32805
threshold=13.500000000000002 158.50000000000003 10.250000000000002 10.350000000000003 46.500000000000007 21.345238095238098 35.550000000000004
decision_type=2 2 2 2 2 2 2
left_child=3 2 -2 6 -5 -3 -1
right_child=1 5 -4 4 -6 -7 -8
leaf_value=-0.0016679383912110259 0.032381784236804691 -0.025993380990069186 -0.023953873454983156 -0.0010398338698744795 0.021661105457806255 0.011455162024623504 -0.049389835318515998
leaf_weight=3.69246858358383 30.475054435431957 54.383775100111961 9.7595140188932401 38.254905190318823 241.45290507376194 13.957716409116982 4.8994778729975224
leaf_count=9 58 413 60 206 473 53 33
internal_value=0.0111913 -0.00461125 0.0187167 0.0171426 0.0185564 -0.0183451 -0.0288809
internal_weight=396.876 108.576 40.2346 288.3 279.708 68.3415 8.59195
internal_count=1305 584 118 721 679 466 42
is_linear=0
shrinkage=0.03


Tree=56
num_leaves=8
num_cat=0
split_feature=2 3 23 10 6 12 22
split_gain=37.3308 35.7108 33.4381 13.6343 16.7615 9.12236 6.38395
threshold=5.2271097658831236 33.500000000000007 58.000000000000007 0.0099646841966014987 1.186207745328435e-19 32.150000000000013 13.33182372381493
decision_type=2 2 2 2 2 2 2
left_child=3 2 -2 6 -5 -3 -1
right_child=1 5 -4 4 -6 -7 -8
leaf_value=0.020440793265641494 0.038012538713163083 0.036401370599254357 -0.0091432743495366581 0.021521306943064259 -0.0088943673766799861 0.0080013851792825504 0.03350674692453505
leaf_weight=88.023552246391773 14.965025089681147 27.790891662240028 141.49107452109456 39.811349987983704 27.619165040552616 16.062556020915508 54.487962022423744
leaf_count=164 33 38 826 66 91 40 68
internal_value=0.011338 0.00207337 -0.00463282 0.0201776 0.00906322 0.0259991 0.0254364
internal_weight=410.252 200.31 156.456 209.942 67.4305 43.8534 142.512
internal_count=1326 937 859 389 157 78 232
is_linear=0
shrinkage=0.03


Tree=57
num_leaves=8
num_cat=0
split_feature=2 3 22 21 18 0 22
split_gain=39.3217 33.301 23.9948 21.7285 14.6906 21.7827 8.80072
threshold=5.2271097658831236 20.433155267051223 13.115180766640302 0.41262122891655761 235.12502919439851 58.500000000000007 12.591034546164897
decision_type=2 2 2 2 2 2 2
left_child=4 2 -2 -3 6 -6 -1
right_child=1 3 -4 -5 5 -7 -8
leaf_value=0.01554798533517778 -0.022646033095508063 0.0015555687744009861 0.0068571608289814661 0.03234267180871303 -0.020861304605199745 0.017928548597336686 0.031270281825238777
leaf_weight=54.084087423980236 64.55951964110136 51.526786599308252 40.294580414891243 34.409420996904373 17.754100494086742 48.958496809005737 78.624608010053635
leaf_count=113 543 161 192 50 78 85 106
internal_value=0.00977477 3.84478e-05 -0.0113082 0.0138829 0.0190897 0.00760548 0.0248628
internal_weight=390.212 190.79 104.854 85.9362 199.421 66.7126 132.709
internal_count=1328 946 735 211 382 163 219
is_linear=0
shrinkage=0.03


Tree=58
num_leaves=8
num_cat=0
split_feature=7 1 16 22 14 17 17
split_gain=26.4301 21.3794 27.8218 15.9 13.4172 11.6617 2.36894
threshold=13.500000000000002 4.0894206596997495 17.85696040868455 14.250000000000002 1.0000000180025095e-35 16.850000000000005 14.950000000000001
decision_type=2 2 2 2 2 2 2
left_child=3 6 -3 4 -1 -5 -2
right_child=1 2 -4 5 -6 -7 -8
leaf_value=0.022757056888172974 0.022942378304615305 -0.0030637541664078941 0.01691943189370957 0.046199405649442839 -0.02187956087926549 -0.0080902655210434247 0.035828793099954091
leaf_weight=7.0327320992946616 21.861783921718597 98.374857880175114 172.93126325309277 7.4149459935724717 43.849861323833466 6.8513167649507523 31.108549043536186
leaf_count=10 32 395 444 14 359 26 35
internal_value=0.00957414 0.0130773 0.00967358 -0.00786252 -0.0157101 0.020127 0.0305103
internal_weight=389.425 324.276 271.306 65.1489 50.8826 14.2663 52.9703
internal_count=1315 906 839 409 369 40 67
is_linear=0
shrinkage=0.03


Tree=59
num_leaves=8
num_cat=0
split_feature=9 10 22 0 2 10 19
split_gain=40.7485 39.3466 25.5479 23.3442 19.3916 6.70238 5.62123
threshold=3.0254147785150756 4.4824540198152476e-17 13.80639689749024 87.500000000000014 5.4738567549626902 0.0074915117619058164 7.3500000000000005
decision_type=2 2 2 2 2 2 2
left_child=3 2 -2 4 -1 -3 -5
right_child=1 5 -4 6 -6 -7 -8
leaf_value=0.017777107482096485 -0.0057892047118239783 -0.043086948253556731 0.028717000434729273 0.015039242781527497 -0.0025205376504653719 -0.016617113765153641 0.035984595525554046
leaf_weight=148.83580067753792 50.82609997689724 18.578575354069471 31.143660500645638 14.408931240439413 59.214266244322062 16.044243175536394 57.753415554761887
leaf_count=292 289 139 77 26 334 101 70
internal_value=0.0108984 -0.00400534 0.00732111 0.0170997 0.0120001 -0.0308208 0.0318024
internal_weight=396.805 116.593 81.9698 280.212 208.05 34.6228 72.1623
internal_count=1328 606 366 722 626 240 96
is_linear=0
shrinkage=0.03


Tree=60
num_leaves=7
num_cat=0
split_feature=4 0 19 8 0 1
split_gain=29.8735 37.6657 27.7028 8.60396 6.26658 0.0466512
threshold=1.0315013628699678e-31 46.500000000000007 11.350000000000003 4.1279297552948773 47.500000000000007 5.6693628510177358
decision_type=2 2 2 2 2 2
left_child=1 5 -3 4 -2 -1
right_child=3 2 -4 -5 -6 -7
leaf_value=-0.036245489431279906 0.013206972886048577 0.00049380676907831737 0.021101303020922522 8.1888042838293621e-05 0.031706991799469279 -0.032858723819713005
leaf_weight=4.624852046370509 22.528358221054077 182.92253767326474 86.46071170642972 12.52360165864229 61.368282251060009 17.553972028195858
leaf_count=35 44 664 212 36 78 266
internal_value=0.00880115 0.004014 0.00710795 0.0232769 0.0267393 -0.033565
internal_weight=387.982 291.562 269.383 96.4202 83.8966 22.1788
internal_count=1335 1177 876 158 122 301
is_linear=0
shrinkage=0.03


Tree=61
num_leaves=7
num_cat=0
split_feature=9 23 3 0 2 17
split_gain=37.8057 30.8523 31.5576 15.1587 24.737 4.69605
threshold=2.4986188804604175 60.500000000000007 31.500000000000004 78.500000000000014 4.3779512885137839 13.996610825785103
decision_type=2 2 2 2 2 2
left_child=3 -2 -3 4 -1 -5
right_child=1 2 -4 5 -6 -7
leaf_value=0.025034145741085961 0.036162734531645861 -0.010141875409294149 0.019555705129207464 0.022711943084101002 -0.0032272717872438138 0.037838041575282776
leaf_weight=61.007195964455605 19.611018821597099 142.29567660391331 41.623560376465321 40.7352035343647 51.324202872812748 33.79940864443779
leaf_count=89 38 824 83 59 203 35
internal_value=0.00933853 0.000393166 -0.00342089 0.0190816 0.0121215 0.0295712
internal_weight=390.396 203.53 183.919 186.866 112.331 74.5346
internal_count=1331 945 907 386 292 94
is_linear=0
shrinkage=0.03


Tree=62
num_leaves=7
num_cat=0
split_feature=5 23 10 3 22 15
split_gain=24.737 30.7046 27.114 19.2538 23.4133 6.68674
threshold=13.500000000000002 64.500000000000014 -2.9394060735890009e-16 22.29024924921524 13.738955857137212 36.250000000000007
decision_type=2 2 2 2 2 2
left_child=3 -2 -3 4 -1 -5
right_child=1 2 -4 5 -6 -7
leaf_value=0.0044386121458409554 0.037812530023463048 0.025104159720948961 -0.015301973004176629 0.036176671883020053 0.028166996986990826 0.019439921619136588
leaf_weight=152.08284913748503 15.588160090148447 18.486921194940805 78.047446813434362 40.074018955230713 49.641873002052307 46.312412895262241
leaf_count=514 24 45 531 47 102 76
internal_value=0.0107002 -0.00125535 -0.00756395 0.0153529 0.0102779 0.027204
internal_weight=400.234 112.123 96.5344 288.111 201.725 86.3864
internal_count=1339 600 576 739 616 123
is_linear=0
shrinkage=0.03


Tree=63
num_leaves=8
num_cat=0
split_feature=9 0 20 10 0 4 4
split_gain=29.2028 37.2559 20.8317 17.4216 14.1315 21.1046 5.2024
threshold=1.5000000000000002 66.500000000000014 5.9500000000000011 -2.3272150736874946e-16 55.500000000000007 2.0570390255740267e-31 3.3953528489430142e-16
decision_type=2 2 2 2 2 2 2
left_child=4 2 -2 -3 5 -1 -6
right_child=1 3 -4 -5 6 -7 -8
leaf_value=-0.037441035022279232 0.057813933466220629 0.025939505189535597 -0.023547032820331208 0.0034593732315808296 0.020021177725945104 0.015140938662024924 0.034194055799839147
leaf_weight=8.8121756352484208 2.9891456924378863 40.394318714737892 53.967949777841568 133.78730469569564 75.487938940525055 31.167397953569889 33.722155630588531
leaf_count=75 4 68 531 425 123 59 41
internal_value=0.00846395 0.00178533 -0.0192772 0.00867272 0.0188111 0.00355098 0.0243975
internal_weight=380.328 231.139 56.9571 174.182 149.19 39.9796 109.21
internal_count=1326 1028 535 493 298 134 164
is_linear=0
shrinkage=0.03


Tree=64
num_leaves=7
num_cat=0
split_feature=22 15 1 3 18 18
split_gain=32.8621 26.3423 32.6698 15.4773 15.7522 14.6373
threshold=12.730039768834844 37.083333333333336 5.6693628510177358 63.500000000000007 257.50000000000006 97.500000000000014
decision_type=2 2 2 2 2 2
left_child=1 2 -1 4 -2 -3
right_child=3 5 -4 -5 -6 -7
leaf_value=0.019132301871416457 0.019306565584726047 0.038583091278401753 -0.0086266323139531122 0.052969984679778509 -0.0015511533105546547 -0.058739715101626851
leaf_weight=61.724030248820782 149.77248045429587 1.618835613131522 99.942105565220118 10.045844137668608 41.649469718337059 9.8748017176985723
leaf_count=116 358 2 587 8 159 65
internal_value=0.00843582 -0.00114821 0.00197171 0.0166732 0.0147684 -0.0450322
internal_weight=374.628 173.16 161.666 201.468 191.422 11.4936
internal_count=1295 770 703 525 517 67
is_linear=0
shrinkage=0.03


Tree=65
num_leaves=8
num_cat=0
split_feature=20 0 9 16 3 3 22
split_gain=30.2772 30.922 20.808 15.9741 17.2015 15.2843 10.8293
threshold=10.250000000000002 67.500000000000014 2.4986188804604175 16.206389452332662 12.500000000000002 28.047226859994407 12.65
decision_type=2 2 2 2 2 2 2
left_child=3 5 -3 4 -1 -2 -5
right_child=1 2 -4 6 -6 -7 -8
leaf_value=-0.043048578458839318 -0.024127464060110879 0.021459288035491155 -0.0030646345168282062 0.010471298524035399 0.0087467317517289905 0.03745651503007303 0.025764162291168468
leaf_weight=7.4494291804730883 49.850086275488138 54.693302556872368 72.300342090427876 68.24057549238205 25.607260968536139 3.911657750606536 107.04691991209984
leaf_count=54 481 86 267 191 65 7 195
internal_value=0.00840839 -0.000576104 0.00749727 0.0162032 -0.0029255 -0.0196467 0.0198105
internal_weight=389.1 180.755 126.994 208.344 33.0567 53.7617 175.287
internal_count=1346 841 353 505 119 488 386
is_linear=0
shrinkage=0.03


Tree=66
num_leaves=8
num_cat=0
split_feature=1 16 17 11 15 14 17
split_gain=26.6114 27.0747 27.9365 19.1868 8.0912 14.5243 2.56258
threshold=5.0344109320528228 18.402702702702708 13.250000000000002 11.350000000000003 36.361111111111121 0.99999995453292267 11.65
decision_type=2 2 2 2 2 2 2
left_child=4 2 -2 -3 6 -6 -1
right_child=1 3 -4 -5 5 -7 -8
leaf_value=0.043372852988207977 -0.025094273223368924 0.024611891110523195 0.0046339953693716775 0.0016617034272722816 0.020688676927755775 -0.010574532358365503 0.025524859547236108
leaf_weight=8.453752934932707 47.348966874182224 62.299428761005402 71.275022190064192 69.202251058071852 55.39905820786953 17.630582109093666 50.428718604147434
leaf_count=8 376 124 260 317 101 50 79
internal_value=0.00890998 0.00316001 -0.00723209 0.0125344 0.0198128 0.0131412 0.0280873
internal_weight=382.038 250.126 118.624 131.502 131.912 73.0296 58.8825
internal_count=1315 1077 636 441 238 151 87
is_linear=0
shrinkage=0.03


Tree=67
num_leaves=8
num_cat=0
split_feature=0 1 0 13 14 12 7
split_gain=25.882 27.6098 24.6445 11.5111 9.74063 8.37345 2.58752
threshold=83.500000000000014 4.0894206596997495 46.500000000000007 0.65000000000000002 7.610657649873673e-23 34.95000000000001 15.500000000000002
decision_type=2 2 2 2 2 2 2
left_child=1 6 -3 5 -5 -2 -1
right_child=3 2 -4 4 -6 -7 -8
leaf_value=0.016939559334011974 0.015359168250592772 -0.026624128079062375 0.0044569745609711279 0.040954217522594913 0.020060031571659524 -0.030757211462437775 0.032125320786392089
leaf_weight=15.713736921548842 8.6692066937684995 26.27146677300334 182.14276293665171 25.849107936024666 89.984604761004448 5.9932796955108634 28.258988797664642
leaf_count=26 17 306 685 45 153 23 37
internal_value=0.0107054 0.00509679 0.000539074 0.0215527 0.0247227 -0.00349087 0.0266987
internal_weight=382.883 252.387 208.414 130.496 115.834 14.6625 43.9727
internal_count=1292 1054 991 238 198 40 63
is_linear=0
shrinkage=0.03


Tree=68
num_leaves=8
num_cat=0
split_feature=22 5 0 11 19 9 10
split_gain=22.0403 26.3654 24.0241 18.6786 10.331 10.1457 9.8356
threshold=13.738955857137212 14.500000000000002 86.500000000000014 11.15 5.9500000000000011 2.4986188804604175 4.7474276639154759e-17
decision_type=2 2 2 2 2 2 2
left_child=1 2 -1 -3 5 -2 -6
right_child=4 3 -4 -5 6 -7 -8
leaf_value=0.0019996135259605038 0.024112603457767483 0.0060964771827303667 0.023745710985585183 -0.036994297996708884 0.032638879804279278 -0.01558540317206218 0.013457906739981847
leaf_weight=157.6095851957798 10.413568720221519 15.558532461524008 64.406491667032242 21.654034424573183 54.624048929661512 13.061629250645638 43.00116478279233
leaf_count=627 17 57 106 250 102 50 115
internal_value=0.00932722 0.00439115 0.00830812 -0.0189781 0.0198934 0.00202458 0.0241902
internal_weight=380.329 259.229 222.016 37.2126 121.1 23.4752 97.6252
internal_count=1324 1040 733 307 284 67 217
is_linear=0
shrinkage=0.03


Tree=69
num_leaves=8
num_cat=0
split_feature=2 16 12 9 15 7 18
split_gain=24.2251 19.7493 21.3641 14.2435 10.5127 18.6973 5.88872
threshold=5.2271097658831236 17.321290322580648 33.750000000000007 2.4986188804604175 36.361111111111121 15.500000000000002 240.50000000000003
decision_type=2 2 2 2 2 2 2
left_child=4 3 -3 -2 6 -6 -1
right_child=1 2 -4 -5 5 -7 -8
leaf_value=0.030718435688722075 0.023781845349958013 0.022039989734908897 -0.0025729569767869507 -0.018129197563145152 -0.0094847403627384749 0.018491084118189442 0.013005448439354472
leaf_weight=56.415566727519035 8.5023210346698743 58.411220550537109 69.509685028344393 51.52159558609128 29.094945915043354 82.3747269064188 24.111359104514122
leaf_count=80 31 140 383 383 101 152 54
internal_value=0.00966073 0.00200427 0.0086658 -0.0121925 0.0171556 0.0111891 0.0254148
internal_weight=379.941 187.945 127.921 60.0239 191.997 111.47 80.5269
internal_count=1324 937 523 414 387 253 134
is_linear=0
shrinkage=0.03


Tree=70
num_leaves=8
num_cat=0
split_feature=22 3 4 5 19 23 10
split_gain=23.661 26.7727 26.546 12.1106 11.8294 10.7853 7.54288
threshold=13.738955857137212 20.433155267051223 6.6520637287369521e-18 13.500000000000002 11.450000000000001 165.50000000000003 2.5688369565525414e-17
decision_type=2 2 2 2 2 2 2
left_child=1 2 -1 -3 5 -2 -6
right_child=4 3 -4 -5 6 -7 -8
leaf_value=-0.0092026689457536271 0.022929576172779888 0.024731112081425213 0.018832045517604742 0.0012640459935676087 0.046350504468466988 0.00030933977820896802 0.020037314522138874
leaf_weight=127.48405032791197 48.860536113381386 64.64271617680788 39.916201487183571 28.525963366031647 21.275409705936909 31.010942164808512 18.185234230011702
leaf_count=760 104 100 73 99 29 95 42
internal_value=0.00972282 0.00465618 -0.00251786 0.0175461 0.0207861 0.014147 0.0342242
internal_weight=379.901 260.569 167.4 93.1687 119.332 79.8715 39.4606
internal_count=1302 1032 833 199 270 199 71
is_linear=0
shrinkage=0.03


Tree=71
num_leaves=5
num_cat=0
split_feature=3 1 20 23
split_gain=17.8446 23.0541 21.094 6.57496
threshold=61.500000000000007 5.0344109320528228 14.65 210.50000000000003
decision_type=2 2 2 2
left_child=1 3 -3 -1
right_child=-2 2 -4 -5
leaf_value=0.021647381340445557 0.039909104555727895 0.00095997984584784968 0.056297426537997887 0.005590962250130828
leaf_weight=104.14605456590652 16.672071114182472 226.49061685428023 6.3740600962191811 29.441653296351433
leaf_count=184 19 1030 31 74
internal_value=0.00955495 0.00817396 0.0024747 0.0181087
internal_weight=383.124 366.452 232.865 133.588
internal_count=1338 1319 1061 258
is_linear=0
shrinkage=0.03


Tree=72
num_leaves=8
num_cat=0
split_feature=0 2 12 16 0 20 15
split_gain=22.5208 27.5709 16.904 15.7223 19.6986 13.6847 13.121
threshold=55.500000000000007 4.3779512885137839 48.550000000000004 18.106203007518801 66.500000000000014 10.250000000000002 36.361111111111121
decision_type=2 2 2 2 2 2 2
left_child=1 6 -3 4 -2 -5 -1
right_child=3 2 -4 5 -6 -7 -8
leaf_value=0.028439708026119906 -0.022811449820981242 -0.027681827562146807 0.072301416947903929 0.025332044232909877 0.0090077087961584323 0.0086213259170563588 -0.011121223125210701
leaf_weight=20.334181889891624 20.531866181641817 37.696826323866844 1.5858986116945732 97.527314692735672 118.99558103457093 80.51801336556673 11.996984973549841
leaf_count=29 123 445 10 169 328 225 33
internal_value=0.00843882 -0.00675815 -0.0236454 0.0118658 0.00432543 0.0177749 0.01376
internal_weight=389.187 71.6139 39.2827 317.573 139.527 178.045 32.3312
internal_count=1362 517 455 845 451 394 62
is_linear=0
shrinkage=0.03


Tree=73
num_leaves=8
num_cat=0
split_feature=13 1 16 0 9 7 7
split_gain=25.0564 30.2191 24.0651 16.2063 21.3235 9.77837 2.24846
threshold=0.95000000000000007 4.0894206596997495 17.593171296296301 85.500000000000014 1.5000000000000002 25.500000000000004 17.500000000000004
decision_type=2 2 2 2 2 2 2
left_child=1 6 -3 4 -2 -5 -1
right_child=3 2 -4 5 -6 -7 -8
leaf_value=0.019359117196473388 0.024386276274455373 -0.019595663016249702 0.0035809204077757876 0.04352151989046129 -0.0030805402670256513 0.0189325055319612 0.034941860302237053
leaf_weight=19.008504256606102 44.168950483202934 63.06355051882565 111.80759972333908 22.829424977302551 59.984882220625877 40.161496996879578 14.839872926473616
leaf_count=31 74 422 459 28 233 70 19
internal_value=0.00717648 0.000244935 -0.00477722 0.0158321 0.00856743 0.0278442 0.0261909
internal_weight=375.864 208.72 174.871 167.145 104.154 62.9909 33.8484
internal_count=1336 931 881 405 307 98 50
is_linear=0
shrinkage=0.03


Tree=74
num_leaves=8
num_cat=0
split_feature=2 0 19 15 0 14 2
split_gain=19.9879 36.2025 19.1542 8.90965 10.4025 1.57825 0.046125
threshold=4.3779512885137839 46.500000000000007 11.350000000000003 36.361111111111121 51.500000000000007 6.3296804111696325e-11 5.4738567549626902
decision_type=2 2 2 2 2 2 2
left_child=3 6 -3 5 -5 -1 -2
right_child=1 2 -4 4 -6 -7 -8
leaf_value=0.026585107131182163 -0.035189548479594587 0.0027794238831576798 0.019614150039560456 -0.017884215542603981 0.019840679338001918 0.038124218912867346 -0.032209133999313043
leaf_weight=26.509574964642525 7.2971312254667291 188.04819064214826 89.909092701971531 8.4651756435632688 29.51512698829174 17.851354837417603 12.997028283774853
leaf_count=41 65 668 219 26 49 19 245
internal_value=0.00901301 0.00540065 0.00822485 0.0220975 0.0114324 0.0312286 -0.0332808
internal_weight=380.593 298.251 277.957 82.3412 37.9803 44.3609 20.2942
internal_count=1332 1197 887 135 75 60 310
is_linear=0
shrinkage=0.03


Tree=75
num_leaves=7
num_cat=0
split_feature=4 11 5 18 3 23
split_gain=25.0968 21.8662 21.3012 11.5526 2.54007 0.590724
threshold=0.57697845111028812 12.441212155855711 13.500000000000002 158.50000000000003 10.500000000000002 126.50000000000001
decision_type=2 2 2 2 2 2
left_child=1 3 -3 -1 -2 -6
right_child=4 2 -4 -5 5 -7
leaf_value=0.020066525081114159 0.014522747517271653 0.00093220351947832173 -0.028320998305187379 0.00483463574702563 0.024802999293179816 0.032921430381165864
leaf_weight=64.329788390547037 11.898095056414602 85.127899814397097 30.403923384845257 147.72064649872482 11.666487589478491 26.140630796551704
leaf_count=144 21 356 333 444 19 36
internal_value=0.00674839 0.00373444 -0.00676621 0.00945554 0.0266118 0.0304163
internal_weight=377.287 327.582 115.532 212.05 49.7052 37.8071
internal_count=1353 1277 689 588 76 55
is_linear=0
shrinkage=0.03


Tree=76
num_leaves=8
num_cat=0
split_feature=0 1 0 19 3 17 0
split_gain=22.4696 24.2949 29.9241 13.243 17.4178 12.5627 4.34588
threshold=86.500000000000014 4.0894206596997495 46.500000000000007 9.3500000000000032 19.500000000000004 11.450000000000001 35.500000000000007
decision_type=2 2 2 2 2 2 2
left_child=1 6 -3 4 -2 -5 -1
right_child=3 2 -4 5 -6 -7 -8
leaf_value=0.0077221121845286751 -0.022363692549454955 -0.034855492697823766 0.0019784399563109014 0.058850246259247535 0.018870317788631252 0.021946166524748584 0.029538738990013934
leaf_weight=11.346371591091154 13.014875903725622 21.906449908390641 211.48920918256044 10.233473002910612 31.619170784950256 43.982346668839455 29.800883188843727
leaf_count=22 44 307 773 12 58 72 44
internal_value=0.00668424 0.00226834 -0.00147878 0.0189488 0.00684686 0.028912 0.0235228
internal_weight=373.393 274.543 233.396 98.8499 44.634 54.2158 41.1473
internal_count=1332 1146 1080 186 102 84 66
is_linear=0
shrinkage=0.03


Tree=77
num_leaves=7
num_cat=0
split_feature=19 9 19 17 21 16
split_gain=19.177 27.4911 26.8333 19.181 12.8262 12.0853
threshold=10.350000000000003 3.0254147785150756 4.1500000000000012 31.750000000000004 1.6553825291283657 18.106203007518801
decision_type=2 2 2 2 2 2
left_child=1 5 -3 4 -2 -1
right_child=3 2 -4 -5 -6 -7
leaf_value=-0.0011166041924466112 0.014248396952396486 0.025042210733138226 -0.021313191404463073 0.050217702134333415 -0.02957527702955888 0.017038384190506888
leaf_weight=55.412421695888042 138.40253490395844 13.744666844606398 61.641251159831882 13.127552002668379 6.2835744656622401 81.586722522974014
leaf_count=210 454 32 391 13 27 195
internal_value=0.0075745 0.00168871 -0.0128615 0.0154956 0.0123452 0.00969519
internal_weight=370.199 212.385 75.3859 157.814 144.686 136.999
internal_count=1322 828 423 494 481 405
is_linear=0
shrinkage=0.03


Tree=78
num_leaves=8
num_cat=0
split_feature=0 4 0 9 23 14 0
split_gain=23.2462 26.4527 22.734 17.6901 12.3207 4.64617 3.92766
threshold=87.500000000000014 0.99141910385054011 47.500000000000007 3.0254147785150756 148.50000000000003 4.8818200686813086e-25 35.500000000000007
decision_type=2 2 2 2 2 2 2
left_child=1 2 -1 5 -5 -2 -3
right_child=3 6 -4 4 -6 -7 -8
leaf_value=-0.030376535260590136 0.04699667251097317 0.0099174127803668324 0.0010338234160418586 0.020948800285345029 -0.021389393235819051 0.024379082571989764 0.029746760299983622
leaf_weight=22.962479593232274 9.5999172329902631 12.927050888538359 214.09680302068591 11.406273528933527 13.516636818647383 55.040104627609253 29.518113762140274
leaf_count=315 11 25 767 22 46 83 45
internal_value=0.00615854 0.00189653 -0.00200871 0.0194592 -0.0020128 0.0277381 0.0237076
internal_weight=369.067 279.504 237.059 89.5629 24.9229 64.64 42.4452
internal_count=1314 1152 1082 162 68 94 70
is_linear=0
shrinkage=0.03


Tree=79
num_leaves=8
num_cat=0
split_feature=9 18 16 15 15 17 10
split_gain=24.7551 22.3335 17.7014 11.4434 8.473 12.2576 10.0076
threshold=1.5000000000000002 288.50000000000006 25.150268336314848 36.472222222222229 36.361111111111121 16.174977712894826 0.051759401734620812
decision_type=2 2 2 2 2 2 2
left_child=4 2 -2 -3 6 -6 -1
right_child=1 3 -4 -5 5 -7 -8
leaf_value=0.030944976214761822 0.0020583231128354224 -0.0080937781830575511 0.042427361234784043 -0.043961066465437772 0.0020213866660604499 0.028977788745144714 0.0035812067107127733
leaf_weight=49.039070665836334 187.8435978833586 20.142259046435356 10.31252798065543 13.286649335175751 54.914989158511162 20.982635386288166 15.938325129449366
leaf_count=74 828 93 14 123 162 30 40
internal_value=0.00636492 0.000332724 0.00415923 -0.0223496 0.0162813 0.00947375 0.0242329
internal_weight=372.46 231.585 198.156 33.4289 140.875 75.8976 64.9774
internal_count=1364 1058 842 216 306 192 114
is_linear=0
shrinkage=0.03


Tree=80
num_leaves=7
num_cat=0
split_feature=19 0 9 22 5 0
split_gain=25.5756 27.0928 22.1824 20.2775 14.4088 13.0834
threshold=11.350000000000003 55.500000000000007 3.0254147785150756 15.250000000000002 3.5000000000000004 37.500000000000007
decision_type=2 2 2 2 2 2
left_child=1 4 -3 5 -1 -2
right_child=3 2 -4 -5 -6 -7
leaf_value=0.012372543272504562 -0.019491223983610299 0.010804860207743379 -0.010337781816353309 0.043092532487772325 -0.036864698545912927 0.014252937727530541
leaf_weight=6.7585979029536238 11.694965774193404 121.83001783490181 70.509320553392172 20.467390343546867 25.649546030908823 89.326863795518875
leaf_count=17 99 279 329 27 307 248
internal_value=0.00477337 -0.00122135 0.00305422 0.0158632 -0.0265965 0.0103465
internal_weight=346.237 224.747 192.339 121.489 32.4081 101.022
internal_count=1306 932 608 374 324 347
is_linear=0
shrinkage=0.03


Tree=81
num_leaves=7
num_cat=0
split_feature=4 3 20 3 21 3
split_gain=23.599 29.3349 22.5967 15.2942 7.16283 3.29634
threshold=1.7892960410815497e-22 19.500000000000004 8.2500000000000018 63.500000000000007 1.4454347009427784 12.500000000000002
decision_type=2 2 2 2 2 2
left_child=1 2 -1 -3 5 -2
right_child=4 3 -4 -5 -6 -7
leaf_value=0.016600845921381654 0.0163007944039784 0.0085365744224328161 -0.012273789669642911 0.042854928074521202 0.0025558263939072833 0.032360828053145545
leaf_weight=29.786245547235012 17.711554076522589 122.32342603430152 134.70025653392076 12.922002077102659 14.112061269581316 32.808897033333778
leaf_count=77 35 299 825 13 35 48
internal_value=0.00501062 0.00146527 -0.00704499 0.0118155 0.0214521 0.0267305
internal_weight=364.364 299.732 164.487 135.245 64.6325 50.5205
internal_count=1332 1214 902 312 118 83
is_linear=0
shrinkage=0.03


Tree=82
num_leaves=7
num_cat=0
split_feature=9 3 19 15 3 13
split_gain=19.4229 28.6601 20.8113 13.6908 19.9524 4.95479
threshold=3.0254147785150756 57.500000000000007 4.1500000000000012 36.361111111111121 11.500000000000002 0.95000000000000007
decision_type=2 2 2 2 2 2
left_child=3 2 -2 5 -5 -1
right_child=1 -3 -4 4 -6 -7
leaf_value=0.014515745778477163 0.027541018807587879 0.040825631063004499 -0.012410895226068003 -0.015082599660291776 0.01231227561417025 0.027155531235537635
leaf_weight=60.4348064083606 13.455412935465572 12.454793497920035 91.751162488013506 30.690933503210545 108.58073647879064 51.866282686591148
leaf_count=164 32 14 559 192 271 89
internal_value=0.00785417 -0.00220687 -0.00730124 0.0125597 0.00627534 0.0203534
internal_weight=369.234 117.661 105.207 251.573 139.272 112.301
internal_count=1321 605 591 716 463 253
is_linear=0
shrinkage=0.03


Tree=83
num_leaves=8
num_cat=0
split_feature=1 0 13 15 10 23 10
split_gain=21.7538 29.7121 29.3453 17.4426 9.91139 7.54098 6.43906
threshold=5.0344109320528228 75.500000000000014 0.31823502504286688 36.750000000000007 0.0095370960555400206 142.50000000000003 4.4824540198152476e-17
decision_type=2 2 2 2 2 2 2
left_child=4 2 -2 -3 6 -6 -1
right_child=1 3 -4 -5 5 -7 -8
leaf_value=0.017618530194827058 0.060180731907990143 0.012448095699895448 -0.017383612851773329 -0.017420806723075648 0.020627144195778817 -0.0053762144981855109 0.038714602408173461
leaf_weight=56.919979676604271 4.6237885951995841 126.97946111857891 86.795844528824091 20.426635667681694 16.001334317028522 26.928907722234726 16.884066082537174
leaf_count=114 11 288 737 60 30 76 23
internal_value=0.00516378 -2.41112e-05 -0.0134606 0.00830905 0.0157776 0.00431598 0.0224447
internal_weight=355.56 238.826 91.4196 147.406 116.734 42.9302 73.804
internal_count=1339 1096 748 348 243 106 137
is_linear=0
shrinkage=0.03


Tree=84
num_leaves=5
num_cat=0
split_feature=3 5 0 0
split_gain=19.6479 23.0446 16.1195 15.7584
threshold=61.500000000000007 7.5000000000000009 46.500000000000007 74.500000000000014
decision_type=2 2 2 2
left_child=1 3 -3 -1
right_child=-2 2 -4 -5
leaf_value=0.0047617289235628761 0.040965806352941454 -0.033330009205613569 0.0007951928257068807 0.026056398042123556
leaf_weight=65.993506785482168 13.910508289933203 13.26001845858991 205.9338684361428 59.451827667653561
leaf_count=196 15 255 763 87
internal_value=0.00601032 0.00459943 -0.00126919 0.0148538
internal_weight=358.55 344.639 219.194 125.445
internal_count=1316 1301 1018 283
is_linear=0
shrinkage=0.03


Tree=85
num_leaves=5
num_cat=0
split_feature=7 4 21 16
split_gain=14.5576 17.0401 24.2243 6.1879
threshold=64.500000000000014 0.14400223846823232 1.5295978612857304 20.080540540540543
decision_type=2 2 2 2
left_child=1 2 -1 -3
right_child=-2 3 -4 -5
leaf_value=0.0035274635229095345 0.033387786715341677 0.031394567876156472 -0.0370306733693705 0.0082722599600004807
leaf_weight=283.86267583072186 16.085482642054558 25.218319237232208 13.902876000851391 17.747004598379135
leaf_count=1158 21 39 75 38
internal_value=0.00549881 0.00418221 0.00163378 0.0218438
internal_weight=356.816 340.731 297.766 42.9653
internal_count=1331 1310 1233 77
is_linear=0
shrinkage=0.03


Tree=86
num_leaves=8
num_cat=0
split_feature=0 4 13 18 19 14 13
split_gain=18.9964 26.4417 22.3133 15.6236 19.896 5.21506 3.23609
threshold=66.500000000000014 0.99141910385054011 2.0611222555538657 161.50000000000003 9.3500000000000032 9.2740327277142025e-28 0.75000000000000011
decision_type=2 2 2 2 2 2 2
left_child=1 2 -1 5 -5 -2 -3
right_child=3 6 -4 4 -6 -7 -8
leaf_value=-0.020456336319411253 0.00072508787671541296 0.030324204036683431 0.029577370773910087 -0.0070144969330075664 0.013066009106981713 0.024398043540849922 0.010017555894280515
leaf_weight=71.850466843694448 9.7533106133341771 12.134590223431589 9.0301667600870115 79.015561394393444 101.39042868465185 59.275522165000439 16.899144038558006
leaf_count=636 26 18 15 264 229 105 35
internal_value=0.00433657 -0.00605425 -0.0148702 0.00891533 0.004271 0.0210532 0.0185047
internal_weight=359.349 109.914 80.8806 249.435 180.406 69.0288 29.0337
internal_count=1328 704 651 624 493 131 53
is_linear=0
shrinkage=0.03


Tree=87
num_leaves=7
num_cat=0
split_feature=4 3 6 15 0 2
split_gain=21.0371 26.43 22.6546 17.8477 4.65271 0.797246
threshold=0.14400223846823232 13.500000000000002 2.9150706066625686e-08 36.861111111111121 37.500000000000007 1.5000000000000002
decision_type=2 2 2 2 2 2
left_child=1 2 -1 -3 -2 -6
right_child=4 3 -4 -5 5 -7
leaf_value=-0.051797016583622291 0.0092864217521896834 0.0097179881567872554 -0.0069055035694763536 -0.015831780031466489 0.035043624002077389 0.025357338986626801
leaf_weight=11.983944866806267 14.770932480692862 194.94451178796589 64.959594678133726 28.161225976422429 14.025935918092726 16.816613167524341
leaf_count=75 30 538 515 105 22 28
internal_value=0.00414979 0.00126418 -0.0138974 0.006493 0.0231316 0.0297623
internal_weight=345.663 300.049 76.9435 223.106 45.6135 30.8425
internal_count=1313 1233 590 643 80 50
is_linear=0
shrinkage=0.03


Tree=88
num_leaves=8
num_cat=0
split_feature=22 0 5 19 18 20 3
split_gain=20.4278 19.5109 23.3488 14.5856 14.4297 14.0088 9.02577
threshold=13.738955857137212 55.500000000000007 7.5000000000000009 11.350000000000003 208.50000000000003 7.8500000000000005 20.433155267051223
decision_type=2 2 2 2 2 2 2
left_child=1 5 -3 4 -2 -1 -5
right_child=3 2 -4 6 -6 -7 -8
leaf_value=-0.072793819356707229 0.015751851961227855 0.01573851581486058 -0.0052807916884123687 0.041660996188231089 -0.014265859008222808 -0.014457463173712982 0.011764785405858904
leaf_weight=4.1448326483368865 45.289022698998451 75.502530574798584 128.53348068147898 22.449276193976402 21.140425581485033 34.897424295544624 15.270966686308382
leaf_count=30 105 142 517 40 84 384 31
internal_value=0.00354237 -0.00122062 0.0024973 0.0146589 0.00619905 -0.0206506 0.0295576
internal_weight=347.228 243.078 204.036 104.15 66.4294 39.0423 37.7202
internal_count=1333 1073 659 260 189 414 71
is_linear=0
shrinkage=0.03


Tree=89
num_leaves=8
num_cat=0
split_feature=20 5 3 16 6 13 22
split_gain=23.6174 22.536 19.7018 18.7782 20.1915 13.5156 11.8148
threshold=10.250000000000002 13.500000000000002 25.500000000000004 16.206389452332662 0.061046216626248338 0.45000000000000007 9.9248390131544575
decision_type=2 2 2 2 2 2 2
left_child=3 2 -2 4 -1 -5 -3
right_child=1 6 -4 5 -6 -7 -8
leaf_value=0.01902164859417874 -0.0029698469703033962 0.052120332889940689 0.025442849289386685 0.04648979654749831 -0.031630375717370415 0.013909278658899694 -0.025118074100120506
leaf_weight=12.435966253280641 99.665774390101433 1.8628202807158221 28.173504538834095 12.442762825638054 16.455199230462313 144.99595889821649 41.281911304220557
leaf_count=26 409 11 44 28 94 346 392
internal_value=0.00501607 -0.00303543 0.00329181 0.0124044 -0.00982763 0.0164842 -0.0217832
internal_weight=357.314 170.984 127.839 186.33 28.8912 157.439 43.1447
internal_count=1350 856 453 494 120 374 403
is_linear=0
shrinkage=0.03


Tree=90
num_leaves=8
num_cat=0
split_feature=22 16 23 3 17 5 20
split_gain=16.2507 17.7316 14.9611 14.1346 17.4273 13.7303 4.7991
threshold=12.730039768834844 14.922619047619049 213.50000000000003 14.500000000000002 11.750000000000002 8.5000000000000018 8.3500000000000032
decision_type=2 2 2 2 2 2 2
left_child=3 6 -3 4 -1 -5 -2
right_child=1 2 -4 5 -6 -7 -8
leaf_value=0.0085510508150945571 0.0017676968392455424 0.019081543827192352 -0.0034650424134596374 0.01839278037214441 -0.024269920202193096 -0.0030463262554186387 -0.044146649642163353
leaf_weight=23.43694081902504 3.1263348758220655 137.13598015531898 32.828564066439867 46.831387512385845 38.443173693493009 63.121907906606793 5.944559533149004
leaf_count=174 9 333 123 85 298 250 52
internal_value=0.00622049 0.0125456 0.0147267 -0.000369735 -0.0118391 0.00608503 -0.028322
internal_weight=350.869 179.035 169.965 171.833 61.8801 109.953 9.07089
internal_count=1324 517 456 807 472 335 61
is_linear=0
shrinkage=0.03


Tree=91
num_leaves=8
num_cat=0
split_feature=9 11 0 7 14 0 0
split_gain=22.8091 23.3649 28.2372 19.1059 12.1666 17.8324 5.60307
threshold=2.4986188804604175 11.350000000000003 76.500000000000014 45.500000000000007 4.6382554453868421e-09 58.500000000000007 47.500000000000007
decision_type=2 2 2 2 2 2 2
left_child=4 3 -3 -2 6 -6 -1
right_child=1 2 -4 -5 5 -7 -8
leaf_value=0.0078223547410483305 -0.0015345386723842544 -0.035677986174082542 -0.0020102059504749268 0.02756079588781803 -0.020797706348454244 0.012248531328041344 0.03009436444986684
leaf_weight=13.992056682705877 70.247723694890738 34.435828812420368 64.252758100628853 28.575101032853127 18.247911434620619 75.509105198085308 37.177455648779869
leaf_count=43 239 498 192 42 114 144 69
internal_value=0.00319952 -0.00343275 -0.013758 0.00687852 0.0122382 0.00581675 0.0240042
internal_weight=342.438 197.511 98.6886 98.8228 144.927 93.757 51.1695
internal_count=1341 971 690 281 370 258 112
is_linear=0
shrinkage=0.03


Tree=92
num_leaves=8
num_cat=0
split_feature=22 0 23 10 24 22 6
split_gain=25.373 32.5051 17.6158 7.31542 11.7995 7.70926 7.22449
threshold=13.738955857137212 58.500000000000007 58.000000000000007 4.7474276639154759e-17 0.95000000000000007 14.413282047175295 2.2516155625402111e-12
decision_type=2 2 2 2 2 2 2
left_child=1 6 -3 5 -5 -2 -1
right_child=3 2 -4 4 -6 -7 -8
leaf_value=-0.010440725409012534 0.034936731544910615 0.043135640254976612 0.0023481084257778737 -0.020871404926572662 0.015154343289455691 0.014026516137349763 -0.034832346603876359
leaf_weight=19.626966670155525 27.776098251342773 10.049453631043432 184.34562601521611 10.314220525324343 39.588576078414917 37.015948507934809 24.659768763929605
leaf_count=72 53 16 587 51 90 85 387
internal_value=0.00474495 -0.000827563 0.00445666 0.0163414 0.00770832 0.0229906 -0.0240225
internal_weight=353.377 238.682 194.395 114.695 49.9028 64.792 44.2867
internal_count=1341 1062 603 279 141 138 459
is_linear=0
shrinkage=0.03


Tree=93
num_leaves=5
num_cat=0
split_feature=1 17 8 16
split_gain=18.1965 17.4339 19.8381 2.94242
threshold=4.0894206596997495 29.700000000000006 1.5000000000000002 19.812812812812815
decision_type=2 2 2 2
left_child=3 2 -2 -1
right_child=1 -3 -4 -5
leaf_value=0.030206759430416456 -0.053431552939010869 0.028433220794362647 0.00077163692339596974 0.013743351266178075
leaf_weight=22.528745412826538 6.2121945619583121 20.197860881686211 279.36274206824601 17.25230048596859
leaf_count=38 31 36 1194 36
internal_value=0.00398072 0.00149761 -0.000407461 0.0230669
internal_weight=345.554 305.773 285.575 39.781
internal_count=1335 1261 1225 74
is_linear=0
shrinkage=0.03


Tree=94
num_leaves=5
num_cat=0
split_feature=3 4 0 0
split_gain=13.8881 14.9147 20.677 5.69876
threshold=61.500000000000007 0.57697845111028812 46.500000000000007 37.500000000000007
decision_type=2 2 2 2
left_child=1 2 -1 -3
right_child=-2 3 -4 -5
leaf_value=-0.02865959491073386 0.034377799672464092 0.0041990537418730104 0.0039441462943917358 0.029248207510898783
leaf_weight=18.675440857186913 14.285794511437414 11.71166881918907 279.64273183979094 27.060903951525688
leaf_count=306 17 26 937 48
internal_value=0.00540587 0.00417805 0.00190307 0.0216818
internal_weight=351.377 337.091 298.318 38.7726
internal_count=1334 1317 1243 74
is_linear=0
shrinkage=0.03


Tree=95
num_leaves=5
num_cat=0
split_feature=17 6 23 15
split_gain=17.0306 17.8476 19.5941 8.60182
threshold=29.700000000000006 1.186207745328435e-19 77.500000000000014 36.027777777777786
decision_type=2 2 2 2
left_child=1 3 -3 -1
right_child=-2 2 -4 -5
leaf_value=0.027031768192921374 0.029170522893625171 0.020998204062742668 -0.0049881849674953977 0.0059254060326149804
leaf_weight=30.889852724969387 21.914288982748985 29.613669961690903 220.98607741482556 39.729637615382671
leaf_count=55 38 71 1077 93
internal_value=0.00358224 0.00183655 -0.00191734 0.0151576
internal_weight=343.134 321.219 250.6 70.6195
internal_count=1334 1296 1148 148
is_linear=0
shrinkage=0.03


Tree=96
num_leaves=8
num_cat=0
split_feature=0 1 11 9 14 19 7
split_gain=23.3459 21.0928 24.5933 14.2867 17.0337 6.27891 3.45487
threshold=86.500000000000014 4.0894206596997495 11.65 3.4525745300917401 1.7888674771761341e-14 7.4500000000000011 15.500000000000002
decision_type=2 2 2 2 2 2 2
left_child=1 6 -3 5 -5 -2 -1
right_child=3 2 -4 4 -6 -7 -8
leaf_value=0.0086678617981429534 0.003746431680186429 0.0056658388943064521 -0.014828895205706039 0.012914585366436795 -0.040768593726758333 0.028148390789732091 0.028060378472446645
leaf_weight=13.534542843699453 11.468601062893866 104.17826800048351 106.63326143659651 18.92875970155001 7.3988572210073462 55.015397250652313 21.248709432780743
leaf_count=29 25 317 746 52 28 81 39
internal_value=0.0037143 -0.00112964 -0.00470086 0.0165322 -0.00217201 0.023939 0.0205145
internal_weight=338.406 245.595 210.812 92.8116 26.3276 66.484 34.7833
internal_count=1317 1131 1063 186 80 106 68
is_linear=0
shrinkage=0.03


Tree=97
num_leaves=5
num_cat=0
split_feature=13 0 2 19
split_gain=15.5887 14.6138 20.8415 10.4471
threshold=0.31823502504286688 86.500000000000014 5.2271097658831236 6.9500000000000011
decision_type=2 2 2 2
left_child=-1 2 -2 -3
right_child=1 3 -4 -5
leaf_value=0.052820305935866771 0.0084353228770950826 -0.0054545023749557886 -0.0090455417818245312 0.019243539976795496
leaf_weight=5.9526145607233039 127.57516105100513 19.55017764121294 118.3049508035183 72.855096213519573
leaf_count=13 331 52 799 138
internal_value=0.00469378 0.00384693 2.44237e-05 0.0140182
internal_weight=344.238 338.285 245.88 92.4053
internal_count=1333 1320 1130 190
is_linear=0
shrinkage=0.03


Tree=98
num_leaves=8
num_cat=0
split_feature=9 18 19 11 15 0 10
split_gain=14.9413 16.9763 24.1223 15.8187 14.961 14.7647 8.23768
threshold=2.4986188804604175 158.50000000000003 9.3500000000000032 11.850000000000003 36.361111111111121 55.500000000000007 0.051759401734620812
decision_type=2 2 2 2 2 2 2
left_child=4 3 -3 -2 6 -6 -1
right_child=1 2 -4 -5 5 -7 -8
leaf_value=0.028040474295986318 0.019717080539696143 -0.022431643641117258 0.0034711520491895538 -0.017114821021773131 -0.023713357805465223 0.008258378993353915 0.0032793319605538681
leaf_weight=46.41882411018014 45.071839366108179 59.215181285515428 71.338589929044247 13.679773341864346 15.959037128835915 70.104412414133549 16.351946130394936
leaf_count=85 100 383 376 77 105 149 45
internal_value=0.00334071 -0.00225091 -0.00827756 0.0111411 0.0104528 0.00232975 0.0215901
internal_weight=338.14 189.305 130.554 58.7516 148.834 86.0634 62.7708
internal_count=1320 936 759 177 384 254 130
is_linear=0
shrinkage=0.03


Tree=99
num_leaves=7
num_cat=0
split_feature=4 0 12 0 19 5
split_gain=15.3005 21.5696 13.2896 5.02725 4.73395 0.785122
threshold=0.14400223846823232 46.500000000000007 25.350000000000005 37.500000000000007 2.7500000000000004 3.5000000000000004
decision_type=2 2 2 2 2 2
left_child=1 4 -3 -2 -1 -5
right_child=3 2 -4 5 -6 -7
leaf_value=0.017537551811089576 0.0066567706024246243 0.030207617775483305 0.0032121675010917832 0.025306673242754756 -0.033442784133269295 0.035536630796017619
leaf_weight=1.8166960291564489 12.259262531995772 17.494858711957932 265.28094471432269 15.50727239251137 16.788711724802852 11.959078103303908
leaf_count=7 27 25 910 30 319 20
internal_value=0.00513046 0.00282368 0.00488233 0.022631 -0.0284649 0.0297609
internal_weight=341.107 301.381 282.776 39.7256 18.6054 27.4664
internal_count=1338 1261 935 77 326 50
is_linear=0
shrinkage=0.03


Tree=100
num_leaves=5
num_cat=0
split_feature=13 23 5 23
split_gain=15.3849 12.5941 23.7734 13.2663
threshold=0.31823502504286688 60.500000000000007 14.500000000000002 39.500000000000007
decision_type=2 2 2 2
left_child=-1 3 -3 -2
right_child=1 2 -4 -5
leaf_value=0.056751001602192326 -0.0040131304421923836 0.0057592176024473217 -0.016791241033450692 0.040790264627724344
leaf_weight=5.008205007761716 9.4868253841996211 260.67768806219101 50.173174990341067 15.945144418627022
leaf_count=11 26 886 371 27
internal_value=0.00455736 0.00378005 0.00211944 0.0240774
internal_weight=341.291 336.283 310.851 25.432
internal_count=1321 1310 1257 53
is_linear=0
shrinkage=0.03


Tree=101
num_leaves=6
num_cat=0
split_feature=22 6 3 21 17
split_gain=15.2765 15.8645 17.7517 5.93209 3.64488
threshold=10.15 1.186207745328435e-19 19.500000000000004 0.34780015411609777 10.15
decision_type=2 2 2 2 2
left_child=4 3 -3 -2 -1
right_child=1 2 -4 -5 -6
leaf_value=-0.010291783554357213 0.031027444704469814 -0.0070613816907915995 0.0087205357638682288 0.011193279341128824 -0.052895537031002401
leaf_weight=2.7592533417046061 18.761116065084934 136.20732429809868 121.24242434278131 49.060356587171555 5.2384929470717907
leaf_count=21 33 813 294 113 38
internal_value=0.00276429 0.00377145 0.000370896 0.0166799 -0.0381971
internal_weight=333.269 325.271 257.45 67.8215 7.99775
internal_count=1312 1253 1107 146 59
is_linear=0
shrinkage=0.03


Tree=102
num_leaves=8
num_cat=0
split_feature=22 12 19 16 9 3 10
split_gain=19.5813 14.5337 15.7212 13.1903 14.3367 9.60533 1.83197
threshold=12.730039768834844 44.250000000000007 8.4500000000000011 15.078600405679515 1.5000000000000002 61.500000000000007 -4.3551468550021365e-18
decision_type=2 2 2 2 2 2 2
left_child=1 2 -1 4 -2 -5 -3
right_child=3 6 -4 5 -6 -7 -8
leaf_value=-0.015941068568391406 0.026217745827905273 -0.065229226662888773 0.0045966352203346671 0.010223900514340507 -0.045529922121641385 0.04062685878131593 -0.034381496894773905
leaf_weight=51.84043506719172 3.7687806598842126 2.6386010516434908 95.048602487891912 152.98932388424873 7.4840844143182039 9.9613536298274976 5.0465343464165917
leaf_count=311 9 29 389 445 63 10 63
internal_value=0.00301662 -0.00475571 -0.00265158 0.00991315 -0.0215004 0.0120825 -0.0449727
internal_weight=328.778 154.574 146.889 174.204 11.2529 162.951 7.68514
internal_count=1319 792 700 527 72 455 92
is_linear=0
shrinkage=0.03


Tree=103
num_leaves=8
num_cat=0
split_feature=22 12 5 14 15 11 19
split_gain=18.0715 15.7345 15.7281 15.5942 15.1298 10.5631 9.03752
threshold=12.65 43.45000000000001 14.500000000000002 1.7202459632399309e-29 37.250000000000007 8.3500000000000032 11.450000000000001
decision_type=2 2 2 2 2 2 2
left_child=2 5 4 -4 -1 -2 -3
right_child=1 6 3 -5 -6 -7 -8
leaf_value=0.0032815445542165931 0.03122501687287732 0.014741380335612609 0.021649099485673184 -0.039116551859562525 -0.047856236516937184 0.006200458872555728 0.063520531931050353
leaf_weight=125.7871698141098 16.802952103316784 6.1521712876856309 4.8468803055584457 17.613468999043107 5.4319250080734482 157.26939780637622 7.6929067000746727
leaf_count=513 24 28 22 199 35 495 16
internal_value=0.00482423 0.0110642 -0.00280599 -0.0260035 0.00116465 0.00861604 0.0418451
internal_weight=341.597 187.917 153.679 22.4603 131.219 174.072 13.8451
internal_count=1332 563 769 221 548 519 44
is_linear=0
shrinkage=0.03


Tree=104
num_leaves=8
num_cat=0
split_feature=0 22 18 19 19 3 14
split_gain=18.6451 22.0539 29.4981 16.9039 15.1432 19.3764 10.3425
threshold=86.500000000000014 15.250000000000002 218.50000000000003 11.250000000000002 7.1500000000000012 37.500000000000007 6.2084572198831998e-29
decision_type=2 2 2 2 2 2 2
left_child=1 2 -1 -3 5 -2 -6
right_child=4 3 -4 -5 6 -7 -8
leaf_value=0.0030147904421141407 -0.033999731868760236 0.00030353221424333837 -0.020859148559025195 0.037715436764989042 0.059053533240326625 0.025945761613625672 0.017139689875597462
leaf_weight=112.98540082760155 11.631943918764593 24.827833656221628 79.250138164497912 19.333679616451263 5.8122941255569449 8.3269407749176008 59.940984264016151
leaf_count=486 45 70 557 28 8 12 116
internal_value=0.0019106 -0.00243552 -0.00682737 0.0166823 0.0138974 -0.00899019 0.0208447
internal_weight=322.109 236.397 192.236 44.1615 85.7122 19.9589 65.7533
internal_count=1322 1141 1043 98 181 57 124
is_linear=0
shrinkage=0.03


Tree=105
num_leaves=6
num_cat=0
split_feature=17 5 19 21 19
split_gain=16.6378 15.0928 24.1258 13.9647 7.0852
threshold=29.350000000000005 13.500000000000002 4.1500000000000012 1.700145145719514 10.550000000000002
decision_type=2 2 2 2 2
left_child=1 3 -3 -1 -2
right_child=4 2 -4 -5 -6
leaf_value=0.0066814298943748095 0.010095316348114253 0.025820072798024889 -0.016620678830988455 -0.025886524969492383 0.042096861789995277
leaf_weight=200.61032222397625 12.600115653127434 14.330938894301651 75.896877383813262 12.593158479779957 12.309760540723799
leaf_count=646 30 31 547 60 15
internal_value=0.00234008 0.000405162 -0.00987979 0.00475776 0.0259096
internal_weight=328.341 303.431 90.2278 213.203 24.9099
internal_count=1329 1284 578 706 45
is_linear=0
shrinkage=0.03


Tree=106
num_leaves=7
num_cat=0
split_feature=0 14 2 15 14 6
split_gain=14.4067 17.336 21.0291 19.616 8.66984 7.86556
threshold=86.500000000000014 0.99999995453292267 5.2271097658831236 36.166867293781799 1.3650074059751963e-25 0.99999581501663115
decision_type=2 2 2 2 2 2
left_child=1 2 -1 -3 -2 -6
right_child=4 3 -4 -5 5 -7
leaf_value=0.013590803728061887 0.034312344678159856 0.0055325734727451328 -0.0051656797532562658 -0.03953908599768962 0.019147547701893412 -0.00038704888146257169
leaf_weight=97.273432448506355 15.673789754509924 15.66091427952051 120.3656288869679 19.525634799152613 38.601929023861885 35.713655605912209
leaf_count=235 30 43 786 91 66 91
internal_value=0.00372792 5.88281e-05 0.0032175 -0.0194785 0.0140363 0.00975986
internal_weight=342.815 252.826 217.639 35.1865 89.9894 74.3156
internal_count=1342 1155 1021 134 187 157
is_linear=0
shrinkage=0.03


Tree=107
num_leaves=8
num_cat=0
split_feature=22 3 20 5 19 22 17
split_gain=12.7013 16.6051 18.8644 11.0821 6.36598 12.258 5.09186
threshold=13.738955857137212 20.433155267051223 7.4500000000000011 13.500000000000002 8.4500000000000011 16.550000000000004 29.700000000000006
decision_type=2 2 2 2 2 2 2
left_child=1 2 -1 -3 5 -2 -6
right_child=4 3 -4 -5 6 -7 -8
leaf_value=-0.049712096125946931 0.012868246906171572 0.018316809739006346 -0.0030144768877610095 -0.0050200529792761798 0.015545934124313763 -0.025989921844516019 0.039601505997006341
leaf_weight=8.2226700950413925 32.285439904779196 58.428871870040894 146.49130003992468 26.674781769514084 49.721268923953176 9.4433705843985063 9.4196185767650586
leaf_count=43 88 109 821 99 128 36 13
internal_value=0.00411515 0.000358443 -0.00549634 0.0110021 0.0130467 0.00407451 0.0193774
internal_weight=340.687 239.818 154.714 85.1037 100.87 41.7288 59.1409
internal_count=1337 1072 864 208 265 124 141
is_linear=0
shrinkage=0.03


Tree=108
num_leaves=8
num_cat=0
split_feature=16 0 5 14 0 10 23
split_gain=14.3318 15.2149 16.8137 14.6811 10.7306 10.683 9.68223
threshold=18.106203007518801 84.500000000000014 12.500000000000002 1.1825474821923402e-22 34.500000000000007 -0.025124898255208489 60.500000000000007
decision_type=2 2 2 2 2 2 2
left_child=1 2 -1 -3 5 -2 -6
right_child=4 3 -4 -5 6 -7 -8
leaf_value=-0.001603404559935018 0.021896879272766703 0.039198659007270799 -0.028316175967837986 0.00048769661353561259 0.031500136153875105 -0.032207728145258539 0.0085711226154167371
leaf_weight=63.640928043052554 4.7824488729238501 11.89448471367359 31.80421294644475 34.081243082880974 18.484274066984653 10.486160159111021 160.44418638944626
leaf_count=265 10 22 330 87 34 103 489
internal_value=0.00358945 -0.00367518 -0.0105046 0.0105027 0.00887979 -0.015261 0.0109398
internal_weight=335.618 141.421 95.4451 45.9757 194.197 15.2686 178.928
internal_count=1340 704 595 109 636 113 523
is_linear=0
shrinkage=0.03


Tree=109
num_leaves=8
num_cat=0
split_feature=20 0 4 14 18 6 10
split_gain=14.826 22.3383 19.6107 15.8734 10.4048 12.7098 8.93075
threshold=10.250000000000002 86.500000000000014 0.14400223846823232 4.5974288721243319e-23 258.50000000000006 0.0063342418813666619 -2.9394060735890009e-16
decision_type=2 2 2 2 2 2 2
left_child=4 2 -2 -3 6 -6 -1
right_child=1 3 -4 -5 5 -7 -8
leaf_value=0.029367964661316737 -0.014184378062430475 0.042901762775103533 0.019328385898359897 0.0044906663652451509 0.014508464064479736 -0.018609487517757307 0.010706995252622354
leaf_weight=29.081284023821354 97.868804385885596 13.694259107112883 18.721109218895435 33.054553031921387 20.314277529716492 21.432856261730194 111.87489048019052
leaf_count=42 701 24 38 76 45 111 305
internal_value=0.00478948 -0.00177799 -0.00880316 0.0157425 0.0106609 -0.0024942 0.014557
internal_weight=346.042 163.339 116.59 46.7488 182.703 41.7471 140.956
internal_count=1342 839 739 100 503 156 347
is_linear=0
shrinkage=0.03


Tree=110
num_leaves=8
num_cat=0
split_feature=3 2 19 16 15 3 14
split_gain=16.8642 16.2104 28.6403 14.8063 12.8501 12.4332 2.08656
threshold=19.500000000000004 4.3779512885137839 10.250000000000002 21.884444444444448 35.583333333333336 63.500000000000007 4.5733545977212686e-21
decision_type=2 2 2 2 2 2 2
left_child=1 3 -3 -1 6 -6 -2
right_child=4 2 -4 -5 5 -7 -8
leaf_value=0.018311594615710861 0.039296263399792176 -0.022201475732284415 0.0053490058981724292 -0.024610345686066581 0.0012057187526678167 0.03386299190548013 0.021372850267463606
leaf_weight=37.935275182127953 9.5939250290393847 78.517824196256697 59.841386834159493 8.9373098760843259 104.39623668417335 11.664549544453619 14.962191388010977
leaf_count=76 14 560 318 30 292 14 28
internal_value=0.000826287 -0.00512015 -0.0102857 0.0101276 0.00865941 0.0044879 0.0283754
internal_weight=325.849 185.232 138.359 46.8726 140.617 116.061 24.5561
internal_count=1332 984 878 106 348 306 42
is_linear=0
shrinkage=0.03


Tree=111
num_leaves=8
num_cat=0
split_feature=0 1 10 19 3 10 21
split_gain=15.9897 19.2337 19.6531 19.4573 11.5812 10.1947 5.52417
threshold=75.500000000000014 5.0344109320528228 0.025672195070724994 13.15 11.500000000000002 -2.9394060735890009e-16 0.51697347450054409
decision_type=2 2 2 2 2 2 2
left_child=1 2 -1 -3 6 -6 -2
right_child=4 3 -4 -5 5 -7 -8
leaf_value=0.018428810608214993 -0.033853382594039853 -0.020929309097535119 -0.022208172984568834 0.014502016737095606 0.02464078124748546 0.0075149617162793012 0.0062817479395066685
leaf_weight=46.35386698693037 7.7818156331777555 64.493406143039465 13.929790951311587 17.798998167738318 40.850512951612473 133.5785221233964 5.1153074949979782
leaf_count=107 36 596 59 116 67 313 11
internal_value=0.00373544 -0.00383507 0.00903879 -0.0132659 0.00949744 0.0115258 -0.0179348
internal_weight=329.902 142.576 60.2837 82.2924 187.326 174.429 12.8971
internal_count=1305 878 166 712 427 380 47
is_linear=0
shrinkage=0.03


Tree=112
num_leaves=8
num_cat=0
split_feature=10 17 0 15 0 3 21
split_gain=20.7752 17.2675 16.0739 8.30339 7.23278 12.9989 6.18819
threshold=-2.9394060735890009e-16 11.37143483997419 46.500000000000007 36.472222222222229 76.500000000000014 13.500000000000002 0.43241096079147801
decision_type=2 2 2 2 2 2 2
left_child=4 3 -3 -2 5 -1 -6
right_child=1 2 -4 -5 6 -7 -8
leaf_value=0.021268895352315097 -0.0045576398284683664 -0.026233957700975544 0.0034182662631990208 -0.042408667766459851 0.036429816571592354 -0.017783914284221873 0.014165864066893392
leaf_weight=18.928565211594108 8.7881830893456954 17.88058597035706 206.09374368563294 12.832604827359317 20.269124045968056 12.897713325917719 25.210790857672691
leaf_count=58 47 249 697 127 25 49 49
internal_value=0.00284882 -0.00142048 0.00105103 -0.0270234 0.016412 0.0054426 0.0240883
internal_weight=322.901 245.595 223.974 21.6208 77.3062 31.8263 45.4799
internal_count=1301 1120 946 174 181 107 74
is_linear=0
shrinkage=0.03


Tree=113
num_leaves=5
num_cat=0
split_feature=3 5 23 20
split_gain=14.0489 13.6823 21.0281 15.4352
threshold=61.500000000000007 14.500000000000002 64.500000000000014 14.65
decision_type=2 2 2 2
left_child=1 3 -3 -1
right_child=-2 2 -4 -5
leaf_value=0.0024010009739162032 0.031683496289051878 0.027162933389240331 -0.021409523037121046 0.049771082787712764
leaf_weight=264.33447106555104 13.75520485639572 9.7344909757375699 45.587928928434849 6.3392430152744046
leaf_count=952 18 15 379 22
internal_value=0.00198496 0.000731849 -0.0128628 0.00351042
internal_weight=339.751 325.996 55.3224 270.674
internal_count=1386 1368 394 974
is_linear=0
shrinkage=0.03


Tree=114
num_leaves=7
num_cat=0
split_feature=22 14 13 21 0 6
split_gain=15.6448 11.7439 10.5103 10.1865 12.4641 9.97299
threshold=11.050000000000002 0.99999999999999867 1.3500000000000003 1.7491461428286337 76.500000000000014 0.99998964238358712
decision_type=2 2 2 2 2 2
left_child=1 2 -1 5 -5 -2
right_child=3 -3 -4 4 -6 -7
leaf_value=-0.033027665306541998 0.012573286526812107 0.017632138281407261 0.008556532163227824 -0.052670393856644238 0.0094595085913849065 0.0011857214501398536
leaf_weight=23.517139086499814 130.92369953170419 7.9169580973684779 7.1282476112246504 5.9077657200396043 5.7194523960351944 146.85377619881183
leaf_count=209 327 16 21 40 11 701
internal_value=0.00300969 -0.0149402 -0.023355 0.00540146 -0.0221086 0.00655298
internal_weight=327.967 38.5623 30.6454 289.405 11.6272 277.777
internal_count=1325 246 230 1079 51 1028
is_linear=0
shrinkage=0.03


Tree=115
num_leaves=7
num_cat=0
split_feature=22 2 24 0 6 12
split_gain=14.4004 14.5917 15.9492 9.3045 4.15575 1.63791
threshold=10.15 5.2271097658831236 0.55000000000000016 47.500000000000007 9.7096357522226036e-10 37.050000000000004
decision_type=2 2 2 2 2 2
left_child=4 3 -3 -2 -1 -6
right_child=1 2 -4 -5 5 -7
leaf_value=-0.074222370916217778 -0.0076871036744692485 0.035153039930358412 -0.0051286664091261553 0.013070510450379299 -0.0039457782598281126 -0.040317401848729909
leaf_weight=2.2644934058189383 22.931371703743935 9.3605349427089077 161.04747730493546 127.4591504111886 1.9764748737215994 2.5545159727334976
leaf_count=12 108 41 870 265 9 31
internal_value=0.00217924 0.00309469 -0.00291599 0.00990541 -0.041037 -0.0244516
internal_weight=327.594 320.799 170.408 150.391 6.79548 4.53099
internal_count=1336 1284 911 373 52 40
is_linear=0
shrinkage=0.03


Tree=116
num_leaves=5
num_cat=0
split_feature=17 21 23 0
split_gain=15.2268 13.5674 12.8468 7.16849
threshold=29.350000000000005 1.7348986462441494 60.500000000000007 76.500000000000014
decision_type=2 2 2 2
left_child=1 2 -1 -3
right_child=-2 3 -4 -5
leaf_value=0.024439187175655429 0.028601035626973265 -0.049678443733822297 0.0018020535821004727 -0.0047806886747329743
leaf_weight=24.584949919953942 21.273010425269604 6.5866483654826862 274.33065815921873 6.2256211191415787
leaf_count=55 37 47 1178 15
internal_value=0.00404398 0.00236815 0.00366389 -0.0278621
internal_weight=333.001 311.728 298.916 12.8123
internal_count=1332 1295 1233 62
is_linear=0
shrinkage=0.03


Tree=117
num_leaves=4
num_cat=0
split_feature=3 13 18
split_gain=14.0541 14.6816 21.2255
threshold=63.500000000000007 0.31823502504286688 240.50000000000003
decision_type=2 2 2
left_child=1 -1 -3
right_child=-2 2 -4
leaf_value=0.049102607083266546 0.034650490774161102 0.0059105163214834599 -0.011587696840949574
leaf_weight=5.7783037051558486 12.132060229778288 214.82395112793893 87.925434757955372
leaf_count=12 14 775 510
internal_value=0.00297817 0.00173274 0.00082863
internal_weight=320.66 308.528 302.749
internal_count=1311 1297 1285
is_linear=0
shrinkage=0.03


Tree=118
num_leaves=7
num_cat=0
split_feature=15 20 24 19 3 3
split_gain=13.805 13.4303 13.3784 11.6173 8.87366 15.8253
threshold=37.083333333333336 14.250000000000002 0.55000000000000016 13.350000000000003 26.500000000000004 6.5000000000000009
decision_type=2 2 2 2 2 2
left_child=1 2 -1 -3 5 -2
right_child=4 3 -4 -5 -6 -7
leaf_value=0.032821470699676711 0.031040059087823663 -0.0034564530907497445 0.0032750261657869782 0.063881004689289964 0.017873145094277527 -0.038921461094676355
leaf_weight=14.496912959963081 3.5426173917949262 3.5774831715971214 283.7672207262367 6.4871704336255789 5.1201034039258948 16.292526328004897
leaf_count=51 12 32 1110 19 10 105
internal_value=0.00412424 0.00586126 0.00471111 0.0399459 -0.0173372 -0.0264261
internal_weight=333.284 308.329 298.264 10.0647 24.9552 19.8351
internal_count=1339 1212 1161 51 127 117
is_linear=0
shrinkage=0.03


Tree=119
num_leaves=8
num_cat=0
split_feature=22 0 18 9 12 18 19
split_gain=10.7374 17.8702 15.4547 15.3393 15.1518 11.5048 5.72255
threshold=12.591034546164897 84.500000000000014 118.00000000000001 3.4525745300917401 43.45000000000001 210.50000000000003 11.450000000000001
decision_type=2 2 2 2 2 2 2
left_child=1 2 -1 -3 5 -2 -6
right_child=4 3 -4 -5 6 -7 -8
leaf_value=0.024140436652498997 0.011670138664869505 0.022420082210683739 -0.01490037003583621 -0.015513604604358038 0.017032554492002042 -0.0044305465575731054 0.054867320493158379
leaf_weight=10.246747886762021 103.658556798473 34.601709321141243 83.409569192677736 13.274636149406431 6.6695236498489958 64.980740854516625 7.8122722748667002
leaf_count=36 268 59 587 51 32 269 20
internal_value=0.00319852 -0.00300734 -0.010629 0.0119022 0.00799497 0.00546616 0.0374427
internal_weight=324.654 141.533 93.6563 47.8763 183.121 168.639 14.4818
internal_count=1322 733 623 110 589 537 52
is_linear=0
shrinkage=0.03


Tree=120
num_leaves=7
num_cat=0
split_feature=19 13 23 20 10 0
split_gain=16.5138 22.0232 18.0795 13.8454 15.3177 11.4719
threshold=11.350000000000003 0.95000000000000007 103.50000000000001 13.950000000000001 6.772988525319154e-17 85.500000000000014
decision_type=2 2 2 2 2 2
left_child=1 2 -1 4 -2 -3
right_child=3 5 -4 -5 -6 -7
leaf_value=0.0093812322150910333 0.020183223072480164 0.00050627187796639574 -0.017400906775705462 0.047976511354082693 -0.0040521397096056041 0.021404372118706824
leaf_weight=30.830997949466109 53.80189061537385 58.459261384792626 85.858765486627817 9.2895140256732684 41.634636625647545 39.692423477768898
leaf_count=103 153 200 575 35 175 68
internal_value=0.00324584 -0.00151554 -0.0103247 0.0130136 0.00961043 0.00895744
internal_weight=319.567 214.841 116.69 104.726 95.4365 98.1517
internal_count=1309 946 678 363 328 268
is_linear=0
shrinkage=0.03


Tree=121
num_leaves=5
num_cat=0
split_feature=12 19 2 0
split_gain=14.4673 12.2827 16.6197 12.0048
threshold=25.350000000000005 11.350000000000003 4.3779512885137839 37.500000000000007
decision_type=2 2 2 2
left_child=-1 2 -2 -3
right_child=1 3 -4 -5
leaf_value=0.028227111374920011 0.015098187278762106 -0.019506796597540843 -0.0070416886868143831 0.013268086874937921
leaf_weight=19.581079497933388 37.724242188036442 11.241229783743618 159.67922255862504 95.564953736960888
leaf_count=31 81 111 825 272
internal_value=0.0032322 0.00162335 -0.00281071 0.00981857
internal_weight=323.791 304.21 197.403 106.806
internal_count=1320 1289 906 383
is_linear=0
shrinkage=0.03


Tree=122
num_leaves=4
num_cat=0
split_feature=13 7 10
split_gain=14.7413 15.6165 17.8748
threshold=0.31823502504286688 64.500000000000014 -0.011489929088274143
decision_type=2 2 2
left_child=-1 2 -2
right_child=1 -3 -4
leaf_value=0.049867448306987153 0.014302134379924178 0.030598312282822449 -0.0040951351564171758
leaf_weight=5.6586369425058356 59.135878911241889 15.284981802105902 242.20627786125988
leaf_count=13 135 21 1173
internal_value=0.00187343 0.00101569 -0.000484825
internal_weight=322.286 316.627 301.342
internal_count=1342 1329 1308
is_linear=0
shrinkage=0.03


Tree=123
num_leaves=8
num_cat=0
split_feature=16 19 0 7 0 6 23
split_gain=13.5592 14.3063 15.6348 15.5847 10.0946 11.8491 11.1971
threshold=18.106203007518801 11.350000000000003 87.500000000000014 12.500000000000002 55.500000000000007 0.0014116848739928387 64.500000000000014
decision_type=2 2 2 2 2 2 2
left_child=1 2 -1 -3 5 -2 -6
right_child=4 3 -4 -5 6 -7 -8
leaf_value=-0.018393039954611813 0.0046158580819448966 0.048700439207929165 0.0087314010362166909 0.0018165199190726261 0.035702889001675495 -0.035995294652653054 0.0090249576150760059
leaf_weight=66.138590547256172 23.289105854928493 7.8289321856573215 26.905925519764423 34.50362141430378 15.834261022508143 8.9513032063841802 133.86088935285807
leaf_count=467 85 43 64 122 24 143 355
internal_value=0.00321796 -0.00397124 -0.0105494 0.0104872 0.00856739 -0.00665952 0.0118469
internal_weight=317.313 135.377 93.0445 42.3326 181.936 32.2404 149.695
internal_count=1303 696 531 165 607 228 379
is_linear=0
shrinkage=0.03


Tree=124
num_leaves=7
num_cat=0
split_feature=20 24 5 16 10 18
split_gain=13.7474 15.1027 17.5196 14.4844 9.79433 8.58987
threshold=10.250000000000002 2.1500000000000008 12.500000000000002 16.206389452332662 -0.025124898255208489 139.50000000000003
decision_type=2 2 2 2 2 2
left_child=3 2 -2 4 -1 -5
right_child=1 -3 -4 5 -6 -7
leaf_value=0.023889951955700768 0.0023263854217117582 0.028756811170363182 -0.019175291177245032 0.025562652556983884 -0.021170638689583014 0.0088385411658190721
leaf_weight=5.5532811880111721 94.24275828152895 12.604219634085892 53.447149115614593 37.491364642977715 19.892562574706972 105.19422855228186
leaf_count=10 369 22 465 67 105 302
internal_value=0.00352137 -0.00276468 -0.00545481 0.00951441 -0.0113367 0.0132329
internal_weight=328.426 160.294 147.69 168.131 25.4458 142.686
internal_count=1340 856 834 484 115 369
is_linear=0
shrinkage=0.03


Tree=125
num_leaves=5
num_cat=0
split_feature=17 18 14 16
split_gain=16.3829 13.8886 15.576 8.44157
threshold=30.700000000000006 158.50000000000003 4.2315990594125236e-29 22.314560439560442
decision_type=2 2 2 2
left_child=1 3 -3 -1
right_child=-2 2 -4 -5
leaf_value=0.014021588751303545 0.027912236678281969 0.01776949733864976 -0.0068236570138418117 -0.017698356506874489
leaf_weight=71.288505505770445 20.057669024914503 26.272681309841573 196.74461353197694 8.4454944208264333
leaf_count=203 36 89 968 29
internal_value=0.00165515 -8.44214e-05 -0.00392645 0.0106618
internal_weight=322.809 302.751 223.017 79.734
internal_count=1325 1289 1057 232
is_linear=0
shrinkage=0.03


Tree=126
num_leaves=7
num_cat=0
split_feature=22 9 23 0 12 5
split_gain=13.119 12.7754 20.5667 9.47085 5.29241 1.26563
threshold=10.350000000000003 1.5000000000000002 215.50000000000003 37.500000000000007 36.949316534815715 8.5000000000000018
decision_type=2 2 2 2 2 2
left_child=4 3 -3 -2 -1 -6
right_child=1 2 -4 -5 5 -7
leaf_value=-0.0072307990821523279 -0.0088221181218322807 0.0054487108669122597 -0.017745160951879335 0.016823294746204861 -0.067146845498389243 -0.037165540064247063
leaf_weight=4.6006187498569471 15.046324752271174 163.14571456145495 43.60447025578469 93.477196503430605 2.4533031694591045 2.6210800716653466
leaf_count=17 77 683 286 198 17 37
internal_value=0.00387633 0.00493228 0.000557027 0.0132677 -0.0305335 -0.0516605
internal_weight=324.949 315.274 206.75 108.524 9.675 5.07438
internal_count=1315 1244 969 275 71 54
is_linear=0
shrinkage=0.03


Tree=127
num_leaves=7
num_cat=0
split_feature=0 23 23 5 14 11
split_gain=11.2309 20.3607 21.6367 7.69279 11.2917 6.63165
threshold=86.500000000000014 35.000000000000007 77.500000000000014 14.500000000000002 4.8818200686813086e-25 10.350000000000003
decision_type=2 2 2 2 2 2
left_child=1 -1 -3 4 -2 -5
right_child=3 2 -4 5 -6 -7
leaf_value=-0.064706681291028884 0.048845838557390317 0.026499940463427598 -0.0035524781856382929 0.013952689853830502 0.011129846354010514 -0.02527774013337963
leaf_weight=4.51255028694868 8.1329269260168058 24.132467094808817 202.37067943904549 7.0470154732465735 58.763198129832745 8.6240356564521772
leaf_count=22 10 54 1040 14 121 39
internal_value=0.00178649 -0.00160769 -0.000350584 0.0112831 0.0157152 -0.00763646
internal_weight=313.583 231.016 226.503 82.5672 66.8961 15.6711
internal_count=1300 1116 1094 184 131 53
is_linear=0
shrinkage=0.03


Tree=128
num_leaves=7
num_cat=0
split_feature=21 5 11 17 5 0
split_gain=12.2905 12.4538 25.7127 17.2255 9.04245 1.60418
threshold=1.700145145719514 12.500000000000002 11.350000000000003 13.250000000000002 4.5000000000000009 70.500000000000014
decision_type=2 2 2 2 2 2
left_child=1 3 -3 -1 -2 -6
right_child=4 2 -4 -5 5 -7
leaf_value=-0.0035505248609671424 0.0019323909669387701 0.007821567052840572 -0.020101021253451912 0.015491443259500692 -0.039468915881388816 -0.070026380776684743
leaf_weight=68.394670573994517 4.9881868921220285 69.840355824679136 51.617790611460805 114.05305399186909 3.7858394142240286 2.6136138364672661
leaf_count=293 17 198 461 290 35 12
internal_value=0.00225154 0.00339809 -0.00404509 0.00835313 -0.028347 -0.051949
internal_weight=315.294 303.906 121.458 182.448 11.3876 6.39945
internal_count=1306 1242 659 583 64 47
is_linear=0
shrinkage=0.03


Tree=129
num_leaves=4
num_cat=0
split_feature=7 24 5
split_gain=17.3688 18.0039 14.8036
threshold=64.500000000000014 3.2000000000000006 13.500000000000002
decision_type=2 2 2
left_child=1 2 -1
right_child=-2 -3 -4
leaf_value=0.0056459920792519434 0.032356304529101931 -0.051329950627807729 -0.0092692044902564184
leaf_weight=213.02864567376673 16.141782015562057 5.9324375614523879 83.311609603464603
leaf_count=725 21 30 570
internal_value=0.00203603 0.000416888 0.00145281
internal_weight=318.414 302.273 296.34
internal_count=1346 1325 1295
is_linear=0
shrinkage=0.03


Tree=130
num_leaves=7
num_cat=0
split_feature=22 4 0 12 0 20
split_gain=14.1646 14.1361 13.1138 5.31708 5.03148 1.41235
threshold=10.350000000000003 8.2334117962515148e-17 46.500000000000007 36.45000000000001 58.500000000000007 10.720251011115808
decision_type=2 2 2 2 2 2
left_child=3 2 -2 -1 -3 -5
right_child=1 4 -4 5 -6 -7
leaf_value=-0.00803064838061417 -0.026730329777082295 0.0090512933644384778 0.0032076571960098048 -0.071003795942315096 0.031717182730842043 -0.039877432891657814
leaf_weight=4.6966610979288799 13.8942479705438 15.754394497722386 251.97972853295505 2.0610471963882446 20.00946381688118 3.6099464762955904
leaf_count=19 285 43 859 15 40 44
internal_value=0.00283999 0.00402505 0.00164313 -0.0316383 0.0217326 -0.0511899
internal_weight=312.005 301.638 265.874 10.3677 35.7639 5.67099
internal_count=1305 1227 1144 78 83 59
is_linear=0
shrinkage=0.03


Tree=131
num_leaves=4
num_cat=0
split_feature=3 12 5
split_gain=12.0724 11.4132 13.0509
threshold=61.500000000000007 25.350000000000005 14.500000000000002
decision_type=2 2 2
left_child=1 -1 -3
right_child=-2 2 -4
leaf_value=0.028319491194813376 0.033700269688921286 0.0054772224863048743 -0.011278504512751624
leaf_weight=16.418712235987186 12.798722580075262 245.57705919072032 50.427581996656954
leaf_count=26 16 894 377
internal_value=0.00514302 0.00397314 0.0026227
internal_weight=325.222 312.423 296.005
internal_count=1313 1297 1271
is_linear=0
shrinkage=0.03


Tree=132
num_leaves=7
num_cat=0
split_feature=1 0 20 16 15 2
split_gain=12.6402 20.3491 13.3913 2.33642 0.867577 0.236984
threshold=4.0894206596997495 46.500000000000007 14.65 19.773504273504276 36.305555555555564 4.3779512885137839
decision_type=2 2 2 2 2 2
left_child=3 5 -3 4 -1 -2
right_child=1 2 -4 -5 -6 -7
leaf_value=0.031869957169225735 -0.045329152365599125 0.0012372988157634086 0.044914479358122421 0.010426553221354799 0.019440515236670605 -0.032575745683362592
leaf_weight=10.855158790946009 1.4540333375334729 263.72149943374097 6.4727150779217473 14.850252345204352 9.4575600847601873 13.36053094267845
leaf_count=23 8 934 21 37 22 309
internal_value=0.00250032 0.000406589 0.00228362 0.0194708 0.0260828 -0.0338275
internal_weight=320.172 285.009 270.194 35.163 20.3127 14.8146
internal_count=1354 1272 955 82 45 317
is_linear=0
shrinkage=0.03


Tree=133
num_leaves=5
num_cat=0
split_feature=3 5 20 0
split_gain=12.6466 12.9428 19.3786 13.0977
threshold=63.500000000000007 12.500000000000002 12.045860581860007 74.500000000000014
decision_type=2 2 2 2
left_child=1 3 -3 -1
right_child=-2 2 -4 -5
leaf_value=-0.0016569225169600691 0.033497727188069565 -0.0012255494088004135 -0.034545952099924074 0.013795007705796145
leaf_weight=98.552883446216583 11.428677603602408 100.3362379623577 18.62474418990314 98.9313605427742
leaf_count=467 14 429 269 191
internal_value=0.00249463 0.00137492 -0.00644225 0.00608385
internal_weight=327.874 316.445 118.961 197.484
internal_count=1370 1356 698 658
is_linear=0
shrinkage=0.03


Tree=134
num_leaves=8
num_cat=0
split_feature=22 6 19 13 13 19 22
split_gain=16.2224 26.0197 17.79 13.5106 8.79443 15.2095 9.24626
threshold=12.591034546164897 0.25663270582475639 4.4500000000000011 0.55000000000000016 1.0500000000000003 12.050000000000002 12.805832971106017
decision_type=2 2 2 2 2 2 2
left_child=1 3 -3 -1 5 -2 -6
right_child=4 2 -4 -5 6 -7 -8
leaf_value=0.036544997039221754 -0.0039410790171325524 0.02721484840765874 -0.023271735230151195 0.0014441013349571932 0.039360085930978027 0.020632485731884947 0.011146334221004207
leaf_weight=11.991256300359963 83.094451065175235 6.963764075189828 64.119352331385016 55.768837476149201 12.736906522884963 31.172211810946465 58.328699082136154
leaf_count=26 350 22 530 167 19 98 141
internal_value=0.00210769 -0.0056459 -0.0183257 0.00765578 0.00791635 0.00276265 0.016203
internal_weight=324.175 138.843 71.0831 67.7601 185.332 114.267 71.0656
internal_count=1353 745 552 193 608 448 160
is_linear=0
shrinkage=0.03


Tree=135
num_leaves=7
num_cat=0
split_feature=6 16 3 10 0 10
split_gain=16.7625 18.5287 16.5742 12.9041 11.1923 10.5289
threshold=0.99998964238358712 25.150268336314848 83.000000000000014 0.0024083538092637834 75.500000000000014 4.3166152212277526e-17
decision_type=2 2 2 2 2 2
left_child=3 2 -2 5 -5 -1
right_child=1 -3 -4 4 -6 -7
leaf_value=0.010101328911472002 -0.012439868861458127 0.036017090872545975 0.04208705228039878 -0.014420534412749811 0.0082924129284360458 0.039980408288970509
leaf_weight=63.778390321880579 134.10839867498726 8.1951256431639177 5.2120965570211402 36.403406050987542 42.116343431174755 12.733477998524902
leaf_count=164 851 13 5 187 87 22
internal_value=-0.000582186 -0.0078213 -0.0104 0.00630598 -0.00223779 0.015074
internal_weight=302.547 147.516 139.32 155.032 78.5197 76.5119
internal_count=1329 869 856 460 274 186
is_linear=0
shrinkage=0.03


Tree=136
num_leaves=5
num_cat=0
split_feature=13 4 16 0
split_gain=12.2533 12.0049 13.5912 6.97171
threshold=0.31823502504286688 0.14400223846823232 25.150268336314848 38.500000000000007
decision_type=2 2 2 2
left_child=-1 2 -2 -3
right_child=1 3 -4 -5
leaf_value=0.045516066574684058 -0.0037936437960141528 -0.0011813215960714486 0.029637834424190001 0.027934952832286863
leaf_weight=5.3318015635013571 261.08116373326629 11.778289407491686 11.423151722177861 19.916874557733536
leaf_count=12 1240 30 25 45
internal_value=0.000430503 -0.000359726 -0.00239222 0.017115
internal_weight=309.531 304.199 272.504 31.6952
internal_count=1352 1340 1265 75
is_linear=0
shrinkage=0.03


Tree=137
num_leaves=7
num_cat=0
split_feature=5 19 17 0 17 21
split_gain=13.6157 15.2184 18.4366 12.2371 16.8768 12.5816
threshold=13.500000000000002 4.1500000000000012 11.450000000000001 77.500000000000014 13.660999747441299 0.21085756520634263
decision_type=2 2 2 2 2 2
left_child=3 -2 -3 5 -5 -1
right_child=1 2 -4 4 -6 -7
leaf_value=0.014766296209533555 0.021581476640436435 0.014922339815563526 -0.019952699293475446 0.0013901195273069 0.025796948826586945 -0.0069393768347816645
leaf_weight=33.759738555178046 13.722855970263479 17.311263460665941 64.373628009110689 51.285640373826027 50.710780248045921 83.429225025698543
leaf_count=127 30 127 446 115 81 409
internal_value=0.00180898 -0.00765078 -0.0125617 0.00592665 0.0135248 -0.000686417
internal_weight=314.593 95.4077 81.6849 219.185 101.996 117.189
internal_count=1335 603 573 732 196 536
is_linear=0
shrinkage=0.03


Tree=138
num_leaves=4
num_cat=0
split_feature=7 17 21
split_gain=12.5986 8.2885 13.5471
threshold=64.500000000000014 29.700000000000006 1.7348986462441494
decision_type=2 2 2
left_child=1 2 -1
right_child=-2 -3 -4
leaf_value=0.00045919005867349103 0.027423169705045974 0.019958844021130635 -0.036226084671354464
leaf_weight=272.73031758703291 16.523205429315567 18.519353926181793 9.370777781121431
leaf_count=1227 25 39 57
internal_value=0.00191873 0.000516909 -0.000759414
internal_weight=317.144 300.62 282.101
internal_count=1348 1323 1284
is_linear=0
shrinkage=0.03


Tree=139
num_leaves=7
num_cat=0
split_feature=14 0 17 14 13 11
split_gain=11.0026 12.0619 10.4389 8.55162 6.94809 6.22971
threshold=4.2315990594125236e-29 38.500000000000007 11.050000000000002 7.0669422449243774e-30 1.0500000000000003 16.450000000000003
decision_type=2 2 2 2 2 2
left_child=3 5 -3 4 -1 -2
right_child=1 2 -4 -5 -6 -7
leaf_value=-0.0012447704731555771 -0.038784951992692558 -0.024031945993169237 0.0012813613075459244 0.043304343831644429 0.028490574412883898 0.032908788007530498
leaf_weight=21.870291181840003 10.54218005761504 15.628598016686736 237.11029105726629 7.8356969663873306 10.452365044504402 1.2166997734457243
leaf_count=86 227 107 842 19 22 4
internal_value=0.000555678 -0.0016658 -0.000283936 0.0151871 0.00837092 -0.0313667
internal_weight=304.656 264.498 252.739 40.1584 32.3227 11.7589
internal_count=1307 1180 949 127 108 231
is_linear=0
shrinkage=0.03


Tree=140
num_leaves=8
num_cat=0
split_feature=20 13 12 15 16 7 13
split_gain=10.0704 12.1757 16.3462 10.9631 9.10317 15.2255 8.96986
threshold=10.050000000000002 0.95000000000000007 36.350000000000001 36.472222222222229 16.206389452332662 17.500000000000004 0.45000000000000007
decision_type=2 2 2 2 2 2 2
left_child=4 2 -2 -3 5 -1 -6
right_child=1 3 -4 -5 6 -7 -8
leaf_value=-0.050279001824361409 -0.031376642858327697 0.016042440172327428 -0.003020164689074701 -0.0084298693227579553 0.039065678988175347 0.0042308380465153703 0.0082391667624329406
leaf_weight=6.1670738821849254 24.993143767118454 40.384181601926684 68.277536888606846 27.827482347376645 9.165849991142748 18.286119740456343 116.12563924118876
leaf_count=53 149 113 493 133 21 55 315
internal_value=0.00162264 -0.00357396 -0.0106187 0.00605877 0.00722657 -0.0095165 0.0104943
internal_weight=311.227 161.482 93.2707 68.2117 149.745 24.4532 125.291
internal_count=1332 888 642 246 444 108 336
is_linear=0
shrinkage=0.03


Tree=141
num_leaves=7
num_cat=0
split_feature=14 19 9 15 19 14
split_gain=13.1605 12.7946 14.1828 12.4366 10.3155 4.82714
threshold=1.1825474821923402e-22 2.7500000000000004 1.5000000000000002 36.861111111111121 10.6408053537036 1.0513829913859381e-31
decision_type=2 2 2 2 2 2
left_child=3 -2 -3 4 -1 -5
right_child=1 2 -4 5 -6 -7
leaf_value=0.0062487588919532978 0.028773570608356499 0.0064553211508749766 -0.0093824634252169092 0.0039992158431000659 0.029002192323786195 -0.050212605181514991
leaf_weight=42.539473639801145 11.725078415125607 81.760383535176516 134.76767294574529 2.4631498679518691 31.00080502871424 3.6969055570662022
leaf_count=207 22 244 706 8 96 43
internal_value=0.00191535 -0.00174933 -0.00340216 0.0124106 0.0158404 -0.0285356
internal_weight=307.953 228.253 216.528 79.7003 73.5403 6.16006
internal_count=1326 972 950 354 303 51
is_linear=0
shrinkage=0.03


Tree=142
num_leaves=8
num_cat=0
split_feature=10 0 19 10 3 22 21
split_gain=11.6522 16.4963 15.9925 16.6554 15.7809 13.5567 2.8035
threshold=-2.3272150736874946e-16 74.500000000000014 11.350000000000003 -1.6187372202585011e-17 13.500000000000002 15.250000000000002 0.45799763885632377
decision_type=2 2 2 2 2 2 2
left_child=1 4 3 -2 -1 -4 -3
right_child=2 6 5 -5 -6 -7 -8
leaf_value=0.013608215919616532 -0.026724648049540764 0.032671447867671226 0.0030136928497110217 -0.002808257594769094 -0.030229852749633912 0.035347873195627461 0.016707309602881498
leaf_weight=17.434153329581026 33.047493616119027 19.195897750556469 69.558361844159663 126.5929213706404 12.828597374260424 14.022677365690468 20.444942444562912
leaf_count=61 232 27 310 598 54 21 40
internal_value=0.000909509 0.0117044 -0.00219302 -0.00775924 -0.00497506 0.00843851 0.0244379
internal_weight=313.125 69.9036 243.221 159.64 30.2628 83.581 39.6408
internal_count=1343 182 1161 830 115 331 67
is_linear=0
shrinkage=0.03


Tree=143
num_leaves=8
num_cat=0
split_feature=15 14 22 16 17 0 16
split_gain=12.1649 13.4982 9.8361 12.5287 8.80296 8.79604 5.02314
threshold=37.083333333333336 0.93354450623268803 13.738955857137212 20.037749287749293 15.15 81.500000000000014 17.533936651583716
decision_type=2 2 2 2 2 2 2
left_child=2 4 5 -4 -2 -1 -3
right_child=1 6 3 -5 -6 -7 -8
leaf_value=-0.0073225891717327704 -0.024780860435190608 -0.024481278237745437 0.0021509824310145648 0.025828111154986448 0.020239270066726867 0.0053443284681909372 -0.070752484328959059
leaf_weight=109.51647389214486 8.2708440162241477 3.7791381105780584 57.751733172684908 30.862213954329491 7.4119202550500622 89.790645137429237 4.7851218208670616
leaf_count=756 67 16 189 64 18 230 25
internal_value=0.000362747 -0.0200447 0.00208134 0.0103972 -0.00350364 -0.00161597 -0.0503345
internal_weight=312.168 24.247 287.921 88.6139 15.6828 199.307 8.56426
internal_count=1365 126 1239 253 85 986 41
is_linear=0
shrinkage=0.03


Tree=144
num_leaves=7
num_cat=0
split_feature=19 13 11 0 22 17
split_gain=10.6556 14.0966 16.3114 13.8271 11.9963 15.1839
threshold=11.350000000000003 0.95000000000000007 8.7500000000000018 85.500000000000014 15.250000000000002 14.65
decision_type=2 2 2 2 2 2
left_child=1 2 -1 -3 5 -2
right_child=4 3 -4 -5 -6 -7
leaf_value=0.027952143359704675 0.01221992717459121 -0.0022073033332520443 -0.011391163616040806 0.02101315256354707 0.032808142632692897 -0.021257018866133903
leaf_weight=10.437238842248915 68.154067394323647 53.076680085621774 103.84246322792023 40.837825924158096 18.734542459249496 14.85060580819845
leaf_count=20 280 200 658 72 30 61
internal_value=0.00316725 -0.000721289 -0.00779791 0.00788989 0.0111246 0.00623047
internal_weight=309.933 208.194 114.28 93.9145 101.739 83.0047
internal_count=1321 950 678 272 371 341
is_linear=0
shrinkage=0.03


Tree=145
num_leaves=8
num_cat=0
split_feature=19 18 9 16 18 18 5
split_gain=9.49762 17.7852 14.1864 11.6856 11.5583 17.9399 12.0099
threshold=10.350000000000003 172.50000000000003 3.0254147785150756 20.613375130616514 182.50000000000003 218.50000000000003 12.500000000000002
decision_type=2 2 2 2 2 2 2
left_child=1 3 -3 -1 6 -6 -2
right_child=4 2 -4 -5 5 -7 -8
leaf_value=0.015266614863039204 0.0042175349745390642 -0.0020578901787581582 -0.0254480887796141 -0.015078216492864413 0.029508971571300301 0.0042474811260772693 -0.04286708076117738
leaf_weight=59.965416077524424 14.921669598668815 71.81783239543438 34.570673540234566 14.108759040012954 37.559298512525856 77.526294553652406 7.2417574673891059
leaf_count=193 39 288 294 51 99 342 36
internal_value=0.00272357 -0.00179991 -0.00965848 0.0094869 0.0086713 0.0124918 -0.0111671
internal_weight=317.712 180.463 106.389 74.0742 137.249 115.086 22.1634
internal_count=1342 826 582 244 516 441 75
is_linear=0
shrinkage=0.03


Tree=146
num_leaves=8
num_cat=0
split_feature=22 19 22 16 12 3 19
split_gain=15.3727 14.4478 22.6741 14.7294 10.9106 10.8717 5.62942
threshold=12.65 10.550000000000002 10.550000000000002 14.781929347826088 43.45000000000001 61.500000000000007 11.450000000000001
decision_type=2 2 2 2 2 2 2
left_child=1 3 -3 -1 5 -2 -6
right_child=4 2 -4 -5 6 -7 -8
leaf_value=0.021936417211908803 0.0015602883113957735 -0.060341676524177872 0.0076955224288758079 -0.022223261338611938 0.011082385593494275 0.035782055048309808 0.050502468436257504
leaf_weight=7.6382666369900099 146.23634727392346 4.7721295543014994 57.834321794100106 61.788313204422593 6.1345911035314185 8.8610140979289991 6.9588982239365578
leaf_count=45 499 35 246 444 32 11 17
internal_value=-0.000279162 -0.007941 0.00250944 -0.0173648 0.00573553 0.00351544 0.0320333
internal_weight=300.224 132.033 62.6065 69.4266 168.191 155.097 13.0935
internal_count=1329 770 281 489 559 510 49
is_linear=0
shrinkage=0.03


Tree=147
num_leaves=8
num_cat=0
split_feature=0 9 16 15 2 24 15
split_gain=14.3965 13.0768 12.77 11.2538 16.194 9.85663 6.98581
threshold=55.500000000000007 2.4986188804604175 25.150268336314848 36.361111111111121 4.3779512885137839 0.75000000000000011 37.083333333333336
decision_type=2 2 2 2 2 2 2
left_child=3 6 -3 4 -1 -5 -2
right_child=1 2 -4 5 -6 -7 -8
leaf_value=0.019865281848713005 0.01509796765111978 -0.0035934298908771416 0.037016503952399901 -0.0015235816181804536 -0.035806944953295422 -0.041527337208592911 -0.0090543868300997539
leaf_weight=14.108611255884172 85.241560898721218 158.12446171790361 7.2902728393673888 8.255845872685315 7.05327059701085 16.871580883860588 12.338104665279387
leaf_count=30 178 621 11 99 108 263 35
internal_value=0.000618904 0.00333434 -0.00180364 -0.0148089 0.00130969 -0.0283837 0.0120441
internal_weight=309.284 262.994 165.415 46.2893 21.1619 25.1274 97.5797
internal_count=1345 845 632 500 138 362 213
is_linear=0
shrinkage=0.03


Tree=148
num_leaves=5
num_cat=0
split_feature=13 0 16 16
split_gain=8.99628 8.88961 16.2035 14.8315
threshold=0.31823502504286688 86.500000000000014 21.428337428337432 19.849906191369609
decision_type=2 2 2 2
left_child=-1 3 -3 -2
right_child=1 2 -4 -5
leaf_value=0.047062557369097764 -0.005970651131753494 0.015330018559853628 -0.03311607824749746 0.010127506180584918
leaf_weight=4.2643012516200534 138.53659111447632 77.749460965394974 6.7531716227531424 81.993040685541928
leaf_count=13 830 167 24 292
internal_value=0.00378983 0.00318489 0.0114584 1.46528e-05
internal_weight=309.297 305.032 84.5026 220.53
internal_count=1326 1313 191 1122
is_linear=0
shrinkage=0.03


Tree=149
num_leaves=5
num_cat=0
split_feature=20 3 15 19
split_gain=12.4843 13.7221 10.8054 8.68973
threshold=14.65 11.500000000000002 36.361111111111121 10.350000000000003
decision_type=2 2 2 2
left_child=1 2 -1 -3
right_child=-2 3 -4 -5
leaf_value=0.0032861791949981203 0.047230591776532646 -0.0010397097419104404 -0.022418488489329706 0.010154500956317328
leaf_weight=24.965180362574756 5.3285098746418944 138.42436063010246 35.859621012117714 113.65415537822992
leaf_count=132 31 526 341 332
internal_value=0.00169678 0.000921376 -0.0118682 0.0040074
internal_weight=318.232 312.903 60.8248 252.079
internal_count=1362 1331 473 858
is_linear=0
shrinkage=0.03


Tree=150
num_leaves=7
num_cat=0
split_feature=15 0 21 5 14 19
split_gain=10.425 13.2776 9.62394 8.45617 7.84691 6.95458
threshold=37.250000000000007 87.500000000000014 1.700145145719514 13.500000000000002 0.80789837497269634 13.850000000000003
decision_type=2 2 2 2 2 2
left_child=2 5 3 -1 -4 -2
right_child=1 -3 4 -5 -6 -7
leaf_value=0.0080141779143593911 -0.064400637146597217 0.024123603529441252 0.0078499777784153367 -0.0030453283344228027 -0.041879041521215792 -0.0057062923795307835
leaf_weight=184.16867675632238 5.7557419426739198 3.4350781738758078 4.6003991449251753 93.970327948220074 7.5302735362201929 2.6549063548445702
leaf_count=610 47 6 17 584 45 15
internal_value=0.0020111 -0.0255752 0.00313688 0.00427768 -0.02302 -0.0458732
internal_weight=302.115 11.8457 290.27 278.139 12.1307 8.41065
internal_count=1324 68 1256 1194 62 62
is_linear=0
shrinkage=0.03


Tree=151
num_leaves=5
num_cat=0
split_feature=20 5 0 22
split_gain=9.56837 9.07939 13.476 8.17764
threshold=15.15 6.5000000000000009 46.500000000000007 13.115180766640302
decision_type=2 2 2 2
left_child=1 3 -3 -1
right_child=-2 2 -4 -5
leaf_value=-7.6943345229195828e-05 0.044388779978054113 -0.03396543487293982 -0.00093349088758477915 0.021276544701933991
leaf_weight=33.836199332028627 4.4704290609806767 11.705074654892085 220.73175890184939 30.864635091274977
leaf_count=104 15 289 857 72
internal_value=0.000825267 0.000169855 -0.00259692 0.0101094
internal_weight=301.608 297.138 232.437 64.7008
internal_count=1337 1322 1146 176
is_linear=0
shrinkage=0.03


Tree=152
num_leaves=8
num_cat=0
split_feature=23 17 6 3 3 18 5
split_gain=14.8908 16.432 15.5568 17.0615 16.8201 10.0603 0.63566
threshold=213.50000000000003 10.750000000000002 0.53950155217037166 63.500000000000007 14.500000000000002 258.50000000000006 12.500000000000002
decision_type=2 2 2 2 2 2 2
left_child=1 6 4 -4 -2 -3 -1
right_child=2 5 3 -5 -6 -7 -8
leaf_value=-0.058626530225806738 -0.028431812245956631 0.0075990016960491447 -0.031851360917432882 0.036624857488205535 0.017560621914642367 -0.018448092611402251 -0.037607692519256865
leaf_weight=2.5732785668224087 10.288650854490696 215.09113174490631 32.013459772802889 3.6479336768388739 23.507778152823448 14.228286809287964 2.6067041605710983
leaf_count=16 61 766 295 4 51 104 34
internal_value=0.00117555 0.00478935 -0.0110251 -0.0248467 0.00355914 0.00598289 -0.0480493
internal_weight=303.957 234.499 69.4578 35.6614 33.7964 229.319 5.17998
internal_count=1331 920 411 299 112 870 50
is_linear=0
shrinkage=0.03


Tree=153
num_leaves=8
num_cat=0
split_feature=10 24 3 15 24 15 19
split_gain=9.20207 10.2059 10.6756 6.26582 5.16762 5.07623 1.44249
threshold=-2.3272150736874946e-16 0.55000000000000016 11.500000000000002 35.972222222222229 0.75000000000000011 36.422222222222224 9.7500000000000018
decision_type=2 2 2 2 2 2 2
left_child=3 5 -3 6 -5 -2 -1
right_child=1 2 -4 4 -6 -7 -8
leaf_value=0.017296582941280988 0.006100776319952172 -0.016419502804961836 0.00076376015899894513 -0.017028084133267347 0.0098530627655566989 0.047953554694412606 0.033215044097688745
leaf_weight=10.044938467442991 4.9889674074947816 39.77213709615171 178.96686504594982 7.6282918415963641 41.190783447586 5.4654054939746857 10.456756196916102
leaf_count=22 20 390 691 36 107 25 18
internal_value=0.00192016 -0.000976593 -0.00236058 0.0114976 0.00565271 0.0279808 0.0254157
internal_weight=298.514 229.193 218.739 69.3208 48.8191 10.4544 20.5017
internal_count=1309 1126 1081 183 143 45 40
is_linear=0
shrinkage=0.03


Tree=154
num_leaves=6
num_cat=0
split_feature=3 23 14 10 5
split_gain=11.0746 14.5431 14.633 7.22478 7.4407
threshold=24.500000000000004 39.500000000000007 1.1997379389259054e-21 0.090230133389920739 13.500000000000002
decision_type=2 2 2 2 2
left_child=1 -1 -3 4 -2
right_child=3 2 -4 -5 -6
leaf_value=-0.056485345152107423 0.016858595759555846 0.012036114488918483 -0.0055264611255064358 0.035997823086043337 -0.0025138891380454653
leaf_weight=4.2761640362441531 39.214452661573887 59.324545585084707 152.33815437648445 9.4089253544807416 32.742557626217604
leaf_count=23 80 307 783 12 98
internal_value=0.00184355 -0.00171064 -0.000604045 0.0112761 0.00804354
internal_weight=297.305 215.939 211.663 81.3659 71.957
internal_count=1303 1113 1090 190 178
is_linear=0
shrinkage=0.03


Tree=155
num_leaves=5
num_cat=0
split_feature=3 23 6 23
split_gain=10.5293 11.9761 14.5151 8.60588
threshold=63.500000000000007 60.500000000000007 0.99998964238358712 39.500000000000007
decision_type=2 2 2 2
left_child=1 3 -3 -1
right_child=-2 2 -4 -5
leaf_value=-0.0018207881801074845 0.032803417496835352 0.0060530983099043407 -0.0079568192916966343 0.035759047705926819
leaf_weight=8.7297928035259265 9.8390188962221128 141.03952311445028 126.03046894539148 14.752405695617197
leaf_count=27 12 434 810 27
internal_value=0.00228141 0.00124784 -0.000558189 0.0217883
internal_weight=300.391 290.552 267.07 23.4822
internal_count=1310 1298 1244 54
is_linear=0
shrinkage=0.03


Tree=156
num_leaves=8
num_cat=0
split_feature=15 23 21 20 12 16 4
split_gain=14.7031 15.4838 15.6433 11.1994 13.3276 11.1991 10.7841
threshold=37.027777777777779 150.50000000000003 0.29751877346368455 10.250000000000002 38.850000000000001 16.206389452332662 5.1910388223691674e-35
decision_type=2 2 2 2 2 2 2
left_child=3 6 -3 5 -5 -1 -2
right_child=1 2 -4 4 -6 -7 -8
leaf_value=-0.010241483904858486 -0.020820964280735359 -0.0056865843024648567 -0.066963113408343197 -0.013176544291979743 0.0067418456816047342 0.012833072628802802 0.033540862812904963
leaf_weight=22.201149247586727 6.8994573689997214 6.8114027259871355 8.341349530965088 58.134564853273332 62.993760724551976 128.4963263804093 6.2679139077663422
leaf_count=105 41 40 62 314 383 342 12
internal_value=0.00183109 -0.01874 -0.0394183 0.00397428 -0.00281783 0.00943367 0.00505628
internal_weight=300.146 28.3201 15.1528 271.826 121.128 150.697 13.1674
internal_count=1299 155 102 1144 697 447 53
is_linear=0
shrinkage=0.03


Tree=157
num_leaves=6
num_cat=0
split_feature=16 16 22 10 0
split_gain=9.41397 10.013 10.3908 6.658 0.87873
threshold=14.455555555555557 14.676190476190477 10.350000000000003 -0.022728302455295783 68.500000000000014
decision_type=2 2 2 2 2
left_child=3 -2 -3 -1 -5
right_child=1 2 -4 4 -6
leaf_value=0.0087175755277451895 0.043894530270008628 -0.029136780136021508 0.0033299651921956338 -0.029134300962475268 -0.050053536052473278
leaf_weight=3.5239622518420219 5.3079914748668662 9.1563088186085206 285.55771963112056 3.0963641456328315 4.3406088650226593
leaf_count=10 16 75 1163 58 28
internal_value=0.00205912 0.00305679 0.00232127 -0.025249 -0.0413439
internal_weight=310.983 300.022 294.714 10.9609 7.43697
internal_count=1350 1254 1238 96 86
is_linear=0
shrinkage=0.03


Tree=158
num_leaves=6
num_cat=0
split_feature=17 24 14 16 14
split_gain=9.58533 10.0567 10.6499 7.74214 4.64329
threshold=29.700000000000006 0.55000000000000016 4.2315990594125236e-29 17.754310344827591 2.1862560457060569e-13
decision_type=2 2 2 2 2
left_child=1 3 -3 -1 -2
right_child=4 2 -4 -5 -6
leaf_value=-0.0047501388295870025 0.0070238179419265089 0.013941144540701196 -0.0039068800682159673 0.040102886310554989 0.035499086990090772
leaf_weight=5.4716252889484158 10.642590366303923 34.422250915318727 239.01164112379774 9.4374446310102922 9.9932928644120675
leaf_count=34 28 113 1151 25 15
internal_value=0.00106181 -0.000351756 -0.00166001 0.0236418 0.0208135
internal_weight=308.979 288.343 273.434 14.9091 20.6359
internal_count=1366 1323 1264 59 43
is_linear=0
shrinkage=0.03


Tree=159
num_leaves=7
num_cat=0
split_feature=22 9 23 3 20 7
split_gain=12.2568 14.5509 18.9147 6.92859 4.64136 1.44265
threshold=10.401647696085845 1.5000000000000002 294.50000000000006 23.500000000000004 10.550000000000002 21.232994969640771
decision_type=2 2 2 2 2 2
left_child=3 4 -3 5 -2 -1
right_child=1 2 -4 -5 -6 -7
leaf_value=-0.037971611606225329 0.01590747727023863 -0.0021615332763047952 -0.048236186825803481 0.012137786114900684 0.0027212768733791176 -0.066698847127955041
leaf_weight=6.0342490775510651 54.250022443011403 180.64980567852035 8.3914539944380504 2.4417958967387667 43.119114754721522 2.1282007517293096
leaf_count=67 135 892 72 6 148 14
internal_value=-0.000526482 0.000646163 -0.00420677 -0.0321985 0.0100681 -0.0454617
internal_weight=297.015 286.41 189.041 10.6042 97.3691 8.16245
internal_count=1334 1247 964 87 283 81
is_linear=0
shrinkage=0.03


Tree=160
num_leaves=6
num_cat=0
split_feature=21 19 19 17 16
split_gain=11.664 11.1778 15.6432 6.47628 2.82492
threshold=1.7348986462441494 4.3500000000000005 7.8500000000000005 14.65 18.126054590570721
decision_type=2 2 2 2 2
left_child=1 3 -3 -1 -2
right_child=4 2 -4 -5 -6
leaf_value=0.03313433446608003 -0.049534657493772401 -0.012579953574490868 0.0040961137951426385 0.0026003317057647253 -0.015608155205414453
leaf_weight=15.074537178501489 4.6295180022716504 68.39546385128051 194.87468662392348 10.681658077985047 4.2245005127042532
leaf_count=35 35 387 822 31 24
internal_value=0.000570093 0.00160912 -0.000236194 0.0204712 -0.0333474
internal_weight=297.88 289.026 263.27 25.7562 8.85402
internal_count=1334 1275 1209 66 59
is_linear=0
shrinkage=0.03


Tree=161
num_leaves=8
num_cat=0
split_feature=6 17 20 19 15 10 16
split_gain=10.0141 10.7601 15.1383 8.877 6.64599 5.28287 2.46179
threshold=1.186207745328435e-19 13.850000000000003 15.15 8.5500000000000025 36.07777777777779 0.090230133389920739 20.160256410256412
decision_type=2 2 2 2 2 2 2
left_child=4 2 -2 -3 6 -6 -1
right_child=1 3 -4 -5 5 -7 -8
leaf_value=0.028589854958974557 -0.010700988248296323 -0.0045618846591458581 0.055073045584391682 0.011425420065161552 -0.0081940650982637395 0.017504201952116202 0.0090753208860786805
leaf_weight=18.212058585137132 116.50772304786369 60.800429082475603 3.2367638144642106 64.330237444490194 18.451989222317938 11.805964697152374 8.549196429550646
leaf_count=39 761 211 11 202 62 24 25
internal_value=0.000142004 -0.00249455 -0.00892308 0.00365726 0.011465 0.00183281 0.0223557
internal_weight=301.894 244.875 119.744 125.131 57.0192 30.258 26.7613
internal_count=1335 1185 772 413 150 86 64
is_linear=0
shrinkage=0.03


Tree=162
num_leaves=6
num_cat=0
split_feature=0 20 2 15 18
split_gain=11.8489 14.4348 14.4157 10.4089 12.0867
threshold=81.500000000000014 14.65 5.2271097658831236 35.394444444444453 183.50000000000003
decision_type=2 2 2 2 2
left_child=1 2 -1 -2 -5
right_child=3 -3 -4 4 -6
leaf_value=0.0030417293049715467 0.035378681127135929 0.042010046169745498 -0.014702898493351923 -0.0079438279916122703 0.012808608300109978
leaf_weight=95.921992896124721 12.240959569811819 6.2057163026183835 72.233292767312378 36.779070436954498 80.639311775565147
leaf_count=298 16 31 694 105 190
internal_value=0.00218476 -0.00292249 -0.00458071 0.0090528 0.0063083
internal_weight=304.02 174.361 168.155 129.659 117.418
internal_count=1334 1023 992 311 295
is_linear=0
shrinkage=0.03


Tree=163
num_leaves=7
num_cat=0
split_feature=14 16 12 9 20 14
split_gain=12.3798 18.0416 13.5195 12.5973 10.9565 9.49397
threshold=6.6211535279572973e-17 20.876893939393941 25.350000000000005 2.4986188804604175 13.950000000000001 7.8440355890258858e-27
decision_type=2 2 2 2 2 2
left_child=1 3 -2 -1 -4 -3
right_child=2 5 4 -5 -6 -7
leaf_value=0.02160533054352784 0.025902224397740325 0.0046198089599456017 -0.0083995987802346558 -0.0077250754050000071 0.027833435384113404 0.037953683840172212
leaf_weight=17.650504101067781 12.250152625143526 11.779096053913234 162.63714295113459 52.02182359341532 7.8747809557244173 22.150753600522876
leaf_count=49 20 41 739 379 45 42
internal_value=0.000157122 0.00844183 -0.00453923 -0.00029463 -0.00672624 0.0263815
internal_weight=286.364 103.602 182.762 69.6723 170.512 33.9298
internal_count=1315 511 804 428 784 83
is_linear=0
shrinkage=0.03


Tree=164
num_leaves=5
num_cat=0
split_feature=13 0 19 19
split_gain=10.693 7.8369 20.4425 7.7622
threshold=0.31823502504286688 75.500000000000014 13.15 8.5500000000000025
decision_type=2 2 2 2
left_child=-1 2 -2 -3
right_child=1 3 -4 -5
leaf_value=0.041587252505040223 -0.014171169518184739 -0.0047379806608577792 0.013206482984979569 0.0085910084402474399
leaf_weight=5.4229291640222064 89.41634767735377 64.833102878183126 33.834158004261553 99.930228743702173
leaf_count=14 720 196 164 238
internal_value=-0.000148093 -0.000933915 -0.00665558 0.00334615
internal_weight=293.437 288.014 123.251 164.763
internal_count=1332 1318 884 434
is_linear=0
shrinkage=0.03


Tree=165
num_leaves=6
num_cat=0
split_feature=1 13 5 20 5
split_gain=10.2042 9.6369 8.69209 2.38804 1.60248
threshold=4.0894206596997495 0.31823502504286688 3.5000000000000004 8.5500000000000025 3.5000000000000004
decision_type=2 2 2 2 2
left_child=3 -2 -3 -1 -5
right_child=1 2 -4 4 -6
leaf_value=0.0061309296572114773 0.04513128572958619 -0.031645463470871237 0.0022819293330390623 0.033913194426054095 0.017691851831993698
leaf_weight=7.5313036516308811 4.6160861626267424 6.9726684745401135 268.52757126139477 10.840191528201105 11.086725540459154
leaf_count=24 11 29 1208 24 28
internal_value=0.00390982 0.00214353 0.00142326 0.0207054 0.0257113
internal_weight=309.575 280.116 275.5 29.4582 21.9269
internal_count=1324 1248 1237 76 52
is_linear=0
shrinkage=0.03


Tree=166
num_leaves=7
num_cat=0
split_feature=0 19 24 10 11 11
split_gain=11.0847 9.23966 9.07024 12.4726 5.28546 4.96483
threshold=46.500000000000007 22.750000000000004 0.55000000000000016 -0.011489929088274143 12.71269222847109 10.850000000000003
decision_type=2 2 2 2 2 2
left_child=1 4 5 -4 -1 -2
right_child=2 -3 3 -5 -6 -7
leaf_value=-0.04716605777217333 0.0065380705485657822 0.031508213948904927 0.014299639649540544 -0.0023008770299349016 -0.01517393227671405 0.042962211213751315
leaf_weight=7.1541852392256322 6.2519579604268056 2.8245376404374829 50.763511460274458 206.17301966995001 13.265882243867962 7.3011288121342659
leaf_count=101 20 8 114 822 234 24
internal_value=0.000532234 -0.0193479 0.00224064 0.000978923 -0.0263824 0.02616
internal_weight=293.734 23.2446 270.49 256.937 20.4201 13.5531
internal_count=1323 343 980 936 335 44
is_linear=0
shrinkage=0.03


Tree=167
num_leaves=7
num_cat=0
split_feature=5 3 21 18 0 17
split_gain=15.1375 15.1571 12.8795 12.1574 10.6713 7.38187
threshold=13.500000000000002 63.500000000000007 0.34385489185202051 240.50000000000003 58.500000000000007 11.293007694274609
decision_type=2 2 2 2 2 2
left_child=3 2 -2 5 -5 -1
right_child=1 -3 -4 4 -6 -7
leaf_value=-0.016835828680494568 -0.020096189684079033 0.033858446345849343 0.009699563876312078 -0.024842094025728755 0.0021535377453710219 0.011981378261706022
leaf_weight=8.50936136767268 59.749259042087942 6.5821764916181555 16.707715020515025 18.250020222738385 47.425620969384909 133.72506471071392
leaf_count=43 494 8 82 177 130 382
internal_value=0.00100327 -0.00982443 -0.0135851 0.00532784 -0.00534804 0.0102574
internal_weight=290.949 83.0392 76.457 207.91 65.6756 142.234
internal_count=1316 584 576 732 307 425
is_linear=0
shrinkage=0.03


Tree=168
num_leaves=7
num_cat=0
split_feature=15 16 4 9 19 3
split_gain=9.6736 19.6092 10.7931 9.53454 20.2185 9.35421
threshold=37.027777777777779 23.947916666666668 5.1910388223691674e-35 3.0254147785150756 10.550000000000002 11.500000000000002
decision_type=2 2 2 2 2 2
left_child=3 2 -2 5 -5 -1
right_child=1 -3 -4 4 -6 -7
leaf_value=-0.0088880391263306425 -0.042596603297706835 0.039430077186756791 0.00031411366413200442 -0.016510643631971911 0.011864274456939881 0.0093997243463391118
leaf_weight=30.931894332170486 15.508910608477896 4.64919957704842 7.99494744837284 60.241200832184404 36.170993557199836 135.19707853253931
leaf_count=217 119 11 24 422 162 367
internal_value=-0.000152684 -0.0168649 -0.0280003 0.00163941 -0.00586522 0.00599469
internal_weight=290.694 28.1531 23.5039 262.541 96.4122 166.129
internal_count=1322 154 143 1168 584 584
is_linear=0
shrinkage=0.03


Tree=169
num_leaves=5
num_cat=0
split_feature=13 23 5 19
split_gain=9.65181 7.98734 13.491 7.59972
threshold=0.31823502504286688 58.000000000000007 14.500000000000002 5.5500000000000007
decision_type=2 2 2 2
left_child=-1 3 -3 -2
right_child=1 2 -4 -5
leaf_value=0.043627522946156599 0.0022045307508581219 0.0018531813268237772 -0.016936751382191438 0.039865835586281692
leaf_weight=4.7170939184725276 10.891403749585153 227.66076877713203 40.509777868632227 8.6537600085139257
leaf_count=11 30 891 367 17
internal_value=0.00106208 0.000364222 -0.000985221 0.0188793
internal_weight=292.433 287.716 268.171 19.5452
internal_count=1316 1305 1258 47
is_linear=0
shrinkage=0.03


Tree=170
num_leaves=7
num_cat=0
split_feature=10 24 21 23 23 23
split_gain=10.3632 13.1268 12.4611 9.57812 15.3066 7.99907
threshold=0.047070910444541814 0.95000000000000007 1.2552148532738967 35.000000000000007 60.500000000000007 104.50000000000001
decision_type=2 2 2 2 2 2
left_child=3 2 -2 -1 -5 -3
right_child=1 5 -4 4 -6 -7
leaf_value=-0.03686226535706244 -0.055774911403913524 -0.032521002410708072 -0.0036816536068389472 0.033873698518118583 0.0016545663975729569 0.0032599555182462928
leaf_weight=5.3667662702500811 9.73882963974029 6.6790304668247691 7.1792767792940131 14.167052965611218 209.74322590744123 35.568823505192995
leaf_count=23 91 33 41 28 966 125
internal_value=-0.000144835 -0.0113388 -0.0336689 0.00274381 0.00369311 -0.00239671
internal_weight=288.443 59.166 16.9181 229.277 223.91 42.2479
internal_count=1307 290 132 1017 994 158
is_linear=0
shrinkage=0.03


Tree=171
num_leaves=5
num_cat=0
split_feature=7 6 16 21
split_gain=9.85084 9.23509 10.28 4.64015
threshold=66.500000000000014 1.186207745328435e-19 25.150268336314848 0.72587122617603794
decision_type=2 2 2 2
left_child=1 3 -3 -1
right_child=-2 2 -4 -5
leaf_value=0.023066504822898203 0.028714362896105988 -0.0030128122612327929 0.025391419710230165 0.005123157332384283
leaf_weight=21.532999314367771 12.136164277791975 217.44476834870875 12.106008905917404 32.620255751535296
leaf_count=53 18 1134 25 88
internal_value=0.00224635 0.00111411 -0.00151483 0.012258
internal_weight=295.84 283.704 229.551 54.1533
internal_count=1318 1300 1159 141
is_linear=0
shrinkage=0.03


Tree=172
num_leaves=7
num_cat=0
split_feature=14 5 23 17 14 14
split_gain=9.89271 11.197 21.9237 10.6859 10.3595 10.9758
threshold=3.9140662874604723e-25 13.500000000000002 77.500000000000014 31.750000000000004 4.7261583672093421e-26 4.2315990594125236e-29
decision_type=2 2 2 2 2 2
left_child=4 3 -3 -2 5 -1
right_child=1 2 -4 -5 -6 -7
leaf_value=0.015191205135746328 0.00028371990640391794 0.024945785974954428 -0.021191524611326291 0.036869459674048997 0.041187470980366542 -0.015985438585189693
leaf_weight=35.626633584499359 161.88254381529987 11.2969216350466 51.646705487277359 7.5187887996435157 9.0498180049471539 14.219147666823117
leaf_count=125 619 22 409 11 31 119
internal_value=0.000676872 -0.00210686 -0.0129109 0.00190756 0.0116588 0.00629767
internal_weight=291.241 232.345 62.9436 169.401 58.8956 49.8458
internal_count=1336 1061 431 630 275 244
is_linear=0
shrinkage=0.03


Tree=173
num_leaves=6
num_cat=0
split_feature=21 13 13 6 12
split_gain=9.30319 11.2274 8.48967 7.93686 4.29708
threshold=1.644504125348863 0.55000000000000016 0.31823502504286688 0.99999581501663115 41.250000000000007
decision_type=2 2 2 2 2
left_child=2 -2 -1 -4 -3
right_child=1 4 3 -5 -6
leaf_value=0.041648808570601721 0.024211225458536965 -0.048730349433580247 0.0081964085313630999 -0.0020955000084747722 -0.0073346767020873276
leaf_weight=5.1651010513305655 3.6745720244944087 7.6238331738859397 129.12786389607936 141.15611377498135 3.2059053825214505
leaf_count=12 11 49 395 830 18
internal_value=0.00231641 -0.0211013 0.00354952 0.00282145 -0.0364761
internal_weight=289.953 14.5043 275.449 270.284 10.8297
internal_count=1315 78 1237 1225 67
is_linear=0
shrinkage=0.03


Tree=174
num_leaves=6
num_cat=0
split_feature=0 3 14 17 5
split_gain=9.88009 13.2653 13.3094 10.4567 6.35822
threshold=55.500000000000007 6.5000000000000009 1.1825474821923402e-22 19.250000000000004 3.5000000000000004
decision_type=2 2 2 2 2
left_child=3 -2 -3 4 -1
right_child=1 2 -4 -5 -6
leaf_value=0.0053989605781171327 0.039842916508777672 0.014724977529751344 -0.0013970333713908985 0.017410125980888678 -0.025198843591872484
leaf_weight=7.8059954643249503 8.9413397833704931 61.49239903409034 183.93521824851632 9.1173091288655979 28.168553689029068
leaf_count=28 27 219 602 30 453
internal_value=0.00165572 0.00395001 0.00264237 -0.0112867 -0.0185595
internal_weight=299.461 254.369 245.428 45.0919 35.9745
internal_count=1359 848 821 511 481
is_linear=0
shrinkage=0.03


Tree=175
num_leaves=4
num_cat=0
split_feature=23 23 19
split_gain=7.74231 12.6033 8.30195
threshold=35.000000000000007 58.000000000000007 11.350000000000003
decision_type=2 2 2
left_child=-1 -2 -3
right_child=1 2 -4
leaf_value=-0.031634116570373905 0.030838153002001635 -0.0032021482251868736 0.0076830024201341406
leaf_weight=6.3129025176167479 12.983058989048002 180.68822730751708 96.866164051927626
leaf_count=26 29 897 378
internal_value=0.00123397 0.00194813 0.000596757
internal_weight=296.85 290.537 277.554
internal_count=1330 1304 1275
is_linear=0
shrinkage=0.03


Tree=176
num_leaves=8
num_cat=0
split_feature=0 22 17 13 19 14 7
split_gain=12.4524 12.2633 10.9042 8.05262 10.794 8.77991 1.01787
threshold=86.500000000000014 10.15 29.700000000000006 0.81066470759290976 8.6500000000000004 1.379830466595552e-28 19.500000000000004
decision_type=2 2 2 2 2 2 2
left_child=1 6 -3 4 -2 -5 -1
right_child=3 2 -4 5 -6 -7 -8
leaf_value=-0.037251837190913753 -0.031361965417076067 -0.0019655867173677837 0.024199678693424296 0.050153024137024757 0.011060035169386178 0.014728829214536915 -0.065505707131021024
leaf_weight=2.8168453657999626 7.3910676166415241 193.96769667649642 15.478449920192359 7.3262292295694342 20.019739583134651 44.822413846850395 1.9364790339022873
leaf_count=44 34 1032 35 9 43 89 11
internal_value=0.00265103 -0.00111331 -3.19262e-05 0.0127858 -0.00037866 0.0197055 -0.0487623
internal_weight=293.759 214.199 209.446 79.5595 27.4108 52.1486 4.75332
internal_count=1297 1122 1067 175 77 98 55
is_linear=0
shrinkage=0.03


Tree=177
num_leaves=7
num_cat=0
split_feature=0 20 17 10 20 11
split_gain=8.23537 14.032 11.9278 9.28329 8.20028 7.40063
threshold=86.500000000000014 10.15 11.450000000000001 0.027073865479608453 7.4500000000000011 12.550000000000002
decision_type=2 2 2 2 2 2
left_child=1 4 -2 -3 -1 -4
right_child=2 3 5 -5 -6 -7
leaf_value=-0.012468303109712644 0.033333272172543067 -0.0063493017586611694 -0.0048341619980103593 -0.028652709918270382 0.0082733710542058584 0.01580583153492476
leaf_weight=21.206634106114507 14.140408530831335 75.72279090154916 41.249821931123734 21.583146378397942 89.783223419450223 25.177873022854328
leaf_count=78 28 551 113 204 310 51
internal_value=0.000169947 -0.00298039 0.00831464 -0.0112964 0.0043103 0.00298895
internal_weight=288.864 208.296 80.5681 97.3059 110.99 66.4277
internal_count=1335 1143 192 755 388 164
is_linear=0
shrinkage=0.03


Tree=178
num_leaves=6
num_cat=0
split_feature=16 16 20 10 2
split_gain=13.7638 11.0672 10.971 4.29966 0.653147
threshold=14.455555555555557 14.676190476190477 10.250000000000002 -0.039359364158821832 5.4738567549626902
decision_type=2 2 2 2 2
left_child=3 -2 -3 -1 -5
right_child=1 2 -4 4 -6
leaf_value=0.022352622087965051 0.046773008654402801 0.0070518882264716167 -0.0048302251287999105 -0.05978670989622771 -0.039407704859734556
leaf_weight=0.97325143963098515 4.9697717055678359 152.74412367353216 129.00205282820389 1.9221141971647737 5.3694227654486877
leaf_count=3 13 468 761 12 79
internal_value=0.00129404 0.00239427 0.00161147 -0.0368744 -0.0447798
internal_weight=294.981 286.716 281.746 8.26479 7.29154
internal_count=1336 1242 1229 94 91
is_linear=0
shrinkage=0.03


Tree=179
num_leaves=8
num_cat=0
split_feature=20 13 4 10 7 3 13
split_gain=10.5369 14.7843 15.9891 13.4519 5.5842 10.0955 5.98559
threshold=10.250000000000002 0.95000000000000007 1.0315013628699678e-31 -1.3977007723846678e-17 13.500000000000002 6.5000000000000009 0.55000000000000016
decision_type=2 2 2 2 2 2 2
left_child=4 2 -2 -3 5 -1 -6
right_child=1 3 -4 -5 6 -7 -8
leaf_value=0.017974669559268155 -0.021382019393405616 0.021442434595124814 0.012844579806449864 -0.0067045578655685195 0.028584437397441525 -0.020650831715391428 0.0069975870937428282
leaf_weight=9.7602684181183594 57.05260509904474 27.76179872918874 15.654603341594337 33.992245513945818 12.807879951782523 16.195598058402538 118.68454939872026
leaf_count=37 548 90 46 148 35 95 330
internal_value=0.00132284 -0.00484486 -0.0140127 0.00594904 0.00659008 -0.00612636 0.00910023
internal_weight=291.91 134.461 72.7072 61.754 157.448 25.9559 131.492
internal_count=1329 832 594 238 497 132 365
is_linear=0
shrinkage=0.03


Tree=180
num_leaves=8
num_cat=0
split_feature=19 13 23 17 0 18 17
split_gain=10.4429 16.5901 27.9834 14.0898 10.3393 9.44842 8.26702
threshold=11.350000000000003 0.95000000000000007 88.500000000000014 11.750000000000002 88.500000000000014 235.12502919439851 11.15
decision_type=2 2 2 2 2 2 2
left_child=1 2 -1 6 -3 -5 -2
right_child=3 4 -4 5 -6 -7 -8
leaf_value=0.01565977436640437 0.0039186649579518295 -0.0010721211155823667 -0.020741868412194251 0.01233550493595246 0.0219147950566582 -0.0085548075792611904 0.043822090789782338
leaf_weight=24.859033148735762 7.1783571885898736 60.564486869610846 80.72999901464209 39.30020303837955 24.830437794327736 38.647320101968944 13.386934443376957
leaf_count=74 42 225 618 115 44 194 34
internal_value=-0.000127954 -0.00422016 -0.0121718 0.00780549 0.00561183 0.00197784 0.0298937
internal_weight=289.497 190.984 105.589 98.5128 85.3949 77.9475 20.5653
internal_count=1346 961 692 385 269 309 76
is_linear=0
shrinkage=0.03


Tree=181
num_leaves=7
num_cat=0
split_feature=0 16 6 22 7 7
split_gain=9.49998 8.0414 9.05225 7.41408 9.33052 6.33656
threshold=44.500000000000007 25.150268336314848 0.0047234224748068506 13.442652978425164 20.500000000000004 14.500000000000002
decision_type=2 2 2 2 2 2
left_child=3 2 -2 4 -1 -5
right_child=1 -3 -4 5 -6 -7
leaf_value=-0.021909799819749651 0.011437362221916414 0.032383212645247239 -0.00048024198059343367 -0.027588974871639936 -0.10850735487057282 0.02422366900925723
leaf_weight=12.442328142002227 85.901973813772202 8.9631698131561262 172.64937291480601 3.3573179217055422 1.2305375253781665 5.7844483396038413
leaf_count=240 218 17 751 41 14 24
internal_value=0.00286295 0.00444774 0.0034793 -0.0157195 -0.0297035 0.00519545
internal_weight=290.329 267.515 258.551 22.8146 13.6729 9.14177
internal_count=1305 986 969 319 254 65
is_linear=0
shrinkage=0.03


Tree=182
num_leaves=6
num_cat=0
split_feature=15 7 20 0 0
split_gain=12.9844 11.228 6.87169 7.97836 1.10339
threshold=37.250000000000007 22.500000000000004 15.15 55.500000000000007 66.500000000000014
decision_type=2 2 2 2 2
left_child=2 4 3 -1 -2
right_child=1 -3 -4 -5 -6
leaf_value=-0.011614614179469298 -0.048021707398055169 0.0013118386584278501 0.038236701955126337 0.0030575367055095605 -0.074134984315773783
leaf_weight=38.743937904015183 3.191455655731259 4.9780121706426144 4.5370762683451167 239.83807026408613 2.6785268038511276
leaf_count=460 43 15 15 804 13
internal_value=0.000379292 -0.0318309 0.00161346 0.001017 -0.0599374
internal_weight=293.967 10.848 283.119 278.582 5.86998
internal_count=1350 71 1279 1264 56
is_linear=0
shrinkage=0.03


Tree=183
num_leaves=5
num_cat=0
split_feature=13 9 16 0
split_gain=10.2761 9.41827 21.0777 11.2728
threshold=0.31823502504286688 3.0254147785150756 20.012500000000003 87.500000000000014
decision_type=2 2 2 2
left_child=-1 3 -3 -2
right_child=1 2 -4 -5
leaf_value=0.045635907025670275 0.0011478743657619592 -0.017385946082156906 0.011195619226712899 0.017659198681283125
leaf_weight=4.8380038179457179 147.00755416369066 58.746251028496772 38.401318929623812 49.828284919261932
leaf_count=10 633 483 135 97
internal_value=0.00226901 0.00155533 -0.00608798 0.00532766
internal_weight=298.821 293.983 97.1476 196.836
internal_count=1358 1348 618 730
is_linear=0
shrinkage=0.03


Tree=184
num_leaves=6
num_cat=0
split_feature=22 20 12 7 18
split_gain=10.2355 8.67605 13.575 7.98812 0.888952
threshold=10.15 8.7500000000000018 28.650000000000002 16.500000000000004 210.50000000000003
decision_type=2 2 2 2 2
left_child=4 3 -3 -2 -1
right_child=1 2 -4 -5 -6
leaf_value=-0.027538638438047769 -0.0092347158700812337 -0.057766215448835978 -0.0016600338930357079 0.014603883564172422 -0.054060280751262478
leaf_weight=1.8582004327327002 16.268949533812702 3.959467686712741 196.19995877007023 56.888758095912635 2.9322985834442079
leaf_count=14 81 21 1027 132 34
internal_value=-0.00030045 0.000461499 -0.0027699 0.00930261 -0.0437727
internal_weight=278.108 273.317 200.159 73.1577 4.7905
internal_count=1309 1261 1048 213 48
is_linear=0
shrinkage=0.03


Tree=185
num_leaves=7
num_cat=0
split_feature=0 14 14 22 17 12
split_gain=10.2089 8.35672 14.266 9.90459 7.0957 6.22431
threshold=34.500000000000007 1.1825474821923402e-22 7.6939561636187029e-24 11.050000000000002 19.650000000000002 37.350000000000001
decision_type=2 2 2 2 2 2
left_child=4 2 -2 -3 5 -1
right_child=1 3 -4 -5 -6 -7
leaf_value=-0.071118378326086501 0.0050144370744707161 -0.019604464739816155 0.042314013245118465 0.0014128919154950711 0.013020519985280378 -0.021207924561943741
leaf_weight=3.2058087973855418 52.804854943882674 22.615069082938135 11.18310402613133 187.42399817798287 3.5110295321792355 7.53305773017928
leaf_count=51 260 146 28 657 13 174
internal_value=0.000754154 0.00204156 0.0115332 -0.000850063 -0.0240028 -0.0361074
internal_weight=288.277 274.027 63.988 210.039 14.2499 10.7389
internal_count=1329 1091 288 803 238 225
is_linear=0
shrinkage=0.03


Tree=186
num_leaves=7
num_cat=0
split_feature=10 13 15 14 14 22
split_gain=10.8881 10.0839 9.41472 5.71205 13.5021 4.82783
threshold=-0.011489929088274143 0.31823502504286688 37.250000000000007 3.0481613709416339e-14 9.5050906922080325e-06 12.591034546164897
decision_type=2 2 2 2 2 2
left_child=3 -2 -3 5 -5 -1
right_child=1 2 -4 4 -6 -7
leaf_value=0.0055597554941394962 0.040086060735771166 -0.002715750439679066 -0.032574855591032376 -0.02732800180282911 0.015874687361320972 0.036344864659690022
leaf_weight=7.3231314755976227 4.7593778148293486 213.67746794875711 9.9461544342339021 8.8566912822425348 24.578193344175816 12.260595105588434
leaf_count=26 13 1109 65 36 55 23
internal_value=-0.000280896 -0.00312416 -0.0040438 0.0119667 0.00443057 0.0248331
internal_weight=281.402 228.383 223.624 53.0186 33.4349 19.5837
internal_count=1327 1187 1174 140 91 49
is_linear=0
shrinkage=0.03


Tree=187
num_leaves=8
num_cat=0
split_feature=0 9 16 13 6 12 14
split_gain=7.30261 11.928 9.96359 10.4934 10.3524 9.92516 5.57599
threshold=87.500000000000014 3.0254147785150756 18.106203007518801 0.55000000000000016 0.45214975187856121 30.950000000000003 4.8818200686813086e-25
decision_type=2 2 2 2 2 2 2
left_child=2 6 4 -4 -1 -3 -2
right_child=1 5 3 -5 -6 -7 -8
leaf_value=0.00097715767680118864 0.044068018431153037 0.014719171826526302 0.024320685628266784 -0.00037133953099881576 -0.019452134991956693 -0.027297309144612557 0.013463502042042977
leaf_weight=41.586958264932036 6.1937090754508963 8.6758138090372103 17.881781374104321 115.79461683100089 48.196964626666158 12.140340216457842 39.70376992970705
leaf_count=142 9 17 71 491 480 50 80
internal_value=0.000340484 0.0090506 -0.0022599 0.00293169 -0.0099895 -0.00978556 0.0175935
internal_weight=290.174 66.7136 223.46 133.676 89.7839 20.8162 45.8975
internal_count=1340 156 1184 562 622 67 89
is_linear=0
shrinkage=0.03


Tree=188
num_leaves=8
num_cat=0
split_feature=15 14 2 16 20 18 3
split_gain=8.45218 12.1003 10.6577 8.70442 7.71382 7.43241 0.577417
threshold=36.894444444444453 0.91813394189600539 5.4738567549626902 13.849242424242425 14.250000000000002 181.50000000000003 15.500000000000002
decision_type=2 2 2 2 2 2 2
left_child=3 2 -2 6 -5 -3 -1
right_child=1 5 -4 4 -6 -7 -8
leaf_value=-0.027440601208720151 0.018949883636905165 -0.0021824939213650179 -0.022714277746274505 0.0023592647571870819 0.03033570422472092 -0.047482573774500582 -0.048621715243413147
leaf_weight=2.3001450253650537 13.060554509982465 4.7440642565488806 9.5777014829218405 240.6958289546892 9.2094572647474688 10.417815554887055 2.3334384560585022
leaf_count=35 35 15 112 1029 49 55 16
internal_value=0.000669067 -0.012568 0.00132278 0.00263483 0.00339025 -0.0333084 -0.0381073
internal_weight=292.339 37.8001 22.6383 254.539 249.905 15.1619 4.63358
internal_count=1346 217 147 1129 1078 70 51
is_linear=0
shrinkage=0.03


Tree=189
num_leaves=8
num_cat=0
split_feature=14 6 17 13 19 12 10
split_gain=8.47093 14.7665 13.4206 13.066 11.2982 9.10934 8.7294
threshold=1.1825474821923402e-22 0.99999581501663115 11.550000000000002 0.31823502504286688 9.3500000000000032 31.250000000000004 0.0099646841966014987
decision_type=2 2 2 2 2 2 2
left_child=2 6 4 -3 -1 -4 -2
right_child=1 3 5 -5 -6 -7 -8
leaf_value=0.0022358352007735252 0.013068423469852928 0.040308193060761256 -0.025210888212254454 -0.013181576006459932 0.055001978023208282 0.0090053701817708002 -0.0023037489784287521
leaf_weight=5.7976896888576439 66.351116348057985 4.3247712887823573 8.1587070785462839 82.766992067918181 9.8684475328773242 49.421872900333256 66.638671211898327
leaf_count=52 170 9 37 551 30 228 263
internal_value=0.00201832 -0.000922794 0.0108554 -0.0105254 0.0354744 0.0041572 0.00536572
internal_weight=293.328 220.082 73.2467 87.0918 15.6661 57.5806 132.99
internal_count=1340 993 347 560 82 265 433
is_linear=0
shrinkage=0.03


Tree=190
num_leaves=8
num_cat=0
split_feature=20 19 15 17 18 11 19
split_gain=10.1514 14.4126 18.6674 14.8021 9.16241 8.42376 6.88257
threshold=10.250000000000002 8.4500000000000011 36.305555555555564 11.450000000000001 125.50000000000001 9.0500000000000025 10.250000000000002
decision_type=2 2 2 2 2 2 2
left_child=4 2 -2 -3 5 -1 -6
right_child=1 3 -4 -5 6 -7 -8
leaf_value=-0.0028729613643849522 0.003692762975580161 0.02505727698512299 -0.039995005536580849 -0.0052449748019465885 -0.0044843061467239312 0.029130069947981344 0.0099213487108137186
leaf_weight=10.721873745322226 15.079117598012088 17.838101045694202 21.147377447225153 77.723182478453964 69.171933296136558 23.908576317131519 52.506004388444126
leaf_count=27 76 90 235 444 282 46 147
internal_value=0.000435998 -0.00569695 -0.0218102 0.000411444 0.00560685 0.0192217 0.00173197
internal_weight=288.096 131.788 36.2265 95.5613 156.308 34.6305 121.678
internal_count=1347 845 311 534 502 73 429
is_linear=0
shrinkage=0.03


Tree=191
num_leaves=8
num_cat=0
split_feature=2 3 7 13 14 21 13
split_gain=7.8937 12.7978 15.8771 10.1281 7.72318 17.8863 6.45019
threshold=5.2271097658831236 11.500000000000002 16.500000000000004 0.31823502504286688 0.99999995453292267 0.42709703232885982 0.55000000000000016
decision_type=2 2 2 2 2 2 2
left_child=4 3 -3 -2 6 -6 -1
right_child=1 2 -4 -5 5 -7 -8
leaf_value=0.030094462376477542 0.03844922777722818 0.024411224181760203 -0.0035559911415828619 -0.032109391637238818 0.031579280953341594 -0.016557258428265238 0.0088952563865840623
leaf_weight=15.314124990254639 2.0435904785990742 22.044308902695775 106.67352778883651 17.59379098052159 9.3924124762415868 26.685920674353838 82.538221532478929
leaf_count=34 7 119 448 350 19 103 229
internal_value=0.00255867 -0.0022079 0.00123369 -0.0247666 0.0078386 -0.00402569 0.012213
internal_weight=282.286 148.355 128.718 19.6374 133.931 36.0783 97.8523
internal_count=1309 924 567 357 385 122 263
is_linear=0
shrinkage=0.03


Tree=192
num_leaves=7
num_cat=0
split_feature=22 19 19 16 3 7
split_gain=9.60369 11.3249 15.4685 9.18965 7.63854 7.24728
threshold=12.591034546164897 10.6408053537036 4.5500000000000007 15.431677018633541 61.500000000000007 51.500000000000007
decision_type=2 2 2 2 2 2
left_child=1 2 -1 -3 5 -2
right_child=4 3 -4 -5 -6 -7
leaf_value=0.019609587051377435 0.0053211051501373128 -0.039533369139817365 -0.020848026047825791 0.0073183271149102613 0.032573376314765541 -0.025968670564446912
leaf_weight=10.111279431264846 145.80385680915788 4.0563735347241154 53.549830000149086 52.967682343907654 8.8402197360992414 6.9811071902513495
leaf_count=33 554 28 434 232 12 22
internal_value=0.000678848 -0.00572446 -0.0144222 0.00398556 0.00546018 0.0038914
internal_weight=282.31 120.685 63.6611 57.0241 161.625 152.785
internal_count=1315 727 467 260 588 576
is_linear=0
shrinkage=0.03


Tree=193
num_leaves=7
num_cat=0
split_feature=0 5 2 14 7 11
split_gain=10.3971 10.0566 8.31427 11.3416 10.0931 5.54127
threshold=44.500000000000007 3.5000000000000004 5.2271097658831236 0.99999995453292267 10.500000000000002 16.450000000000003
decision_type=2 2 2 2 2 2
left_child=1 -1 3 -2 -4 -3
right_child=2 5 4 -5 -6 -7
leaf_value=0.0085691532565187467 0.016142580608216869 -0.039378628504919445 -0.038677015464057225 -0.0048550920093212218 0.0014192733482077085 0.028136806592619471
leaf_weight=8.4400319168344158 85.999494321644306 12.120646612253038 5.8772721411660305 31.679464112967253 146.21017614519224 1.2026272490620602
leaf_count=26 197 304 79 89 630 6
internal_value=0.0028934 -0.0170531 0.00450258 0.01049 -0.000130209 -0.0332843
internal_weight=291.53 21.7633 269.766 117.679 152.087 13.3233
internal_count=1331 336 995 286 709 310
is_linear=0
shrinkage=0.03


Tree=194
num_leaves=7
num_cat=0
split_feature=14 20 15 11 20 19
split_gain=11.9314 11.006 9.91594 8.25789 14.3649 12.8253
threshold=1.1825474821923402e-22 7.2500000000000009 36.69444444444445 13.950000000000001 10.550000000000002 7.8500000000000005
decision_type=2 2 2 2 2 2
left_child=1 -1 -3 4 -2 -5
right_child=3 2 -4 5 -6 -7
leaf_value=-0.03710969950016587 0.00040607062080809489 0.018666709245156527 -0.013876113471141673 -0.045759029836663259 -0.018052247323749812 0.016162461271518221
leaf_weight=4.0224038213491431 112.78971461579204 58.250649901572615 9.8521223079878819 3.3289212626405051 57.183893972076476 31.463702733162791
leaf_count=19 384 242 85 50 332 193
internal_value=0.000617838 0.0111108 0.0139589 -0.00307812 -0.00580383 0.0102379
internal_weight=276.891 72.1252 68.1028 204.766 169.974 34.7926
internal_count=1305 346 327 959 716 243
is_linear=0
shrinkage=0.03


Tree=195
num_leaves=7
num_cat=0
split_feature=16 7 19 0 5 5
split_gain=10.0948 12.0653 11.8751 7.02474 8.49349 7.49784
threshold=18.106203007518801 65.500000000000014 10.350000000000003 37.500000000000007 3.5000000000000004 13.500000000000002
decision_type=2 2 2 2 2 2
left_child=1 2 -1 4 -2 -5
right_child=3 -3 -4 5 -6 -7
leaf_value=-0.01697489838179404 0.013380396132926532 0.031286575309855812 0.0028581499411152829 0.012426222744394741 -0.034739351971126174 -0.0018494221910410602
leaf_weight=61.582185354782268 5.6311503034085018 7.4243973791599265 48.624540617223829 99.680815652944148 7.97897824132815 49.582562566269189
leaf_count=449 16 10 228 280 121 215
internal_value=0.000966217 -0.00573055 -0.00822432 0.00580278 -0.0148299 0.00768411
internal_weight=280.505 117.631 110.207 162.874 13.6101 149.263
internal_count=1319 687 677 632 137 495
is_linear=0
shrinkage=0.03


Tree=196
num_leaves=5
num_cat=0
split_feature=24 10 13 21
split_gain=15.8996 8.84548 11.7897 3.89125
threshold=5.0500000000000007 -0.011489929088274143 1.8500000000000003 1.0848145101042481
decision_type=2 2 2 2
left_child=1 3 -3 -1
right_child=-2 2 -4 -5
leaf_value=0.018629852969788623 -0.054577423736075888 -0.0010529510512607546 0.024214379700006651 -0.001362948379333587
leaf_weight=42.289175095036626 4.3098061122000209 211.96947796759196 18.03385216742754 11.051262067630885
leaf_count=99 23 1134 35 36
internal_value=0.00261094 0.0034808 0.000928182 0.0144877
internal_weight=287.654 283.344 230.003 53.3404
internal_count=1327 1304 1169 135
is_linear=0
shrinkage=0.03


Tree=197
num_leaves=6
num_cat=0
split_feature=14 14 14 19 6
split_gain=8.7167 15.4141 12.5432 9.19613 11.4249
threshold=1.1825474821923402e-22 7.6939561636187029e-24 3.9140662874604723e-25 4.1500000000000012 0.99999581501663115
decision_type=2 2 2 2 2
left_child=1 2 -1 -2 -5
right_child=3 -3 -4 4 -6
leaf_value=0.0081388575872041579 0.020692928477596871 0.041763252446839358 -0.044925958069725422 0.002424212043224269 -0.012197147291180863
leaf_weight=55.431144264293835 15.51126993075013 11.844307826366274 4.3215785142965606 123.37062503863126 78.830020919442177
leaf_count=276 39 39 41 427 522
internal_value=0.00141786 0.0104984 0.00430098 -0.00156836 -0.00327608
internal_weight=289.309 71.597 59.7527 217.712 202.201
internal_count=1344 356 317 988 949
is_linear=0
shrinkage=0.03


Tree=198
num_leaves=4
num_cat=0
split_feature=3 24 0
split_gain=8.61809 12.1503 7.80953
threshold=70.000000000000014 3.2000000000000006 75.500000000000014
decision_type=2 2 2
left_child=1 2 -1
right_child=-2 -3 -4
leaf_value=-0.0044411358144291297 0.032203640507848935 -0.04308666280570865 0.0057820802011707435
leaf_weight=116.4013504346367 7.9730982780456534 5.6216666717082253 159.26281443610787
leaf_count=891 11 27 418
internal_value=0.00144666 0.000574851 0.00146525
internal_weight=289.259 281.286 275.664
internal_count=1347 1336 1309
is_linear=0
shrinkage=0.03


Tree=199
num_leaves=7
num_cat=0
split_feature=22 20 18 7 6 3
split_gain=14.5551 21.5546 12.1762 10.0043 8.85346 6.84795
threshold=13.80639689749024 7.1500000000000012 125.50000000000001 25.500000000000004 0.99999581501663115 12.500000000000002
decision_type=2 2 2 2 2 2
left_child=1 -1 -3 5 -5 -2
right_child=3 2 -4 4 -6 -7
leaf_value=-0.062049135213255821 0.0015062702573923699 0.016339762632751189 -0.0071940082199257096 0.016534420409194915 -0.017196455528889463 0.023625432390361613
leaf_weight=6.0061881169676772 18.981234757229686 22.5692049684003 160.48813120275736 10.898390114307405 19.594780988991261 37.452255012467504
leaf_count=34 88 72 965 26 61 84
internal_value=-0.00145586 -0.00612734 -0.00429252 0.00870451 -0.0051409 0.0161857
internal_weight=275.99 189.064 183.057 86.9267 30.4932 56.4335
internal_count=1330 1071 1037 259 87 172
is_linear=0
shrinkage=0.03


Tree=200
num_leaves=7
num_cat=0
split_feature=0 15 10 17 18 9
split_gain=7.04656 11.4534 14.0895 10.5704 9.73103 9.19982
threshold=86.500000000000014 36.361111111111121 -0.0338291265575636 11.65 240.50000000000003 3.0254147785150756
decision_type=2 2 2 2 2 2
left_child=1 4 -3 -2 -1 -5
right_child=3 2 -4 5 -6 -7
leaf_value=0.012340399430926942 0.031585021748176345 -0.052173049938763295 -0.0061789391726516417 0.010539448704159396 -0.0096529373007820558 -0.014097681889430409
leaf_weight=60.161806369200349 13.91580945253372 6.3149042641744009 118.05026104743592 42.800787664949894 25.90076541248709 20.021981127560139
leaf_count=206 27 33 762 90 166 68
internal_value=0.000145816 -0.00269209 -0.00851439 0.00792775 0.00572144 0.00268745
internal_weight=287.166 210.428 124.365 76.7386 86.0626 62.8228
internal_count=1352 1167 795 185 372 158
is_linear=0
shrinkage=0.03


Tree=201
num_leaves=8
num_cat=0
split_feature=18 9 16 5 20 6 17
split_gain=6.85555 9.00696 17.4037 9.00547 8.60501 8.10085 4.5941
threshold=125.50000000000001 2.4986188804604175 25.150268336314848 10.853118868911523 10.250000000000002 0.0021950593160774711 14.65
decision_type=2 2 2 2 2 2 2
left_child=4 3 -3 -2 6 -6 -1
right_child=1 2 -4 -5 5 -7 -8
leaf_value=0.027589124222905485 0.0018113475280013376 -0.010729392970680806 0.033536533806377347 0.039188795669107483 0.021109769728898924 -0.044208335316930178 0.0048562297255072273
leaf_weight=18.018148623406887 96.194379985332489 121.80614225869067 8.5550810061395151 6.1736867520958176 2.797747826203703 4.3906612535938621 14.391012903302906
leaf_count=33 338 839 16 11 7 42 36
internal_value=-0.000631118 -0.00259451 -0.0078244 0.00406553 0.0109084 -0.0187864 0.0174948
internal_weight=272.327 232.729 130.361 102.368 39.5976 7.18841 32.4092
internal_count=1322 1204 855 349 118 49 69
is_linear=0
shrinkage=0.03


Tree=202
num_leaves=8
num_cat=0
split_feature=10 10 24 4 22 3 3
split_gain=11.7997 15.9469 12.8997 12.8681 3.50363 8.67471 2.63938
threshold=-2.3272150736874946e-16 -7.0719194357924098e-17 0.55000000000000016 7.2220274591168371e-33 13.208902584978182 16.500000000000004 13.500000000000002
decision_type=2 2 2 2 2 2 2
left_child=4 3 -3 -2 5 -1 -6
right_child=1 2 -4 -5 6 -7 -8
leaf_value=-0.012659998434585259 -0.036697224099777277 0.030281847477898954 -0.0031652711069101013 0.035484981496850081 0.028902180630720808 0.016641212013791418 0.0107131094041687
leaf_weight=15.688514701090751 19.214356023818258 11.027024275157599 176.25528341042809 2.5135590136051169 12.120339782908561 21.631440307945013 17.614810451865196
leaf_count=77 168 43 904 4 25 46 40
internal_value=-0.000505411 -0.00401845 -0.00119593 -0.0283469 0.0104447 0.00432361 0.0181272
internal_weight=276.065 209.01 187.282 21.7279 67.0551 37.32 29.7352
internal_count=1307 1119 947 172 188 123 65
is_linear=0
shrinkage=0.03


Tree=203
num_leaves=6
num_cat=0
split_feature=0 3 5 3 11
split_gain=14.1021 12.3888 12.0858 7.92171 7.12861
threshold=55.500000000000007 6.5000000000000009 3.5000000000000004 11.500000000000002 8.0500000000000025
decision_type=2 2 2 2 2
left_child=2 -2 -1 -3 -4
right_child=1 3 4 -5 -6
leaf_value=0.0090610008033603189 0.03530933768136639 -0.013999033792858769 0.017317306419660363 0.0031183805200843667 -0.034456670828719435
leaf_weight=10.722758073359726 9.9388127494603378 27.556085214950144 2.677710413932803 207.99527623131871 22.546190816909075
leaf_count=36 29 146 8 668 452
internal_value=-6.94802e-05 0.00250023 -0.0176188 0.00111589 -0.0289605
internal_weight=281.437 245.49 35.9467 235.551 25.2239
internal_count=1339 843 496 814 460
is_linear=0
shrinkage=0.03


Tree=204
num_leaves=8
num_cat=0
split_feature=9 17 23 0 17 15 23
split_gain=10.766 15.35 13.0223 8.86498 8.48679 6.61827 4.32873
threshold=1.5000000000000002 11.750000000000002 213.50000000000003 74.500000000000014 11.65 36.361111111111121 245.50000000000003
decision_type=2 2 2 2 2 2 2
left_child=3 4 -3 5 -2 -1 -5
right_child=1 2 -4 6 -6 -7 -8
leaf_value=0.010903523591938037 0.0075080086063890085 -0.0044592218016276551 -0.025788894026961932 0.012650510871205708 0.056314893299313593 -0.011569140285001982 0.035719649336079823
leaf_weight=22.099977860227227 35.038260398432612 113.76748997159302 33.301706097088754 32.526494771242142 3.5294338045641771 25.292953403666615 9.4465608745813352
leaf_count=74 237 552 252 75 11 127 15
internal_value=-0.00075289 -0.00487135 -0.00928902 0.00780224 0.0119745 -0.00108983 0.0178425
internal_weight=275.003 185.637 147.069 89.366 38.5677 47.3929 41.9731
internal_count=1343 1052 804 291 248 201 90
is_linear=0
shrinkage=0.03


Tree=205
num_leaves=4
num_cat=0
split_feature=23 23 2
split_gain=7.06736 11.0519 7.63266
threshold=35.000000000000007 60.500000000000007 5.2271097658831236
decision_type=2 2 2
left_child=-1 -2 -3
right_child=1 2 -4
leaf_value=-0.027527490423680401 0.028931766464803964 0.0075832666161268665 -0.002649527311873449
leaf_weight=6.7114383094012728 14.711434924975036 124.98907869122922 138.07789682294242
leaf_count=27 33 370 892
internal_value=0.00289242 0.0036274 0.0022123
internal_weight=284.49 277.778 263.067
internal_count=1322 1295 1262
is_linear=0
shrinkage=0.03


Tree=206
num_leaves=7
num_cat=0
split_feature=10 3 18 0 15 6
split_gain=9.56056 12.3351 10.565 7.20147 11.1298 10.2839
threshold=0.053760659861331307 26.500000000000004 196.45164145161675 44.500000000000007 36.361111111111121 2.2139248614110257e-19
decision_type=2 2 2 2 2 2
left_child=3 2 -2 4 -1 -5
right_child=1 -3 -4 5 -6 -7
leaf_value=0.005444104219444139 -0.0022428729986083023 0.012808861723911607 -0.035515215119448829 0.023724056707205128 -0.04882414949539423 0.0019856571058783157
leaf_weight=7.824288818985222 15.091985549777744 13.244773369282482 19.933425148017704 21.778881050646305 6.0167916109785438 194.51479348260909
leaf_count=62 65 28 167 61 174 808
internal_value=0.000285971 -0.0118528 -0.0211786 0.00283206 -0.0181466 0.00417452
internal_weight=278.405 48.2702 35.0254 230.135 13.8411 216.294
internal_count=1365 260 232 1105 236 869
is_linear=0
shrinkage=0.03


Tree=207
num_leaves=5
num_cat=0
split_feature=3 6 15 23
split_gain=7.32934 7.83052 15.2425 7.24254
threshold=61.500000000000007 1.186207745328435e-19 37.250000000000007 204.50000000000003
decision_type=2 2 2 2
left_child=1 3 -3 -1
right_child=-2 2 -4 -5
leaf_value=0.016611684303723451 0.027876388751326329 -0.00072376676172928916 -0.049831537919696932 -0.01169552874228456
leaf_weight=41.04275312460959 9.0333690196275693 218.36985303414986 5.8406676722224793 10.145490331575273
leaf_count=105 14 1131 60 39
internal_value=0.00128625 0.000414069 -0.00200302 0.0110012
internal_weight=284.432 275.399 224.211 51.1882
internal_count=1349 1335 1191 144
is_linear=0
shrinkage=0.03


Tree=208
num_leaves=4
num_cat=0
split_feature=12 20 12
split_gain=7.63019 8.41592 8.10447
threshold=25.350000000000005 6.6500000000000012 26.950000000000003
decision_type=2 2 2
left_child=-1 -2 -3
right_child=1 2 -4
leaf_value=0.020843549100162364 -0.038949917498395131 -0.046881140611701747 0.00024327625784610599
leaf_weight=15.084108270704744 5.1798589527606955 3.3258622065186492 264.38194869318977
leaf_count=28 25 16 1296
internal_value=7.30937e-05 -0.00107501 -0.000342173
internal_weight=287.972 272.888 267.708
internal_count=1365 1337 1312
is_linear=0
shrinkage=0.03


Tree=209
num_leaves=7
num_cat=0
split_feature=19 9 0 10 23 19
split_gain=11.5267 10.613 11.4911 11.4124 8.45928 6.46341
threshold=11.350000000000003 2.4986188804604175 66.500000000000014 0.016272507633768453 100.50000000000001 11.550000000000002
decision_type=2 2 2 2 2 2
left_child=1 3 -3 -1 -2 -6
right_child=4 2 -4 -5 5 -7
leaf_value=0.016586133357564207 -0.032704202378211741 -0.029614805011265857 -0.0042759975638767172 -0.0078421732462488226 0.040082265402872984 0.009409214609966814
leaf_weight=40.390225606039166 4.0535363033413878 19.5061678532511 92.45097812730819 29.993747922591865 6.6455183206126085 88.811731577850878
leaf_count=110 16 349 363 123 15 355
internal_value=0.00152973 -0.0029521 -0.00869075 0.00617614 0.00974214 0.0115446
internal_weight=281.852 182.341 111.957 70.384 99.5108 95.4572
internal_count=1331 945 712 233 386 370
is_linear=0
shrinkage=0.03


Tree=210
num_leaves=5
num_cat=0
split_feature=24 13 7 6
split_gain=8.10971 8.49527 8.50604 3.91215
threshold=5.0500000000000007 1.8500000000000003 48.500000000000007 0.99999999536174466
decision_type=2 2 2 2
left_child=1 2 -1 -3
right_child=-2 3 -4 -5
leaf_value=-9.8491254693961033e-05 -0.04030108810015328 0.032829808169954365 -0.03438650408892923 0.0053071789846269
leaf_weight=248.16238082246855 4.4706945456564418 9.944550462067129 6.6870222948491564 8.7273083180189115
leaf_count=1265 21 18 24 22
internal_value=-0.000222179 0.000432909 -0.000998178 0.0199656
internal_weight=277.992 273.521 254.849 18.6719
internal_count=1350 1329 1289 40
is_linear=0
shrinkage=0.03


Tree=211
num_leaves=8
num_cat=0
split_feature=10 19 3 23 24 22 0
split_gain=11.7837 10.3893 12.3115 10.4489 7.54781 10.7888 7.03798
threshold=-2.3272150736874946e-16 10.550000000000002 7.5000000000000009 103.50000000000001 0.75000000000000011 14.413282047175295 74.500000000000014
decision_type=2 2 2 2 2 2 2
left_child=4 2 -2 -3 5 -1 -6
right_child=1 3 -4 -5 6 -7 -8
leaf_value=-0.0444857904398923 0.018841544092134743 -0.039184012370131638 -0.012583854228010137 0.0068719454844385292 0.0020301901358861889 0.020456452971644255 0.023835113451073038
leaf_weight=4.8886705432087165 12.560041078831999 4.6837188005447379 105.16022687731311 82.970389047171921 21.791142934001982 4.3517143577337265 34.279943220317364
leaf_count=33 103 18 622 372 83 8 59
internal_value=0.000121253 -0.00340855 -0.00923095 0.00441099 0.0112209 -0.0139016 0.015361
internal_weight=270.686 205.374 117.72 87.6541 65.3115 9.24038 56.0711
internal_count=1298 1115 725 390 183 41 142
is_linear=0
shrinkage=0.03


Tree=212
num_leaves=6
num_cat=0
split_feature=9 16 15 5 6
split_gain=7.87884 14.1145 15.0073 6.5895 5.55447
threshold=2.4986188804604175 25.150268336314848 36.861111111111121 10.853118868911523 0.11413130690884128
decision_type=2 2 2 2 2
left_child=3 2 -2 4 -1
right_child=1 -3 -4 -5 -6
leaf_value=0.0081465939087453955 -0.0023955128951624531 0.032554528011379383 -0.033988245825689108 0.037688280865129362 -0.01150543070037416
leaf_weight=89.596057645976543 141.62180833844468 9.3369891503825766 14.96195452660322 5.9790399353951207 15.129907309077678
leaf_count=274 805 18 154 12 85
internal_value=0.000857983 -0.00327763 -0.00541427 0.00705629 0.00530744
internal_weight=276.626 165.921 156.584 110.705 104.726
internal_count=1348 977 959 371 359
is_linear=0
shrinkage=0.03


Tree=213
num_leaves=4
num_cat=0
split_feature=23 23 7
split_gain=10.0366 12.4173 7.36213
threshold=35.000000000000007 58.000000000000007 65.500000000000014
decision_type=2 2 2
left_child=-1 -2 -3
right_child=1 2 -4
leaf_value=-0.0401780847052403 0.032108656870365217 0.0014350247544863332 0.026719966899162808
leaf_weight=4.731386110186576 13.357241250574587 254.57455467013642 10.80368986725807
leaf_count=22 26 1261 17
internal_value=0.0031495 0.00388497 0.00246439
internal_weight=283.467 278.735 265.378
internal_count=1326 1304 1278
is_linear=0
shrinkage=0.03


Tree=214
num_leaves=6
num_cat=0
split_feature=22 18 11 19 17
split_gain=8.89025 7.15363 9.25931 9.17052 2.76557
threshold=10.15 158.50000000000003 11.750000000000002 13.850000000000003 10.050000000000002
decision_type=2 2 2 2 2
left_child=4 2 -2 -3 -1
right_child=1 3 -4 -5 -6
leaf_value=-0.0047020086943718054 0.018539646076157334 -0.0019042950448243227 -0.0048605412039347965 0.014908001106760379 -0.049985718343990564
leaf_weight=1.8250193968415249 53.129935886710882 170.08021199190989 21.328270696569234 35.252198352478445 3.6241622832603753
leaf_count=15 120 884 113 159 39
internal_value=0.00313162 0.00387075 0.0118368 0.0009821 -0.0348195
internal_weight=285.24 279.791 74.4582 205.332 5.44918
internal_count=1330 1276 233 1043 54
is_linear=0
shrinkage=0.03


Tree=215
num_leaves=5
num_cat=0
split_feature=13 20 0 21
split_gain=8.23554 8.14428 10.2492 7.25856
threshold=0.31823502504286688 13.950000000000001 75.500000000000014 0.37105611154025714
decision_type=2 2 2 2
left_child=-1 2 -2 -3
right_child=1 3 -4 -5
leaf_value=0.040558461206664696 -0.0074524155690207945 -0.0049728618757786582 0.0044827472115051958 0.042250943835659679
leaf_weight=4.7590963020920745 108.62206070823595 4.7003114069811982 160.34744204580784 7.7747801812365651
leaf_count=12 823 58 438 25
internal_value=0.0014236 0.000761848 -0.000337212 0.0244582
internal_weight=286.204 281.445 268.97 12.4751
internal_count=1356 1344 1261 83
is_linear=0
shrinkage=0.03


Tree=216
num_leaves=8
num_cat=0
split_feature=10 15 10 23 6 16 22
split_gain=9.84992 18.0631 20.9628 10.1157 8.28666 10.552 10.4637
threshold=0.0024083538092637834 36.861111111111121 0.13657242882375212 104.50000000000001 0.99999996978360939 17.422649572649576 11.15
decision_type=2 2 2 2 2 2 2
left_child=4 3 -3 -2 6 -6 -1
right_child=1 2 -4 -5 5 -7 -8
leaf_value=-0.018490566313438477 -0.033171462507926394 -0.055702538674138942 0.02790790630364209 0.0017369383852435447 -0.016708433062695517 0.0044879856275569629 0.015948742022646071
leaf_weight=9.068965243175624 8.4033152041956765 12.335132009815423 3.4546347381547085 67.337693568319082 29.528072879416868 74.386927270330489 63.779565520584583
leaf_count=43 45 121 13 306 284 335 170
internal_value=-0.000232887 -0.00822101 -0.0374095 -0.00213608 0.00390348 -0.0015351 0.0116614
internal_weight=268.294 91.5308 15.7898 75.741 176.764 103.915 72.8485
internal_count=1317 485 134 351 832 619 213
is_linear=0
shrinkage=0.03


Tree=217
num_leaves=5
num_cat=0
split_feature=17 10 10 18
split_gain=5.49749 6.72407 16.4268 6.27112
threshold=30.700000000000006 -9.008251862360977e-17 -2.3272150736874946e-16 158.50000000000003
decision_type=2 2 2 2
left_child=1 2 -1 -3
right_child=-2 3 -4 -5
leaf_value=0.0012992874313092879 0.018645200071037725 0.01225299244175734 -0.031983134351683998 0.00034602537783419592
leaf_weight=52.338156446814537 16.481119967997074 54.760761016048491 17.914854201022536 145.80502434168011
leaf_count=174 39 178 149 815
internal_value=0.00182304 0.000799297 -0.00718789 0.003597
internal_weight=287.3 270.819 70.253 200.566
internal_count=1355 1316 323 993
is_linear=0
shrinkage=0.03


Tree=218
num_leaves=6
num_cat=0
split_feature=18 12 21 3 7
split_gain=6.87281 9.24849 7.29354 6.50203 7.98105
threshold=328.50000000000006 25.850000000000005 0.83369549478081628 61.500000000000007 51.500000000000007
decision_type=2 2 2 2 2
left_child=3 -2 -3 4 -1
right_child=1 2 -4 -5 -6
leaf_value=0.0034537405400261526 0.036627253115182008 -0.042436303282271881 0.0015159915694121433 0.027608155267722107 -0.026958012434522165
leaf_weight=245.17148640146479 2.5255573540926006 8.8799207084812206 5.5041490891017011 9.6280238181352598 8.020469054579733
leaf_count=1143 4 107 31 16 28
internal_value=0.00221776 -0.016321 -0.0256177 0.00341053 0.00249037
internal_weight=279.73 16.9096 14.3841 262.82 253.192
internal_count=1329 142 138 1187 1171
is_linear=0
shrinkage=0.03


Tree=219
num_leaves=5
num_cat=0
split_feature=20 0 10 3
split_gain=9.15748 5.98473 18.0884 8.60618
threshold=14.65 75.500000000000014 0.016272507633768453 11.500000000000002
decision_type=2 2 2 2
left_child=1 2 -1 -3
right_child=-2 3 -4 -5
leaf_value=0.0034997758503764642 0.038565217769357514 -0.020514317491778924 -0.022950354852677032 0.0070136079945961717
leaf_weight=81.801350613124669 6.0272538159042588 11.010399132966993 32.520275246351957 142.61953389272094
leaf_count=561 31 48 311 368
internal_value=0.00199571 0.00117313 -0.00402431 0.00504073
internal_weight=273.979 267.952 114.322 153.63
internal_count=1319 1288 872 416
is_linear=0
shrinkage=0.03


Tree=220
num_leaves=8
num_cat=0
split_feature=10 10 20 21 16 17 19
split_gain=7.28341 9.66371 9.07255 6.59557 11.6306 5.56624 2.85496
threshold=-2.3272150736874946e-16 -1.4109437013654834e-16 13.950000000000001 0.37508406636604158 21.042572463768121 11.293007694274609 10.550000000000002
decision_type=2 2 2 2 2 2 2
left_child=3 5 -3 6 -5 -2 -1
right_child=1 2 -4 4 -6 -7 -8
leaf_value=0.012807159611556516 0.0098172775919362961 -0.0027907040923157126 0.026149341505999915 0.0095658193574020712 -0.030241567367705342 -0.046204662322226447 0.035570861974283073
leaf_weight=10.922982196789237 2.0794991822913271 192.87893303204328 10.268328411970286 36.847822121344507 8.0485370652750117 6.8680450464598835 9.0809071939438564
leaf_count=36 10 1028 72 111 33 59 16
internal_value=1.91651e-05 -0.00267182 -0.00132789 0.00881333 0.00242958 -0.0331846 0.0231409
internal_weight=276.995 212.095 203.147 64.9002 44.8964 8.94754 20.0039
internal_count=1365 1169 1100 196 144 69 52
is_linear=0
shrinkage=0.03


Tree=221
num_leaves=7
num_cat=0
split_feature=0 14 21 6 23 21
split_gain=6.86856 9.67062 19.4755 11.2423 6.89275 9.1361
threshold=86.500000000000014 0.99999999083309621 0.36474203406690237 0.11413130690884128 275.50000000000006 0.24626781251816651
decision_type=2 2 2 2 2 2
left_child=1 3 -3 -1 5 -2
right_child=4 2 -4 -5 -6 -7
leaf_value=0.009918337532720119 -0.0093950163860335983 0.038657695391168971 -0.029702697783443865 -0.0063588540182722957 0.031055518671163754 0.012773407467492143
leaf_weight=57.256804732140154 28.676266975700855 4.4078931063413647 25.160176868550479 114.67379829008132 9.300154045224188 40.167752660810947
leaf_count=181 97 7 121 865 17 81
internal_value=-0.00073573 -0.00366369 -0.0195118 -0.000938179 0.00681415 0.00353938
internal_weight=279.643 201.499 29.5681 171.931 78.1442 68.844
internal_count=1369 1174 128 1046 195 178
is_linear=0
shrinkage=0.03


Tree=222
num_leaves=7
num_cat=0
split_feature=0 17 17 24 14 14
split_gain=10.6491 7.78491 7.81561 7.60161 7.5331 5.09807
threshold=44.500000000000007 10.65 11.550000000000002 1.5500000000000003 1.0000000180025095e-35 0.99999999749028601
decision_type=2 2 2 2 2 2
left_child=3 5 -3 4 -1 -2
right_child=1 2 -4 -5 -6 -7
leaf_value=0.0081820077750196559 -0.045167310744562691 0.017561444755379158 0.0017353051188005615 -0.091091642688179542 -0.033957853213597788 0.0081226871555325538
leaf_weight=6.6871144324541119 4.9121597795747212 32.162952142767608 221.43120620865375 1.3110687620937813 8.8984211490023863 2.4075713567435741
leaf_count=19 58 128 808 11 293 7
internal_value=0.00136741 0.00286211 0.00374251 -0.0217135 -0.0158774 -0.0276394
internal_weight=277.81 260.914 253.594 16.8966 15.5855 7.31973
internal_count=1324 1001 936 323 312 65
is_linear=0
shrinkage=0.03


Tree=223
num_leaves=5
num_cat=0
split_feature=24 13 24 10
split_gain=10.8058 8.49481 6.231 5.6803
threshold=5.0500000000000007 1.8500000000000003 0.55000000000000016 0.012438555419649508
decision_type=2 2 2 2
left_child=1 2 -1 -3
right_child=-2 3 -4 -5
leaf_value=0.022001340960713794 -0.042555361536144906 0.0054963966154302343 4.9746402477270527e-05 0.037220503902620439
leaf_weight=12.221531924325971 4.8575560282915822 10.228508882224562 243.62851478671655 10.09107184410095
leaf_count=55 23 27 1232 14
internal_value=0.00180093 0.00258111 0.00109834 0.0212512
internal_weight=281.027 276.17 255.85 20.3196
internal_count=1351 1328 1287 41
is_linear=0
shrinkage=0.03


Tree=224
num_leaves=7
num_cat=0
split_feature=19 19 6 17 15 14
split_gain=7.06283 10.0204 13.1927 6.70559 6.12463 2.87858
threshold=4.3500000000000005 6.9500000000000011 0.0016735848058594166 11.450000000000001 36.305555555555564 2.9605183904054923e-09
decision_type=2 2 2 2 2 2
left_child=4 2 -2 -3 -1 -6
right_child=1 3 -4 -5 5 -7
leaf_value=-0.0067059886782069329 0.01239578064550167 0.016010813270239184 -0.024081401629557613 0.0013590673463197314 0.013499486457188174 0.037625117579326448
leaf_weight=6.6807554140687015 13.068546174094079 33.322724289959297 28.133782146731392 179.8015738571994 8.0011259019374865 10.031802777200935
leaf_count=26 41 178 220 814 28 16
internal_value=0.00251949 0.00103167 -0.0125116 0.00364992 0.0178305 0.0269207
internal_weight=279.04 254.327 41.2023 213.124 24.7137 18.0329
internal_count=1323 1253 261 992 70 44
is_linear=0
shrinkage=0.03


Tree=225
num_leaves=8
num_cat=0
split_feature=14 15 0 6 8 21 0
split_gain=12.1542 18.2612 17.1333 10.2845 12.216 7.3984 3.58123
threshold=0.99999999083309621 36.166867293781799 87.500000000000014 7.4249287699784271e-05 4.9057745661929362 1.0026246899500348 59.500000000000007
decision_type=2 2 2 2 2 2 2
left_child=3 5 -3 6 -5 -2 -1
right_child=1 2 -4 4 -6 -7 -8
leaf_value=0.0058630306182643034 0.025879913877574077 -0.049700678419800373 0.0135491071481016 -0.041255933143253043 0.0024640705881021061 -0.01336454767802568 0.02409160155268408
leaf_weight=15.197305867448447 9.602385915815832 15.157517539337279 5.1689124330878249 5.9314366057515135 190.03045327868313 7.8641389422118655 26.815261460840702
leaf_count=61 21 86 12 33 1027 30 62
internal_value=0.00151856 -0.0142856 -0.0336166 0.00402844 0.00114074 0.00821046 0.0174977
internal_weight=275.767 37.793 20.3264 237.974 195.962 17.4665 42.0126
internal_count=1332 149 98 1183 1060 51 123
is_linear=0
shrinkage=0.03


Tree=226
num_leaves=8
num_cat=0
split_feature=14 17 19 6 13 10 11
split_gain=7.31549 15.1397 15.873 12.1496 9.90625 9.5383 9.16237
threshold=1.1825474821923402e-22 11.850000000000003 5.0500000000000007 0.99999999929803052 1.7500000000000002 0.037404866048955848 12.250000000000002
decision_type=2 2 2 2 2 2 2
left_child=1 6 -3 5 -5 -2 -1
right_child=3 2 -4 4 -6 -7 -8
leaf_value=0.044762372390090989 0.0089594065305464137 -0.063399069557027316 0.0061217812642239064 -0.0089494511769163867 -0.056901405764592877 -0.0069838154916005233 -0.0046606173897352221
leaf_weight=14.502524457871916 101.47137612244114 3.151784951798617 47.5295098524075 56.09483035793528 4.1653014309704295 50.620022972580045 4.4002075465396038
leaf_count=34 343 24 221 379 23 255 67
internal_value=0.00190248 0.0103444 0.0017984 -0.00086379 -0.012264 0.00365308 0.0332576
internal_weight=281.936 69.584 50.6813 212.352 60.2601 152.091 18.9027
internal_count=1346 346 245 1000 402 598 101
is_linear=0
shrinkage=0.03


Tree=227
num_leaves=5
num_cat=0
split_feature=24 3 24 12
split_gain=7.92305 7.42582 12.2524 2.69656
threshold=0.55000000000000016 57.500000000000007 3.2000000000000006 33.150000000000013
decision_type=2 2 2 2
left_child=3 2 -2 -1
right_child=1 -3 -4 -5
leaf_value=0.0084850543790656423 -0.00029168612629471274 0.023731408957483151 -0.048123161992525865 0.037448195925030799
leaf_weight=5.0822661463171226 244.72872479306534 11.204339504241942 4.9167076516896477 6.7164133042097092
leaf_count=22 1207 19 28 28
internal_value=0.000926263 -0.000161383 -0.00123372 0.0249724
internal_weight=272.648 260.85 249.645 11.7987
internal_count=1304 1254 1235 50
is_linear=0
shrinkage=0.03


Tree=228
num_leaves=7
num_cat=0
split_feature=15 0 0 23 17 3
split_gain=7.41278 12.3888 7.13125 15.6979 11.3566 6.92931
threshold=37.083333333333336 75.500000000000014 86.500000000000014 275.50000000000006 16.247490389454068 7.5000000000000009
decision_type=2 2 2 2 2 2
left_child=2 5 3 -1 -4 -2
right_child=1 -3 4 -5 -6 -7
leaf_value=0.00023140863790493862 0.036036716509745097 -0.054272924938390935 0.014973762717712153 -0.037509207679122525 -0.015232694228503461 -0.013577095177516905
leaf_weight=170.04612816800363 3.2270020730793503 5.883547641336917 58.412769645452499 10.533351537771521 13.859791472554205 11.789645805023609
leaf_count=936 20 25 131 101 44 81
internal_value=-0.000202031 -0.0173728 0.00121727 -0.00197003 0.00918104 -0.00291534
internal_weight=273.752 20.9002 252.852 180.579 72.2726 15.0166
internal_count=1338 126 1212 1037 175 101
is_linear=0
shrinkage=0.03


Tree=229
num_leaves=5
num_cat=0
split_feature=3 23 23 12
split_gain=7.37601 8.46096 10.9342 5.32001
threshold=70.000000000000014 231.50000000000003 245.50000000000003 25.350000000000005
decision_type=2 2 2 2
left_child=1 3 -3 -1
right_child=-2 2 -4 -5
leaf_value=0.01871984014373726 0.032492521669880869 -0.048014443796795071 -0.0073882461105693863 -0.00067075052681823022
leaf_weight=13.598096355795859 5.7229798883199683 7.0527391708455971 38.56596433580853 200.4525672821328
leaf_count=27 8 58 244 965
internal_value=-0.00119639 -0.00193888 -0.0136691 0.000561085
internal_weight=265.392 259.669 45.6187 214.051
internal_count=1302 1294 302 992
is_linear=0
shrinkage=0.03


Tree=230
num_leaves=7
num_cat=0
split_feature=6 6 3 14 15 0
split_gain=6.67278 10.8253 10.0776 6.38436 9.95248 7.73355
threshold=0.99999581501663115 0.99999951272527454 57.500000000000007 0.99999999083309621 36.027777777777786 37.500000000000007
decision_type=2 2 2 2 2 2
left_child=3 -2 -3 5 -5 -1
right_child=1 2 -4 4 -6 -7
leaf_value=-0.011008268410865727 -0.056321697471322825 -0.0030690549998153203 0.031031587613900638 0.017319286525374136 -0.013039407923419866 0.014483552761258929
leaf_weight=12.247774993535129 3.2547598099336019 125.38443609885871 8.3170040100812894 14.823315033689139 28.222055779770017 85.347839519847184
leaf_count=86 24 804 12 43 113 236
internal_value=0.00244962 -0.00226376 -0.000947798 0.00703951 -0.00258494 0.0112845
internal_weight=277.597 136.956 133.701 140.641 43.0454 97.5956
internal_count=1318 840 816 478 156 322
is_linear=0
shrinkage=0.03


Tree=231
num_leaves=5
num_cat=0
split_feature=20 19 19 19
split_gain=8.96369 7.93365 9.65971 3.01752
threshold=14.250000000000002 2.432000510959742 7.3500000000000005 13.950000000000001
decision_type=2 2 2 2
left_child=1 -1 -3 -2
right_child=3 2 -4 -5
leaf_value=0.025387571888239677 0.0093578709639080687 -0.012578993188541325 0.0011438131429789863 0.044009910097929338
leaf_weight=9.7163471505045873 4.0046027172356826 61.314157660352066 186.8604548885487 5.1966068185865879
leaf_count=20 31 362 868 19
internal_value=-0.000167304 -0.0012054 -0.00224655 0.0289285
internal_weight=267.092 257.891 248.175 9.20121
internal_count=1300 1250 1230 50
is_linear=0
shrinkage=0.03


Tree=232
num_leaves=7
num_cat=0
split_feature=9 3 23 0 12 21
split_gain=10.3526 13.3674 13.9465 11.6439 7.73159 7.07502
threshold=3.0254147785150756 57.500000000000007 53.500000000000007 87.500000000000014 35.441437559090431 1.700145145719514
decision_type=2 2 2 2 2 2
left_child=3 2 -2 5 -5 -1
right_child=1 -3 -4 4 -6 -7
leaf_value=0.0013542311926814366 0.019443827372675346 0.029192610379867815 -0.017050838475775727 0.0020771056570612692 0.028644409884924445 -0.027510852894572616
leaf_weight=132.99618913326412 10.863520694896577 7.6728115528821936 71.137265751603991 16.579229056835175 24.32051894813776 8.108227761462329
leaf_count=588 24 13 573 44 40 53
internal_value=-0.000329821 -0.00867292 -0.012216 0.00378083 0.017875 -0.000304432
internal_weight=271.678 89.6736 82.0008 182.004 40.8997 141.104
internal_count=1335 610 597 725 84 641
is_linear=0
shrinkage=0.03


Tree=233
num_leaves=8
num_cat=0
split_feature=22 18 19 19 10 21 13
split_gain=12.0857 7.97345 10.5535 8.87995 7.58037 12.1792 6.11269
threshold=13.738955857137212 210.50000000000003 11.250000000000002 5.1500000000000012 0.13657242882375212 1.700145145719514 1.2037075218434301
decision_type=2 2 2 2 2 2 2
left_child=4 3 -3 -2 5 -1 -6
right_child=1 2 -4 -5 6 -7 -8
leaf_value=-0.0044057853601872695 -0.0083799958383787478 -0.018738644609423125 0.016049344336966215 0.022376593372443822 -7.0735406985105115e-05 -0.05865421161478121 0.039948702005665658
leaf_weight=168.37754287617281 10.417171139270065 16.666728294454519 14.8334873332642 44.703506710939109 7.8812118703499419 3.8089112611487499 6.0889280438423157
leaf_count=979 35 86 50 105 44 28 7
internal_value=0.000426045 0.00968325 -0.00235694 0.016564 -0.00388145 -0.00560581 0.0173719
internal_weight=272.777 86.6209 31.5002 55.1207 186.157 172.186 13.9701
internal_count=1334 276 136 140 1058 1007 51
is_linear=0
shrinkage=0.03


Tree=234
num_leaves=7
num_cat=0
split_feature=17 17 19 20 3 18
split_gain=7.01165 14.2703 10.4465 8.81063 7.10227 0.987924
threshold=11.050000000000002 11.750000000000002 11.15 10.250000000000002 20.433155267051223 185.50000000000003
decision_type=2 2 2 2 2 2
left_child=4 2 -2 -3 5 -1
right_child=1 3 -4 -5 -6 -7
leaf_value=-0.054558597587679607 0.0034158900316749508 0.0056817730278632553 0.0381427001176292 -0.0061092788833539569 0.0025460933586892334 -0.031327700811907465
leaf_weight=2.6494783060625178 14.551188732497396 128.55534296715632 16.794046823401004 102.51960970461369 7.044086005538702 4.3566247262060642
leaf_count=24 109 425 48 623 24 80
internal_value=0.00192164 0.00302712 0.0220217 0.000450509 -0.0187257 -0.0401129
internal_weight=276.47 262.42 31.3452 231.075 14.0502 7.0061
internal_count=1333 1205 157 1048 128 104
is_linear=0
shrinkage=0.03


Tree=235
num_leaves=8
num_cat=0
split_feature=20 20 5 15 18 18 23
split_gain=5.35057 12.2816 10.7327 9.5334 7.98251 5.23183 4.59408
threshold=11.65 11.850000000000003 12.500000000000002 36.361111111111121 339.50000000000006 462.00000000000006 35.000000000000007
decision_type=2 2 2 2 2 2 2
left_child=4 3 -3 -2 6 -6 -1
right_child=1 2 -4 -5 5 -7 -8
leaf_value=-0.020145423887185914 -0.0011303285944768199 0.0062673811382323542 -0.022214599278963524 -0.074582412838082743 -0.042104319620359695 0.0026971664933821697 0.0052620576120572266
leaf_weight=6.6256205793470135 2.637045592069625 39.544268302153796 17.037331794621423 4.0064770532771945 5.6511937179602665 4.010903611779213 192.33158492483199
leaf_count=24 10 190 275 38 57 16 717
internal_value=0.00080572 -0.00683956 -0.00230885 -0.0454267 0.00312273 -0.0235064 0.00441594
internal_weight=271.844 63.2251 56.5816 6.64352 208.619 9.6621 198.957
internal_count=1327 513 465 48 814 73 741
is_linear=0
shrinkage=0.03


Tree=236
num_leaves=7
num_cat=0
split_feature=16 16 10 9 15 0
split_gain=7.77613 7.40639 8.92807 7.03429 2.12609 0.126564
threshold=14.455555555555557 15.728735632183909 0.14325771253476224 3.4525745300917401 35.527777777777786 73.500000000000014
decision_type=2 2 2 2 2 2
left_child=4 3 -3 -2 -1 -6
right_child=1 2 -4 -5 5 -7
leaf_value=0.00036403219345688921 0.023723098825406151 -2.6707175184183844e-05 -0.035890359319891325 -0.012159625108362075 -0.036725846872290469 -0.046148741486049291
leaf_weight=1.4601382445543993 21.219085088931028 216.95900409342721 6.4325070963241151 6.3999011293053618 3.2244451285805553 2.1305073499679565
leaf_count=10 69 1024 44 68 68 12
internal_value=-0.000105911 0.000752569 -0.00105939 0.0154083 -0.0317251 -0.0404748
internal_weight=257.826 251.01 223.392 27.619 6.81509 5.35495
internal_count=1295 1205 1068 137 90 80
is_linear=0
shrinkage=0.03


Tree=237
num_leaves=7
num_cat=0
split_feature=18 19 12 16 17 20
split_gain=6.95622 9.01691 9.52467 7.7096 6.99458 6.81228
threshold=135.50000000000003 8.3500000000000032 31.150000000000002 14.455555555555557 19.850000000000005 10.250000000000002
decision_type=2 2 2 2 2 2
left_child=4 2 -2 -3 5 -1
right_child=1 3 -4 -5 -6 -7
leaf_value=0.022664304262824429 -0.036746181092290719 -0.041523590407116985 -0.0049681665440693568 0.0044173543102027446 -0.015263884519696777 -0.005819904497502539
leaf_weight=34.048840388655663 10.116629499942063 3.3612769544124594 52.750756449764594 149.91819655895233 7.3616627044975749 9.712046508677302
leaf_count=70 61 39 354 699 24 63
internal_value=0.00183953 -0.000514245 -0.0100819 0.00340991 0.0117913 0.0163427
internal_weight=267.269 216.147 62.8674 153.279 51.1225 43.7609
internal_count=1310 1153 415 738 157 133
is_linear=0
shrinkage=0.03


Tree=238
num_leaves=8
num_cat=0
split_feature=5 6 3 18 3 23 23
split_gain=6.13956 9.19011 12.9618 7.34098 7.74802 6.39514 5.11337
threshold=13.500000000000002 0.99999996131792745 57.500000000000007 220.50000000000003 22.29024924921524 189.50000000000003 198.50000000000003
decision_type=2 2 2 2 2 2 2
left_child=3 6 -3 5 -5 -1 -2
right_child=1 2 -4 4 -6 -7 -8
leaf_value=0.005455990565356025 -0.00089979324481617761 -0.014640937775354624 0.033905835719860916 -0.0094674880902024788 0.011659119141758992 0.028495318635529038 0.038910475517564005
leaf_weight=98.654606631491333 6.1716476622968894 64.835362922167405 5.3589134514331809 59.398309229873121 21.199328526854515 12.182010764256118 5.4839328387752175
leaf_count=325 28 547 7 335 51 31 14
internal_value=3.83438e-05 -0.00683841 -0.0109347 0.00297858 -0.00391063 0.00798823 0.0178309
internal_weight=273.284 81.8499 70.1943 191.434 80.5976 110.837 11.6556
internal_count=1338 596 554 742 386 356 42
is_linear=0
shrinkage=0.03


Tree=239
num_leaves=7
num_cat=0
split_feature=15 19 8 15 21 23
split_gain=9.8803 12.0449 10.4391 9.99453 8.01192 6.43289
threshold=37.083333333333336 10.550000000000002 5.3008592662657428 37.638888888888893 0.51471220298598197 125.50000000000001
decision_type=2 2 2 2 2 2
left_child=1 2 -1 5 -3 -2
right_child=3 4 -4 -5 -6 -7
leaf_value=0.0031952073744295957 -0.0054501532526006402 0.014008483916247755 -0.013125786024570676 0.012664151311284809 -0.0043096706341541934 -0.048182177761363361
leaf_weight=67.099989738315344 4.6458333954215076 68.195370874367654 74.354799358407035 5.5513777318410567 31.375761191360652 9.9849182101897878
leaf_count=237 25 284 568 19 134 88
internal_value=-0.00144553 0.000242828 -0.00538382 -0.0216088 0.00823627 -0.0346131
internal_weight=261.208 241.026 141.455 20.1821 99.5711 14.6308
internal_count=1355 1223 805 132 418 113
is_linear=0
shrinkage=0.03


Tree=240
num_leaves=4
num_cat=0
split_feature=3 7 19
split_gain=8.92408 9.32748 7.76842
threshold=63.500000000000007 51.500000000000007 10.550000000000002
decision_type=2 2 2
left_child=1 2 -1
right_child=-2 -3 -4
leaf_value=-0.0048072684693311035 0.029834948062795998 -0.031595426248380486 0.0060216401156700169
leaf_weight=145.50758555252105 8.4724633693695051 8.9213854968547803 101.01150709250942
leaf_count=831 13 34 465
internal_value=-0.000455978 -0.00146067 -0.00037011
internal_weight=263.913 255.44 246.519
internal_count=1343 1330 1296
is_linear=0
shrinkage=0.03


Tree=241
num_leaves=8
num_cat=0
split_feature=16 20 14 7 19 20 7
split_gain=9.93165 11.3383 10.2573 8.49086 17.4334 9.00356 8.1092
threshold=18.106203007518801 8.8500000000000032 4.2315990594125236e-29 18.500000000000004 7.8500000000000005 9.8253135238739855 18.500000000000004
decision_type=2 2 2 2 2 2 2
left_child=1 6 -3 5 -5 -2 -1
right_child=3 2 -4 4 -6 -7 -8
leaf_value=-0.021925701394077075 0.025623500025363264 0.020424894892899146 -0.016292511488527211 -0.024216484492277028 0.0068924791574544696 0.0042887887326267648 0.015092503006409673
leaf_weight=6.5619790358468881 30.592067249119282 7.6179571812972418 67.705960225546733 21.353830455802381 67.338586739264429 42.58335051080212 28.272525414824486
leaf_count=49 76 40 531 95 194 277 71
internal_value=0.000914783 -0.00603383 -0.0125791 0.00564363 -0.000597401 0.0132081 0.00811917
internal_weight=272.026 110.158 75.3239 161.868 88.6924 73.1754 34.8345
internal_count=1333 691 571 642 289 353 120
is_linear=0
shrinkage=0.03


Tree=242
num_leaves=5
num_cat=0
split_feature=19 4 10 0
split_gain=7.30947 6.19977 9.2045 6.10098
threshold=2.7500000000000004 0.14400223846823232 0.053760659861331307 37.500000000000007
decision_type=2 2 2 2
left_child=-1 2 -2 -3
right_child=1 3 -4 -5
leaf_value=0.023854770558815654 0.00088476699034551647 -0.006060809850220927 -0.015076735200155032 0.024859041883856597
leaf_weight=11.786772437393664 187.940595703898 8.919327028095724 39.318376984447241 16.129696622490883
leaf_count=27 1003 27 237 49
internal_value=0.000763257 -0.000315482 -0.00187675 0.0138493
internal_weight=264.095 252.308 227.259 25.049
internal_count=1343 1316 1240 76
is_linear=0
shrinkage=0.03


Tree=243
num_leaves=8
num_cat=0
split_feature=0 4 0 5 21 16 5
split_gain=10.7349 7.52789 7.35831 6.46086 5.21317 5.06522 0.962507
threshold=47.500000000000007 0.14400223846823232 26.500000000000004 3.5000000000000004 1.7348986462441494 25.699095022624437 3.5000000000000004
decision_type=2 2 2 2 2 2 2
left_child=2 4 3 -1 -2 -4 -3
right_child=1 6 5 -5 -6 -7 -8
leaf_value=0.026627456461214841 0.0018652896302321848 0.017187644497595002 -0.031156858284359636 -0.022637155513595981 -0.022722382478579051 -0.098003583080314399 0.034393500260056838
leaf_weight=4.0696698930114525 226.88321664417163 5.9331391602754575 8.8442218780983222 5.8252956622745842 8.0357277859002334 1.1532119456678618 5.7735680639743805
leaf_count=11 887 23 212 128 40 7 18
internal_value=0.000484326 0.00219426 -0.0207155 -0.00237527 0.00102423 -0.0388677 0.0256733
internal_weight=266.518 246.626 19.8924 9.89497 234.919 9.99743 11.7067
internal_count=1326 968 358 139 927 219 41
is_linear=0
shrinkage=0.03


Tree=244
num_leaves=6
num_cat=0
split_feature=21 9 20 21 18
split_gain=7.59821 6.31534 9.51208 5.95625 4.72026
threshold=1.700145145719514 1.5000000000000002 12.250000000000002 1.9562385687196022 205.50000000000003
decision_type=2 2 2 2 2
left_child=1 4 -3 -2 -1
right_child=3 2 -4 -5 -6
leaf_value=0.015066334748920478 -0.055703836497255001 -8.66030911692366e-05 -0.021103347489637082 -0.0081869941569505892 0.00030510494571881104
leaf_weight=37.996473801322281 3.8144623395055515 150.78081061097328 22.240284984698519 6.2880588108673692 40.044499320909381
leaf_count=107 28 696 311 35 158
internal_value=-0.000619064 0.000407401 -0.00278811 -0.0261282 0.00749203
internal_weight=261.165 251.062 173.021 10.1025 78.041
internal_count=1335 1272 1007 63 265
is_linear=0
shrinkage=0.03


Tree=245
num_leaves=8
num_cat=0
split_feature=14 14 12 17 22 10 24
split_gain=7.21859 16.2066 13.0771 9.22942 10.6473 7.67961 7.428
threshold=1.1825474821923402e-22 9.4137545867743948e-10 47.45000000000001 11.550000000000002 13.621814260722127 -3.7957163329388589e-17 0.55000000000000016
decision_type=2 2 2 2 2 2 2
left_child=3 2 -2 5 -5 -1 -3
right_child=1 6 -4 4 -6 -7 -8
leaf_value=-0.0048050412422607656 -0.019051565435501069 0.040268448515046809 0.043203306731367234 -0.0092486970553876235 0.0183034075267649 0.043246613788140903 0.002255658761278723
leaf_weight=4.1178868324495843 53.284031059127301 4.7936404962092629 3.2202530354261389 27.497419014805928 23.336394928395748 10.961887361016123 132.71117975190282
leaf_count=33 396 10 12 191 79 50 542
internal_value=0.000936675 -0.00197741 -0.0155036 0.00951394 0.00339971 0.030125 0.00358085
internal_weight=259.923 194.009 56.5043 65.9136 50.8338 15.0798 137.505
internal_count=1313 960 408 353 270 83 552
is_linear=0
shrinkage=0.03


Tree=246
num_leaves=7
num_cat=0
split_feature=23 9 22 0 20 23
split_gain=15.4004 12.6635 15.5101 14.1 8.87629 7.3136
threshold=213.50000000000003 1.5000000000000002 11.450000000000001 78.500000000000014 6.5500000000000007 212.50000000000003
decision_type=2 2 2 2 2 2
left_child=4 3 -3 -2 -1 -6
right_child=1 2 -4 -5 5 -7
leaf_value=-0.034460881932071578 -0.017419945441655659 0.003592138397520869 -0.039624809515101826 0.030746205534424895 0.0030052224848664318 0.040794358222311519
leaf_weight=5.5815182998776427 13.014088898897173 10.883884366601704 23.855338622815907 9.4357840120792371 196.13738036551513 4.7202814905904225
leaf_count=24 68 93 241 18 884 13
internal_value=-0.000960078 -0.0147363 -0.0260848 0.00282451 0.00285631 0.00389329
internal_weight=263.628 57.1891 34.7392 22.4499 206.439 200.858
internal_count=1341 420 334 86 921 897
is_linear=0
shrinkage=0.03


Tree=247
num_leaves=7
num_cat=0
split_feature=22 7 20 7 22 20
split_gain=8.58797 9.06401 13.2831 6.93221 8.43393 6.23626
threshold=13.738955857137212 45.500000000000007 6.9500000000000011 32.500000000000007 14.721430171330214 6.9500000000000011
decision_type=2 2 2 2 2 2
left_child=1 2 -1 5 -5 -2
right_child=3 -3 -4 4 -6 -7
leaf_value=-0.056496858415705169 0.033791891990433316 0.017141103498635943 -0.0045430913349822164 0.011420457800971742 -0.03374177516460769 0.008212397039301704
leaf_weight=4.5582517436705521 10.133699972182511 16.801898937672377 156.20404280663934 7.6616126894950849 7.2366333305835724 55.873823676258326
leaf_count=25 18 36 972 17 30 198
internal_value=-0.000133694 -0.00382494 -0.00601619 0.00796751 -0.0105165 0.0121394
internal_weight=258.47 177.564 160.762 80.9058 14.8982 66.0075
internal_count=1296 1033 997 263 47 216
is_linear=0
shrinkage=0.03


Tree=248
num_leaves=7
num_cat=0
split_feature=5 24 22 17 0 10
split_gain=10.3713 10.0752 13.0515 8.68427 8.22975 7.11537
threshold=13.500000000000002 1.2500000000000002 12.65 30.200000000000006 85.500000000000014 0.047070910444541814
decision_type=2 2 2 2 2 2
left_child=3 4 -3 5 -2 -1
right_child=1 2 -4 -5 -6 -7
leaf_value=0.0057860579337687592 -0.012368043388931434 -0.029215726651003346 0.014445066994148647 0.031319234958601616 -0.044491957665431382 -0.0077196024249227418
leaf_weight=126.23023689282127 33.060895216767676 8.3503138688392955 23.513192223384976 9.6114885061979276 9.1678016781806928 48.634921802207828
leaf_count=458 403 61 56 20 55 246
internal_value=-0.000251945 -0.00973251 0.0030031 0.00355578 -0.0193421 0.00202975
internal_weight=258.569 74.0922 31.8635 184.477 42.2287 174.865
internal_count=1299 575 117 724 458 704
is_linear=0
shrinkage=0.03


Tree=249
num_leaves=6
num_cat=0
split_feature=17 14 14 14 5
split_gain=8.09145 7.54102 9.98056 8.30571 2.62739
threshold=29.700000000000006 4.2315990594125236e-29 9.2740327277142025e-28 1.1083948002433674e-29 12.500000000000002
decision_type=2 2 2 2 2
left_child=1 3 -3 -1 -2
right_child=4 2 -4 -5 -6
leaf_value=0.0070679466194182331 0.033595150425601052 -0.04463956304679699 -0.00039187871036803823 0.047613523795282262 0.010093509360559937
leaf_weight=23.567968745250258 8.5954792127013224 4.6881588147953144 214.58613164001144 5.6340844542719415 8.5297785568982345
leaf_count=104 18 48 1102 13 22
internal_value=0.001944 0.000569337 -0.00133791 0.0148906 0.0218894
internal_weight=265.602 248.476 219.274 29.2021 17.1253
internal_count=1307 1267 1150 117 40
is_linear=0
shrinkage=0.03


Tree=250
num_leaves=5
num_cat=0
split_feature=22 13 17 15
split_gain=6.73259 5.96147 5.7428 1.17668
threshold=10.15 0.31823502504286688 11.450000000000001 36.788888888888899
decision_type=2 2 2 2
left_child=3 -2 -3 -1
right_child=1 2 -4 -5
leaf_value=-0.020883864807762321 0.033341041546105482 0.012843022107851635 -0.0011789824451354128 -0.048696005496196994
leaf_weight=3.5333815538324407 5.0633407272398463 29.780805245740339 224.08814218663611 2.235148957464844
leaf_count=34 14 181 1079 24
internal_value=0.000394646 0.00110877 0.000465908 -0.0316603
internal_weight=264.701 258.932 253.869 5.76853
internal_count=1332 1274 1260 58
is_linear=0
shrinkage=0.03


Tree=251
num_leaves=8
num_cat=0
split_feature=19 19 6 14 0 17 22
split_gain=8.18811 13.1653 10.5 8.64668 15.9102 7.75273 6.28333
threshold=8.3500000000000032 4.1500000000000012 7.4249287699784271e-05 0.99999995453292267 87.500000000000014 14.65 16.550000000000004
decision_type=2 2 2 2 2 2 2
left_child=1 5 -3 6 -5 -1 -2
right_child=3 2 -4 4 -6 -7 -8
leaf_value=0.027528622587931165 0.0039522285609861147 0.005281626803427703 -0.021571633667801102 -0.027004612838074576 0.022141072006775172 -0.0095475804831674609 0.02623412310964171
leaf_weight=12.470349488779904 127.36055897653569 17.622557535767555 51.12082710233517 19.757218443788592 8.4702082425355893 8.5600188113749009 12.508794441819189
leaf_count=33 653 59 410 97 18 32 22
internal_value=-0.00101834 -0.00833339 -0.0146877 0.00288833 -0.0122575 0.0124374 0.00594494
internal_weight=257.871 89.7738 68.7434 168.097 28.2274 21.0304 139.869
internal_count=1324 534 469 790 115 65 675
is_linear=0
shrinkage=0.03


Tree=252
num_leaves=4
num_cat=0
split_feature=13 20 0
split_gain=6.47992 5.94014 6.0348
threshold=0.31823502504286688 15.15 75.500000000000014
decision_type=2 2 2
left_child=-1 2 -2
right_child=1 -3 -4
leaf_value=0.038296152016896672 -0.0039857748723782479 0.037748925279053602 0.0052703237701929515
leaf_weight=4.4943929240107527 108.84675682918169 4.1112633934244505 151.81232937797904
leaf_count=9 861 14 430
internal_value=0.00257581 0.00196947 0.00140514
internal_weight=269.265 264.77 260.659
internal_count=1314 1305 1291
is_linear=0
shrinkage=0.03


Tree=253
num_leaves=5
num_cat=0
split_feature=4 5 13 16
split_gain=7.41747 8.88764 7.10534 5.22686
threshold=0.14400223846823232 4.5000000000000009 0.31823502504286688 20.080540540540543
decision_type=2 2 2 2
left_child=1 -1 -3 -2
right_child=3 2 -4 -5
leaf_value=-0.046776757583520331 0.02937801029872214 0.037879810252436384 -0.0018738512284890603 0.00087413554086921514
leaf_weight=3.9080073395743957 12.219885192811491 4.1222873888909808 219.91852819779888 11.003658495843409
leaf_count=25 36 9 1207 37
internal_value=-0.00027922 -0.00192476 -0.0011424 0.0158725
internal_weight=251.172 227.949 224.041 23.2235
internal_count=1314 1241 1216 73
is_linear=0
shrinkage=0.03


Tree=254
num_leaves=4
num_cat=0
split_feature=23 17 21
split_gain=6.37367 5.90639 5.86322
threshold=355.00000000000006 29.700000000000006 1.5466120692768743
decision_type=2 2 2
left_child=1 2 -1
right_child=-2 -3 -4
leaf_value=0.0025959261058263517 -0.03099790712153818 0.019893256572375201 -0.017470210733897262
leaf_weight=229.28178324573673 5.1723139444366089 16.698738900944591 13.899938319111241
leaf_count=1172 35 39 85
internal_value=0.00197781 0.00263412 0.00144897
internal_weight=265.053 259.88 243.182
internal_count=1331 1296 1257
is_linear=0
shrinkage=0.03


Tree=255
num_leaves=6
num_cat=0
split_feature=0 23 16 23 17
split_gain=9.74782 14.0707 10.677 9.52849 7.65176
threshold=86.500000000000014 35.000000000000007 21.246621621621625 77.500000000000014 19.250000000000004
decision_type=2 2 2 2 2
left_child=1 -1 4 -3 -2
right_child=2 3 -4 -5 -6
leaf_value=-0.059608779237347538 0.017246912768475876 0.016856529561725345 -0.020533731784407275 -0.0056263254622797975 -0.015308209068765588
leaf_weight=4.079422313719987 53.335423171520233 18.954316442832351 9.7536491602659208 161.67855703039095 7.3992165252566329
leaf_count=21 123 59 32 1065 27
internal_value=-0.000889488 -0.00451146 0.00860177 -0.00326714 0.0132808
internal_weight=255.201 184.712 70.4883 180.633 60.7346
internal_count=1327 1145 182 1124 150
is_linear=0
shrinkage=0.03


Tree=256
num_leaves=7
num_cat=0
split_feature=20 24 23 7 18 10
split_gain=8.5272 12.4807 11.1943 10.1409 7.53553 5.73619
threshold=10.250000000000002 2.1500000000000008 125.50000000000001 13.500000000000002 140.50000000000003 -0.027564633704978029
decision_type=2 2 2 2 2 2
left_child=3 2 -2 5 -5 -1
right_child=1 -3 -4 4 -6 -7
leaf_value=0.01766725597779072 -0.035071030989953927 0.024395799826931977 -0.0055068691849632419 0.020811489579789594 0.0037461131429220771 -0.024006837083361873
leaf_weight=3.7124886140227344 13.198659903835503 10.965593660250304 91.000967249041423 31.125819005072117 92.475794149097055 14.914894214831291
leaf_count=8 102 22 704 62 308 124
internal_value=2.02914e-05 -0.00604789 -0.00925167 0.0049338 0.00804358 -0.0157011
internal_weight=257.394 115.165 104.2 142.229 123.602 18.6274
internal_count=1330 828 806 502 370 132
is_linear=0
shrinkage=0.03


Tree=257
num_leaves=5
num_cat=0
split_feature=12 17 19 5
split_gain=8.08413 6.05151 10.8933 7.62163
threshold=25.350000000000005 11.750000000000002 9.3500000000000032 13.500000000000002
decision_type=2 2 2 2
left_child=-1 2 -2 -3
right_child=1 3 -4 -5
leaf_value=0.022168777110642145 -0.0096767455757524306 0.00085225723940643189 0.020301068147253819 -0.01208004162104352
leaf_weight=15.013314910233019 17.289188709110022 148.98502816376276 29.564753915416077 56.594857636024244
leaf_count=28 161 582 137 429
internal_value=0.000781557 -0.000490432 0.0092392 -0.00270792
internal_weight=267.447 252.434 46.8539 205.58
internal_count=1337 1309 298 1011
is_linear=0
shrinkage=0.03


Tree=258
num_leaves=5
num_cat=0
split_feature=18 6 6 6
split_gain=5.01796 6.23492 9.94098 6.73815
threshold=81.000000000000014 1.186207745328435e-19 2.9150706066625686e-08 8.3925839929185158e-23
decision_type=2 2 2 2
left_child=-1 3 -3 -2
right_child=1 2 -4 -5
leaf_value=0.021028845786190485 0.0057609244570654425 -0.023010215907453092 0.00037665107509954186 0.03789302313705057
leaf_weight=11.236903090029953 37.64515726082027 17.816157770343125 199.85105858440511 6.9594624117016783
leaf_count=27 127 87 1107 12
internal_value=0.00139742 0.000556318 -0.00153757 0.0107744
internal_weight=273.509 262.272 217.667 44.6046
internal_count=1360 1333 1194 139
is_linear=0
shrinkage=0.03


Tree=259
num_leaves=8
num_cat=0
split_feature=6 6 0 18 15 22 12
split_gain=7.47693 13.7469 8.23966 7.21816 8.386 3.83174 1.35066
threshold=0.99998040245852537 0.99999951272527454 55.500000000000007 181.50000000000003 36.361111111111121 12.591034546164897 32.850000000000001
decision_type=2 2 2 2 2 2 2
left_child=3 6 -3 5 -5 -1 -2
right_child=1 2 -4 4 -6 -7 -8
leaf_value=0.0024314505130823925 -0.073002106820316923 -0.034993380544423115 -0.0014351253222337163 0.010529359917865692 -0.0082296208405573702 0.021720679909281282 -0.041372055533900547
leaf_weight=14.010296973865477 1.9335534274578083 6.9816043725004411 115.90477397944778 38.130690015852451 49.020489079412073 27.384922351688147 3.2696810716297477
leaf_count=44 11 288 535 126 221 65 35
internal_value=-0.000234256 -0.00536402 -0.00334169 0.00487728 -2.21257e-05 0.0151922 -0.053126
internal_weight=256.636 128.09 122.886 128.546 87.1512 41.3952 5.20323
internal_count=1325 869 823 456 347 109 46
is_linear=0
shrinkage=0.03


Tree=260
num_leaves=6
num_cat=0
split_feature=24 3 18 19 17
split_gain=5.85101 8.1651 8.83248 5.56391 2.87187
threshold=0.55000000000000016 9.5000000000000018 230.50000000000003 6.9500000000000011 13.250000000000002
decision_type=2 2 2 2 2
left_child=4 2 -2 -3 -1
right_child=1 3 -4 -5 -6
leaf_value=0.031926854920896121 -0.037018231071447909 -0.0069568325983905858 0.00078740942636196058 0.0044173682950379494 0.0018755408922845013
leaf_weight=8.0960107389837486 10.518673002952712 49.277839301852509 11.802150174276901 180.4232233465882 4.4271383248269549
leaf_count=36 132 244 150 758 17
internal_value=0.00128852 0.000293977 -0.0170285 0.00197726 0.0213032
internal_weight=264.545 252.022 22.3208 229.701 12.5231
internal_count=1337 1284 282 1002 53
is_linear=0
shrinkage=0.03


Tree=261
num_leaves=7
num_cat=0
split_feature=23 23 16 24 20 0
split_gain=8.68315 9.93242 13.234 9.31761 8.17969 7.63284
threshold=216.50000000000003 253.50000000000003 14.781929347826088 3.3500000000000001 14.65 66.500000000000014
decision_type=2 2 2 2 2 2
left_child=3 2 -2 4 -1 -3
right_child=1 5 -4 -5 -6 -7
leaf_value=0.0029270095464130471 0.051370355409291878 -0.02831824411677521 -0.03337928296072009 -0.038344990011607835 0.039949302161417302 0.0061867392317590903
leaf_weight=197.5197644601576 1.809869550634178 7.1860577536281189 19.799287423957139 4.8023737892508498 5.5210975012741974 29.277213477529585
leaf_count=897 12 122 171 24 21 96
internal_value=9.13103e-05 -0.0101645 -0.0262811 0.00295684 0.00393372 -0.000613386
internal_weight=265.916 58.0724 21.6092 207.843 203.041 36.4633
internal_count=1343 401 183 942 918 218
is_linear=0
shrinkage=0.03


Tree=262
num_leaves=6
num_cat=0
split_feature=17 7 17 21 0
split_gain=6.19679 5.56176 7.2231 4.46604 0.19088
threshold=10.750000000000002 66.500000000000014 11.450000000000001 0.6574760077359324 82.500000000000014
decision_type=2 2 2 2 2
left_child=3 2 -2 4 -1
right_child=1 -3 -4 -5 -6
leaf_value=-0.036434947591244438 0.017401443867859381 0.024892618231748796 1.7257567480842764e-05 0.005239347006312429 -0.048475006393745981
leaf_weight=3.4502844829112274 23.740184782305732 9.6181262433528882 229.06981090130284 3.0137451142072678 1.8050663247704504
leaf_count=65 131 17 1113 14 10
internal_value=0.00169586 0.00250159 0.00164972 -0.0238746 -0.0405704
internal_weight=270.697 262.428 252.81 8.2691 5.25535
internal_count=1350 1261 1244 89 75
is_linear=0
shrinkage=0.03


Tree=263
num_leaves=7
num_cat=0
split_feature=22 19 9 16 19 11
split_gain=7.64792 6.75368 9.12547 8.2103 5.95747 6.15621
threshold=15.250000000000002 4.3500000000000005 3.0254147785150756 19.434057971014497 5.1500000000000012 11.65
decision_type=2 2 2 2 2 2
left_child=1 3 -3 -1 -2 -6
right_child=4 2 -4 -5 5 -7
leaf_value=0.031500329103464543 -0.011613665789553628 0.00049880495268944539 -0.013466273350543128 -0.011964369928750893 0.025379683723507997 -0.0024818269806941786
leaf_weight=10.947433046996595 7.9598429538309565 139.82600870216265 60.262096222955734 6.0857021510601035 24.275545982643962 10.110085923224686
leaf_count=32 29 632 518 24 49 41
internal_value=0.00011118 -0.00216342 -0.00370717 0.015971 0.0117739 0.0171878
internal_weight=259.467 217.121 200.088 17.0331 42.3455 34.3856
internal_count=1325 1206 1150 56 119 90
is_linear=0
shrinkage=0.03


Tree=264
num_leaves=8
num_cat=0
split_feature=10 10 14 17 0 7 22
split_gain=7.1797 14.72 8.59806 7.29111 7.25467 12.4556 4.80792
threshold=-2.9394060735890009e-16 -9.008251862360977e-17 1.1825474821923402e-22 30.700000000000006 74.500000000000014 16.500000000000004 13.208902584978182
decision_type=2 2 2 2 2 2 2
left_child=4 3 -3 -2 5 -1 -6
right_child=1 2 -4 -5 6 -7 -8
leaf_value=0.015484990955480369 -0.036292590546878369 0.011988236907729398 -0.0030603792900025508 0.017774334838774181 0.0086683211178067137 -0.027637342858245779 0.030386940840617209
leaf_weight=14.273554004728796 14.837978674564512 45.575876989751123 136.54316483088769 2.6449128035455933 20.813357848674059 10.436025479808448 16.403271898627281
leaf_count=54 148 234 737 6 51 52 26
internal_value=0.00095006 -0.0018186 0.000705585 -0.028113 0.00987407 -0.00272761 0.0182408
internal_weight=261.528 199.602 182.119 17.4829 61.9262 24.7096 37.2166
internal_count=1308 1125 971 154 183 106 77
is_linear=0
shrinkage=0.03


Tree=265
num_leaves=4
num_cat=0
split_feature=23 23 16
split_gain=6.39176 12.7621 6.09337
threshold=35.000000000000007 58.000000000000007 25.150268336314848
decision_type=2 2 2
left_child=-1 -2 -3
right_child=1 2 -4
leaf_value=-0.032320531995875847 0.031246419415406686 -0.00092783622005855062 0.02050623101536634
leaf_weight=5.0776876267045727 12.493740504607556 233.76957251876593 12.57921534962952
leaf_count=23 27 1255 31
internal_value=0.0010129 0.00166679 0.000166643
internal_weight=263.92 258.843 246.349
internal_count=1336 1313 1286
is_linear=0
shrinkage=0.03


Tree=266
num_leaves=5
num_cat=0
split_feature=7 18 19 15
split_gain=7.91879 5.03625 11.2537 6.38623
threshold=66.500000000000014 139.50000000000003 8.3500000000000032 36.577777777777783
decision_type=2 2 2 2
left_child=1 3 -3 -1
right_child=-2 2 -4 -5
leaf_value=-0.0013481063258343844 0.029554727051433458 -0.012833996625131553 0.0028515857875262424 0.019878891804388361
leaf_weight=25.963602324016392 8.815284460783003 56.672877487610094 150.44880255335011 25.07528728665784
leaf_count=94 15 415 739 76
internal_value=0.00159445 0.0006397 -0.00144032 0.00908067
internal_weight=266.976 258.161 207.122 51.0389
internal_count=1339 1324 1154 170
is_linear=0
shrinkage=0.03


Tree=267
num_leaves=8
num_cat=0
split_feature=21 12 12 12 17 6 22
split_gain=6.23016 10.6999 12.8382 8.67532 9.8025 9.19942 8.15104
threshold=0.43683654828479396 40.750000000000007 32.850000000000001 41.250000000000007 28.150000000000002 0.0031980800249093665 11.833661910356433
decision_type=2 2 2 2 2 2 2
left_child=3 2 -2 5 -5 -1 -3
right_child=1 6 -4 4 -6 -7 -8
leaf_value=0.021232857175670996 0.003639417829140212 -0.013332465336933318 -0.021603223952716598 -0.035267549903874339 0.026708497512112777 0.002415794913817197 0.023472879360400708
leaf_weight=29.167525751516223 31.013160130009055 7.9873804529197541 43.662695524515584 9.3275596820749325 3.047195002436637 117.90357340080664 16.818095509894192
leaf_count=73 107 70 242 181 8 589 72
internal_value=0.000442051 -0.00544934 -0.0111199 0.0041178 -0.0200064 0.00614764 0.0116215
internal_weight=258.927 99.4813 74.6759 159.446 12.3748 147.071 24.8055
internal_count=1342 491 349 851 189 662 142
is_linear=0
shrinkage=0.03


Tree=268
num_leaves=4
num_cat=0
split_feature=3 24 13
split_gain=6.0168 9.87811 6.13637
threshold=63.500000000000007 3.2000000000000006 1.9500000000000002
decision_type=2 2 2
left_child=1 2 -1
right_child=-2 -3 -4
leaf_value=-0.00040973737974277691 0.025638756502507274 -0.040900242345077283 0.023656023752471389
leaf_weight=239.90223194041755 8.3028335124254209 5.2846841104328623 9.9304707497358304
leaf_count=1278 14 28 23
internal_value=0.000506218 -0.000311724 0.00054684
internal_weight=263.42 255.117 249.833
internal_count=1343 1329 1301
is_linear=0
shrinkage=0.03


Tree=269
num_leaves=4
num_cat=0
split_feature=12 20 0
split_gain=5.931 6.30721 5.98191
threshold=25.350000000000005 15.15 81.500000000000014
decision_type=2 2 2
left_child=-1 2 -2
right_child=1 -3 -4
leaf_value=0.019176217534785461 -0.0057175058183511719 0.035903511705607558 0.0037939586843932119
leaf_weight=14.215439852327107 130.85478681745008 4.1516098445281377 109.14719377830625
leaf_count=30 992 14 305
internal_value=0.000339022 -0.000757743 -0.00139192
internal_weight=258.369 244.154 240.002
internal_count=1341 1311 1297
is_linear=0
shrinkage=0.03


Tree=270
num_leaves=5
num_cat=0
split_feature=24 23 23 16
split_gain=7.35605 7.40421 11.272 8.81759
threshold=5.0500000000000007 231.50000000000003 245.50000000000003 14.455555555555557
decision_type=2 2 2 2
left_child=1 3 -3 -1
right_child=-2 2 -4 -5
leaf_value=-0.038190933341198156 -0.03945489270191041 -0.045314382814407875 -0.002813355665797252 0.0051324435077900882
leaf_weight=4.31597030092962 3.9196349289268246 6.6569689214229575 35.923668768955395 207.73232461092994
leaf_count=68 20 65 239 934
internal_value=0.0013304 0.00195823 -0.00945788 0.00425065
internal_weight=258.549 254.629 42.5806 212.048
internal_count=1326 1306 304 1002
is_linear=0
shrinkage=0.03


Tree=271
num_leaves=6
num_cat=0
split_feature=22 22 16 17 6
split_gain=5.28884 8.80406 6.91354 5.38038 6.82239
threshold=15.250000000000002 14.721430171330214 18.106203007518801 16.174977712894826 0.99999987550869696
decision_type=2 2 2 2 2
left_child=1 2 -1 -2 -5
right_child=3 -3 -4 4 -6
leaf_value=-0.0069070155163979494 0.031946148947981201 -0.034657901216984241 0.0041843542937562584 0.018200648908605385 -0.00812977391095299
leaf_weight=84.470065962173976 8.2221561390906555 6.9190825251862398 126.06456156028435 17.677143532782793 17.749103207141161
leaf_count=623 15 33 570 45 67
internal_value=0.000552915 -0.00136001 -0.000265692 0.010083 0.0050087
internal_weight=261.102 217.454 210.535 43.6484 35.4262
internal_count=1353 1226 1193 127 112
is_linear=0
shrinkage=0.03


Tree=272
num_leaves=8
num_cat=0
split_feature=6 0 7 11 11 15 22
split_gain=6.50892 7.6212 8.61125 5.69632 9.25235 4.73922 0.303405
threshold=0.99999581501663115 55.500000000000007 19.500000000000004 10.750000000000002 11.550000000000002 36.305555555555564 20.150000000000002
decision_type=2 2 2 2 2 2 2
left_child=3 6 -3 5 -5 -1 -2
right_child=1 2 -4 4 -6 -7 -8
leaf_value=0.028586966827335848 -0.03289529623368749 0.0074508714637323342 -0.0089597560318573112 -0.024849666601982498 0.0046524980209282623 0.0062936467160882685 -0.055740382521750377
leaf_weight=14.477324854582546 6.4649960458045816 46.866241734940559 74.562272653914988 10.798618872649966 83.900512649444863 21.076476582325995 0.56928665190935124
leaf_count=31 304 251 305 48 331 59 3
internal_value=0.000406817 -0.00438466 -0.00262595 0.00513244 0.00128834 0.0153714 -0.0347442
internal_weight=258.716 128.463 121.429 130.253 94.6991 35.5538 7.03428
internal_count=1332 863 556 469 379 90 307
is_linear=0
shrinkage=0.03


Tree=273
num_leaves=8
num_cat=0
split_feature=5 17 19 11 19 10 11
split_gain=5.19389 11.808 12.8475 11.0776 7.08047 9.02038 6.45722
threshold=13.500000000000002 11.450000000000001 13.250000000000002 12.250000000000002 13.550000000000002 0.029995775832754808 13.950000000000001
decision_type=2 2 2 2 2 2 2
left_child=4 3 -3 -2 5 -1 -6
right_child=1 2 -4 -5 6 -7 -8
leaf_value=0.0070880781045833344 0.030122588043194589 -0.0063667574810170064 -0.053914420880781334 -0.034962555168831365 0.0072921270863133686 -0.0087913516324206308 0.034510564699658179
leaf_weight=94.477287346730009 12.949097282253204 54.425463680643588 5.6449608427938065 2.8763539297506204 22.412898819893599 48.838844086043537 12.068295471370218
leaf_count=326 43 400 55 81 83 256 43
internal_value=0.00180873 -0.0047613 -0.0108349 0.018293 0.00461325 0.00167673 0.0168185
internal_weight=253.693 75.8959 60.0704 15.8255 177.797 143.316 34.4812
internal_count=1287 579 455 124 708 582 126
is_linear=0
shrinkage=0.03


Tree=274
num_leaves=5
num_cat=0
split_feature=20 21 22 17
split_gain=7.38835 7.536 6.16108 1.9274
threshold=15.15 1.8574121435637494 11.050000000000002 14.950000000000001
decision_type=2 2 2 2
left_child=1 2 -1 -3
right_child=-2 3 -4 -5
leaf_value=-0.012298463586294649 0.041916843498684062 -0.051135501261466536 0.002527603047435116 -0.015245538195019052
leaf_weight=28.473009434528649 3.8557265354320398 2.972015088191255 221.20167215494439 2.4625187758356333
leaf_count=242 12 31 1032 15
internal_value=0.000699082 7.61158e-05 0.000836832 -0.0348729
internal_weight=258.965 255.109 249.675 5.43453
internal_count=1332 1320 1274 46
is_linear=0
shrinkage=0.03


Tree=275
num_leaves=8
num_cat=0
split_feature=22 16 12 19 12 16 9
split_gain=5.4667 8.21312 9.53533 8.08924 7.04705 5.88105 1.7427
threshold=12.730039768834844 15.078600405679515 37.050000000000004 10.550000000000002 43.45000000000001 15.078600405679515 2.4986188804604175
decision_type=2 2 2 2 2 2 2
left_child=1 2 -1 -3 5 -2 -6
right_child=4 3 -4 -5 6 -7 -8
leaf_value=-0.026460447609934799 -0.024731090858154697 -0.013913413399773521 0.034678238657720753 0.0023309438151140924 0.04064976304116466 0.0048641518330218517 0.016190487956039151
leaf_weight=3.0364616690203539 6.3527250706683835 56.192094456171617 9.4130806633038429 54.202080322895199 5.4860885897651297 123.95356626808643 5.0211514537222683
leaf_count=34 57 435 55 270 17 435 28
internal_value=0.0012923 -0.00333268 0.0197664 -0.00593765 0.00532706 0.00342132 0.0289613
internal_weight=263.657 122.844 12.4495 110.394 140.814 130.306 10.5072
internal_count=1331 794 89 705 537 492 45
is_linear=0
shrinkage=0.03


Tree=276
num_leaves=8
num_cat=0
split_feature=9 12 16 0 12 12 1
split_gain=7.28118 11.3003 9.53744 7.84162 6.19763 5.77012 0.589102
threshold=3.0254147785150756 39.45000000000001 17.321290322580648 87.500000000000014 33.250000000000007 35.441437559090431 5.6693628510177358
decision_type=2 2 2 2 2 2 2
left_child=3 2 -2 4 -1 -5 -3
right_child=1 6 -4 5 -6 -7 -8
leaf_value=0.0093030035792114329 -0.021034181778777652 -0.058980000431427815 0.0037481525270293813 0.002669794336683563 -0.0042070621040226977 0.024245981475210458 -0.035525133705087204
leaf_weight=47.434831666294485 18.825862037716433 1.0993818417191503 54.254550988087431 19.497294932603836 85.903370139189065 26.072224490344524 7.8121743514202517
leaf_count=143 185 5 223 51 484 48 192
internal_value=0.000878053 -0.00652506 -0.00263589 0.00427084 0.00059912 0.0150144 -0.0384187
internal_weight=260.9 81.992 73.0804 178.908 133.338 45.5695 8.91156
internal_count=1331 605 408 726 627 99 197
is_linear=0
shrinkage=0.03


Tree=277
num_leaves=7
num_cat=0
split_feature=20 21 10 10 24 0
split_gain=6.9642 7.36844 6.4681 11.8491 7.36261 4.68826
threshold=13.950000000000001 0.37105611154025714 -2.3272150736874946e-16 -9.008251862360977e-17 1.0500000000000003 74.500000000000014
decision_type=2 2 2 2 2 2
left_child=2 5 4 -4 -1 -2
right_child=1 -3 3 -5 -6 -7
leaf_value=0.015988385302851103 0.014424245219308759 0.040327110014718531 -0.029651385163929924 -0.0019619659883313941 -0.007163393394717883 -0.051126965145522556
leaf_weight=34.132625880418345 2.7208341904915851 7.3803560771048069 15.162479742197318 168.2672342711594 19.382684152573347 1.5364759210497139
leaf_count=99 42 26 131 933 68 11
internal_value=-0.000460709 0.0221968 -0.00157354 -0.0042508 0.00760305 -0.00923338
internal_weight=248.583 11.6377 236.945 183.43 53.5153 4.25731
internal_count=1310 79 1231 1064 167 53
is_linear=0
shrinkage=0.03


Tree=278
num_leaves=8
num_cat=0
split_feature=0 13 21 17 5 20 19
split_gain=6.76579 12.4017 8.19976 18.2435 12.352 7.70441 5.53217
threshold=88.500000000000014 0.81066470759290976 0.6574760077359324 17.550000000000004 12.500000000000002 10.950000000000001 6.9500000000000011
decision_type=2 2 2 2 2 2 2
left_child=2 5 4 -4 -1 -2 -3
right_child=1 6 3 -5 -6 -7 -8
leaf_value=0.0099674974236422138 -0.033325301670271007 -0.001583215504495669 -0.024990125621239052 0.012100495030014244 -0.0067864517048891945 0.011533266299249797 0.0259522356286024
leaf_weight=86.510369701310992 7.6846148371696454 8.4310804158449155 32.73756291414611 18.782395887188613 73.044715950847603 6.2469770163297653 29.697825767099857
leaf_count=352 32 25 212 56 588 19 54
internal_value=0.00132658 0.0110128 -0.00106248 -0.0114682 0.0022975 -0.0132106 0.0198636
internal_weight=263.136 52.0605 211.075 51.52 159.555 13.9316 38.1289
internal_count=1338 130 1208 268 940 51 79
is_linear=0
shrinkage=0.03


Tree=279
num_leaves=5
num_cat=0
split_feature=22 23 18 17
split_gain=6.125 6.0831 6.40693 1.40117
threshold=10.15 355.00000000000006 407.50000000000006 10.15
decision_type=2 2 2 2
left_child=3 2 -2 -1
right_child=1 -3 -4 -5
leaf_value=-0.0070461993191888251 0.0014624991262776896 -0.032933995630626066 0.034052905009919213 -0.04021047958762098
leaf_weight=1.627256070729344 243.04115447611548 4.5182527163997284 5.5529498606920233 3.8811707065906376
leaf_count=23 1224 34 15 37
internal_value=0.000882403 0.00156349 0.00219048 -0.0304133
internal_weight=258.621 253.112 248.594 5.50843
internal_count=1333 1273 1239 60
is_linear=0
shrinkage=0.03


Tree=280
num_leaves=7
num_cat=0
split_feature=14 16 6 6 13 16
split_gain=7.58459 10.0016 8.29312 10.7979 8.53835 7.74894
threshold=0.99999995453292267 20.613375130616514 0.0047234224748068506 0.081866058103994749 0.55000000000000016 18.288690476190478
decision_type=2 2 2 2 2 2
left_child=2 5 4 -4 -1 -2
right_child=1 -3 3 -5 -6 -7
leaf_value=0.043002877161413086 -0.018312271717758087 -0.052952318272475131 -0.042212282912924129 -0.00045798376120727015 0.0070662882920897079 0.014093774396607351
leaf_weight=6.8948134519159785 19.298008413054053 5.0260079707950345 5.7715362133458248 162.99750595632941 43.4392074290663 10.125442478805779
leaf_count=17 80 30 32 978 149 37
internal_value=-0.000755869 -0.0138412 0.00130154 -0.00188589 0.0119889 -0.00716043
internal_weight=253.553 34.4495 219.103 168.769 50.334 29.4235
internal_count=1323 147 1176 1010 166 117
is_linear=0
shrinkage=0.03


Tree=281
num_leaves=7
num_cat=0
split_feature=22 17 18 19 0 22
split_gain=6.72059 8.84662 7.49211 7.10906 6.05399 2.32983
threshold=15.250000000000002 11.750000000000002 218.50000000000003 6.0500000000000007 84.500000000000014 16.425011321583252
decision_type=2 2 2 2 2 2
left_child=1 4 -3 -2 -1 -5
right_child=3 2 -4 5 -6 -7
leaf_value=0.00014472829780481141 -0.010181638042535858 -0.0011348619661876332 -0.01394351479853044 0.0086794259299057611 0.023334453430339387 0.026644301967311091
leaf_weight=27.290424792794511 10.656364753842352 99.519848461030051 70.014430599403568 11.4855531770736 16.114797707647085 14.958974774926899
leaf_count=267 38 436 491 36 36 33
internal_value=-0.00127759 -0.00333056 -0.00642459 0.0105054 0.00875424 0.0188417
internal_weight=250.04 212.94 169.534 37.1009 43.4052 26.4445
internal_count=1337 1230 927 107 303 69
is_linear=0
shrinkage=0.03


Tree=282
num_leaves=8
num_cat=0
split_feature=9 3 16 15 15 0 15
split_gain=10.4796 10.9229 21.9359 12.9584 6.27571 7.54496 5.77771
threshold=2.4986188804604175 15.500000000000002 17.261208576998055 36.750000000000007 36.361111111111121 48.500000000000007 35.183333333333344
decision_type=2 2 2 2 2 2 2
left_child=4 2 -2 -3 6 -6 -1
right_child=1 3 -4 -5 5 -7 -8
leaf_value=-0.0035746846633968928 -0.0299187502015155 -0.0071390754060407149 0.01483801972181131 -0.040707388299521349 -0.027657768630181007 0.0052352607798376019 0.023306468224969634
leaf_weight=9.4848136603832227 12.583781066117806 79.625233806669712 45.458040628000163 11.896136210300027 7.0690327398478976 55.953713919967413 29.823427625000477
leaf_count=40 250 326 310 78 87 153 81
internal_value=1.54719e-05 -0.00504599 0.00513451 -0.0115024 0.00741312 0.00154577 0.0168202
internal_weight=251.894 149.563 58.0418 91.5214 102.331 63.0227 39.3082
internal_count=1325 964 560 404 361 240 121
is_linear=0
shrinkage=0.03


Tree=283
num_leaves=5
num_cat=0
split_feature=23 23 3 16
split_gain=6.76052 7.51578 6.37319 2.36358
threshold=23.500000000000004 58.000000000000007 63.500000000000007 20.30992063492064
decision_type=2 2 2 2
left_child=-1 3 -3 -2
right_child=1 2 -4 -5
leaf_value=-0.056208304551177639 0.0097557565241002155 -5.1681339134673837e-05 0.029152178236958461 0.032580086049998583
leaf_weight=1.8058851696550835 7.7850894592702415 244.75590181152802 6.9154392629861823 8.5876458361744863
leaf_count=9 27 1307 11 16
internal_value=0.00164232 0.00203208 0.000750784 0.0217273
internal_weight=269.85 268.044 251.671 16.3727
internal_count=1370 1361 1318 43
is_linear=0
shrinkage=0.03


Tree=284
num_leaves=4
num_cat=0
split_feature=24 12 15
split_gain=5.98555 6.02532 7.66924
threshold=4.7500000000000009 25.250000000000004 36.472222222222229
decision_type=2 2 2
left_child=1 -1 -3
right_child=-2 2 -4
leaf_value=0.023066720307410925 -0.030620980584578666 0.0056639338334621963 -0.0050260365228334191
leaf_weight=11.299557097256182 5.2793734613806 128.91586526925676 113.64780999813229
leaf_count=22 24 551 738
internal_value=0.000995425 0.00165292 0.000655386
internal_weight=259.143 253.863 242.564
internal_count=1335 1311 1289
is_linear=0
shrinkage=0.03


Tree=285
num_leaves=5
num_cat=0
split_feature=12 17 17 8
split_gain=7.40545 5.75797 4.78032 0.107394
threshold=25.250000000000004 10.250000000000002 10.450000000000001 5.3008592662657428
decision_type=2 2 2 2
left_child=-1 3 -3 -2
right_child=1 2 -4 -5
leaf_value=0.025654259377535259 -0.047643579384505898 0.046147411664522249 0.0021362309154717186 -0.035612655409572057
leaf_weight=12.610440224409102 1.3590319361537686 2.242708387784659 230.8160914768232 1.3128336789086461
leaf_count=24 13 13 1206 27
internal_value=0.00325593 0.00205773 0.00255975 -0.0417321
internal_weight=248.341 235.731 233.059 2.67187
internal_count=1283 1259 1219 40
is_linear=0
shrinkage=0.03


Tree=286
num_leaves=7
num_cat=0
split_feature=21 11 16 16 20 24
split_gain=6.4509 7.06725 5.40336 9.19361 7.61294 4.41749
threshold=1.5466120692768743 10.550000000000002 14.455555555555557 14.781929347826088 7.7500000000000009 1.5500000000000003
decision_type=2 2 2 2 2 2
left_child=2 -2 4 -4 -1 -3
right_child=1 5 3 -5 -6 -7
leaf_value=0.037219230394842075 0.016106897193142775 -0.045880424289147181 0.040572263391112605 0.0028301626522750124 -0.038830311685528064 -0.00070953649505567265
leaf_weight=1.5018871873617161 3.7700630463659754 6.5974042841698957 5.9565761676058164 233.92609752272256 5.6091667496366426 2.7651812359690666
leaf_count=2 13 61 22 1151 94 9
internal_value=0.00191401 -0.0185743 0.00300337 0.00376734 -0.0227683 -0.0325395
internal_weight=260.126 13.1326 246.994 239.883 7.11105 9.36259
internal_count=1352 83 1269 1173 96 70
is_linear=0
shrinkage=0.03


Tree=287
num_leaves=8
num_cat=0
split_feature=0 13 17 13 10 10 10
split_gain=9.94758 9.53734 10.5358 8.58977 7.71976 9.48109 5.2054
threshold=75.500000000000014 0.55000000000000016 13.250000000000002 2.0611222555538657 -7.481222132465755e-05 -8.2365978998534688e-17 -0.031468602089813412
decision_type=2 2 2 2 2 2 2
left_child=1 2 -1 -3 6 -6 -2
right_child=4 3 -4 -5 5 -7 -8
leaf_value=0.029025018882402102 0.0048708767760490121 -0.013270554345442626 -0.015803173556786794 0.015643994662248452 -0.018654593569206041 0.006052332453555076 0.028492903925498695
leaf_weight=13.146355838980528 14.206737168133257 76.954876171890646 7.3603386553004375 10.509615443646906 16.091484069824219 106.4584596157074 20.526344031095505
leaf_count=90 38 730 52 29 70 309 34
internal_value=0.00153299 -0.00547892 0.0129351 -0.00979622 0.0063465 0.00280818 0.0188309
internal_weight=265.254 107.971 20.5067 87.4645 157.283 122.55 34.7331
internal_count=1352 901 142 759 451 379 72
is_linear=0
shrinkage=0.03


Tree=288
num_leaves=4
num_cat=0
split_feature=3 7 20
split_gain=6.13934 11.4603 5.85377
threshold=63.500000000000007 54.500000000000007 13.950000000000001
decision_type=2 2 2
left_child=1 2 -1
right_child=-2 -3 -4
leaf_value=-0.0015869312842297708 0.025217020283972175 -0.04712407773385948 0.020059065479109475
leaf_weight=221.46211862098426 8.0407544523477537 4.8407598659396163 11.845483055105431
leaf_count=1189 14 22 90
internal_value=-0.000565372 -0.00143588 -0.000487922
internal_weight=246.189 238.148 233.308
internal_count=1315 1301 1279
is_linear=0
shrinkage=0.03


Tree=289
num_leaves=5
num_cat=0
split_feature=22 3 1 16
split_gain=5.93815 5.59057 5.31843 1.60135
threshold=10.15 61.500000000000007 5.0344109320528228 16.696153846153852
decision_type=2 2 2 2
left_child=3 2 -2 -1
right_child=1 -3 -4 -5
leaf_value=-0.0093809470533711432 0.0063142930905715272 0.024810357146358417 -0.0033128786734770268 -0.045226174370282216
leaf_weight=1.7233939382713277 75.019484361633658 8.2443401813507062 165.75322320067789 3.2125894683413208
leaf_count=19 239 15 1025 36
internal_value=-0.000127348 0.000518518 -0.000313264 -0.0327108
internal_weight=253.953 249.017 240.773 4.93598
internal_count=1334 1279 1264 55
is_linear=0
shrinkage=0.03


Tree=290
num_leaves=8
num_cat=0
split_feature=20 14 12 19 20 15 9
split_gain=5.88026 10.5638 13.8235 8.25096 5.57829 10.6394 6.18888
threshold=9.1500000000000004 1.1825474821923402e-22 35.95000000000001 7.1500000000000012 7.4500000000000011 36.472222222222229 3.4525745300917401
decision_type=2 2 2 2 2 2 2
left_child=4 3 -3 -2 5 -1 -6
right_child=1 2 -4 -5 6 -7 -8
leaf_value=-0.031036097653479009 -0.021763798632642939 -0.022560527254345267 -0.0011050621867502257 0.014092873667719488 0.017835642484275029 0.010840820123292383 -0.0024389338499837018
leaf_weight=9.3750094762071985 6.7979396018199614 40.629248425364494 80.720604733214714 38.410201536025852 39.491849730256945 13.076100204372777 20.628330313367769
leaf_count=43 76 216 532 212 107 42 95
internal_value=-0.000431961 -0.00367714 -0.00828858 0.00870111 0.00611403 -0.00664591 0.0108791
internal_weight=249.129 166.558 121.35 45.2081 82.5713 22.4511 60.1202
internal_count=1323 1036 748 288 287 85 202
is_linear=0
shrinkage=0.03


Tree=291
num_leaves=5
num_cat=0
split_feature=23 19 22 15
split_gain=5.40105 7.85806 9.24827 3.2018
threshold=35.000000000000007 4.3500000000000005 15.250000000000002 36.422222222222224
decision_type=2 2 2 2
left_child=-1 3 -3 -2
right_child=1 2 -4 -5
leaf_value=-0.026167895872674502 0.0072050950888277307 -0.00084820317205303627 0.016022189406680817 0.033068066423184703
leaf_weight=5.8209768105298272 7.3733217222616103 200.87818355322815 34.22822268679738 10.362687645480035
leaf_count=23 28 1174 96 23
internal_value=0.00240275 0.0030605 0.00160789 0.0223162
internal_weight=258.663 252.842 235.106 17.736
internal_count=1344 1321 1270 51
is_linear=0
shrinkage=0.03


Tree=292
num_leaves=6
num_cat=0
split_feature=16 16 12 15 3
split_gain=6.42936 10.0981 6.18046 1.771 0.21637
threshold=14.455555555555557 14.676190476190477 25.350000000000005 35.583333333333336 21.500000000000004
decision_type=2 2 2 2 2
left_child=3 -2 -3 -1 -5
right_child=1 2 -4 4 -6
leaf_value=-0.0013814885101880805 0.041657606740664044 0.017624872022221207 -0.0022343705601834958 -0.035950024215633113 -0.049981993803564127
leaf_weight=1.3650876791216422 5.1082532708533099 15.05977578833699 222.19512920011766 3.2414846203755587 1.4232689132913945
leaf_count=12 18 34 1201 72 10
internal_value=-0.000836566 -7.52673e-05 -0.000973803 -0.0314362 -0.0402313
internal_weight=248.393 242.363 237.255 6.02984 4.66475
internal_count=1347 1253 1235 94 82
is_linear=0
shrinkage=0.03


Tree=293
num_leaves=4
num_cat=0
split_feature=19 22 13
split_gain=5.67667 6.58131 5.30329
threshold=2.7500000000000004 18.050000000000001 0.55000000000000016
decision_type=2 2 2
left_child=-1 2 -2
right_child=1 -3 -4
leaf_value=0.020203603230364416 0.011981067897155926 -0.030043531891755935 -0.0014755978336572473
leaf_weight=12.411376094445584 30.178729448467493 6.6439064349979153 208.19675346813165
leaf_count=31 165 30 1112
internal_value=0.000409845 -0.000592801 0.000228038
internal_weight=257.431 245.019 238.375
internal_count=1338 1307 1277
is_linear=0
shrinkage=0.03


Tree=294
num_leaves=7
num_cat=0
split_feature=17 20 20 6 20 10
split_gain=8.75822 5.70883 7.42509 7.15591 0.75679 0.0171312
threshold=10.510540309372008 10.250000000000002 11.050000000000002 0.99999999939033168 9.8253135238739855 0.037404866048955848
decision_type=2 2 2 2 2 2
left_child=4 3 -3 -2 -1 -6
right_child=1 2 -4 -5 5 -7
leaf_value=-0.064769461717555987 0.01279563875038766 -0.014571637091695587 0.0024507521740155507 -0.0015688157878101371 -0.032710589670447203 -0.037833330701548137
leaf_weight=1.1624330701306456 78.180374479386955 31.311247989535332 87.539903744356707 51.954851796617731 1.2176918210461738 1.1352894892916081
leaf_count=9 252 176 622 212 38 11
internal_value=0.00205571 0.0027196 -0.00203378 0.00706081 -0.0449658 -0.0351823
internal_weight=252.502 248.986 118.851 130.135 3.51541 2.35298
internal_count=1320 1262 798 464 58 49
is_linear=0
shrinkage=0.03


Tree=295
num_leaves=6
num_cat=0
split_feature=15 7 13 15 11
split_gain=6.99001 16.3392 8.6579 7.62939 7.32107
threshold=37.083333333333336 12.500000000000002 3.3500000000000001 37.638888888888893 11.350000000000003
decision_type=2 2 2 2 2
left_child=2 -2 4 -3 -1
right_child=1 3 -4 -5 -6
leaf_value=0.0077203704049095432 0.023336541820493977 -0.054620578236665863 -0.037984764414827454 -0.0010178556711525459 -0.0030723813375880538
leaf_weight=101.31429124902934 5.5608480665832785 8.2902071711141598 5.0582339987158766 3.3576922081410876 128.0686482868623
leaf_count=325 38 63 26 13 885
internal_value=-0.000516155 -0.0189707 0.000838472 -0.0391687 0.00169458
internal_weight=251.65 17.2087 234.441 11.6479 229.383
internal_count=1350 114 1236 76 1210
is_linear=0
shrinkage=0.03


Tree=296
num_leaves=8
num_cat=0
split_feature=1 22 14 19 19 14 21
split_gain=5.50224 8.7855 17.1259 7.74709 7.9061 5.92407 3.57334
threshold=5.0344109320528228 12.591034546164897 1.1997379389259054e-21 13.450000000000001 8.8500000000000032 9.2740327277142025e-28 0.37674914055431635
decision_type=2 2 2 2 2 2 2
left_child=3 2 -2 4 -1 -3 -5
right_child=1 5 -4 6 -6 -7 -8
leaf_value=0.012186207373845053 0.0078552615564588986 -0.021607766967329176 -0.022829583254330911 0.035330578454055982 -0.011006662282393281 0.0053855330549795076 0.010161910056256437
leaf_weight=30.361956093460321 27.824957264703698 7.8689468181692055 39.763950913446024 11.058361347764732 23.440649734809995 104.37756232731044 9.3859660774469358
leaf_count=80 206 46 404 26 96 439 35
internal_value=0.00118445 -0.0016522 -0.0101973 0.00805517 0.00208157 0.00349319 0.0237757
internal_weight=254.082 179.835 67.5889 74.2469 53.8026 112.247 20.4443
internal_count=1332 1095 610 237 176 485 61
is_linear=0
shrinkage=0.03


Tree=297
num_leaves=7
num_cat=0
split_feature=0 16 14 22 23 19
split_gain=5.96906 12.6063 7.18961 6.4135 6.31561 0.513247
threshold=86.500000000000014 21.246621621621625 1.3650074059751963e-25 10.15 218.50000000000003 11.050000000000002
decision_type=2 2 2 2 2 2
left_child=3 2 -2 5 -5 -1
right_child=1 -3 -4 4 -6 -7
leaf_value=-0.028425811104042839 0.037801486166348944 -0.021237318170285395 0.010460927388461539 0.0034535377341706514 -0.010169935471611094 -0.049948089427306608
leaf_weight=2.4773253279272458 10.487107109278439 9.9411831498146039 49.584837589412928 147.94938714965247 38.61963680293411 1.6691035195253787
leaf_count=37 20 32 126 789 326 16
internal_value=0.00256362 0.0100554 0.0152339 -0.00018666 0.00063349 -0.0370894
internal_weight=260.729 70.0131 60.0719 190.715 186.569 4.14643
internal_count=1346 178 146 1168 1115 53
is_linear=0
shrinkage=0.03


Tree=298
num_leaves=7
num_cat=0
split_feature=0 5 22 4 23 5
split_gain=6.15227 8.42746 6.46564 6.36694 4.38935 1.66711
threshold=49.500000000000007 3.5000000000000004 14.250000000000002 0.14400223846823232 319.50000000000006 3.5000000000000004
decision_type=2 2 2 2 2 2
left_child=1 -1 -3 4 -2 -5
right_child=3 2 -4 5 -6 -7
leaf_value=0.010032082206364423 0.0029077237130425357 -0.039903338238857659 0.0071699833140526142 0.013172353108819854 -0.025214242214369412 0.035938394087393279
leaf_weight=8.6969348303973693 221.90359516488388 10.153936853981575 3.5421413611620656 5.5444254204630834 5.110211207997053 6.0578799247741699
leaf_count=31 875 337 29 24 34 18
internal_value=0.00197157 -0.0130635 -0.027729 0.00338254 0.00227468 0.0250591
internal_weight=261.009 22.393 13.6961 238.616 227.014 11.6023
internal_count=1348 397 366 951 909 42
is_linear=0
shrinkage=0.03


Tree=299
num_leaves=5
num_cat=0
split_feature=17 11 21 19
split_gain=5.3644 5.28878 6.34594 3.53323
threshold=30.200000000000006 16.450000000000003 1.700145145719514 10.050000000000002
decision_type=2 2 2 2
left_child=1 2 -1 -2
right_child=3 -3 -4 -5
leaf_value=-0.0002986732531768592 0.0027852478122413855 0.032295924673594274 -0.026848783699216564 0.031412590394056868
leaf_weight=222.98410115228035 7.5234727524220935 4.3050437634810796 8.4077601332683098 8.0126526430249196
leaf_count=1193 25 15 58 16
internal_value=0.00047506 -0.000650421 -0.00126339 0.0175496
internal_weight=251.233 235.697 231.392 15.5361
internal_count=1307 1266 1251 41
is_linear=0
shrinkage=0.03


Tree=300
num_leaves=8
num_cat=0
split_feature=14 5 23 15 3 0 12
split_gain=6.22498 13.924 13.1093 12.649 8.78289 8.28735 4.60512
threshold=3.9140662874604723e-25 13.500000000000002 77.500000000000014 36.69444444444445 21.500000000000004 75.500000000000014 38.850000000000001
decision_type=2 2 2 2 2 2 2
left_child=3 4 -3 5 -2 -1 -5
right_child=1 2 -4 6 -6 -7 -8
leaf_value=-0.0020884597881089817 -0.0046934758858308443 0.015183004823663891 -0.02607289909024604 -0.046964068683603311 0.01067226165242865 0.025921565654312369 -0.0014830657218088043
leaf_weight=15.468031800817696 96.10781557392329 8.5334084751084429 36.934153790585697 4.3558717283885908 51.375752842053771 24.667537864297628 3.7103998924139887
leaf_count=125 503 22 395 39 126 61 38
internal_value=-0.0014064 -0.00381548 -0.0183299 0.00823713 0.000659163 0.0151267 -0.0260433
internal_weight=241.153 192.951 45.4676 48.2018 147.484 40.1356 8.06627
internal_count=1309 1046 417 263 629 186 77
is_linear=0
shrinkage=0.03


Tree=301
num_leaves=4
num_cat=0
split_feature=23 23 7
split_gain=6.61959 8.4519 7.65086
threshold=35.000000000000007 58.000000000000007 65.500000000000014
decision_type=2 2 2
left_child=-1 -2 -3
right_child=1 2 -4
leaf_value=-0.033080773142412034 0.029023312741907555 0.00083253710455639355 0.027997209513843421
leaf_weight=4.6403186935931435 10.817019885871558 232.97683891991619 9.7206782847642881
leaf_count=21 24 1258 18
internal_value=0.00242705 0.00307698 0.00192055
internal_weight=258.155 253.515 242.698
internal_count=1321 1300 1276
is_linear=0
shrinkage=0.03


Tree=302
num_leaves=6
num_cat=0
split_feature=10 23 13 19 23
split_gain=6.79553 10.3417 9.87402 4.85602 3.73876
threshold=-2.3272150736874946e-16 35.000000000000007 3.9500000000000006 13.950000000000001 249.50000000000003
decision_type=2 2 2 2 2
left_child=3 -2 -3 4 -1
right_child=1 2 -4 -5 -6
leaf_value=0.0087790064638887666 -0.048249840968326123 -0.00027678116240136902 -0.049594661735192919 -0.014116531409047509 0.030358085915544626
leaf_weight=46.400603927206248 4.3083859365433446 185.98873038275633 3.7268672874197355 7.1662269141525021 8.5590314115397614
leaf_count=145 24 1122 23 33 20
internal_value=0.000475639 -0.00228936 -0.00124561 0.00911094 0.0121396
internal_weight=256.15 194.024 189.716 62.1259 54.9596
internal_count=1367 1169 1145 198 165
is_linear=0
shrinkage=0.03


Tree=303
num_leaves=4
num_cat=0
split_feature=23 19 3
split_gain=6.5327 5.71413 4.63537
threshold=35.000000000000007 2.7500000000000004 7.5000000000000009
decision_type=2 2 2
left_child=-1 -2 -3
right_child=1 2 -4
leaf_value=-0.030714654887554777 0.028308338169067568 0.015578843356101371 -0.00053567352177558256
leaf_weight=5.8236526213586322 6.9197224881499997 17.340838982723653 218.42996285262052
leaf_count=26 18 154 1124
internal_value=0.000684699 0.00143816 0.000649542
internal_weight=248.514 242.691 235.771
internal_count=1322 1296 1278
is_linear=0
shrinkage=0.03


Tree=304
num_leaves=6
num_cat=0
split_feature=3 23 18 14 17
split_gain=6.0472 8.03132 10.7361 7.71724 6.02674
threshold=40.500000000000007 216.50000000000003 275.22822313961154 3.1497611784300649e-16 13.850000000000003
decision_type=2 2 2 2 2
left_child=1 4 -3 -2 -1
right_child=3 2 -4 -5 -6
leaf_value=-0.0029564679034038937 0.034610636664235785 -0.033074605089214559 -0.0016761193237206642 0.00024754922021100699 0.0080081956822650614
leaf_weight=85.65981925255619 10.790375984273853 14.043026341241783 32.44566684786696 12.930447060614823 95.321463653119281
leaf_count=542 15 121 250 38 337
internal_value=0.00146468 -3.84575e-05 -0.0111608 0.015879 0.00281854
internal_weight=251.191 227.47 46.4887 23.7208 180.981
internal_count=1303 1250 371 53 879
is_linear=0
shrinkage=0.03


Tree=305
num_leaves=7
num_cat=0
split_feature=6 6 16 10 18 16
split_gain=5.59764 9.8128 8.92155 5.90795 9.21408 7.48425
threshold=0.99999581501663115 0.99999951272527454 20.160256410256412 0.0095370960555400206 204.50000000000003 20.30992063492064
decision_type=2 2 2 2 2 2
left_child=3 -2 -3 5 -5 -1
right_child=1 2 -4 4 -6 -7
leaf_value=0.017160897686082498 -0.057625635064103474 -0.0082413716950009742 0.0092319042943562052 0.009487049480589007 -0.012837239735790568 -0.0046103131582950728
leaf_weight=49.052359058987349 3.0072931270115069 84.019117422751151 38.280953541630879 33.289057770743966 33.268797415308654 20.007411962375045
leaf_count=141 26 681 154 101 185 70
internal_value=0.00048272 -0.00408854 -0.00277209 0.00470645 -0.0016717 0.0108535
internal_weight=260.925 125.307 122.3 135.618 66.5579 69.0598
internal_count=1358 861 835 497 286 211
is_linear=0
shrinkage=0.03


Tree=306
num_leaves=5
num_cat=0
split_feature=24 13 24 6
split_gain=5.05166 6.25316 6.80703 4.59077
threshold=5.0500000000000007 1.8500000000000003 1.8500000000000003 0.99999936792386002
decision_type=2 2 2 2
left_child=1 2 -1 -3
right_child=-2 3 -4 -5
leaf_value=0.0015114295922240768 -0.029436095454969769 0.033329191442024786 -0.028221450300751936 0.0028749615959633929
leaf_weight=221.66106284118723 4.713375254534184 9.4696450307965296 7.1535295397043219 8.4122751746326667
leaf_count=1233 23 20 31 24
internal_value=0.0013293 0.0019171 0.000581878 0.0190025
internal_weight=251.41 246.697 228.815 17.8819
internal_count=1331 1308 1264 44
is_linear=0
shrinkage=0.03


Tree=307
num_leaves=7
num_cat=0
split_feature=0 4 24 24 6 5
split_gain=6.28963 9.18882 6.27526 6.33587 5.16707 1.61182
threshold=37.500000000000007 0.14400223846823232 1.5500000000000003 0.95000000000000007 1.0000000180025095e-35 3.5000000000000004
decision_type=2 2 2 2 2 2
left_child=2 4 3 -1 -2 -3
right_child=1 5 -4 -5 -6 -7
leaf_value=-0.046582830439272666 -0.033046181873246386 0.015615812274521043 -0.085171547902587408 0.00091213783157267664 0.00062943329758996861 0.03561208497736576
leaf_weight=3.5961215617135158 4.1805448792874804 8.1741942614316923 1.1981139909476031 8.5096580209210497 214.64379803824704 6.5230703130364409
leaf_count=133 17 31 9 111 992 20
internal_value=0.000385288 0.00152834 -0.0196785 -0.0131966 -1.39248e-05 0.0244907
internal_weight=246.826 233.522 13.3039 12.1058 218.824 14.6973
internal_count=1313 1060 253 244 1009 51
is_linear=0
shrinkage=0.03


Tree=308
num_leaves=7
num_cat=0
split_feature=0 16 6 18 20 13
split_gain=5.02608 8.42054 5.48729 8.57689 6.46833 4.89761
threshold=88.500000000000014 20.876893939393941 0.99999581501663115 218.50000000000003 10.550000000000002 0.81066470759290976
decision_type=2 2 2 2 2 2
left_child=2 5 4 -4 -1 -2
right_child=1 -3 3 -5 -6 -7
leaf_value=0.0089625315326297486 -0.0031598302666572828 -0.020360902350288878 -0.0010506644469155161 -0.020682201795674784 -0.0057760927896956769 0.020376209777300945
leaf_weight=60.727959930896759 10.847406797111033 7.5651523917913428 60.574675783049315 29.923500186298043 47.966770413098857 29.864453323185444
leaf_count=204 42 27 355 398 230 62
internal_value=1.98137e-05 0.00870425 -0.00208497 -0.00754189 0.00245841 0.0141052
internal_weight=247.47 48.277 199.193 90.4982 108.695 40.7119
internal_count=1318 131 1187 753 434 104
is_linear=0
shrinkage=0.03


Tree=309
num_leaves=7
num_cat=0
split_feature=4 16 16 5 17 23
split_gain=7.31768 12.6583 10.2124 8.58835 8.39521 6.53273
threshold=7.2220274591168371e-33 20.876893939393941 25.150268336314848 3.5000000000000004 11.050000000000002 210.50000000000003
decision_type=2 2 2 2 2 2
left_child=2 5 4 -3 -1 -2
right_child=1 3 -4 -5 -6 -7
leaf_value=-0.034895949802892401 0.025751535660593652 0.0092811596850637095 0.029447856266479038 -0.041324584620466953 -0.0038095608346687352 -0.0027213593556023987
leaf_weight=8.1769916354678553 26.724100851453841 5.7345675006508809 7.9974109455943099 6.3719089142978191 178.42904176271986 9.9533722517080587
leaf_count=115 73 20 19 33 1028 40
internal_value=-0.00114454 0.00924498 -0.00374903 -0.0173538 -0.00517175 0.0180247
internal_weight=243.387 48.7839 194.603 12.1065 186.606 36.6775
internal_count=1328 166 1162 53 1143 113
is_linear=0
shrinkage=0.03


Tree=310
num_leaves=5
num_cat=0
split_feature=13 3 15 11
split_gain=4.53926 4.68913 7.52144 7.36797
threshold=0.31823502504286688 24.500000000000004 35.394444444444453 8.7500000000000018
decision_type=2 2 2 2
left_child=-1 3 -3 -2
right_child=1 2 -4 -5
leaf_value=0.033012827787459571 0.022269584444444247 0.036398318073360698 0.0048450974484332485 -0.002448508413443554
leaf_weight=4.2355819325894108 11.593336403369902 7.6019392348825923 64.386301979422569 170.01870633056387
leaf_count=11 28 16 190 1091
internal_value=0.00221215 0.00169772 0.00817711 -0.000870611
internal_weight=257.836 253.6 71.9882 181.612
internal_count=1336 1325 206 1119
is_linear=0
shrinkage=0.03


Tree=311
num_leaves=8
num_cat=0
split_feature=10 10 6 13 0 15 14
split_gain=5.60635 7.83023 6.29283 6.12475 5.85675 11.0901 3.95084
threshold=-2.3272150736874946e-16 -1.3045883210444822e-16 0.99999999960504704 0.55000000000000016 62.500000000000007 36.361111111111121 1.4977003867739895e-16
decision_type=2 2 2 2 2 2 2
left_child=4 2 -2 -3 5 -1 -6
right_child=1 3 -4 -5 6 -7 -8
leaf_value=0.013454310728828359 0.016037613609748706 0.011520603817097005 -0.045164492024978971 -0.0044145661586868119 0.0237399366076959 -0.051000777608619638 0.0054891037122404857
leaf_weight=5.6242495756596309 1.9516855152323822 25.253482481231913 6.711748122703284 154.61446176003665 15.659236303530632 4.1940948383416981 33.53799257799983
leaf_count=26 10 150 76 906 38 46 86
internal_value=-0.000993111 -0.00351906 -0.031377 -0.00217727 0.00707629 -0.0140789 0.0112983
internal_weight=247.547 188.531 8.66343 179.868 59.0156 9.81834 49.1972
internal_count=1338 1142 86 1056 196 72 124
is_linear=0
shrinkage=0.03


Tree=312
num_leaves=8
num_cat=0
split_feature=12 22 5 14 20 22 23
split_gain=7.49203 13.4811 8.95473 8.41726 10.2145 6.38909 2.17409
threshold=38.850000000000001 10.619119594059404 14.500000000000002 4.2315990594125236e-29 9.1500000000000004 11.918011243756641 166.50000000000003
decision_type=2 2 2 2 2 2 2
left_child=3 6 -3 5 -5 -1 -2
right_child=1 2 -4 4 -6 -7 -8
leaf_value=0.04033625933824065 -0.07778195456988049 0.01499458225394389 -0.023764330146054349 0.0030426307703841568 -0.012162721051601676 0.0040550756126340156 -0.029999274382069719
leaf_weight=6.2436511325649944 1.1840294791618351 62.22074922430329 5.8709882686380288 72.170310088898987 88.546245428035036 14.544194283895193 3.1027542492374778
leaf_count=18 25 318 140 248 510 58 45
internal_value=0.000243125 0.00840412 0.0116527 -0.00301123 -0.00533471 0.0149522 -0.0431971
internal_weight=253.883 72.3785 68.0917 181.504 160.717 20.7878 4.28678
internal_count=1362 528 458 834 758 76 70
is_linear=0
shrinkage=0.03


Tree=313
num_leaves=5
num_cat=0
split_feature=7 11 18 22
split_gain=5.10016 5.24923 9.19201 8.75741
threshold=66.500000000000014 12.550000000000002 144.50000000000003 11.539908647139235
decision_type=2 2 2 2
left_child=1 3 -3 -1
right_child=-2 2 -4 -5
leaf_value=0.011037155751092514 0.0252258887827141 -0.030740171280094097 0.0089719984119080772 -0.0062683462503825716
leaf_weight=33.921941561158746 8.1293769478797895 5.575040570460259 88.80622320540715 117.40331818605773
leaf_count=156 15 55 625 485
internal_value=0.00184741 0.00107392 0.00662623 -0.00238905
internal_weight=253.836 245.707 94.3813 151.325
internal_count=1336 1321 680 641
is_linear=0
shrinkage=0.03


Tree=314
num_leaves=5
num_cat=0
split_feature=13 0 4 0
split_gain=4.88399 4.60916 6.43651 4.82494
threshold=0.31823502504286688 37.500000000000007 0.14400223846823232 21.500000000000004
decision_type=2 2 2 2
left_child=-1 3 -3 -2
right_child=1 2 -4 -5
leaf_value=0.034669358761105377 0.01817229977323678 0.0023629750749897043 0.02369553104393211 -0.026120487807464041
leaf_weight=4.3614031318575135 2.9178597779246038 227.2757258778438 13.484625287353991 9.1686438795877603
leaf_count=12 49 1012 49 207
internal_value=0.00319319 0.00265025 0.00355778 -0.0154276
internal_weight=257.208 252.847 240.76 12.0865
internal_count=1329 1317 1061 256
is_linear=0
shrinkage=0.03


Tree=315
num_leaves=6
num_cat=0
split_feature=17 7 13 0 24
split_gain=5.53815 7.50523 7.35735 7.05114 8.28861
threshold=11.750000000000002 81.000000000000014 0.31823502504286688 84.500000000000014 0.95000000000000007
decision_type=2 2 2 2 2
left_child=3 2 -2 4 -1
right_child=1 -3 -4 -5 -6
leaf_value=0.013927098617027879 0.038123703921571286 0.034970113165046737 -0.0026379907623370847 0.025428976942702242 -0.020787113359200998
leaf_weight=16.689457378815863 4.0701525397598735 5.1305783540010443 191.12745824200101 17.872854113578796 9.8400234635919315
leaf_count=164 8 8 984 36 96
internal_value=0.00127803 -0.000846642 -0.00178805 0.0108638 0.00105128
internal_weight=244.731 200.328 195.198 44.4023 26.5295
internal_count=1296 1000 992 296 260
is_linear=0
shrinkage=0.03


Tree=316
num_leaves=5
num_cat=0
split_feature=23 13 16 0
split_gain=6.70003 6.51969 7.83921 6.43846
threshold=35.000000000000007 0.55000000000000016 21.081666666666667 75.500000000000014
decision_type=2 2 2 2
left_child=-1 2 -2 -3
right_child=1 3 -4 -5
leaf_value=-0.035814696273060456 0.0059743278278867112 -0.0063900598999793012 0.041982379577815539 0.004224644082276267
leaf_weight=4.2911171829327932 19.986938998801637 81.896180412033573 7.4771136967465273 138.24266972020268
leaf_count=22 128 755 21 405
internal_value=0.0013511 0.00199521 0.0157776 0.000275756
internal_weight=251.894 247.603 27.4641 220.139
internal_count=1331 1309 149 1160
is_linear=0
shrinkage=0.03


Tree=317
num_leaves=4
num_cat=0
split_feature=24 11 5
split_gain=7.75121 6.36847 5.13011
threshold=4.7500000000000009 8.4500000000000011 14.500000000000002
decision_type=2 2 2
left_child=1 -1 -3
right_child=-2 2 -4
leaf_value=0.019981651632374291 -0.036653925756631893 0.0015961890410695165 -0.010972031359823286
leaf_weight=14.848982084542511 5.0372987370938054 194.53305412619375 34.397977433167398
leaf_count=34 26 901 360
internal_value=0.000181524 0.000942666 -0.000292246
internal_weight=248.817 243.78 228.931
internal_count=1321 1295 1261
is_linear=0
shrinkage=0.03


Tree=318
num_leaves=8
num_cat=0
split_feature=0 21 6 17 17 6 16
split_gain=6.79588 8.21388 11.5683 7.56983 8.5473 7.56977 5.53102
threshold=75.500000000000014 0.92460030832459517 0.12931437274662674 11.450000000000001 13.250000000000002 0.99999999999999978 19.641737891737893
decision_type=2 2 2 2 2 2 2
left_child=1 2 -1 5 -5 -2 -3
right_child=3 6 -4 4 -6 -7 -8
leaf_value=0.010969597709023402 0.0022969527494878465 -0.044138999292354951 -0.011901127864581881 -0.010416236628049367 0.006599345821023569 0.037122549846857561 -0.010596903826844013
leaf_weight=35.53443683963269 10.915228998288512 7.383620401844385 45.252546482020989 38.586430598050356 85.311276704072952 11.573239989578724 11.04024135856889
leaf_count=131 37 95 624 150 228 23 62
internal_value=9.81987e-05 -0.00596362 -0.00184136 0.0042065 0.00130005 0.0202192 -0.0240394
internal_weight=245.597 99.2108 80.787 146.386 123.898 22.4885 18.4239
internal_count=1350 912 755 438 378 60 157
is_linear=0
shrinkage=0.03


Tree=319
num_leaves=7
num_cat=0
split_feature=13 11 10 18 15 22
split_gain=6.10558 9.56634 9.48337 8.33092 5.78241 1.5193
threshold=0.95000000000000007 15.15 0.0095370960555400206 115.50000000000001 35.394444444444453 11.250000000000002
decision_type=2 2 2 2 2 2
left_child=1 2 -1 -2 -5 -3
right_child=3 5 -4 4 -6 -7
leaf_value=0.0031415971985198337 -0.027354165391605352 -0.068441352766711469 -0.013850873004547669 0.026714892615406136 0.0050603592409782724 -0.032998915810096244
leaf_weight=91.950506942579523 6.4924061596393576 1.6980073808226723 43.563393161166459 12.615745130926369 92.264083191985264 3.0325996994506568
leaf_count=542 29 26 310 33 345 70
internal_value=0.000379614 -0.00378486 -0.00232094 0.00562369 0.00766513 -0.0457206
internal_weight=251.617 140.245 135.514 111.372 104.88 4.73061
internal_count=1355 948 852 407 378 96
is_linear=0
shrinkage=0.03


Tree=320
num_leaves=5
num_cat=0
split_feature=19 9 16 15
split_gain=5.60776 5.13951 13.4843 6.56537
threshold=1.4817778104304227 2.4986188804604175 25.150268336314848 36.361111111111121
decision_type=2 2 2 2
left_child=-1 3 -3 -2
right_child=1 2 -4 -5
leaf_value=0.034997931652069783 0.016119684013697035 -0.004645501613792481 0.035301865034419608 0.00021009710792750669
leaf_weight=4.4568806439638129 38.05063834041357 140.37099923368078 8.0405068774707598 60.401277566328645
leaf_count=6 121 943 16 239
internal_value=0.00164645 0.00104432 -0.00248127 0.00635899
internal_weight=251.32 246.863 148.412 98.4519
internal_count=1325 1319 959 360
is_linear=0
shrinkage=0.03


Tree=321
num_leaves=7
num_cat=0
split_feature=3 7 1 18 15 16
split_gain=5.52487 9.98419 13.7286 9.08155 8.30885 7.04969
threshold=31.500000000000004 24.500000000000004 5.0344109320528228 244.50000000000003 37.250000000000007 18.882524926081967
decision_type=2 2 2 2 2 2
left_child=1 4 -3 5 -1 -2
right_child=3 2 -4 -5 -6 -7
leaf_value=0.0028417851839766142 0.0098395923619038848 0.011813763069002647 -0.025986842271757484 0.02815083183070222 -0.029173056374912153 -0.025329357740431772
leaf_weight=155.72890397219453 16.007382884621624 12.167815692722796 29.885182593017817 15.477314276620744 7.654544342076405 7.548805706202983
leaf_count=966 43 40 158 29 60 27
internal_value=-4.75854e-05 -0.00201343 -0.0150494 0.0102988 0.00134188 -0.00143063
internal_weight=244.47 205.436 42.053 39.0335 163.383 23.5562
internal_count=1323 1224 198 99 1026 70
is_linear=0
shrinkage=0.03


Tree=322
num_leaves=8
num_cat=0
split_feature=0 9 19 19 22 24 15
split_gain=8.61678 10.2166 7.9473 6.08154 4.68397 4.58719 0.418383
threshold=87.500000000000014 3.0254147785150756 7.3500000000000005 8.1500000000000004 10.350000000000003 2.1500000000000008 36.394444444444453
decision_type=2 2 2 2 2 2 2
left_child=4 2 -2 -3 6 -6 -1
right_child=1 3 -4 -5 5 -7 -8
leaf_value=-0.021266088820832439 -0.01272251809906585 0.0028008503037988053 0.021704685485597397 -0.032881640679333829 -0.0064532113889261469 0.0090058410100413086 -0.042077995226113531
leaf_weight=1.2052874639630307 7.2901380173861972 10.966436315327885 35.044064223766327 7.0703186728060237 148.56744163157418 19.548281342722476 3.1190431488212198
leaf_count=12 22 39 68 29 1036 59 57
internal_value=-0.00203367 0.00772065 0.0157762 -0.0111865 -0.00544864 -0.00465565 -0.0362773
internal_weight=232.811 60.371 42.3342 18.0368 172.44 168.116 4.32433
internal_count=1322 158 90 68 1164 1095 69
is_linear=0
shrinkage=0.03


Tree=323
num_leaves=8
num_cat=0
split_feature=16 16 17 17 9 19 5
split_gain=5.88206 10.9002 8.72494 7.37972 5.40677 7.36984 6.44335
threshold=15.728735632183909 16.206389452332662 25.950000000000003 20.250000000000004 3.4525745300917401 5.1500000000000012 8.5000000000000018
decision_type=2 2 2 2 2 2 2
left_child=4 2 -2 -3 6 -6 -1
right_child=1 3 -4 -5 5 -7 -8
leaf_value=-0.0010203290255583434 -0.053912498622476712 0.00043977223851954976 0.018185160252132904 -0.016906608331359454 0.030256877659801971 -0.027307551890254491 0.029383577636045637
leaf_weight=10.53039888571948 6.3546299411682394 174.13018608815037 1.9817555900663135 25.277408735826612 2.899229472037403 6.4656369215808809 15.517613296629859
leaf_count=43 83 918 6 109 11 118 57
internal_value=-0.00123769 -0.00316415 -0.0367732 -0.0017591 0.0100636 -0.00948642 0.0170922
internal_weight=243.157 207.744 8.33639 199.408 35.4129 9.36487 26.048
internal_count=1345 1116 89 1027 229 129 100
is_linear=0
shrinkage=0.03


Tree=324
num_leaves=5
num_cat=0
split_feature=11 11 21 7
split_gain=4.73917 6.01475 6.91107 6.55816
threshold=8.3500000000000032 9.3500000000000032 0.42024546482373976 65.500000000000014
decision_type=2 2 2 2
left_child=-1 2 -2 -3
right_child=1 3 -4 -5
leaf_value=0.020050559716811474 -0.000962437426096169 0.0024743078106758119 -0.040529010932426168 0.030564086056476123
leaf_weight=14.049207195639609 11.331149296835067 213.43164779787185 6.1184698622673741 7.7521528899669638
leaf_count=32 41 1206 30 13
internal_value=0.00311793 0.00212104 -0.0148359 0.00345881
internal_weight=252.683 238.633 17.4496 221.184
internal_count=1322 1290 71 1219
is_linear=0
shrinkage=0.03


Tree=325
num_leaves=5
num_cat=0
split_feature=23 20 23 6
split_gain=4.68688 5.11022 8.30009 5.612
threshold=35.000000000000007 10.250000000000002 123.50000000000001 0.99999999939033168
decision_type=2 2 2 2
left_child=-1 3 -3 -2
right_child=1 2 -4 -5
leaf_value=-0.026373892641083904 0.011395671233518579 -0.023814825930577214 0.00039371069703067544 -0.0013378600657019798
leaf_weight=5.386609159409999 74.423626122414134 14.537813881412147 103.4422310704831 53.57383541110903
leaf_count=23 246 106 742 225
internal_value=0.00130837 0.00191458 -0.00258933 0.006066
internal_weight=251.364 245.978 117.98 127.997
internal_count=1342 1319 848 471
is_linear=0
shrinkage=0.03


Tree=326
num_leaves=7
num_cat=0
split_feature=22 17 18 19 10 22
split_gain=4.98053 7.59252 10.4031 9.7082 5.1481 5.48183
threshold=13.738955857137212 11.450000000000001 125.50000000000001 7.5500000000000007 -2.9394060735890009e-16 13.950000000000001
decision_type=2 2 2 2 2 2
left_child=1 3 -3 -1 -2 -6
right_child=4 2 -4 -5 5 -7
leaf_value=-0.023472688785044677 0.022433658185837934 0.017631785900452432 -0.0077161321290042974 0.018844397019541364 0.024127660224355574 -0.00034344316111496785
leaf_weight=5.9361129815224549 16.631204109638929 16.575693087186664 120.5479531577439 27.404289477388375 9.8222909756004793 51.102590962313116
leaf_count=78 35 52 771 157 32 206
internal_value=0.00133744 -0.00153008 -0.00465204 0.01131 0.00764011 0.00360178
internal_weight=248.02 170.464 137.124 33.3404 77.5561 60.9249
internal_count=1331 1058 823 235 273 238
is_linear=0
shrinkage=0.03


Tree=327
num_leaves=8
num_cat=0
split_feature=6 15 19 14 21 10 23
split_gain=8.9729 7.9035 11.1686 7.59859 5.07284 5.4344 4.80401
threshold=0.99999581501663115 36.638888888888893 7.1500000000000012 6.0409769525552099e-26 1.6553825291283657 0.13657242882375212 226.50000000000003
decision_type=2 2 2 2 2 2 2
left_child=4 2 -2 -3 6 -6 -1
right_child=1 3 -4 -5 5 -7 -8
leaf_value=0.0040948605271854208 -0.031093089157316043 -0.02552071389082549 -0.0049477428023793008 0.010037792080660322 -0.037893605165543215 0.0027821888739376355 0.018698833025626766
leaf_weight=89.990155709907413 19.876855899114162 6.3992288964218451 56.508683680789545 34.940061750588939 4.7727962406352145 7.7663412548135966 26.16708250483498
leaf_count=324 165 78 350 268 30 40 84
internal_value=-4.73786e-05 -0.00603284 -0.0117512 0.00453342 0.00542781 -0.0127003 0.00738474
internal_weight=246.421 117.725 76.3855 41.3393 128.696 12.5391 116.157
internal_count=1339 861 515 346 478 70 408
is_linear=0
shrinkage=0.03


Tree=328
num_leaves=8
num_cat=0
split_feature=0 0 1 15 14 24 16
split_gain=4.64847 8.56326 6.91542 5.23005 7.89208 4.91026 4.40966
threshold=38.500000000000007 26.500000000000004 4.0894206596997495 36.638888888888893 0.99961218692855558 0.55000000000000016 20.613375130616514
decision_type=2 2 2 2 2 2 2
left_child=1 2 -1 5 -5 -2 -3
right_child=3 6 -4 4 -6 -7 -8
leaf_value=0.02175063720650575 0.021331928433446796 -0.021814060510931575 -0.033040170694358065 0.012550048866210807 -0.0084719253752202663 -0.0031172593775908759 -0.081960708448771943
leaf_weight=5.3636967837810507 7.8188579101115456 2.2793199783191076 3.3794906787807113 66.918317829375155 21.153270436450839 135.72320126369596 2.1150071420706809
leaf_count=12 28 108 135 311 73 655 25
internal_value=0.000761027 -0.0165986 0.000572431 0.00174569 0.00750093 -0.00178549 -0.0507629
internal_weight=244.751 13.1375 8.74319 231.614 88.0716 143.542 4.39433
internal_count=1347 280 147 1067 384 683 133
is_linear=0
shrinkage=0.03


Tree=329
num_leaves=8
num_cat=0
split_feature=19 7 15 10 3 14 19
split_gain=5.96091 12.7097 10.5344 8.51144 6.18254 7.69917 5.27286
threshold=7.8500000000000005 25.500000000000004 36.166867293781799 5.7198652335745582e-17 26.500000000000004 7.610657649873673e-23 12.050000000000002
decision_type=2 2 2 2 2 2 2
left_child=1 3 -3 -1 5 -2 -6
right_child=4 2 -4 -5 6 -7 -8
leaf_value=0.011113313611537947 0.014760574114250235 -0.0018766089615811163 -0.043226147218089123 -0.013140882517992482 0.02270562835197068 -0.0025532529486278726 -0.00043947454741223937
leaf_weight=36.016716748708859 30.276888700667769 10.186942767351868 12.169227806851266 20.395989600103348 26.786781305447221 97.724848098237999 13.236034102737902
leaf_count=198 179 36 68 169 58 574 41
internal_value=0.00156763 -0.00524194 -0.0243846 0.00234422 0.00475991 0.00154207 0.0150513
internal_weight=246.793 78.7689 22.3562 56.4127 168.025 128.002 40.0228
internal_count=1323 471 104 367 852 753 99
is_linear=0
shrinkage=0.03


Tree=330
num_leaves=8
num_cat=0
split_feature=17 17 19 13 12 7 22
split_gain=5.42062 10.02 10.3054 9.15638 6.62785 8.09814 6.29617
threshold=13.350000000000003 11.450000000000001 9.3500000000000032 0.55000000000000016 37.650000000000013 13.500000000000002 12.101864563276729
decision_type=2 2 2 2 2 2 2
left_child=1 2 -1 -3 5 -2 -6
right_child=4 3 -4 -5 6 -7 -8
leaf_value=-0.010317759102297467 -0.019059503216164911 0.01859853998812807 0.023416804138623584 -0.014244604205927578 -0.014441906182819325 0.0045282414642654964 0.017651815005368408
leaf_weight=13.71168473549187 15.847984970081596 8.7267345129512233 20.092599944211543 61.332422697567381 6.246595754637382 75.53276037145406 46.120271113468334
leaf_count=139 87 57 94 468 46 241 200
internal_value=0.00154092 -0.003681 0.0097334 -0.0101536 0.00531396 0.000437465 0.0138235
internal_weight=247.611 103.863 33.8043 70.0592 143.748 91.3807 52.3669
internal_count=1332 758 233 525 574 328 246
is_linear=0
shrinkage=0.03


Tree=331
num_leaves=5
num_cat=0
split_feature=19 5 15 3
split_gain=4.63822 7.25071 15.7436 6.0084
threshold=2.7500000000000004 13.500000000000002 36.07777777777779 12.500000000000002
decision_type=2 2 2 2
left_child=-1 3 -3 -2
right_child=1 2 -4 -5
leaf_value=0.021111728440991712 -0.0052013794907830027 -0.039140014575659007 -0.00026735306881193885 0.0079513834191514924
leaf_weight=11.390420403331516 41.199624551460147 11.315991826821117 54.720094416232314 129.54570735245943
leaf_count=27 318 102 471 388
internal_value=0.00241247 0.00151294 -0.0069286 0.00477772
internal_weight=248.172 236.781 66.0361 170.745
internal_count=1306 1279 573 706
is_linear=0
shrinkage=0.03


Tree=332
num_leaves=4
num_cat=0
split_feature=23 23 13
split_gain=5.20442 11.0316 6.19821
threshold=35.000000000000007 58.000000000000007 0.31823502504286688
decision_type=2 2 2
left_child=-1 -2 -3
right_child=1 2 -4
leaf_value=-0.033337159485167266 0.027642536881491483 0.033528924999181392 -0.003083775679725649
leaf_weight=4.5515314731746903 11.555231961887328 4.2402871064841738 223.848226042639
leaf_count=23 30 11 1303
internal_value=-0.00155795 -0.000954373 -0.00240313
internal_weight=244.195 239.644 228.089
internal_count=1367 1344 1314
is_linear=0
shrinkage=0.03


Tree=333
num_leaves=8
num_cat=0
split_feature=10 18 19 10 0 15 10
split_gain=5.3899 8.92265 14.6368 11.4527 8.27853 9.81835 5.23716
threshold=-2.3272150736874946e-16 277.50000000000006 13.250000000000002 -8.2365978998534688e-17 62.500000000000007 36.361111111111121 -0.031468602089813412
decision_type=2 2 2 2 2 2 2
left_child=4 3 -3 -2 5 -1 -6
right_child=1 2 -4 -5 6 -7 -8
leaf_value=0.006227290860095853 -0.025910867026013182 -0.037534040710413968 0.00653836743475143 0.0029231004873187714 0.00027890980149434353 -0.057770170820928411 0.020802055484441018
leaf_weight=5.7575704511255008 13.532097992254419 15.291235564043747 12.187292954418806 147.89056092279498 17.653524175286289 3.4505348196253181 30.566621402278546
leaf_count=28 122 206 81 759 51 44 65
internal_value=0.000262665 -0.00218414 -0.017987 0.000505942 0.00831104 -0.0177543 0.0132885
internal_weight=246.329 188.901 27.4785 161.423 57.4283 9.20811 48.2201
internal_count=1356 1168 287 881 188 72 116
is_linear=0
shrinkage=0.03


Tree=334
num_leaves=8
num_cat=0
split_feature=23 18 6 20 13 24 21
split_gain=6.15674 13.0718 13.7671 6.30424 5.75315 5.27446 3.06274
threshold=181.50000000000003 239.50000000000003 1.186207745328435e-19 13.950000000000001 0.31823502504286688 1.3500000000000003 0.49169607701043111
decision_type=2 2 2 2 2 2 2
left_child=1 2 -1 4 -2 -3 -5
right_child=3 5 -4 6 -6 -7 -8
leaf_value=0.019227173739833535 0.040777434390192838 -0.026471300584776869 -0.0068475400617086313 0.010106619472043324 0.0017867626890989052 -0.082322891856606115 0.044962411306401641
leaf_weight=22.246428303420544 3.5200113002210847 4.7860662986058733 100.79414098034613 4.1868507002945972 105.02549045713386 2.231203374452889 4.952660902403295
leaf_count=67 6 56 529 49 607 16 14
internal_value=9.4302e-05 -0.00440441 -0.00213308 0.00506599 0.00305119 -0.0442298 0.0289948
internal_weight=247.743 130.058 123.041 117.685 108.546 7.01727 9.13951
internal_count=1344 668 596 676 613 72 63
is_linear=0
shrinkage=0.03


Tree=335
num_leaves=8
num_cat=0
split_feature=17 19 15 12 22 18 14
split_gain=5.9849 9.19752 7.70201 7.00105 10.7099 8.70571 4.21427
threshold=11.450000000000001 8.3500000000000032 36.638888888888893 38.850000000000001 11.050000000000002 158.50000000000003 2.0469570061820052e-23
decision_type=2 2 2 2 2 2 2
left_child=1 2 -1 5 -5 -2 -3
right_child=3 6 -4 4 -6 -7 -8
leaf_value=0.0026796725539795264 0.0060314511864115166 0.040897706728332268 -0.06145875877779354 -0.037939889113286683 0.010793476396556482 -0.01001499033009407 0.013540914951337349
leaf_weight=6.563066400587557 43.737523529678583 7.380803877720612 2.2671105132903904 4.3858257138635954 54.392656057840213 100.00376029475592 16.173131763236597
leaf_count=55 157 31 43 45 358 518 82
internal_value=0.000349344 0.0123243 -0.0137876 -0.00156552 0.00715718 -0.00513239 0.0221134
internal_weight=234.904 32.3841 8.83018 202.52 58.7785 143.741 23.5539
internal_count=1289 211 98 1078 403 675 113
is_linear=0
shrinkage=0.03


Tree=336
num_leaves=8
num_cat=0
split_feature=17 20 24 14 19 17 20
split_gain=3.8151 8.69807 10.8768 8.24444 7.39622 13.0472 9.01728
threshold=11.750000000000002 10.550000000000002 1.0500000000000003 7.6419031818077938e-11 9.3500000000000032 11.37143483997419 10.720251011115808
decision_type=2 2 2 2 2 2 2
left_child=4 3 -3 -2 5 -1 -6
right_child=1 2 -4 -5 6 -7 -8
leaf_value=-0.034723233979912442 -0.005184116989570161 -0.02122558737250415 0.0014675761452405444 0.010352201856043585 -0.0091470120066557067 0.020054797530520724 0.029421685543318744
leaf_weight=7.8911966055165959 53.349895506864414 35.464057646808214 40.967023847042583 72.534885737113655 7.6367049033287939 7.7631437906529754 19.102542797103524
leaf_count=118 241 376 199 234 34 48 95
internal_value=0.00063568 -0.001079 -0.00906206 0.00376792 0.0088187 -0.00755826 0.0184065
internal_weight=244.709 202.316 76.4311 125.885 42.3936 15.6543 26.7392
internal_count=1345 1050 575 475 295 166 129
is_linear=0
shrinkage=0.03


Tree=337
num_leaves=8
num_cat=0
split_feature=10 19 5 10 0 15 21
split_gain=6.10779 7.86607 16.212 13.6292 6.50982 8.10077 4.52385
threshold=-2.3272150736874946e-16 13.15 13.500000000000002 -8.0963819229286954e-17 62.500000000000007 36.361111111111121 0.43241096079147801
decision_type=2 2 2 2 2 2 2
left_child=4 3 -3 -2 5 -1 -6
right_child=1 2 -4 -5 6 -7 -8
leaf_value=0.0080011257869122814 -0.034634553768827854 0.017414530601586754 -0.034518053846736077 -0.0032216906452773083 0.024125906737433027 -0.046569904089267262 0.0048170785764076064
leaf_weight=6.3724175803363305 13.687750799581407 33.135904756840318 6.4656439188402137 135.35945408255793 19.791736125946045 3.9755200475919992 24.36316011659801
leaf_count=31 149 126 63 810 37 46 71
internal_value=-0.000393133 -0.00294882 0.00893563 -0.00610649 0.00845277 -0.0129642 0.013472
internal_weight=243.152 188.649 39.6015 149.047 54.5028 10.3479 44.1549
internal_count=1333 1148 189 959 185 77 108
is_linear=0
shrinkage=0.03


Tree=338
num_leaves=8
num_cat=0
split_feature=16 16 16 1 12 17 6
split_gain=5.51457 7.24661 10.2044 7.77805 6.99376 6.73613 6.08223
threshold=15.699677938808376 17.261208576998055 17.471405228758172 4.0894206596997495 36.949316534815715 22.150000000000002 2.1711603403016144e-05
decision_type=2 2 2 2 2 2 2
left_child=4 3 -3 -2 5 -1 -6
right_child=1 2 -4 -5 6 -7 -8
leaf_value=-0.011298418548866417 0.020811984527274435 0.0280927671319832 -0.0018412692663070179 -0.019590676587386339 -0.015752514858981312 0.030555253979071918 0.034146281130291632
leaf_weight=14.944789594272153 4.9233508557081214 10.951596066821365 159.85263742739335 33.250637654098682 2.6599589278921476 4.5038708671927443 12.672425565775482
leaf_count=101 18 37 777 280 16 9 105
internal_value=-0.000722144 -0.00256299 7.80361e-05 -0.0143799 0.0103384 -0.00160605 0.0254895
internal_weight=243.759 208.978 170.804 38.174 34.781 19.4487 15.3324
internal_count=1343 1112 814 298 231 110 121
is_linear=0
shrinkage=0.03


Tree=339
num_leaves=5
num_cat=0
split_feature=20 16 13 10
split_gain=4.88741 5.59771 11.0395 7.18266
threshold=15.15 21.246621621621625 0.55000000000000016 -0.092429700563408518
decision_type=2 2 2 2
left_child=1 3 -3 -1
right_child=-2 2 -4 -5
leaf_value=0.029666985172334168 0.03392251905571296 0.025077816853407868 -0.015536868123663476 0.0015039477241759213
leaf_weight=8.5154936593025905 4.0149045642465344 7.1719954586587837 37.601290261140093 189.99819434975507
leaf_count=21 15 23 186 1105
internal_value=0.00109269 0.000550905 -0.00903102 0.00271204
internal_weight=247.302 243.287 44.7733 198.514
internal_count=1350 1335 209 1126
is_linear=0
shrinkage=0.03


Tree=340
num_leaves=6
num_cat=0
split_feature=9 5 8 6 16
split_gain=4.6865 8.66982 6.98252 7.70658 5.33349
threshold=2.4986188804604175 10.853118868911523 4.9057745661929362 0.99999581501663115 21.808876811594207
decision_type=2 2 2 2 2
left_child=1 4 -2 -4 -1
right_child=2 -3 3 -5 -6
leaf_value=0.0067703505962279451 -0.044312215541754421 0.038325973285189663 0.0097386845152760571 -0.0057121844724181614 -0.012655073238945673
leaf_weight=75.835939615499228 3.5052882484160355 6.9273215932771555 40.068468300043605 105.6861055495101 15.284594967029987
leaf_count=290 25 12 154 792 63
internal_value=0.000876209 0.00597162 -0.00247094 -0.00146468 0.00351192
internal_weight=247.308 98.0479 149.26 145.755 91.1205
internal_count=1336 365 971 946 353
is_linear=0
shrinkage=0.03


Tree=341
num_leaves=8
num_cat=0
split_feature=22 15 16 0 13 3 18
split_gain=6.05387 11.4743 5.32177 4.06936 7.59276 6.58205 1.04598
threshold=11.050000000000002 36.577777777777783 18.106203007518801 88.500000000000014 0.81066470759290976 15.500000000000002 278.50000000000006
decision_type=2 2 2 2 2 2 2
left_child=1 2 -1 5 -5 -2 -3
right_child=3 6 -4 4 -6 -7 -8
leaf_value=-0.024654111601443464 0.0057094723036187752 -0.048214017717290822 0.012817621971803188 -0.013992840199945424 0.016370869194145304 -0.0058536652155279541 -0.023026042005198387
leaf_weight=4.9635799131356206 87.999617173569277 6.4020528525579703 10.905689649283884 9.3757009543478471 35.387603525072336 89.228794688126072 1.9314656646456567
leaf_count=59 625 91 44 40 77 375 41
internal_value=0.000375795 -0.0138716 0.00109724 0.00192912 0.0100112 -0.000112195 -0.0423762
internal_weight=246.195 24.2028 15.8693 221.992 44.7633 177.228 8.33352
internal_count=1352 235 103 1117 117 1000 132
is_linear=0
shrinkage=0.03


Tree=342
num_leaves=7
num_cat=0
split_feature=16 10 16 0 23 15
split_gain=6.12831 10.6278 6.94266 5.97955 9.25217 6.09256
threshold=22.492424242424246 -2.6429522865278645e-16 23.571070234113716 75.500000000000014 213.50000000000003 35.077777777777783
decision_type=2 2 2 2 2 2
left_child=3 -2 -3 4 -1 -5
right_child=1 2 -4 5 -6 -7
leaf_value=0.0015793176826869389 -0.053323728561306336 -0.033554856130367197 0.0053114118084054956 0.036210781354585123 -0.022800861241300797 0.0052131115241680496
leaf_weight=65.225625052815303 4.7257964331656721 5.4220359702594605 17.444885407574475 5.9772411957383147 17.841087060223799 126.07610713504255
leaf_count=531 24 38 65 8 269 381
internal_value=0.000941992 -0.0123683 -0.00390427 0.00264926 -0.00365706 0.00661618
internal_weight=242.713 27.5927 22.8669 215.12 83.0667 132.053
internal_count=1316 127 103 1189 800 389
is_linear=0
shrinkage=0.03


Tree=343
num_leaves=4
num_cat=0
split_feature=3 12 12
split_gain=6.22833 6.43074 7.62342
threshold=70.000000000000014 25.250000000000004 38.850000000000001
decision_type=2 2 2
left_child=1 -1 -3
right_child=-2 2 -4
leaf_value=0.018958150586629779 0.028429025214889086 -0.0078176388489041484 0.0045021118575722351
leaf_weight=11.752407208085058 5.9694680720567694 140.51422225509305 66.64606814167928
leaf_count=27 11 737 519
internal_value=-0.00180508 -0.00262953 -0.00385422
internal_weight=224.882 218.913 207.16
internal_count=1294 1283 1256
is_linear=0
shrinkage=0.03


Tree=344
num_leaves=8
num_cat=0
split_feature=10 10 3 24 24 15 7
split_gain=5.33094 10.4896 13.1121 7.06127 6.51256 3.24115 2.75982
threshold=-2.3272150736874946e-16 -9.008251862360977e-17 33.500000000000007 0.55000000000000016 0.75000000000000011 36.861111111111121 13.500000000000002
decision_type=2 2 2 2 2 2 2
left_child=4 2 -2 -3 6 -6 -1
right_child=1 3 -4 -5 5 -7 -8
leaf_value=0.0023363911486178313 -0.04422954195762082 0.024014592885970177 0.014682672046903647 -0.0015497034655263604 0.0083513217009374488 0.02683028865521328 -0.032891092494485893
leaf_weight=3.7885786867700499 10.755839967168866 10.348753513302652 4.9719827324151984 161.15034063853091 33.606227448442951 11.454109292011706 4.2432346055284142
leaf_count=21 142 43 13 968 112 28 19
internal_value=0.000221882 -0.00215748 -0.0256058 -7.07956e-06 0.00861258 0.0130486 -0.0162744
internal_weight=240.319 187.227 15.7278 171.499 53.0922 45.0603 8.03181
internal_count=1346 1166 155 1011 180 140 40
is_linear=0
shrinkage=0.03


Tree=345
num_leaves=8
num_cat=0
split_feature=12 12 15 14 19 20 19
split_gain=5.01611 9.28424 10.6823 5.94045 5.13055 6.18402 3.81357
threshold=33.95000000000001 34.95000000000001 35.788888888888899 0.93354450623268803 10.050000000000002 9.8253135238739855 12.250000000000002
decision_type=2 2 2 2 2 2 2
left_child=4 2 -2 -3 5 -1 -6
right_child=1 3 -4 -5 6 -7 -8
leaf_value=0.0065255999590600848 0.011410183357298171 0.0058403517031610664 -0.047372475639334624 -0.0079804816865636247 0.026812963494894964 -0.021805700993039204 0.0083013016225118533
leaf_weight=48.464998980052769 4.3969413656741363 95.212332889495883 7.576987367356196 39.643200781196356 17.882563911378384 8.0916203111410123 22.767373302951455
leaf_count=170 22 726 52 188 43 58 73
internal_value=0.0030292 -0.000470403 -0.0257869 0.00177747 0.00831531 0.00247221 0.0164449
internal_weight=244.036 146.829 11.9739 134.856 97.2066 56.5566 40.6499
internal_count=1332 988 74 914 344 228 116
is_linear=0
shrinkage=0.03


Tree=346
num_leaves=7
num_cat=0
split_feature=20 0 16 23 5 10
split_gain=5.96567 7.00864 9.57722 6.6738 3.70719 5.17156
threshold=13.950000000000001 86.500000000000014 17.610023041474658 274.50000000000006 11.500000000000002 -0.020091903119880621
decision_type=2 2 2 2 2 2
left_child=1 3 -3 -1 -2 -6
right_child=4 2 -4 -5 5 -7
leaf_value=-0.0017478040262300027 0.033792778741694472 0.021469754033613696 -0.0015692667288627817 -0.026332631835763367 0.043622318143477459 -0.035102118054117795
leaf_weight=150.77434215717949 7.7919043088331801 28.206603847444057 38.272800799459219 10.63881002058042 1.2236163616180422 1.9444190309150142
leaf_count=959 28 69 111 110 1 61
internal_value=0.00104789 8.14745e-06 0.00820598 -0.0033682 0.0226674 -0.00469573
internal_weight=238.852 227.893 66.4794 161.413 10.9599 3.16804
internal_count=1339 1249 180 1069 90 62
is_linear=0
shrinkage=0.03


Tree=347
num_leaves=7
num_cat=0
split_feature=21 13 6 5 15 6
split_gain=6.94611 7.0097 8.91185 6.07932 11.7592 2.37901
threshold=0.49247907349461001 1.9500000000000002 0.99948075107332401 6.5000000000000009 37.027777777777779 1.2581202055505865e-31
decision_type=2 2 2 2 2 2
left_child=3 2 -2 5 -5 -1
right_child=1 -3 -4 4 -6 -7
leaf_value=0.010446330551486426 -0.0031448658455396619 0.021226109701755917 -0.027226340514513205 0.0046250967948136303 -0.032920819088031059 0.033258202248027148
leaf_weight=8.2537415847182292 59.091667568427511 7.706081371754407 18.057056063436903 138.22820907807909 7.9386233970290041 8.2043723929673416
leaf_count=36 264 18 140 792 80 18
internal_value=0.000901747 -0.00605614 -0.00878126 0.00453225 0.0025859 0.0218181
internal_weight=247.48 84.8548 77.1487 162.625 146.167 16.4581
internal_count=1348 422 404 926 872 54
is_linear=0
shrinkage=0.03


Tree=348
num_leaves=7
num_cat=0
split_feature=0 20 15 11 12 18
split_gain=4.66065 7.90721 5.91064 4.31863 10.3821 6.98732
threshold=35.500000000000007 7.5500000000000007 34.922222222222231 13.950000000000001 41.45000000000001 158.50000000000003
decision_type=2 2 2 2 2 2
left_child=1 -1 -3 5 -5 -2
right_child=3 2 -4 4 -6 -7
leaf_value=-0.070103010586001352 0.0095828384508762805 0.029730208006607303 -0.020078391377635191 0.040325064367778898 0.0022219519060157041 -0.0027052230988184977
leaf_weight=2.0515258763916782 59.047230969881639 3.0166161395609361 7.4143177075311542 8.8952136057196167 23.278236066224054 141.33083769562654
leaf_count=14 200 10 209 32 187 675
internal_value=0.00159541 -0.0162629 -0.00567379 0.00255398 0.0127566 0.000915812
internal_weight=245.034 12.4825 10.4309 232.552 32.1734 200.378
internal_count=1327 233 219 1094 219 875
is_linear=0
shrinkage=0.03


Tree=349
num_leaves=5
num_cat=0
split_feature=20 14 20 6
split_gain=4.89913 5.3002 10.6661 6.29302
threshold=15.15 1.1825474821923402e-22 7.2500000000000009 1.186207745328435e-19
decision_type=2 2 2 2
left_child=1 2 -1 -3
right_child=-2 3 -4 -5
leaf_value=-0.045292309448921951 0.035851980998841987 0.011277695897814546 0.011632783234842568 -0.0039306368329513758
leaf_weight=3.1180484332144252 3.7481011128984383 29.411680769640952 59.337728476384655 146.24957310105674
leaf_count=17 14 94 340 861
internal_value=0.00182026 0.00128458 0.00879085 -0.00138424
internal_weight=241.865 238.117 62.4558 175.661
internal_count=1326 1312 357 955
is_linear=0
shrinkage=0.03


Tree=350
num_leaves=5
num_cat=0
split_feature=19 16 12 16
split_gain=4.47129 5.23299 7.91354 7.88435
threshold=2.7500000000000004 15.728735632183909 35.95000000000001 20.012500000000003
decision_type=2 2 2 2
left_child=-1 2 -2 -3
right_child=1 3 -4 -5
leaf_value=0.01922362691764427 -0.0047720776648982697 -0.0066211736705544663 0.024378387137660412 0.0055777167989379964
leaf_weight=11.74715829733759 15.341731030959634 116.3136588545749 18.474523136101197 80.813432812341489
leaf_count=31 97 753 130 313
internal_value=0.00116861 0.000250229 0.0111534 -0.00162017
internal_weight=242.691 230.943 33.8163 197.127
internal_count=1324 1293 227 1066
is_linear=0
shrinkage=0.03


Tree=351
num_leaves=8
num_cat=0
split_feature=12 12 3 17 22 12 18
split_gain=5.58142 7.25067 16.6125 8.52224 6.40426 5.39563 4.84336
threshold=38.850000000000001 33.250000000000007 29.500000000000004 22.350000000000005 10.750000000000002 41.45000000000001 176.50000000000003
decision_type=2 2 2 2 2 2 2
left_child=1 3 -3 -1 6 -6 -2
right_child=4 2 -4 -5 5 -7 -8
leaf_value=0.0068096989849686269 0.034410501432053049 -0.0038966400297573947 -0.048034881426859598 -0.023326281984729382 0.019427961391347302 0.0016902206048843634 -0.031609982827246516
leaf_weight=82.094603247009218 1.2208463144488622 70.853704577079043 8.6067032366991025 9.41396641358733 32.868460832862183 29.098271486524027 5.5302532308269292
leaf_count=287 10 433 43 41 167 255 72
internal_value=0.000854789 -0.00204754 -0.00867745 0.00370945 0.00807576 0.0110987 -0.0196711
internal_weight=239.687 170.969 79.4604 91.5086 68.7178 61.9667 6.7511
internal_count=1308 804 476 328 504 422 82
is_linear=0
shrinkage=0.03


Tree=352
num_leaves=8
num_cat=0
split_feature=10 0 19 19 20 20 20
split_gain=5.3419 12.8313 7.99318 6.89678 3.80738 10.2558 5.16714
threshold=0.039118284252041946 75.500000000000014 13.950000000000001 8.4500000000000011 11.65 11.909512018709025 10.950000000000001
decision_type=2 2 2 2 2 2 2
left_child=4 2 -2 -3 6 -6 -1
right_child=1 3 -4 -5 5 -7 -8
leaf_value=0.0037918156157638384 -0.037076174834741654 -0.019932966548268552 0.0057491300180277675 0.011493795148993166 -0.038013978538984597 0.0024916672711065325 0.018587935720658946
leaf_weight=115.67788135784212 14.722203355398962 8.1439549960196 5.3471402623690656 27.529794476926327 6.6180161233060053 37.522016455477569 26.020192213705741
leaf_count=469 188 30 43 65 58 350 112
internal_value=0.00166898 -0.00647637 -0.0256661 0.00431938 0.00411221 -0.00358144 0.00650885
internal_weight=241.581 55.7431 20.0693 35.6737 185.838 44.14 141.698
internal_count=1315 326 231 95 989 408 581
is_linear=0
shrinkage=0.03


Tree=353
num_leaves=7
num_cat=0
split_feature=22 6 3 11 20 5
split_gain=5.10336 6.4657 7.78015 4.96369 10.6215 9.19657
threshold=11.050000000000002 1.9350958834397542e-16 20.433155267051223 13.950000000000001 12.550000000000002 12.500000000000002
decision_type=2 2 2 2 2 2
left_child=1 -1 -3 4 -2 -5
right_child=3 2 -4 5 -6 -7
leaf_value=0.0080297361213547032 0.0014737981055196899 -0.041362999073916239 0.0003964627232637779 0.019814294184361141 -0.038573019330158873 -0.024704137865316528
leaf_weight=9.1653184895403701 178.46041844517458 9.3524202336557227 7.0362290041521183 27.039321969961751 6.1665930971503249 4.9391294449451371
leaf_count=31 773 193 32 133 76 112
internal_value=0.000530391 -0.0121492 -0.0234342 0.00202626 0.000136223 0.0129383
internal_weight=242.159 25.554 16.3886 216.605 184.627 31.9785
internal_count=1350 256 225 1094 849 245
is_linear=0
shrinkage=0.03


Tree=354
num_leaves=8
num_cat=0
split_feature=16 16 19 17 16 19 5
split_gain=3.64904 8.38074 12.76 7.27736 15.2348 7.37908 6.29811
threshold=18.106203007518801 17.826836581709149 9.3500000000000032 18.850000000000005 20.160256410256412 8.8500000000000032 3.5000000000000004
decision_type=2 2 2 2 2 2 2
left_child=1 6 -3 5 -5 -2 -1
right_child=3 2 -4 4 -6 -7 -8
leaf_value=-0.038102365377059993 0.015819584618886492 0.001644198097750566 -0.065522463093086736 -0.04527300348069771 0.0070034277994561233 0.0010386293758470105 0.0019134903363535293
leaf_weight=3.682098804973065 55.963456419645809 5.7491102588828635 4.5683379409601912 7.6160413306206491 14.703851273283361 66.540250316960737 91.650442864105571
leaf_count=22 221 31 33 43 47 318 626
internal_value=0.00182776 -0.00241174 -0.0280957 0.00492051 -0.0108344 0.00779102 0.000367929
internal_weight=250.474 105.65 10.3174 144.824 22.3199 122.504 95.3325
internal_count=1341 712 64 629 90 539 648
is_linear=0
shrinkage=0.03


Tree=355
num_leaves=7
num_cat=0
split_feature=16 6 11 16 17 13
split_gain=6.14319 10.2589 8.47158 7.85508 7.64476 6.32188
threshold=17.261208576998055 0.45214975187856121 10.850000000000003 17.471405228758172 10.316014877612144 0.55000000000000016
decision_type=2 2 2 2 2 2
left_child=1 2 -1 -2 -3 -5
right_child=3 4 -4 5 -6 -7
leaf_value=0.026880762571560256 0.028811554866101964 0.034838993377451 -0.0073991403853927102 0.015613180462885028 -0.024206284480907947 -0.0019206660236074534
leaf_weight=9.7038016780279595 9.3413047967478615 2.1081751221790901 19.580070117022842 21.457047884934582 30.891540496086236 134.60607349511702
leaf_count=28 37 18 95 100 383 652
internal_value=-0.00093433 -0.00896469 0.0039602 0.00208953 -0.0204342 0.000490055
internal_weight=227.688 62.2836 29.2839 165.404 32.9997 156.063
internal_count=1313 524 123 789 401 752
is_linear=0
shrinkage=0.03


Tree=356
num_leaves=6
num_cat=0
split_feature=17 17 14 22 0
split_gain=4.03837 4.31466 7.74429 7.19113 0.0900268
threshold=10.250000000000002 11.850000000000003 1.1997379389259054e-21 12.65 79.500000000000014
decision_type=2 2 2 2 2
left_child=4 2 -2 -3 -1
right_child=1 3 -4 -5 -6
leaf_value=-0.032936390985253625 0.026698739661467963 -0.0071262962677390062 0.0011466936990099997 0.0052006114490767133 -0.045433524231596092
leaf_weight=1.0711657388601445 17.892895435681567 64.069589797698427 26.463639741297811 127.05854895804077 1.0060443878173826
leaf_count=34 104 443 186 542 6
internal_value=0.00265732 0.00302468 0.0114541 0.00106841 -0.0389891
internal_weight=237.562 235.485 44.3565 191.128 2.07721
internal_count=1315 1275 290 985 40
is_linear=0
shrinkage=0.03


Tree=357
num_leaves=8
num_cat=0
split_feature=16 12 24 15 15 7 4
split_gain=4.52398 8.05031 7.78969 6.36072 12.1587 6.31986 5.73188
threshold=22.492424242424246 36.150000000000013 1.4202301562692894 37.138888888888893 37.638888888888893 21.232994969640771 1.7087722769326193e-29
decision_type=2 2 2 2 2 2 2
left_child=3 5 -3 6 -5 -2 -1
right_child=1 2 -4 4 -6 -7 -8
leaf_value=0.0015891006363132735 0.020356185365348473 -0.048475769115397735 0.00091168399252708119 -0.041281249553603953 0.0161842702550242 -0.019460481140427765 0.015612488980737213
leaf_weight=166.36822719068732 8.8022748264484125 7.2511607604101282 4.7618173323571682 7.9675578645546903 5.6732254303060472 6.056177854537963 31.142563964240253
leaf_count=1002 24 61 18 74 18 23 106
internal_value=0.000956443 -0.0106373 -0.0288991 0.00243188 -0.0173812 0.00412725 0.00380024
internal_weight=238.023 26.8714 12.013 211.152 13.6408 14.8585 197.511
internal_count=1326 126 79 1200 92 47 1108
is_linear=0
shrinkage=0.03


Tree=358
num_leaves=7
num_cat=0
split_feature=16 19 17 1 0 13
split_gain=6.16649 11.5559 7.60742 5.23329 8.86091 4.93538
threshold=21.468269230769234 6.2500000000000009 18.650000000000002 5.0344109320528228 75.500000000000014 0.55000000000000016
decision_type=2 2 2 2 2 2
left_child=3 -2 -3 5 -5 -1
right_child=1 2 -4 4 -6 -7
leaf_value=0.031945582776021123 -0.049319823468547346 -0.012692601500325484 0.020296933139815992 -0.011929400285576378 0.0043835355481188906 0.0066112381107743829
leaf_weight=8.0025908816605789 5.8857966514769933 22.5822803741321 8.7205383703112584 43.103303555748425 98.338706942275167 51.185769042931497
leaf_count=22 36 128 20 641 306 171
internal_value=0.00046678 -0.0107537 -0.00350217 0.00254659 -0.000587699 0.0100366
internal_weight=237.819 37.1886 31.3028 200.63 141.442 59.1884
internal_count=1324 184 148 1140 947 193
is_linear=0
shrinkage=0.03


Tree=359
num_leaves=8
num_cat=0
split_feature=17 0 22 1 12 18 6
split_gain=5.65761 8.92411 7.28852 8.40626 6.50377 5.04125 1.77146
threshold=11.450000000000001 67.500000000000014 12.101864563276729 5.6693628510177358 46.500000000000007 191.50000000000003 1.0000000180025095e-35
decision_type=2 2 2 2 2 2 2
left_child=1 6 3 -2 -4 -3 -1
right_child=2 5 4 -5 -6 -7 -8
leaf_value=0.023351204874391948 0.002273654481365235 -0.004024536326094042 0.00028400715531840616 -0.022563783909708146 0.033479989647499077 0.025886803940473876 -0.034573328672892374
leaf_weight=0.54113704711199062 21.753646144643426 6.7678137421607998 146.80303389718756 28.113392142869998 5.5111504348460576 20.228734883479774 3.8978966443100944
leaf_count=3 74 26 702 292 25 64 133
internal_value=6.68405e-05 0.0119067 -0.00177404 -0.0117289 0.00148513 0.0183883 -0.0275121
internal_weight=233.617 31.4356 202.181 49.867 152.314 26.9965 4.43903
internal_count=1319 226 1093 366 727 90 136
is_linear=0
shrinkage=0.03


Tree=360
num_leaves=8
num_cat=0
split_feature=16 10 12 20 17 12 23
split_gain=4.04307 7.92905 7.67307 4.82778 4.44576 10.271 4.80531
threshold=15.728735632183909 2.0871217111945779e-16 38.650000000000013 10.950000000000001 13.250000000000002 37.250000000000007 35.000000000000007
decision_type=2 2 2 2 2 2 2
left_child=1 2 -1 -3 5 -2 -6
right_child=4 3 -4 -5 6 -7 -8
leaf_value=-0.022892687046413344 1.3997688429422296e-05 0.0061660584473370557 0.021648920634773486 0.037817361547127254 -0.029824489860104431 -0.022393456250056815 0.0023209962329028238
leaf_weight=9.6433668269310129 53.083996991859749 8.2044440216850507 5.446871127234771 9.2013581735081953 4.332901941612362 28.186266367556527 122.83616317680571
leaf_count=91 251 42 68 30 17 343 505
internal_value=-0.000742327 0.00910008 -0.00681525 0.0228981 -0.00227677 -0.00775739 0.00122574
internal_weight=240.935 32.496 15.0902 17.4058 208.439 81.2703 127.169
internal_count=1347 231 159 72 1116 594 522
is_linear=0
shrinkage=0.03


Tree=361
num_leaves=6
num_cat=0
split_feature=12 16 7 14 16
split_gain=6.69743 8.72323 7.80267 8.11778 4.85999
threshold=27.850000000000005 19.174442190669374 65.500000000000014 1.1825474821923402e-22 17.85696040868455
decision_type=2 2 2 2 2
left_child=1 4 3 -2 -1
right_child=2 -3 -4 -5 -6
leaf_value=-0.020898697449137252 0.011294069043453137 -0.0455761121962244 0.033472871910697616 -0.002088152172672593 0.016237374775412438
leaf_weight=6.209842888638379 55.814356743590906 6.1034978926181784 7.1105134934186927 151.622192801442 6.48263780772686
leaf_count=32 342 29 11 877 17
internal_value=0.00106744 -0.016104 0.00257179 0.00151256 -0.00193159
internal_weight=233.343 18.796 214.547 207.437 12.6925
internal_count=1308 78 1230 1219 49
is_linear=0
shrinkage=0.03


Tree=362
num_leaves=8
num_cat=0
split_feature=18 20 15 18 20 17 18
split_gain=7.9501 6.34676 7.4771 6.93165 6.21161 8.7944 4.45963
threshold=158.50000000000003 7.9500000000000011 36.361111111111121 165.50000000000003 11.65 13.850000000000003 152.50000000000003
decision_type=2 2 2 2 2 2 2
left_child=4 2 -2 -3 6 -6 -1
right_child=1 3 -4 -5 5 -7 -8
leaf_value=0.0089047660540719289 -0.0013618737414650241 -0.041724437825403735 -0.044163246379126747 -0.0011267273240409389 -0.055133980657674247 0.0084706222966538531 0.034407230377682022
leaf_weight=48.079824735876173 7.3535008290782553 3.8806835343129924 7.3398350523784757 153.65311972168274 3.1509857361670566 5.1608751127496362 7.0800729617476454
leaf_count=159 33 30 47 977 39 23 15
internal_value=-0.000540839 -0.00388562 -0.0227427 -0.00212681 0.00853505 -0.0156416 0.0121781
internal_weight=235.699 172.227 14.6933 157.534 63.4718 8.31186 55.1599
internal_count=1323 1087 80 1007 236 62 174
is_linear=0
shrinkage=0.03


Tree=363
num_leaves=7
num_cat=0
split_feature=10 20 7 20 20 20
split_gain=4.77165 7.20402 6.63503 4.50829 8.75396 6.62666
threshold=-0.039359364158821832 9.1500000000000004 21.232994969640771 10.950000000000001 10.250000000000002 11.250000000000002
decision_type=2 2 2 2 2 2
left_child=1 -1 -3 4 -2 -5
right_child=3 2 -4 5 -6 -7
leaf_value=0.012898234752460616 0.0017271193093806522 -0.052476044753659322 -0.00028686636728452684 0.02594660143297646 -0.019571148031961329 0.0035827225146379165
leaf_weight=5.0118391886353484 114.3270603902638 5.5423735477961582 3.6272870898246765 14.267164940480141 20.479554143035784 72.624983493296895
leaf_count=17 467 34 14 62 140 596
internal_value=0.000846994 -0.0160236 -0.0318313 0.00192616 -0.00150847 0.00725474
internal_weight=235.88 14.1815 9.16966 221.699 134.807 86.8921
internal_count=1330 65 48 1265 607 658
is_linear=0
shrinkage=0.03


Tree=364
num_leaves=8
num_cat=0
split_feature=3 0 6 19 19 7 14
split_gain=4.01849 5.71593 6.56163 4.91957 10.8145 5.70366 3.75603
threshold=15.500000000000002 83.500000000000014 0.99999999999995237 7.1500000000000012 5.1500000000000012 21.232994969640771 1.4107439172480668e-23
decision_type=2 2 2 2 2 2 2
left_child=1 2 -1 4 -2 -5 -3
right_child=3 6 -4 5 -6 -7 -8
leaf_value=0.0057712968273317894 0.0057901334964485093 0.035601179429355229 -0.016570913498792139 -0.013584529781784196 -0.028104388045929296 0.0043743735651434147 0.010214515864745205
leaf_weight=61.867151394602843 15.916382156312464 7.6473612673580673 14.6276197238476 19.712836478371173 18.113816260825843 82.637329236604273 16.697991646826267
leaf_count=435 45 14 293 98 97 283 50
internal_value=0.000987498 0.00552833 0.00149893 -0.00237001 -0.0122515 0.000915455 0.018189
internal_weight=237.22 100.84 76.4948 136.38 34.0302 102.35 24.3454
internal_count=1315 792 728 523 142 381 64
is_linear=0
shrinkage=0.03


Tree=365
num_leaves=8
num_cat=0
split_feature=10 0 15 10 17 14 10
split_gain=5.40546 7.56749 9.82501 5.35419 11.8981 4.96854 4.69504
threshold=-2.3272150736874946e-16 62.500000000000007 36.361111111111121 -9.008251862360977e-17 30.700000000000006 3.0481613709416339e-14 -7.6723331756677813e-17
decision_type=2 2 2 2 2 2 2
left_child=1 2 -1 4 -2 -3 -5
right_child=3 5 -4 6 -6 -7 -8
leaf_value=0.010712394048484827 -0.029278676297613177 0.026776090562621608 -0.053036886449171518 0.030656584722794929 0.033521196951918714 0.0068489755514499658 -0.00012737333191614178
leaf_weight=5.2650334336794895 13.761757706641221 18.114387152716517 3.7083404343575239 4.5813650148920706 3.3825999982655039 29.765291068702936 166.88509817438899
leaf_count=26 135 41 45 22 6 76 982
internal_value=0.00154105 0.00964973 -0.0156327 -0.000903156 -0.0168882 0.014388 0.000695135
internal_weight=245.464 56.8531 8.97337 188.611 17.1444 47.8797 171.466
internal_count=1333 188 71 1145 141 117 1004
is_linear=0
shrinkage=0.03


Tree=366
num_leaves=7
num_cat=0
split_feature=0 23 16 20 17 10
split_gain=5.71989 5.74842 7.53614 5.59303 3.62423 3.37495
threshold=35.500000000000007 58.000000000000007 25.150268336314848 7.6500000000000012 13.350000000000003 7.9691135198220552e-18
decision_type=2 2 2 2 2 2
left_child=3 4 -3 -1 -2 -5
right_child=1 2 -4 5 -6 -7
leaf_value=-0.070821916719468567 0.034841412036426864 -0.0017711539174778421 0.022936005993200479 0.0029408807208300774 0.0062607206532099271 -0.036282570432888621
leaf_weight=1.7519980585202564 6.7800640203058746 197.99038012512028 11.771400484256445 5.2206896942807344 9.7144412919878942 3.1750353454845026
leaf_count=13 15 1043 25 76 29 142
internal_value=-3.19834e-05 0.000956278 -0.000384639 -0.0220665 0.0180088 -0.0118924
internal_weight=236.404 226.256 209.762 10.1477 16.4945 8.39573
internal_count=1343 1112 1068 231 44 218
is_linear=0
shrinkage=0.03


Tree=367
num_leaves=5
num_cat=0
split_feature=3 17 0 22
split_gain=7.92946 5.89998 10.1766 8.24383
threshold=63.500000000000007 11.450000000000001 84.500000000000014 12.591034546164897
decision_type=2 2 2 2
left_child=1 2 -1 -3
right_child=-2 3 -4 -5
leaf_value=-0.0047847589268094504 0.031742543906301934 -0.011326169932371864 0.030634325972533748 0.0014543134976449836
leaf_weight=16.05767216603272 6.765932008624076 70.322236544743646 13.38774202018976 128.2880408706842
leaf_count=196 12 517 25 578
internal_value=-0.000263393 -0.00121294 0.011319 -0.00307089
internal_weight=234.822 228.056 29.4454 198.61
internal_count=1328 1316 221 1095
is_linear=0
shrinkage=0.03


Tree=368
num_leaves=6
num_cat=0
split_feature=17 23 23 20 10
split_gain=5.32031 4.76744 5.16928 0.817812 0.414693
threshold=10.510540309372008 35.000000000000007 58.000000000000007 9.8253135238739855 -7.1733798839742644e-17
decision_type=2 2 2 2 2
left_child=3 -2 -3 -1 -5
right_child=1 2 -4 4 -6
leaf_value=-0.056418289114242175 -0.030470713454273653 0.022325171518412516 0.0004039637939800517 -0.0060458939417269014 -0.03469803781640915
leaf_weight=1.248751605395227 4.3140772124752393 10.121640986762939 222.64942886936478 0.65821231959853377 1.4698583690915252
leaf_count=12 21 28 1225 14 35
internal_value=0.000245459 0.000778019 0.00135717 -0.0371453 -0.0258359
internal_weight=240.462 237.085 232.771 3.37682 2.12807
internal_count=1335 1274 1253 61 49
is_linear=0
shrinkage=0.03


Tree=369
num_leaves=5
num_cat=0
split_feature=20 20 9 17
split_gain=5.84387 5.0404 12.2967 4.20168
threshold=15.15 12.750000000000002 1.5000000000000002 13.660999747441299
decision_type=2 2 2 2
left_child=1 3 -3 -1
right_child=-2 2 -4 -5
leaf_value=-0.0033469497471064593 0.038525202513798748 0.0089376610945655997 -0.040930023464631531 0.0050477783440158455
leaf_weight=98.664869714004453 3.5896965796127907 9.1246650451794284 8.687415308901107 117.64029447128996
leaf_count=624 14 45 203 458
internal_value=0.000537917 -4.45383e-05 -0.0153841 0.00121863
internal_weight=237.707 234.117 17.8121 216.305
internal_count=1344 1330 248 1082
is_linear=0
shrinkage=0.03


Tree=370
num_leaves=8
num_cat=0
split_feature=17 12 20 16 23 0 20
split_gain=4.43831 11.4054 10.0264 11.571 11.2539 8.01997 7.12437
threshold=13.250000000000002 37.45000000000001 9.9500000000000011 17.983870967741939 158.50000000000003 77.500000000000014 10.345556606653947
decision_type=2 2 2 2 2 2 2
left_child=2 6 3 -1 -4 -3 -2
right_child=1 5 4 -5 -6 -7 -8
leaf_value=-0.018470813018379457 0.00034476729887786994 -4.1395717487835264e-06 -0.039397294301522945 0.016561077120993251 -0.0066209461992040057 0.02335968039396346 -0.02150954208223527
leaf_weight=12.21911446971353 65.951358317863196 22.735678583034314 12.13280537095852 27.772233011201024 42.293057215982117 31.603083770722151 16.856269277166575
leaf_count=88 236 208 137 70 421 69 96
internal_value=-0.000541828 0.00290428 -0.00554749 0.00585729 -0.0139276 0.0135841 -0.00410388
internal_weight=231.564 137.146 94.4172 39.9913 54.4259 54.3388 82.8076
internal_count=1325 609 716 158 558 277 332
is_linear=0
shrinkage=0.03


Tree=371
num_leaves=7
num_cat=0
split_feature=20 20 24 21 24 15
split_gain=3.93585 5.32786 4.5471 4.38458 5.35475 3.63612
threshold=13.950000000000001 13.050000000000002 0.65000000000000002 0.37105611154025714 0.65000000000000002 37.638888888888893
decision_type=2 2 2 2 2 2
left_child=1 5 -3 4 -2 -1
right_child=3 2 -4 -5 -6 -7
leaf_value=0.0010646793399432006 0.042758511622860054 0.013661821998698018 -0.038755154232571469 0.033015929170946583 -0.034049308941899968 0.024821073197483542
leaf_weight=218.24252867576433 1.2478851936757549 2.0644870877731583 5.3477195566520095 7.1592555930837989 2.3652974704746157 5.9568259676452717
leaf_count=1115 2 12 104 25 54 17
internal_value=0.001693 0.000868549 -0.0241557 0.019419 -0.00752219 0.00169587
internal_weight=242.384 231.612 7.41221 10.7724 3.61318 224.199
internal_count=1329 1248 116 81 56 1132
is_linear=0
shrinkage=0.03


Tree=372
num_leaves=6
num_cat=0
split_feature=15 15 23 19 23
split_gain=3.56641 6.88517 6.58009 3.94087 5.83219
threshold=37.083333333333336 37.638888888888893 253.50000000000003 1.4817778104304227 35.000000000000007
decision_type=2 2 2 2 2
left_child=3 2 -2 -1 -5
right_child=1 -3 -4 4 -6
leaf_value=0.034776951273125106 -0.033312993749901175 0.016794642874760179 0.019492720059817156 -0.033856515520708966 0.0039101704697689938
leaf_weight=3.631080135703086 10.12125591048971 5.9620696571655563 2.6877844101400106 3.7439372688531867 215.73006284923758
leaf_count=5 88 18 19 19 1154
internal_value=0.00272212 -0.00983673 -0.0222325 0.00377877 0.00326592
internal_weight=241.876 18.7711 12.809 223.105 219.474
internal_count=1303 125 107 1178 1173
is_linear=0
shrinkage=0.03


Tree=373
num_leaves=7
num_cat=0
split_feature=14 6 6 11 14 10
split_gain=6.22675 8.27057 8.44712 7.09341 6.45999 4.63677
threshold=3.9140662874604723e-25 0.99999999929803052 0.99999999999963629 10.943498400315491 4.7261583672093421e-26 3.8083444395298861e-17
decision_type=2 2 2 2 2 2
left_child=4 3 -3 -2 5 -1
right_child=1 2 -4 -5 -6 -7
leaf_value=0.0094419037049273246 0.0099732440213692111 -0.03956491632141091 -0.008215953410403919 -0.0048992387013140739 0.033163500203241762 -0.015343568810232962
leaf_weight=27.627006201539189 45.559437994845212 9.1673889431403932 49.537012112443335 78.752801103051752 7.9612130355089894 9.0079423991264758
leaf_count=156 131 110 384 448 34 76
internal_value=-0.00138171 -0.0038311 -0.0131115 0.000551407 0.00867024 0.00334756
internal_weight=227.613 183.017 58.7044 124.312 44.5962 36.6349
internal_count=1339 1073 494 579 266 232
is_linear=0
shrinkage=0.03


Tree=374
num_leaves=5
num_cat=0
split_feature=19 19 16 16
split_gain=3.57371 5.90948 9.68846 5.43084
threshold=2.7500000000000004 7.8500000000000005 20.349294354838715 20.551971326164878
decision_type=2 2 2 2
left_child=-1 2 -2 -3
right_child=1 3 -4 -5
leaf_value=0.018464526589655417 -0.00096731424605926491 0.00026546668518014955 -0.029542279861649222 0.012306466869431126
leaf_weight=10.738301683217285 51.539750982541591 114.24909748625942 13.469776251353322 47.823461340507492
leaf_count=27 360 686 76 186
internal_value=0.00155311 0.000753402 -0.00688796 0.00381846
internal_weight=237.82 227.082 65.0095 162.073
internal_count=1335 1308 436 872
is_linear=0
shrinkage=0.03


Tree=375
num_leaves=8
num_cat=0
split_feature=17 22 24 19 15 0 23
split_gain=4.73332 8.03972 10.2223 5.23403 11.45 5.02656 3.95795
threshold=11.750000000000002 12.730039768834844 2.5500000000000003 9.3500000000000032 36.69444444444445 88.500000000000014 158.50000000000003
decision_type=2 2 2 2 2 2 2
left_child=3 2 -2 4 -1 -3 -5
right_child=1 5 -4 6 -6 -7 -8
leaf_value=0.010264990912148419 -0.011301266405367645 0.001434723495736907 0.035034340192374239 -0.01174832906547334 -0.052926655660770545 0.017702878964837028 0.02357030509928006
leaf_weight=12.224518287810495 68.527131683658808 101.24033415922895 4.5709251165390006 3.2766858306713429 3.2712004405912003 20.566196724772453 22.22390480490867
leaf_count=103 496 468 10 25 57 49 108
internal_value=0.00141037 -0.000538578 -0.00840384 0.0106761 -0.00307499 0.00418149 0.0190321
internal_weight=235.901 194.905 73.0981 40.9963 15.4957 121.807 25.5006
internal_count=1316 1023 506 293 160 517 133
is_linear=0
shrinkage=0.03


Tree=376
num_leaves=7
num_cat=0
split_feature=15 7 19 0 0 6
split_gain=4.48249 7.33901 4.02599 6.56354 6.0606 0.0775767
threshold=37.305555555555564 22.500000000000004 13.15 70.500000000000014 66.500000000000014 4.0003730084102478e-12
decision_type=2 2 2 2 2 2
left_child=2 5 4 -4 -1 -2
right_child=1 -3 3 -5 -6 -7
leaf_value=-0.0087737989026302338 -0.053103661850747774 0.014934114096013841 0.021865517178952097 -0.0010721029438691581 0.0038779486754327453 -0.044641026458780431
leaf_weight=44.888012248848099 1.7580855861306184 2.8239610027521849 23.339019236154854 21.635573834180832 141.48378724604845 2.1884699712973088
leaf_count=536 10 11 136 72 520 36
internal_value=0.0020707 -0.0219899 0.00277485 0.0108311 0.000830751 -0.0484109
internal_weight=238.117 6.77052 231.346 44.9746 186.372 3.94656
internal_count=1321 57 1264 208 1056 46
is_linear=0
shrinkage=0.03


Tree=377
num_leaves=7
num_cat=0
split_feature=19 10 3 22 17 10
split_gain=4.47456 9.84064 9.74597 8.07725 7.135 1.77824
threshold=10.350000000000003 -0.092429700563408518 24.500000000000004 10.550000000000002 11.750000000000002 0.018935543751521445
decision_type=2 2 2 2 2 2
left_child=1 -1 -3 5 -5 -2
right_child=3 2 -4 4 -6 -7
leaf_value=0.035874817140928737 -0.057010000709757432 -0.010755483146717516 0.0067677249868933389 0.024368208826325052 0.0029840007470774482 -0.016778371416107902
leaf_weight=5.5353493876755229 1.9731792153324925 86.566063582431525 42.633887712378055 17.210015015443787 76.302161123021506 1.981947253225371
leaf_count=13 25 694 130 68 382 17
internal_value=0.000247079 -0.00329495 -0.00497311 0.00514345 0.00691956 -0.0368496
internal_weight=232.203 134.735 129.2 97.4673 93.5122 3.95513
internal_count=1329 837 824 492 450 42
is_linear=0
shrinkage=0.03


Tree=378
num_leaves=5
num_cat=0
split_feature=12 15 16 13
split_gain=6.25205 5.01138 5.84163 5.5823
threshold=25.250000000000004 35.394444444444453 17.166206896551728 0.31823502504286688
decision_type=2 2 2 2
left_child=-1 2 -2 -3
right_child=1 3 -4 -5
leaf_value=0.021451974662477811 -0.018870526260127998 0.034581080279805207 0.018910470965105477 -0.0034427558459211227
leaf_weight=11.598442085087298 4.5413530741352615 3.5393905434757462 19.492600920144469 190.74161637399811
leaf_count=25 35 11 66 1199
internal_value=-1.11122e-05 -0.00115138 0.0117715 -0.00275004
internal_weight=229.913 218.315 24.034 194.281
internal_count=1336 1311 101 1210
is_linear=0
shrinkage=0.03


Tree=379
num_leaves=8
num_cat=0
split_feature=6 15 20 14 18 22 22
split_gain=4.48408 8.88953 8.16892 5.34714 4.02688 3.82242 3.68295
threshold=1.186207745328435e-19 36.972222222222221 10.050000000000002 1.1825474821923402e-22 240.50000000000003 12.730039768834844 12.246914665879464
decision_type=2 2 2 2 2 2 2
left_child=4 3 -3 -2 5 -1 -6
right_child=1 2 -4 -5 6 -7 -8
leaf_value=0.0028329965430195971 0.0094980195652939019 -0.0011451758835662397 -0.046740436922127253 -0.0023983653671819896 0.0092801148508478391 0.026129494253930928 -0.022630990589360193
leaf_weight=10.644893642514946 45.541550218360499 7.0293479149695468 7.1169962573330849 134.22737932298332 8.1891869865357858 15.669152855873106 5.4023463800549498
leaf_count=37 276 30 115 775 25 45 29
internal_value=0.000698171 -0.00118646 -0.0240841 0.000615391 0.00985627 0.0167053 -0.00340387
internal_weight=233.821 193.915 14.1463 179.769 39.9056 26.314 13.5915
internal_count=1332 1196 145 1051 136 82 54
is_linear=0
shrinkage=0.03


Tree=380
num_leaves=4
num_cat=0
split_feature=23 23 18
split_gain=6.45208 7.43419 7.29221
threshold=35.000000000000007 58.000000000000007 104.50000000000001
decision_type=2 2 2
left_child=-1 -2 -3
right_child=1 2 -4
leaf_value=-0.03536377064027553 0.0261551554154161 -0.034470494622333148 0.0014756239851757458
leaf_weight=4.2785799680277696 10.76500753033906 5.203938325867056 211.94240460050059
leaf_count=22 28 29 1251
internal_value=0.00113536 0.00182056 0.000614171
internal_weight=232.19 227.911 217.146
internal_count=1330 1308 1280
is_linear=0
shrinkage=0.03


Tree=381
num_leaves=7
num_cat=0
split_feature=20 17 7 22 23 18
split_gain=4.84527 3.95594 9.21565 8.16093 3.30529 1.38626
threshold=13.950000000000001 16.109708402484504 49.500000000000007 14.250000000000002 196.50000000000003 219.50000000000003
decision_type=2 2 2 2 2 2
left_child=1 3 -3 -1 -2 -6
right_child=4 2 -4 -5 5 -7
leaf_value=0.00078437228922497359 -0.012518469910181506 -0.0022206802231311755 -0.042599139297577644 0.022540011511551175 0.047628157695952189 0.021487735927674629
leaf_weight=151.05552473425632 2.0578693435527375 57.83130223932676 5.5777242183685294 17.294809452723712 2.6966185497585666 5.6542499889619648
leaf_count=957 33 235 25 49 6 46
internal_value=0.0015132 0.000613904 -0.00577254 0.00301935 0.0215368 0.0299289
internal_weight=242.168 231.759 63.409 168.35 10.4087 8.35087
internal_count=1351 1266 260 1006 85 52
is_linear=0
shrinkage=0.03


Tree=382
num_leaves=8
num_cat=0
split_feature=18 19 18 19 23 20 22
split_gain=5.17325 10.4311 9.82982 8.43991 5.39301 10.4782 7.51115
threshold=158.50000000000003 10.350000000000003 175.50000000000003 9.7500000000000018 133.50000000000003 10.250000000000002 14.250000000000002
decision_type=2 2 2 2 2 2 2
left_child=4 3 -3 -2 5 -1 -6
right_child=1 2 -4 -5 6 -7 -8
leaf_value=0.01090019640887417 -0.0071845881703285494 -0.041921672885513683 0.0070686836764979801 -0.043669412613778484 0.0014969386456748313 -0.022091741496544061 0.047619290886535992
leaf_weight=38.012416204903275 76.245178400655277 3.8545037901494643 84.367524506989866 6.1679378969129166 6.1599740332458151 11.221614563604815 6.5640463829040527
leaf_count=109 569 24 427 65 34 87 8
internal_value=0.000455189 -0.00224081 0.00492825 -0.00991517 0.00788008 0.00338054 0.0252905
internal_weight=232.593 170.635 88.222 82.4131 61.9581 49.234 12.724
internal_count=1323 1085 451 634 238 196 42
is_linear=0
shrinkage=0.03


Tree=383
num_leaves=8
num_cat=0
split_feature=10 4 0 12 0 21 10
split_gain=5.80853 11.128 7.88548 5.06227 6.63915 6.28336 2.29815
threshold=0.053760659861331307 6.2308480693022697e-25 87.500000000000014 39.650000000000013 44.500000000000007 0.37105611154025714 0.13657242882375212
decision_type=2 2 2 2 2 2 2
left_child=3 2 -2 4 -1 -5 -3
right_child=1 6 -4 5 -6 -7 -8
leaf_value=-0.040342507236534604 -0.032447407302949337 -0.00097400329804300323 -6.2850584605921597e-06 -0.00039704373473853816 0.0006244143329849738 0.023350570372025124 0.023204275117715317
leaf_weight=3.6520702554844311 18.500410776003267 6.71003235504031 10.611163996160029 19.794525300501846 141.71082444780041 20.322617501020432 7.4846141031011939
leaf_count=100 198 24 29 256 621 98 18
internal_value=-0.000110931 -0.0100036 -0.0206226 0.00219882 -0.000404831 0.0116331 0.0117748
internal_weight=228.786 43.3062 29.1116 185.48 145.363 40.1171 14.1946
internal_count=1344 269 227 1075 721 354 42
is_linear=0
shrinkage=0.03


Tree=384
num_leaves=5
num_cat=0
split_feature=13 5 19 12
split_gain=4.22197 4.16747 8.88972 5.2963
threshold=0.31823502504286688 13.500000000000002 12.050000000000002 33.250000000000007
decision_type=2 2 2 2
left_child=-1 3 -3 -2
right_child=1 2 -4 -5
leaf_value=0.030049232061600168 0.0096705334679033257 -0.0020412974625350308 -0.031901071122670502 -0.001891132622035774
leaf_weight=4.1337572447955599 54.517486914992332 55.689939226605929 10.697046663961371 103.08921219746117
leaf_count=10 173 502 102 549
internal_value=6.78157e-06 -0.000547646 -0.00685265 0.00210815
internal_weight=228.127 223.994 66.387 157.607
internal_count=1336 1326 604 722
is_linear=0
shrinkage=0.03


Tree=385
num_leaves=8
num_cat=0
split_feature=0 22 4 8 4 22 2
split_gain=5.61759 5.69175 4.3119 4.31112 3.17573 2.88643 2.15548
threshold=37.500000000000007 13.442652978425164 0.14400223846823232 1.5000000000000002 0.99999999996230382 13.050000000000002 1.5000000000000002
decision_type=2 2 2 2 2 2 2
left_child=1 5 3 -2 -4 -1 -3
right_child=2 6 4 -5 -6 -7 -8
leaf_value=-0.029120023565517024 -0.026832057700737755 0.032178721685364127 0.037416500669708919 0.0014268370421282579 0.0063658985879563616 -0.080738371624129113 -0.01152812322866693
leaf_weight=4.8656576945213583 4.976342497393488 1.6826819181442259 5.0134274810552579 205.56620908790501 7.2534743100404739 1.2193025965243576 2.561271651647985
leaf_count=185 24 6 10 988 39 24 45
internal_value=0.000763628 -0.020865 0.00176628 0.000758915 0.0190561 -0.0394633 0.00580117
internal_weight=233.138 10.3289 222.809 210.543 12.2669 6.08496 4.24395
internal_count=1321 260 1061 1012 49 209 51
is_linear=0
shrinkage=0.03


Tree=386
num_leaves=7
num_cat=0
split_feature=0 10 10 0 10 13
split_gain=7.13314 5.25304 7.3721 6.67962 4.21811 4.36369
threshold=49.500000000000007 -2.3272150736874946e-16 -1.4109437013654834e-16 74.500000000000014 -0.025124898255208489 1.2037075218434301
decision_type=2 2 2 2 2 2
left_child=4 3 -3 -2 -1 -6
right_child=1 2 -4 -5 5 -7
leaf_value=0.014043044173741968 -0.0042839322696897504 -0.031071273261608995 0.0014928600660580403 0.019394583559914035 -0.031639457294986635 0.012680944381432779
leaf_weight=3.1782804070971933 16.114255446474999 6.5026621220167717 165.50945394160226 32.043787270784378 11.867613570881074 2.4044267870485774
leaf_count=19 75 59 752 68 367 10
internal_value=0.00125039 0.00271372 0.000261821 0.0114715 -0.0172124 -0.0241727
internal_weight=237.62 220.17 172.012 48.158 17.4503 14.272
internal_count=1350 954 811 143 396 377
is_linear=0
shrinkage=0.03


Tree=387
num_leaves=6
num_cat=0
split_feature=22 16 17 16 19
split_gain=4.73608 3.84 11.0949 7.10423 0.371404
threshold=10.15 22.492424242424246 19.650000000000002 20.551971326164878 9.2500000000000018
decision_type=2 2 2 2 2
left_child=4 3 -3 -2 -1
right_child=1 2 -4 -5 -6
leaf_value=-0.020604963201511652 -0.0012479351010070494 -0.02244363462818837 0.022594533035160905 0.013318610595983913 -0.041189653966199349
leaf_weight=1.1626346448319957 163.73275747679872 19.151858060620729 6.6257628500461569 36.929797153687105 2.4537654123269022
leaf_count=33 1009 110 18 132 28
internal_value=-0.000511315 3.26552e-05 -0.0108672 0.00143288 -0.0345719
internal_weight=230.057 226.44 25.7776 200.663 3.6164
internal_count=1330 1269 128 1141 61
is_linear=0
shrinkage=0.03


Tree=388
num_leaves=7
num_cat=0
split_feature=24 13 5 16 16 6
split_gain=7.2175 16.7686 5.7216 5.22433 8.21827 4.31398
threshold=1.6500000000000001 1.8500000000000003 4.5000000000000009 25.150268336314848 24.043560606060613 0.99999999321487709
decision_type=2 2 2 2 2 2
left_child=3 2 -2 4 -1 -3
right_child=1 5 -4 -5 -6 -7
leaf_value=0.0011742598036199689 -0.0094859029655957865 0.015143150493621032 -0.056923496939429066 0.021405161240447817 -0.045162906257408215 -0.015150306956649068
leaf_weight=182.11124224110972 3.2082532942295092 11.013304214924576 7.9803340127691627 11.189874679315833 3.5112158136907956 6.8698965059593311
leaf_count=1134 14 30 51 29 24 32
internal_value=-0.000563193 -0.014516 -0.0433211 0.00149782 0.000297751 0.00350581
internal_weight=225.884 29.0718 11.1886 196.812 185.622 17.8832
internal_count=1314 127 65 1187 1158 62
is_linear=0
shrinkage=0.03


Tree=389
num_leaves=5
num_cat=0
split_feature=19 10 10 10
split_gain=4.59023 4.87136 6.43724 3.83663
threshold=2.7500000000000004 -0.0338291265575636 -0.058349766537548788 -0.011489929088274143
decision_type=2 2 2 2
left_child=-1 2 -2 -3
right_child=1 3 -4 -5
leaf_value=0.020300706542024649 -0.0032753664665963167 0.014737469557641252 -0.044047699086076371 0.00039104454041647541
leaf_weight=10.945152983069418 12.069793833419682 18.424940006108955 4.8998653448652467 187.5320465748664
leaf_count=30 49 59 30 1177
internal_value=0.0013328 0.00040152 -0.0150481 0.00167448
internal_weight=233.872 222.927 16.9697 205.957
internal_count=1345 1315 79 1236
is_linear=0
shrinkage=0.03


Tree=390
num_leaves=7
num_cat=0
split_feature=14 21 15 15 6 7
split_gain=4.19064 12.0363 16.8013 6.01481 5.2575 4.23619
threshold=0.99999999083309621 0.49169607701043111 36.027777777777786 37.250000000000007 4.5705251802074488e-05 20.500000000000004
decision_type=2 2 2 2 2 2
left_child=3 -2 -3 4 -1 -5
right_child=1 2 -4 5 -6 -7
leaf_value=0.013545164580511582 0.021446446599105426 0.007983937268865678 -0.0421974466083712 -0.051940918608833382 0.00044590528519564544 0.0036901436937800463
leaf_weight=33.087023289874196 8.2990531064569932 10.62730340473354 13.805415756069122 3.1448330251732832 165.55459832766792 2.0252859322354198
leaf_count=117 25 35 78 42 1037 10
internal_value=0.000196152 -0.00976789 -0.0203705 0.00179636 0.0026278 -0.0301486
internal_weight=236.544 32.7318 24.4327 203.812 198.642 5.17012
internal_count=1344 138 113 1206 1154 52
is_linear=0
shrinkage=0.03


Tree=391
num_leaves=7
num_cat=0
split_feature=0 10 16 16 5 17
split_gain=3.46701 4.39648 16.4769 5.0034 3.62581 2.3741
threshold=34.500000000000007 -0.031468602089813412 19.723636363636366 20.037749287749293 3.5000000000000004 21.750000000000004
decision_type=2 2 2 2 2 2
left_child=4 2 -2 -3 -1 -6
right_child=1 3 -4 -5 5 -7
leaf_value=0.0074412751377559341 0.0041816134171390488 0.0002361741934339439 -0.06046901276629172 0.010240769479668833 -0.036538440812907316 0.027072596951409188
leaf_weight=3.6619432023726386 14.643703321460636 138.52076275163563 4.6823570430278769 66.629298803396523 5.4602478430606425 0.58458494022488583
leaf_count=13 51 782 26 235 213 2
internal_value=0.00143782 0.00219688 -0.0114821 0.0034855 -0.0161159 -0.0303867
internal_weight=234.183 224.476 19.3261 205.15 9.70678 6.04483
internal_count=1322 1094 77 1017 228 215
is_linear=0
shrinkage=0.03


Tree=392
num_leaves=7
num_cat=0
split_feature=22 22 5 20 15 0
split_gain=3.57601 10.7846 5.71893 5.11621 3.80903 2.86678
threshold=15.250000000000002 14.721430171330214 12.500000000000002 6.5500000000000007 36.422222222222224 67.500000000000014
decision_type=2 2 2 2 2 2
left_child=1 3 4 -1 -2 -4
right_child=2 -3 5 -5 -6 -7
leaf_value=-0.029904579118496106 0.0030989514679995458 -0.043873231972363459 0.013087817799676221 0.0010168418070251525 0.028928571234934738 -0.01314638169101868
leaf_weight=4.9414466790622091 8.256893648765983 5.1213567121885708 5.7009543050080564 189.45028389128856 13.604407399892805 10.948405573144553
leaf_count=21 28 31 20 1168 31 46
internal_value=0.000714229 -0.000901301 0.00908385 0.000230818 0.0191729 -0.00416346
internal_weight=238.024 199.513 38.5107 194.392 21.8613 16.6494
internal_count=1345 1220 125 1189 59 66
is_linear=0
shrinkage=0.03


Tree=393
num_leaves=6
num_cat=0
split_feature=13 24 15 4 6
split_gain=3.67666 7.40974 11.3736 4.65029 3.0031
threshold=1.8500000000000003 1.6500000000000001 36.250000000000007 1.1162680223507022e-12 0.99999999690331343
decision_type=2 2 2 2 2
left_child=1 3 -3 -1 -2
right_child=4 2 -4 -5 -6
leaf_value=-0.00091693580757287632 0.021019008922955596 0.0076183754705063979 -0.043698002498721515 0.013351202476673974 -0.0026713019531085192
leaf_weight=176.45406886481214 13.225941032171251 7.0559542253613463 8.6554153924807888 23.269414900802076 7.5734652122482649
leaf_count=1127 33 24 49 83 30
internal_value=0.000347847 -0.000815058 -0.0206519 0.000745419 0.0123929
internal_weight=236.234 215.435 15.7114 199.723 20.7994
internal_count=1346 1283 73 1210 63
is_linear=0
shrinkage=0.03


Tree=394
num_leaves=4
num_cat=0
split_feature=24 13 24
split_gain=6.36078 5.29319 5.59861
threshold=3.5500000000000003 1.8500000000000003 1.6500000000000001
decision_type=2 2 2
left_child=1 2 -1
right_child=-2 -3 -4
leaf_value=0.0020754546788746878 -0.033751675834227127 0.021739414596760855 -0.016106121753013739
leaf_weight=191.84684019221459 4.6476502930745474 11.269812744110821 16.558217049110681
leaf_count=1184 26 29 68
internal_value=0.00097901 0.00171381 0.00063089
internal_weight=224.323 219.675 208.405
internal_count=1307 1281 1252
is_linear=0
shrinkage=0.03


Tree=395
num_leaves=5
num_cat=0
split_feature=19 19 3 19
split_gain=6.59003 4.52216 8.00568 7.44365
threshold=2.7500000000000004 8.4500000000000011 7.5000000000000009 8.7500000000000018
decision_type=2 2 2 2
left_child=-1 2 -2 -3
right_child=1 3 -4 -5
leaf_value=0.024653598231030204 0.022200466830448573 0.025302829796057063 -0.0095932729281942835 0.00057287135950003442
leaf_weight=9.7673876937478763 7.9370570466853669 11.942648960975928 69.91161478869617 132.35501981916605
leaf_count=24 75 44 460 737
internal_value=0.000536112 -0.000524292 -0.00635174 0.00261962
internal_weight=231.914 222.146 77.8487 144.298
internal_count=1340 1316 535 781
is_linear=0
shrinkage=0.03


Tree=396
num_leaves=8
num_cat=0
split_feature=14 15 12 11 0 5 14
split_gain=6.05203 9.39932 7.99512 8.43226 6.22848 5.35617 3.40738
threshold=3.9140662874604723e-25 36.69444444444445 38.850000000000001 12.950000000000001 71.500000000000014 14.500000000000002 1.0513829913859381e-31
decision_type=2 2 2 2 2 2 2
left_child=1 4 3 -2 -1 -4 -3
right_child=2 6 5 -5 -6 -7 -8
leaf_value=-0.0018161065310090445 -0.0047702255007945754 0.0036017892918550486 0.0096019427338453374 -0.042145202270965847 0.023515080573779518 -0.034188179380251087 -0.043018114761329919
leaf_weight=13.011196846724486 120.37592248874716 2.2854600744321933 50.458007238339633 5.6895971033954984 26.587443207856268 2.6456897007883518 3.6875932542025112
leaf_count=115 570 9 306 62 73 112 64
internal_value=0.000138865 0.00990033 -0.00234396 -0.00645704 0.0151918 0.00742027 -0.02518
internal_weight=224.741 45.5717 179.169 126.066 39.5986 53.1037 5.97305
internal_count=1311 261 1050 632 188 418 73
is_linear=0
shrinkage=0.03


Tree=397
num_leaves=7
num_cat=0
split_feature=14 14 14 3 17 13
split_gain=3.99058 9.98401 6.4493 5.90823 5.36497 0.266048
threshold=6.6211535279572973e-17 1.8626520165501188e-15 2.4586471907475776e-17 10.500000000000002 25.950000000000003 0.95000000000000007
decision_type=2 2 2 2 2 2
left_child=2 5 3 -1 -3 -2
right_child=1 4 -4 -5 -6 -7
leaf_value=-0.021253104851637641 -0.038019285669682129 -0.0018304034926924586 0.039382074591533214 0.0071286299715788695 0.018798562766147761 -0.052318332692488444
leaf_weight=7.287295017275027 2.9863368627848095 142.37681970203994 5.0701665135566136 70.112161195313092 12.328816273249684 1.9265992548316715
leaf_count=144 41 744 20 367 32 13
internal_value=0.00124509 -0.00152349 0.00660364 0.00445644 -0.000186438 -0.0436266
internal_weight=242.088 159.619 82.4696 77.3995 154.706 4.91294
internal_count=1361 830 531 511 776 54
is_linear=0
shrinkage=0.03


Tree=398
num_leaves=7
num_cat=0
split_feature=20 23 23 20 21 24
split_gain=3.73451 3.32164 11.3156 6.08514 1.37729 2.69181
threshold=14.250000000000002 231.50000000000003 245.50000000000003 12.550000000000002 0.37105611154025714 0.75000000000000011
decision_type=2 2 2 2 2 2
left_child=1 3 -3 -1 5 -2
right_child=4 2 -4 -5 -6 -7
leaf_value=0.0046011685399016981 0.035881401903913229 -0.046278696822424324 1.4133873509860549e-05 -0.017821876797222844 0.031080098757838601 -0.025516480513576859
leaf_weight=176.1124024350429 1.2529971967451268 5.4951909289229652 35.146336461766623 11.610509956721215 5.3788744946941733 1.3193524674279613
leaf_count=808 10 59 236 167 18 31
internal_value=0.00223455 0.00153083 -0.00624518 0.00321432 0.0224456 0.00439056
internal_weight=236.316 228.364 40.6415 187.723 7.95122 2.57235
internal_count=1329 1270 295 975 59 41
is_linear=0
shrinkage=0.03


Tree=399
num_leaves=4
num_cat=0
split_feature=12 12 18
split_gain=5.79381 8.82924 4.46485
threshold=25.250000000000004 26.800000000000001 99.500000000000014
decision_type=2 2 2
left_child=-1 -2 -3
right_child=1 2 -4
leaf_value=0.019325737855888363 -0.047168506634100743 -0.025080290242236781 -0.00089714174368684557
leaf_weight=11.473948463797567 3.9196732100099316 7.1136936030816278 201.4554072690662
leaf_count=25 26 47 1245
internal_value=-0.00143903 -0.00256029 -0.00172196
internal_weight=223.963 212.489 208.569
internal_count=1343 1318 1292
is_linear=0
shrinkage=0.03


end of trees

feature_importances:
admission_age=246
wbc_min=154
rr_mean=134
pt_min=120
hemoglobin_min=119
bun_min=118
motor_slope=117
pt_max=117
temp_min=113
platelet_min=112
prob_m1=102
gcs_total_first=89
prob_m2=87
platelet_max=81
hematocrit_max=80
creatinine_min=80
bun_max=70
gcs_eye_first=63
motor_sd=60
hemoglobin_max=58
creatinine_max=54
motor_last=50
prob_m3=49
motor_max=38
gcs_motor_first=9

parameters:
[boosting: gbdt]
[objective: binary]
[metric: binary_logloss]
[tree_learner: serial]
[device_type: cpu]
[data_sample_strategy: bagging]
[data: ]
[valid: ]
[num_iterations: 400]
[learning_rate: 0.03]
[num_leaves: 15]
[num_threads: 4]
[seed: 42]
[deterministic: 0]
[force_col_wise: 0]
[force_row_wise: 0]
[histogram_pool_size: -1]
[max_depth: 3]
[min_data_in_leaf: 20]
[min_sum_hessian_in_leaf: 0.001]
[bagging_fraction: 0.8]
[pos_bagging_fraction: 1]
[neg_bagging_fraction: 1]
[bagging_freq: 1]
[bagging_seed: 400]
[bagging_by_query: 0]
[feature_fraction: 0.8]
[feature_fraction_bynode: 1]
[feature_fraction_seed: 30056]
[extra_trees: 0]
[extra_seed: 12879]
[early_stopping_round: 0]
[early_stopping_min_delta: 0]
[first_metric_only: 0]
[max_delta_step: 0]
[lambda_l1: 0]
[lambda_l2: 0]
[linear_lambda: 0]
[min_gain_to_split: 0]
[drop_rate: 0.1]
[max_drop: 50]
[skip_drop: 0.5]
[xgboost_dart_mode: 0]
[uniform_drop: 0]
[drop_seed: 17869]
[top_rate: 0.2]
[other_rate: 0.1]
[min_data_per_group: 100]
[max_cat_threshold: 32]
[cat_l2: 10]
[cat_smooth: 10]
[max_cat_to_onehot: 4]
[top_k: 20]
[monotone_constraints: ]
[monotone_constraints_method: basic]
[monotone_penalty: 0]
[feature_contri: ]
[forcedsplits_filename: ]
[refit_decay_rate: 0.9]
[cegb_tradeoff: 1]
[cegb_penalty_split: 0]
[cegb_penalty_feature_lazy: ]
[cegb_penalty_feature_coupled: ]
[path_smooth: 0]
[interaction_constraints: ]
[verbosity: -1]
[saved_feature_importance_type: 0]
[use_quantized_grad: 0]
[num_grad_quant_bins: 4]
[quant_train_renew_leaf: 0]
[stochastic_rounding: 1]
[linear_tree: 0]
[max_bin: 255]
[max_bin_by_feature: ]
[min_data_in_bin: 3]
[bin_construct_sample_cnt: 200000]
[data_random_seed: 175]
[is_enable_sparse: 1]
[enable_bundle: 1]
[use_missing: 1]
[zero_as_missing: 0]
[feature_pre_filter: 1]
[pre_partition: 0]
[two_round: 0]
[header: 0]
[label_column: ]
[weight_column: ]
[group_column: ]
[ignore_column: ]
[categorical_feature: ]
[forcedbins_filename: ]
[precise_float_parser: 0]
[parser_config_file: ]
[objective_seed: 16083]
[num_class: 1]
[is_unbalance: 0]
[scale_pos_weight: 5.69758]
[sigmoid: 1]
[boost_from_average: 1]
[reg_sqrt: 0]
[alpha: 0.9]
[fair_c: 1]
[poisson_max_delta_step: 0.7]
[tweedie_variance_power: 1.5]
[lambdarank_truncation_level: 30]
[lambdarank_norm: 1]
[label_gain: ]
[lambdarank_position_bias_regularization: 0]
[eval_at: ]
[multi_error_top_k: 1]
[auc_mu_weights: ]
[num_machines: 1]
[local_listen_port: 12400]
[time_out: 120]
[machine_list_filename: ]
[machines: ]
[gpu_platform_id: -1]
[gpu_device_id: -1]
[gpu_device_id_list: ]
[gpu_use_dp: 0]
[num_gpu: 1]

end of parameters

pandas_categorical:[]
