tree
version=v4
num_class=1
num_tree_per_iteration=1
label_index=0
max_feature_idx=24
objective=binary sigmoid:1
feature_names=admission_age motor_max motor_last bun_min prob_m3 gcs_total_first prob_m2 bun_max gcs_motor_first gcs_eye_first motor_slope hemoglobin_max hematocrit_max creatinine_min prob_m1 temp_min rr_mean pt_max platelet_max wbc_min hemoglobin_min motor_sd pt_min platelet_min creatinine_max
feature_infos=[19:97] [1:6.4619567895285446] [1:6] [1.9673835792569379:143] [0:1] [3:15] [0:1] [3:154] [1:6] [1:4] [-0.28591935426937609:0.39346855108823675] [6.2000000000000002:17.300000000000001] [21.5:53.399999999999999] [0.10000000000000001:11.9] [0:1] [26.666666666666664:39.166666666666664] [10.4:32.529411764705884] [1.4805053679358768:150] [14:1775] [0.10000000000000001:155.5] [1.8999999999999999:16.899999999999999] [0:2.8867513459481291] [7.6557281139880695:32.100000000000001] [5:1297] [0.29999999999999999:12.9]
tree_sizes=939 961 963 962 968 967 971 967 963 972 962 973 959 973 970 972 975 971 974 967 973 963 975 977 956 874 979 980 981 870 975 873 977 971 961 982 976 968 978 968 876 964 976 975 982 977 979 978 976 975 974 966 871 845 871 977 975 966 860 988 879 867 974 963 883 977 980 978 985 978 981 871 974 974 979 879 982 874 975 879 865 971 873 985 878 783 978 879 870 983 875 879 979 767 674 676 971 672 982 871 672 777 964 981 981 776 886 881 988 676 982 976 990 660 886 888 674 673 979 676 887 672 576 978 883 676 876 887 877 574 873 571 859 675 986 780 680 880 674 783 663 867 991 985 986 678 999 981 985 662 880 664 980 995 882 678 989 985 778 981 768 959 765 999 666 772 886 880 885 676 974 677 895 777 772 667 883 887 882 994 975 880 761 671 781 891 892 973 780 979 987 986 881 982 987 968 680 787 573 882 678 995 774 882 883 570 885 680 584 883 575 997 777 574 885 681 891 573 780 661 649 679 883 677 879 972 994 680 883 677 886 886 876 889 879 962 887 875 781 889 678 988 884 975 786 998 985 682 883 792 792 976 676 678 574 789 889 577 662 990 780 886 676 967 997 575 676 990 571 576 988 871 885 988 880 986 991 883 983 888 890 778 986 676 874 679 877 988 579 680 980 675 785 576 1000 679 991 783 872 677 983 573 787 576 790 994 675 883 972 990 676 992 887 568 882 887 679 577 888 874 778 678 983 572 983 680 682 886 886 993 670 676 576 1000 987 883 683 987 978 788 880 888 890 682 984 885 882 780 572 669 893 976 974 882 985 887 684 786 880 987 987 774 963 887 987 996 578 678 579 655 890 878 885 896 571 987 866 875 677 882 572 880 988 1000 681 982 893 877 882 686 888 893 774 990 575 676 998 892 878 575

Tree=0
num_leaves=8
num_cat=0
split_feature=9 0 0 2 3 5 0
split_gain=906.267 413.773 158.693 282 131.187 98.3439 41.203
threshold=2.3471044195366573 75.500000000000014 48.500000000000007 4.5000000000000009 63.500000000000007 13.500000000000002 74.500000000000014
decision_type=2 2 2 2 2 2 2
left_child=2 4 3 -1 -2 -3 -4
right_child=1 5 6 -5 -6 -7 -8
leaf_value=-1.5829937664570934 -1.755340029917704 -1.6161464543785617 -1.6024075605008465 -1.7753070303146306 -1.5581694636205072 -1.6855773883822069 -1.5608500046203881
leaf_weight=17.775935888290409 85.604952692985535 35.439709722995758 34.60079687833786 11.177309036254881 3.1487395763397208 38.098315954208374 56.58870929479599
leaf_count=46 627 124 108 88 6 206 112
internal_value=-1.6585 -1.70474 -1.59605 -1.65724 -1.74834 -1.65212 -1.57662
internal_weight=282.434 162.292 120.143 28.9532 88.7537 73.538 91.1895
internal_count=1317 963 354 134 633 330 220
is_linear=0
shrinkage=1


Tree=1
num_leaves=8
num_cat=0
split_feature=2 0 22 1 0 9 0
split_gain=688.691 394.763 145.514 144.43 167.638 111.684 4.85461
threshold=5.4550050735229236 75.500000000000014 15.216102245126239 4.5000000000000009 59.500000000000007 3.1091146601265351 47.500000000000007
decision_type=2 2 2 2 2 2 2
left_child=3 2 -2 6 -5 -3 -1
right_child=1 5 -4 4 -6 -7 -8
leaf_value=0.15043011967331354 -0.024077627456717141 0.11890442860383764 0.095189481550041838 0.02802085335161076 0.12441108498503797 0.043784582805449224 0.16975410165435592
leaf_weight=17.405690580606461 76.557902723550797 39.721823677420616 10.465275615453718 21.532135710120201 66.053562358021736 32.294007793068886 35.696207523345947
leaf_count=34 582 117 43 128 184 173 51
internal_value=0.0760326 0.0332619 -0.00973475 0.124382 0.100714 0.0852185 0.16342
internal_weight=299.727 159.039 87.0232 140.688 87.5857 72.0158 53.1019
internal_count=1312 915 625 397 312 290 85
is_linear=0
shrinkage=0.03


Tree=2
num_leaves=8
num_cat=0
split_feature=2 0 11 1 0 6 0
split_gain=510.379 351.133 102.225 91.1507 173.692 63.8396 6.09445
threshold=5.4550050735229236 75.500000000000014 11.42505118872298 4.5000000000000009 46.500000000000007 0.99998964238358712 47.500000000000007
decision_type=2 2 2 2 2 2 2
left_child=3 2 -2 6 -5 -3 -1
right_child=1 5 -4 4 -6 -7 -8
leaf_value=0.12688973881075427 0.040836597532466504 0.12559141459915216 -0.029480260075197846 -0.019701278261942949 0.10773426374507483 0.063686494741839614 0.14991292175608095
leaf_weight=14.586862355470656 26.877699315547943 20.000593662261963 60.469969063997269 10.851713985204695 85.212609365582466 59.879230752587318 35.606801450252533
leaf_count=28 151 44 476 79 236 258 43
internal_value=0.069527 0.0337285 -0.0078431 0.110458 0.0933388 0.0791865 0.143222
internal_weight=313.485 167.227 87.3477 146.258 96.0643 79.8798 50.1937
internal_count=1315 929 627 386 315 302 71
is_linear=0
shrinkage=0.03


Tree=3
num_leaves=8
num_cat=0
split_feature=2 0 11 5 7 2 3
split_gain=447.931 325.875 111.136 82.2282 66.6147 71.3606 22.8292
threshold=5.4550050735229236 75.500000000000014 11.42505118872298 13.500000000000002 15.500000000000002 4.5000000000000009 22.500000000000004
decision_type=2 2 2 2 2 2 2
left_child=4 2 -2 -3 5 -1 -6
right_child=1 3 -4 -5 6 -7 -8
leaf_value=0.1062346442259436 0.042380789407832825 0.10553448480211276 -0.029391935623397127 0.045954443562594087 0.10344323193523107 0.029866421154839486 0.13022960616250695
leaf_weight=23.734027907252312 28.466913625597954 41.831862822175026 61.075726822018623 41.560472950339317 73.896083623170853 20.544654414057732 46.75274533033371
leaf_count=52 153 98 491 196 174 103 67
internal_value=0.0669015 0.033168 -0.00657434 0.0758414 0.102273 0.0708009 0.113823
internal_weight=337.862 172.935 89.5426 83.3923 164.928 44.2787 120.649
internal_count=1334 938 644 294 396 155 241
is_linear=0
shrinkage=0.03


Tree=4
num_leaves=8
num_cat=0
split_feature=9 0 3 4 0 23 15
split_gain=368.756 274.316 81.9302 79.2526 177.135 62.1554 4.36048
threshold=2.3471044195366573 66.500000000000014 26.500000000000004 1.1162680223507022e-12 74.500000000000014 77.500000000000014 36.361111111111121
decision_type=2 2 2 2 2 2 2
left_child=3 5 -3 4 -1 -2 -5
right_child=1 2 -4 6 -6 -7 -8
leaf_value=0.028537753556993437 0.063665248370038674 0.039637600462451343 0.093828476836010907 0.12422802980632633 0.11056222594516667 -0.032018695373083481 0.10768909065703555
leaf_weight=41.69230530411005 6.8696691244840613 80.306073188781738 36.531591147184372 40.831364318728447 54.89244182407856 55.255157679319382 22.119011797010899
leaf_count=204 32 365 106 47 86 443 35
internal_value=0.0590616 0.0294978 0.0565814 0.0922255 0.0751551 -0.0214381 0.118417
internal_weight=338.498 178.962 116.838 159.535 96.5847 62.1248 62.9504
internal_count=1318 946 471 372 290 475 82
is_linear=0
shrinkage=0.03


Tree=5
num_leaves=8
num_cat=0
split_feature=2 0 22 13 2 0 14
split_gain=357.73 256.152 119.603 59.7831 56.7256 147.383 9.70092
threshold=5.4550050735229236 75.500000000000014 14.622453096340591 1.0500000000000003 4.5000000000000009 55.500000000000007 0.93354450623268803
decision_type=2 2 2 2 2 2 2
left_child=4 2 -2 -3 6 -6 -1
right_child=1 3 -4 -5 5 -7 -8
leaf_value=0.10923747915030765 -0.027618377498312169 0.038867792078697248 0.06554731695510442 0.087582504046665358 -0.023017442037680805 0.086408939455471803 0.088463765435239552
leaf_weight=65.188503623008728 69.714249223470688 49.050743967294693 15.084878131747244 42.160139515995979 13.227725893259047 68.151445522904396 29.335962042212486
leaf_count=78 561 200 63 109 92 152 57
internal_value=0.0567269 0.0264892 -0.0110452 0.0613851 0.086983 0.0686223 0.10279
internal_weight=351.914 176.01 84.7991 91.2109 175.904 81.3792 94.5245
internal_count=1312 933 624 309 379 244 135
is_linear=0
shrinkage=0.03


Tree=6
num_leaves=8
num_cat=0
split_feature=2 0 11 16 4 0 0
split_gain=285.304 172.428 120.823 66.4477 38.7972 102.879 6.86024
threshold=5.4550050735229236 75.500000000000014 11.42505118872298 18.106203007518801 0.57697845111028812 46.500000000000007 38.500000000000007
decision_type=2 2 2 2 2 2 2
left_child=4 2 -2 -3 5 -1 -6
right_child=1 3 -4 -5 6 -7 -8
leaf_value=-0.019950358617558086 0.046503933992482829 0.023462800080547463 -0.028759117046586631 0.075581069896152958 0.081751504703308955 0.078620550750717083 0.10393077943713239
leaf_weight=10.463169515132902 28.889261022210121 35.893338069319725 57.217343121767044 56.945075407624245 16.704232305288315 106.80017827451229 50.484060570597649
leaf_count=71 139 151 479 157 29 234 49
internal_value=0.0540579 0.0270702 -0.00350793 0.055431 0.0802399 0.0698253 0.0984166
internal_weight=363.397 178.945 86.1066 92.8384 184.452 117.263 67.1883
internal_count=1309 926 618 308 383 305 78
is_linear=0
shrinkage=0.03


Tree=7
num_leaves=8
num_cat=0
split_feature=2 0 3 5 0 1 4
split_gain=241.765 228.427 91.6104 40.339 37.341 82.8103 24.8675
threshold=5.2115059321896018 75.500000000000014 49.500000000000007 13.500000000000002 37.500000000000007 4.5000000000000009 2.6696576854298232e-05
decision_type=2 2 2 2 2 2 2
left_child=4 2 -2 -3 5 -1 -6
right_child=1 3 -4 -5 6 -7 -8
leaf_value=0.079661674687407785 -0.015942191218400278 0.0786148099498922 0.10640468820227646 0.03997189351045375 0.072483216860649402 -0.035783626160221273 0.096528350315469608
leaf_weight=16.844060614705089 80.666043877601624 48.915293157100677 5.9117691814899436 48.337669268250465 117.92522724717855 8.3712885379791242 57.625926420092583
leaf_count=26 627 100 12 192 254 63 54
internal_value=0.0527125 0.0278553 -0.00758801 0.0594081 0.0754728 0.0413348 0.0803762
internal_weight=384.597 183.831 86.5778 97.253 200.767 25.2153 175.551
internal_count=1328 931 639 292 397 89 308
is_linear=0
shrinkage=0.03


Tree=8
num_leaves=8
num_cat=0
split_feature=2 0 22 9 1 0 15
split_gain=257.921 191.66 63.3148 39.333 36.3033 115.713 2.12447
threshold=5.4550050735229236 75.500000000000014 14.622453096340591 2.3471044195366573 4.5000000000000009 50.500000000000007 36.305555555555564
decision_type=2 2 2 2 2 2 2
left_child=4 2 -2 -3 6 -6 -1
right_child=1 3 -4 -5 5 -7 -8
leaf_value=0.091152489300481671 -0.022971930094288572 0.087350080732745583 0.045904914045707498 0.040147376534869744 -0.023371215740467341 0.070339883013370089 0.081067779484465655
leaf_weight=41.750041469931602 72.06692623347044 19.829120174050331 14.414039343595503 79.934721022844315 13.289634123444555 110.15084984898567 34.201513692736626
leaf_count=38 589 27 63 282 92 219 41
internal_value=0.0465803 0.0211947 -0.011492 0.0495294 0.070292 0.0602509 0.0866113
internal_weight=385.637 186.245 86.481 99.7638 199.392 123.44 75.9516
internal_count=1351 961 652 309 390 311 79
is_linear=0
shrinkage=0.03


Tree=9
num_leaves=8
num_cat=0
split_feature=9 11 0 16 0 4 0
split_gain=227.851 161.738 123.73 68.8316 33.887 103.049 10.3671
threshold=2.3471044195366573 11.333487071839354 81.500000000000014 16.206389452332662 58.500000000000007 0.99141910385054011 80.500000000000014
decision_type=2 2 2 2 2 2 2
left_child=4 3 -3 -2 5 -1 -6
right_child=1 2 -4 -5 6 -7 -8
leaf_value=-0.0037892422911726758 -0.010423349729188193 -0.023917006746329704 0.040947251379476517 0.066082739067901186 0.068248930889559661 0.080383964816403572 0.084348672183000767
leaf_weight=20.710376650094986 12.376407310366629 70.849754080176353 42.250712156295776 73.068037077784538 67.399073779582977 35.575741164386272 77.259240612387657
leaf_count=130 68 539 135 213 117 41 85
internal_value=0.0466419 0.0238489 0.000314203 0.055001 0.0691628 0.0494126 0.0768475
internal_weight=399.489 198.545 113.1 85.4444 200.944 56.2861 144.658
internal_count=1328 955 674 281 373 171 202
is_linear=0
shrinkage=0.03


Tree=10
num_leaves=8
num_cat=0
split_feature=5 20 7 4 22 3 0
split_gain=187.817 117.843 90.8782 67.2957 37.5923 30.9938 21.3178
threshold=13.500000000000002 10.15 14.500000000000002 5.1910388223691674e-35 12.750000000000002 24.500000000000004 84.500000000000014
decision_type=2 2 2 2 2 2 2
left_child=2 4 3 -1 -2 -4 -3
right_child=1 6 5 -5 -6 -7 -8
leaf_value=-0.0043609492987343587 0.0082630146951533784 -0.031745718496166621 0.055690039162608222 0.058497766161853496 0.062518736335202788 0.079621570127642677 0.011295783457124398
leaf_weight=35.864658288657665 18.525190845131874 43.640594780445099 151.13574884831905 26.769806139171124 30.279674999415874 71.864366181194782 13.578858792781828
leaf_count=217 96 349 368 56 89 94 58
internal_value=0.0417771 0.00767845 0.0544342 0.0225047 0.0419245 0.0634023 -0.0215315
internal_weight=391.659 106.024 285.635 62.6345 48.8049 223 57.2195
internal_count=1327 592 735 273 185 462 407
is_linear=0
shrinkage=0.03


Tree=11
num_leaves=8
num_cat=0
split_feature=1 0 11 7 4 20 16
split_gain=164.666 171.034 115.352 42.6423 23.4935 49.1061 6.93857
threshold=5.3483935357417165 75.500000000000014 11.42505118872298 31.500000000000004 7.2220274591168371e-33 10.350000000000003 20.080540540540543
decision_type=2 2 2 2 2 2 2
left_child=4 2 -2 -3 5 -1 -6
right_child=1 3 -4 -5 6 -7 -8
leaf_value=0.071058883265277623 0.03572306291619582 0.035007455723768656 -0.027816803032437273 0.070528600629406288 0.07781361580607439 0.009871621936021157 0.062078583285279328
leaf_weight=29.723768278956413 41.587744228541851 91.84302031993866 67.370539322495461 45.477809175848961 65.944202855229378 19.581436723470688 40.843368344008923
leaf_count=48 175 283 557 85 65 73 58
internal_value=0.0397806 0.0245018 -0.00356459 0.0467713 0.063887 0.0467585 0.0717954
internal_weight=402.372 246.279 108.958 137.321 156.093 49.3052 106.788
internal_count=1344 1100 732 368 244 121 123
is_linear=0
shrinkage=0.03


Tree=12
num_leaves=8
num_cat=0
split_feature=2 3 17 18 3 5 20
split_gain=178.238 114.168 67.1475 38.4031 22.3853 36.5692 5.84554
threshold=5.4550050735229236 13.500000000000002 13.869984653784035 84.000000000000014 17.181117728074756 6.5000000000000009 11.65
decision_type=2 2 2 2 2 2 2
left_child=4 3 -3 -2 5 -1 -6
right_child=1 2 -4 -5 6 -7 -8
leaf_value=0.064652233247483273 0.069411849175291224 0.01297016190075409 0.056520113551940032 -0.018793801219943951 0.073237053253216125 0.031549621681484209 0.055288149508954783
leaf_weight=72.080637224018574 4.7991021871566764 58.566882088780403 69.885456703603268 59.766173362731934 83.836429700255394 51.491409309208393 20.280560970306396
leaf_count=99 17 277 188 448 90 173 35
internal_value=0.0415143 0.0203061 0.0366638 -0.0122375 0.0594931 0.0508587 0.0697409
internal_weight=420.707 193.018 128.452 64.5653 227.689 123.572 104.117
internal_count=1327 930 465 465 397 272 125
is_linear=0
shrinkage=0.03


Tree=13
num_leaves=8
num_cat=0
split_feature=6 20 7 2 16 9 15
split_gain=191.782 75.6984 46.1804 55.521 45.1301 42.1809 9.60599
threshold=0.99998040245852537 11.750000000000002 17.500000000000004 4.5000000000000009 17.321290322580648 2.3471044195366573 36.361111111111121
decision_type=2 2 2 2 2 2 2
left_child=2 4 3 -1 -2 -3 -4
right_child=1 5 6 -5 -6 -7 -8
leaf_value=0.059792962004885652 0.002653126919336096 0.048087987182026941 0.070996784835660839 0.0084467572153363295 0.039662625676052138 -0.028081011087831731 0.05692085104384937
leaf_weight=41.370525240898132 44.781541526317596 7.7496384754776946 90.850514464080334 34.977630235254765 87.782969057559967 42.038204625248909 83.959256626665592
leaf_count=59 231 31 103 162 307 329 139
internal_value=0.0387325 0.0153149 0.0557348 0.0362696 0.0271605 -0.0162251 0.0642363
internal_weight=433.51 182.352 251.158 76.3482 132.565 49.7878 174.81
internal_count=1361 898 463 221 538 360 242
is_linear=0
shrinkage=0.03


Tree=14
num_leaves=8
num_cat=0
split_feature=2 0 22 9 7 2 12
split_gain=140.397 143.09 69.0258 47.013 34.5283 36.7171 9.1478
threshold=5.4550050735229236 75.500000000000014 15.216102245126239 3.6033564693001892 17.500000000000004 4.5000000000000009 32.350000000000001
decision_type=2 2 2 2 2 2 2
left_child=4 2 -2 -3 5 -1 -6
right_child=1 3 -4 -5 6 -7 -8
leaf_value=0.054585499297814657 -0.021077548896612786 0.059074673764717207 0.048638693773576894 0.019746259232934191 0.073295995711765219 0.010881752171139677 0.057071908883409531
leaf_weight=41.513746723532677 73.982553027570248 62.761754915118217 15.451037563383577 48.49146656692028 43.391529276967049 29.663483329117298 112.03958402574062
leaf_count=63 611 113 49 180 40 124 164
internal_value=0.0374937 0.0192205 -0.00903299 0.0419328 0.0536767 0.0363717 0.0616012
internal_weight=427.295 200.687 89.4336 111.253 226.608 71.1772 155.431
internal_count=1344 953 660 293 391 187 204
is_linear=0
shrinkage=0.03


Tree=15
num_leaves=8
num_cat=0
split_feature=5 0 17 10 22 2 15
split_gain=112.732 138.91 54.0649 12.4524 17.3674 9.58488 2.41411
threshold=6.5000000000000009 49.500000000000007 12.950000000000001 0.0024083538092637834 11.950000000000001 3.5000000000000004 36.361111111111121
decision_type=2 2 2 2 2 2 2
left_child=3 5 -3 6 -5 -2 -1
right_child=1 2 -4 4 -6 -7 -8
leaf_value=0.068404045411827361 0.029063908593327727 0.013471569770156512 0.042694468684215815 0.016047297112653357 0.055412772590319549 -0.034721875629247528 0.057914394799408464
leaf_weight=49.655999049544334 2.2595423460006705 90.601321317255497 153.5366171002388 13.370381832122801 41.069699965417385 34.386658646166325 32.781764477491379
leaf_count=41 6 395 430 39 65 305 37
internal_value=0.0345566 0.0236744 0.0318496 0.0568796 0.0457447 -0.030789 0.0642328
internal_weight=417.662 280.784 244.138 136.878 54.4401 36.6462 82.4378
internal_count=1318 1136 825 182 104 311 78
is_linear=0
shrinkage=0.03


Tree=16
num_leaves=8
num_cat=0
split_feature=6 0 11 7 2 9 0
split_gain=163.692 98.4155 79.7838 35.3549 61.9771 32.1198 11.7338
threshold=0.99998040245852537 79.500000000000014 11.42505118872298 17.500000000000004 4.5000000000000009 3.6033564693001892 74.500000000000014
decision_type=2 2 2 2 2 2 2
left_child=3 2 -2 4 -1 -3 -5
right_child=1 5 -4 6 -6 -7 -8
leaf_value=0.054396395945414316 0.024785721383965675 0.051128037515218876 -0.031935769733501818 0.045922277176766418 -0.00062143041256206987 0.014942135857360138 0.062396384025117949
leaf_weight=47.154802590608597 37.460311263799667 49.847479537129402 55.214239656925201 57.068775348365307 30.248106189072132 39.627314761281013 122.2980387955904
leaf_count=63 159 97 488 106 153 144 130
internal_value=0.0344114 0.0126593 -0.00900817 0.0498421 0.0328961 0.0351017 0.0571549
internal_weight=438.919 182.149 92.6746 256.77 77.4029 89.4748 179.367
internal_count=1340 888 647 452 216 241 236
is_linear=0
shrinkage=0.03


Tree=17
num_leaves=8
num_cat=0
split_feature=9 0 20 20 0 4 13
split_gain=116.947 116.686 54.2811 36.7841 22.3056 68.8453 8.29871
threshold=2.3471044195366573 75.500000000000014 10.050000000000002 12.550000000000002 47.500000000000007 0.99141910385054011 0.93619838954138046
decision_type=2 2 2 2 2 2 2
left_child=4 2 -2 -3 5 -1 -6
right_child=1 3 -4 -5 6 -7 -8
leaf_value=-0.025204546343241697 0.01881716987244568 0.040605324440889871 -0.028475161841470569 -0.022672287335852706 0.047519802993914437 0.055070131145484709 0.06059042070699857
leaf_weight=13.842093624174593 38.371229715645313 122.88972462713718 50.709044061601162 8.8644442558288556 85.908382937312126 31.487867131829262 89.01928374171257
leaf_count=95 180 294 443 41 145 35 92
internal_value=0.033844 0.0184169 -0.00810404 0.036348 0.0493114 0.0305572 0.0541713
internal_weight=441.092 220.834 89.0803 131.754 220.258 45.33 174.928
internal_count=1325 958 623 335 367 130 237
is_linear=0
shrinkage=0.03


Tree=18
num_leaves=8
num_cat=0
split_feature=2 16 0 22 6 0 15
split_gain=119.32 94.2081 76.3916 30.67 23.0314 37.9923 5.94417
threshold=5.4550050735229236 17.754310344827591 55.500000000000007 13.423376760875996 1.186207745328435e-19 50.500000000000007 36.527777777777779
decision_type=2 2 2 2 2 2 2
left_child=4 3 -3 -2 6 -6 -1
right_child=1 2 -4 -5 5 -7 -8
leaf_value=0.05866835819933558 -0.026753424704628881 -0.025741244658383594 0.039703641484435476 0.014715231698723978 -0.019398171043962898 0.041449568507125431 0.044340124639582187
leaf_weight=91.427242994308472 48.020464062690735 18.84011521935463 108.48042365908623 24.111012123525143 10.136443659663199 103.87629759311676 36.446290589869022
leaf_count=86 354 167 309 100 69 190 53
internal_value=0.0316789 0.0145007 0.0300195 -0.0128919 0.0458435 0.0360398 0.0545846
internal_weight=441.338 199.452 127.321 72.1315 241.886 114.013 127.874
internal_count=1328 930 476 454 398 259 139
is_linear=0
shrinkage=0.03


Tree=19
num_leaves=8
num_cat=0
split_feature=6 22 3 16 7 4 3
split_gain=121.231 68.1959 49.9171 40.0361 34.8545 52.9759 13.0077
threshold=0.99998040245852537 13.15 20.500000000000004 20.037749287749293 16.500000000000004 1.1162680223507022e-12 22.500000000000004
decision_type=2 2 2 2 2 2 2
left_child=4 2 -2 -3 5 -1 -6
right_child=1 3 -4 -5 6 -7 -8
leaf_value=-0.0014779817992320102 -0.020123717617320919 0.014841789849103827 0.025151591125101645 0.057558526004821309 0.042571260432806048 0.051681908634882555 0.058564713610135412
leaf_weight=34.017697766423225 67.639603398740292 51.324251256883144 32.421560950577259 32.095479518175125 97.258783660829067 33.472494810819626 86.447384111583233
leaf_count=164 486 211 108 72 168 39 88
internal_value=0.0297836 0.0112459 -0.00545373 0.0312769 0.043324 0.0248872 0.0500974
internal_weight=434.677 183.481 100.061 83.4197 251.196 67.4902 183.706
internal_count=1336 877 594 283 459 203 256
is_linear=0
shrinkage=0.03


Tree=20
num_leaves=8
num_cat=0
split_feature=2 0 12 16 18 0 22
split_gain=109.732 115.132 48.6214 33.3472 18.1669 25.1388 10.8469
threshold=5.4550050735229236 78.500000000000014 28.200000000000006 17.321290322580648 235.50000000000003 58.500000000000007 12.101336607964694
decision_type=2 2 2 2 2 2 2
left_child=4 2 -2 -3 6 -6 -1
right_child=1 3 -4 -5 5 -7 -8
leaf_value=0.037864681295006024 0.039443645507520109 0.0048208310327374259 -0.020246024420451224 0.044278079689393623 0.0069637574587349772 0.04349606111009624 0.054413388392586505
leaf_weight=50.715551368892193 14.627335518598555 25.121330231428146 76.602422170341015 82.867699280381203 24.644693560898304 54.313248828053474 119.97428248077631
leaf_count=94 44 92 621 170 88 80 146
internal_value=0.0307418 0.0141372 -0.0106757 0.0350992 0.0439923 0.0320934 0.0494964
internal_weight=448.867 199.219 91.2298 107.989 249.648 78.9579 170.69
internal_count=1335 927 665 262 408 168 240
is_linear=0
shrinkage=0.03


Tree=21
num_leaves=8
num_cat=0
split_feature=9 11 0 0 6 18 19
split_gain=114.452 71.6074 73.7688 26.3491 52.3982 24.7304 12.4787
threshold=2.3471044195366573 11.15 81.500000000000014 47.500000000000007 1.0000000180025095e-35 135.50000000000003 13.050000000000002
decision_type=2 2 2 2 2 2 2
left_child=3 5 -3 4 -1 -2 -5
right_child=1 2 -4 6 -6 -7 -8
leaf_value=0.043363428431280063 0.055958319456995913 -0.02214413089128215 0.024370767265974633 0.042640217769076318 -0.035517741471069765 0.021940097729142155 0.059542535574664941
leaf_weight=25.509151861071587 29.032405003905296 71.322397798299789 53.856098681688309 126.18508179485798 10.78260814398527 56.982558876276016 57.100510999560356
leaf_count=35 60 573 146 192 87 188 52
internal_value=0.0281161 0.0123486 -0.00213182 0.0432816 0.0199271 0.0334222 0.0479059
internal_weight=430.771 211.193 125.178 219.577 36.2918 86.015 183.286
internal_count=1333 967 719 366 122 248 244
is_linear=0
shrinkage=0.03


Tree=22
num_leaves=8
num_cat=0
split_feature=9 0 12 5 6 0 10
split_gain=95.6635 125.748 54.019 29.9929 20.373 26.885 12.0416
threshold=1.5000000000000002 67.500000000000014 25.250000000000004 14.500000000000002 0.00012858615831802704 77.500000000000014 0.0024083538092637834
decision_type=2 2 2 2 2 2 2
left_child=4 2 -2 -3 6 -6 -1
right_child=1 3 -4 -5 5 -7 -8
leaf_value=0.053916140132002556 0.066577163450812563 0.03683097056912648 -0.026032828556970498 0.0088525080632148659 -0.013931686248351933 0.044225101627122357 0.038114315308582343
leaf_weight=99.875424310564995 6.2069658339023581 126.96272768825293 65.351063400506973 47.341876395046711 12.223219782114031 17.250499606132507 76.758603632450104
leaf_count=89 11 283 536 192 67 23 133
internal_value=0.0281221 0.0154852 -0.0179998 0.0292319 0.0431964 0.0201066 0.0470493
internal_weight=451.97 245.863 71.558 174.305 206.108 29.4737 176.634
internal_count=1334 1022 547 475 312 90 222
is_linear=0
shrinkage=0.03


Tree=23
num_leaves=8
num_cat=0
split_feature=4 3 12 22 15 19 16
split_gain=78.6178 81.8284 35.6922 34.469 4.89079 4.59283 1.41697
threshold=8.004254916332089e-24 13.500000000000002 32.050000000000004 13.423376760875996 36.361111111111121 13.450000000000001 20.080540540540543
decision_type=2 2 2 2 2 2 2
left_child=1 3 -3 -1 6 -6 -2
right_child=4 2 -4 -5 5 -7 -8
leaf_value=-0.016021830281779243 0.056711826787982214 0.045746795954428793 0.020243390414008997 0.023495635206281486 0.031763672134664703 0.051719961815315282 0.047913796669520593
leaf_weight=67.645152881741524 40.181288972496986 74.145215526223183 147.90955603122711 28.124463878571987 24.712308876216412 17.895168229937553 27.925350092351437
leaf_count=473 31 139 473 108 44 16 29
internal_value=0.0263462 0.0187622 0.0287591 -0.00441682 0.0481172 0.0401453 0.0531044
internal_weight=428.539 317.824 222.055 95.7696 110.714 42.6075 68.1066
internal_count=1313 1193 612 581 120 60 60
is_linear=0
shrinkage=0.03


Tree=24
num_leaves=8
num_cat=0
split_feature=2 3 0 0 1 11 18
split_gain=92.1125 101.609 68.0444 17.5912 33.9763 14.9275 8.46389
threshold=5.4550050735229236 24.500000000000004 78.500000000000014 66.500000000000014 4.5000000000000009 11.65 157.50000000000003
decision_type=2 2 2 2 2 2 2
left_child=3 2 -2 4 -1 -3 -5
right_child=1 5 -4 6 -6 -7 -8
leaf_value=0.045450239834002454 -0.022063249954433733 0.052361777249310099 0.020035923325260153 0.057726353374634047 0.010495150739823962 0.019885968928125702 0.04139991110434782
leaf_weight=54.469856068491936 74.413437746465206 45.744942300021648 64.505822226405144 38.516765013337135 46.298298493027687 17.654328130185604 110.74906964600086
leaf_count=55 623 78 181 36 170 52 147
internal_value=0.0268972 0.0118476 -0.0025149 0.0390747 0.02939 0.0433185 0.0456128
internal_weight=452.353 202.319 138.919 250.034 100.768 63.3993 149.266
internal_count=1342 934 804 408 225 130 183
is_linear=0
shrinkage=0.03


Tree=25
num_leaves=7
num_cat=0
split_feature=4 0 20 23 16 2
split_gain=61.7892 96.642 41.6721 7.95541 5.31899 0.0233139
threshold=1.0315013628699678e-31 46.500000000000007 9.9500000000000011 225.50000000000003 20.876893939393941 5.4550050735229236
decision_type=2 2 2 2 2 2
left_child=1 5 -3 4 -2 -1
right_child=3 2 -4 -5 -6 -7
leaf_value=-0.035555335586308454 0.050756795821042783 0.036533046766507392 0.013115565871575467 0.025215868829959937 0.037069105233941912 -0.03361520701962939
leaf_weight=7.5910955220460918 73.63834311068058 126.09579189121723 149.45387081801891 19.414234295487404 39.127937026321888 20.982531107962132
leaf_count=59 73 290 568 37 53 229
internal_value=0.0258289 0.018386 0.0238318 0.0429536 0.0460074 -0.0341306
internal_weight=436.304 304.123 275.55 132.181 112.766 28.5736
internal_count=1309 1146 858 163 126 288
is_linear=0
shrinkage=0.03


Tree=26
num_leaves=8
num_cat=0
split_feature=9 7 22 20 15 3 10
split_gain=83.0101 73.1795 54.1034 26.7452 19.6853 34.8085 8.94794
threshold=2.3471044195366573 21.500000000000004 13.707456402045517 11.750000000000002 36.361111111111121 12.500000000000002 0.051759401734620812
decision_type=2 2 2 2 2 2 2
left_child=4 2 -2 -3 6 -6 -1
right_child=1 3 -4 -5 5 -7 -8
leaf_value=0.051882000915304594 -0.020971968275092182 0.03250979909490409 0.027344707893545223 -0.014398821001911163 -0.001951510376893516 0.037695563847064371 0.031039018443159018
leaf_weight=74.813856594264507 75.192482084035873 99.790909834206104 28.865035086870193 12.285947695374487 26.108392551541328 84.218062177300453 24.643372423946857
leaf_count=74 534 240 101 67 111 129 47
internal_value=0.0235955 0.0105474 -0.00756916 0.0273676 0.0370386 0.0283132 0.0467176
internal_weight=425.918 216.134 104.058 112.077 209.784 110.326 99.4572
internal_count=1303 942 635 307 361 240 121
is_linear=0
shrinkage=0.03


Tree=27
num_leaves=8
num_cat=0
split_feature=5 11 7 4 12 16 0
split_gain=81.7945 48.4675 43.3041 44.7535 26.2697 19.4656 17.0017
threshold=13.500000000000002 12.250000000000002 17.500000000000004 3.3953528489430142e-16 25.550000000000004 20.080540540540543 74.500000000000014
decision_type=2 2 2 2 2 2 2
left_child=2 4 3 -1 -2 -3 -4
right_child=1 5 6 -5 -6 -7 -8
leaf_value=0.00040394262690709071 0.058224714378343173 -0.036176522266925901 0.026776959790001525 0.041561561155568812 0.0085112164117668795 0.012427768790633674 0.044440896655326509
leaf_weight=66.153440728783607 11.398590490221975 31.007543347775936 72.717377923429012 37.119651943445206 59.515827871859074 9.7469428256154043 150.62074057757854
leaf_count=334 18 282 172 46 231 51 179
internal_value=0.0236834 0.00151895 0.0312615 0.0151973 0.016502 -0.0245522 0.0386896
internal_weight=438.28 111.669 326.611 103.273 70.9144 40.7545 223.338
internal_count=1313 582 731 380 249 333 351
is_linear=0
shrinkage=0.03


Tree=28
num_leaves=8
num_cat=0
split_feature=6 0 11 10 0 16 7
split_gain=72.7616 58.5549 60.8031 28.6288 41.3139 20.1024 7.59706
threshold=0.99998964238358712 79.500000000000014 11.42505118872298 0.0024083538092637834 74.500000000000014 17.321290322580648 15.500000000000002
decision_type=2 2 2 2 2 2 2
left_child=3 2 -2 6 -5 -3 -1
right_child=1 5 -4 4 -6 -7 -8
leaf_value=0.028737464721104788 0.019006372107190164 0.0025783031991498343 -0.031311714305226356 0.0014213316944077397 0.037721102620419757 0.032307677239566894 0.045738371849148717
leaf_weight=29.508491292595863 39.207018785178661 27.791958451271057 48.164250515401363 48.647926546633244 67.194591909646988 77.699395433068275 119.27825594693422
leaf_count=63 152 91 474 185 91 164 130
internal_value=0.0234461 0.00943169 -0.00873196 0.0336599 0.0224771 0.0244754 0.0423666
internal_weight=457.492 192.863 87.3713 264.629 115.843 105.491 148.787
internal_count=1350 881 626 469 276 255 193
is_linear=0
shrinkage=0.03


Tree=29
num_leaves=7
num_cat=0
split_feature=5 3 23 0 4 17
split_gain=82.7965 53.4565 43.6702 41.738 74.2185 15.522
threshold=13.500000000000002 57.500000000000007 64.500000000000014 55.500000000000007 0.99141910385054011 11.050000000000002
decision_type=2 2 2 2 2 2
left_child=3 2 -2 4 -1 -5
right_child=1 -3 -4 5 -6 -7
leaf_value=-0.019237742157446364 0.053606103594897737 0.066593285447829859 -0.011463785596279003 0.0020490127910740316 0.041839438908618874 0.037887172592583208
leaf_weight=36.614389345049858 10.306229911744593 10.319687545299528 93.4567476734519 11.353397645056246 35.043690696358681 259.07669880241156
leaf_count=273 20 11 556 33 37 405
internal_value=0.0236076 0.00147551 -0.00500074 0.0309884 0.0106315 0.0363826
internal_weight=456.171 114.083 103.763 342.088 71.6581 270.43
internal_count=1335 587 576 748 310 438
is_linear=0
shrinkage=0.03


Tree=30
num_leaves=8
num_cat=0
split_feature=6 0 12 19 0 2 14
split_gain=74.6087 51.2158 52.2763 22.4389 19.5373 38.6256 9.19147
threshold=0.99998040245852537 79.500000000000014 24.550000000000004 3.8500000000000001 66.500000000000014 4.5000000000000009 0.017568470917695048
decision_type=2 2 2 2 2 2 2
left_child=4 2 -2 -3 5 -1 -6
right_child=1 3 -4 -5 6 -7 -8
leaf_value=0.036141753783525681 0.06546424505520515 0.063326179493898987 -0.017526614884717562 0.016595765677949868 0.049946947808978341 -0.0038751518925512238 0.033784967352235115
leaf_weight=56.825407132506371 7.4858667105436316 10.360455438494681 78.090830877423286 86.12068085372448 43.686976194381714 35.128322340548038 115.12488962709904
leaf_count=73 9 11 609 226 42 178 162
internal_value=0.0212463 0.0066282 -0.0102669 0.0216138 0.0318591 0.0208544 0.0382309
internal_weight=432.823 182.058 85.5767 96.4811 250.766 91.9537 158.812
internal_count=1310 855 618 237 455 251 204
is_linear=0
shrinkage=0.03


Tree=31
num_leaves=7
num_cat=0
split_feature=5 23 10 3 4 15
split_gain=67.1116 53.6404 39.4097 34.3005 47.7212 4.09631
threshold=13.500000000000002 64.500000000000014 -3.060245954635856e-16 21.500000000000004 0.14399220528502138 36.361111111111121
decision_type=2 2 2 2 2 2
left_child=3 -2 -3 4 -1 -5
right_child=1 2 -4 5 -6 -7
leaf_value=0.012500621305925103 0.059679797527131775 0.03763020716206527 -0.013368420916807141 0.048411769097469026 0.043275295070760035 0.0367249221902953
leaf_weight=154.94592537730932 12.818705894052981 16.168186381459236 87.120482578873634 50.205735772848129 64.113325729966164 58.378867119550705
leaf_count=555 20 41 533 50 62 79
internal_value=0.0213965 0.00179805 -0.0053854 0.0283416 0.0215076 0.0421285
internal_weight=443.751 116.107 103.289 327.644 219.059 108.585
internal_count=1340 594 574 746 617 129
is_linear=0
shrinkage=0.03


Tree=32
num_leaves=8
num_cat=0
split_feature=4 0 13 18 19 0 2
split_gain=60.114 72.8586 35.1622 8.81581 16.7967 4.05094 0.0323831
threshold=1.0315013628699678e-31 46.500000000000007 0.93619838954138046 260.50000000000006 13.550000000000002 37.500000000000007 5.4550050735229236
decision_type=2 2 2 2 2 2 2
left_child=1 6 -3 5 -5 -2 -1
right_child=3 2 -4 4 -6 -7 -8
leaf_value=-0.035634392328141487 0.026331033293244883 0.0068389795827077842 0.0281541389725572 -0.001979741199030893 0.044442110841373048 0.043692319401333723 -0.033368215564141809
leaf_weight=7.9423745051026371 14.147073507308958 147.70008573681116 131.81584755331278 13.521027542650701 14.578341692686079 83.422019869089127 19.88004107773304
leaf_count=62 24 587 299 39 15 81 233
internal_value=0.0194302 0.0122825 0.0168909 0.0369109 0.0221046 0.041175 -0.0340151
internal_weight=433.007 307.338 279.516 125.668 28.0994 97.5691 27.8224
internal_count=1340 1181 886 159 54 105 295
is_linear=0
shrinkage=0.03


Tree=33
num_leaves=8
num_cat=0
split_feature=2 3 5 19 0 1 18
split_gain=62.7289 63.4352 29.4888 28.3376 16.9462 35.7539 6.39134
threshold=5.4550050735229236 13.500000000000002 13.500000000000002 2.2000000000000006 74.500000000000014 4.5000000000000009 252.50000000000003
decision_type=2 2 2 2 2 2 2
left_child=4 3 -3 -2 5 -1 -6
right_child=1 2 -4 -5 6 -7 -8
leaf_value=0.041090347413778844 0.048733336432599444 0.032974735640908533 0.0067712319465967142 -0.023710995313224254 0.043516779730522918 0.0088173874866885205 0.025358472692972311
leaf_weight=59.990923598408699 5.3589571416378012 77.738141536712646 76.877734914422035 52.147153414785862 98.550802513957024 63.70033410936594 21.197985872626305
leaf_count=58 10 166 312 450 103 200 32
internal_value=0.0218665 0.00994075 0.0199459 -0.01696 0.032258 0.0244699 0.0403024
internal_weight=455.562 212.122 154.616 57.5061 243.44 123.691 119.749
internal_count=1331 938 478 460 393 258 135
is_linear=0
shrinkage=0.03


Tree=34
num_leaves=8
num_cat=0
split_feature=5 20 3 6 0 23 0
split_gain=52.233 44.7329 30.4963 38.332 21.5712 21.4914 5.3385
threshold=13.500000000000002 10.15 20.500000000000004 1.186207745328435e-19 84.500000000000014 64.500000000000014 74.500000000000014
decision_type=2 2 2 2 2 2 2
left_child=2 5 3 -1 -3 -2 -4
right_child=1 4 6 -5 -6 -7 -8
leaf_value=0.035640836097996002 0.055695907475760066 -0.027924070316296467 0.024852678195549694 0.0097186604150062677 0.011257266601308463 0.012090206850933873 0.042528774828787384
leaf_weight=85.422476291656494 12.964776724576948 39.589869059622288 18.512461274862289 128.67953196913004 18.581623777747154 47.227929040789604 90.810748934745789
leaf_count=111 18 354 37 495 61 165 95
internal_value=0.0204034 0.00335193 0.0266438 0.0200611 -0.0154084 0.0214823 0.0395356
internal_weight=441.789 118.364 323.425 214.102 58.1715 60.1927 109.323
internal_count=1336 598 738 606 415 183 132
is_linear=0
shrinkage=0.03


Tree=35
num_leaves=8
num_cat=0
split_feature=9 3 22 14 14 7 22
split_gain=49.9084 57.8954 28.2032 26.7231 19.5511 25.7556 6.55391
threshold=2.3471044195366573 13.500000000000002 12.59946560930455 1.0150486447978186e-07 4.6382554453868421e-09 19.500000000000004 12.750000000000002
decision_type=2 2 2 2 2 2 2
left_child=4 3 -3 -2 6 -6 -1
right_child=1 2 -4 -5 5 -7 -8
leaf_value=0.028820279749693103 -0.032390773841634066 0.0023614317873489315 0.02795244773830937 0.011307319828538102 0.0038106654814176319 0.032057929240473182 0.046284530775531706
leaf_weight=29.932949587702751 37.476001299917698 65.061085715889931 95.870597571134567 18.971092231571674 46.696771673858166 76.878949671983719 54.645187966525555
leaf_count=53 344 261 233 94 158 103 54
internal_value=0.018491 0.0084373 0.0176066 -0.0177044 0.0289902 0.0213839 0.0401038
internal_weight=425.533 217.379 160.932 56.4471 208.154 123.576 84.5781
internal_count=1300 932 494 438 368 261 107
is_linear=0
shrinkage=0.03


Tree=36
num_leaves=8
num_cat=0
split_feature=2 0 16 18 0 16 11
split_gain=45.7209 50.4508 39.6031 14.4758 17.5108 11.6 0.0238477
threshold=5.4550050735229236 49.500000000000007 18.506410256410259 234.50000000000003 58.500000000000007 19.937254901960788 10.850000000000003
decision_type=2 2 2 2 2 2 2
left_child=3 6 -3 5 -5 -1 -2
right_child=1 2 -4 4 -6 -7 -8
leaf_value=0.040484902574686552 -0.036157312340538088 0.0018204057624455826 0.028912500595538852 -0.0023992734939237851 0.028405390520764694 0.022972797059577124 -0.033009607672505083
leaf_weight=110.29040275514126 2.4527968466281918 95.628890000283718 98.662146180868149 23.370121203362942 57.396958664059639 49.241802431643009 18.539933823049068
leaf_count=132 19 417 260 83 89 93 237
internal_value=0.0208449 0.0108042 0.0155779 0.0298404 0.019492 0.0350796 -0.0333774
internal_weight=455.583 215.284 194.291 240.299 80.7671 159.532 20.9927
internal_count=1330 933 677 397 172 225 256
is_linear=0
shrinkage=0.03


Tree=37
num_leaves=8
num_cat=0
split_feature=9 11 17 14 3 18 22
split_gain=44.8146 39.9785 26.908 19.3094 22.4621 17.8019 3.11446
threshold=2.3471044195366573 11.15 13.756819600821482 4.6382554453868421e-09 16.500000000000004 259.50000000000006 13.707456402045517
decision_type=2 2 2 2 2 2 2
left_child=3 5 -3 6 -5 -2 -1
right_child=1 2 -4 4 -6 -7 -8
leaf_value=0.034546353171596093 0.027727432457170926 -0.016685845312201381 0.011252226753271134 0.0051782010620306058 0.030894034016783284 -0.0061179986145671319 0.047692871100214598
leaf_weight=50.458777472376823 78.257224850356579 68.887321684509516 56.451948668807745 55.165536865592003 68.564327545464039 17.030190534889698 23.900157079100609
leaf_count=75 180 496 212 176 89 67 21
internal_value=0.0163318 0.00703201 -0.00410273 0.0266897 0.0194285 0.0216784 0.0387719
internal_weight=418.715 220.627 125.339 198.089 123.73 95.2874 74.3589
internal_count=1316 955 708 361 265 247 96
is_linear=0
shrinkage=0.03


Tree=38
num_leaves=8
num_cat=0
split_feature=9 7 18 14 0 20 0
split_gain=47.875 43.0518 41.2841 22.0012 18.8676 18.3623 6.49273
threshold=2.3471044195366573 22.376749522599592 133.50000000000003 4.6382554453868421e-09 58.500000000000007 11.950000000000001 47.500000000000007
decision_type=2 2 2 2 2 2 2
left_child=3 2 -2 6 -5 -3 -1
right_child=1 5 -4 4 -6 -7 -8
leaf_value=0.024752505658521325 0.028229705285238712 0.024649753326993502 -0.015237805767408815 -0.0037559694355618531 0.02506288526458729 -0.016340699381575997 0.043165137865840503
leaf_weight=23.445148088037968 25.12570571154356 97.587570577859879 90.483647421002388 26.608122475445271 88.28294899314642 10.938096471130846 65.082254886627197
leaf_count=42 82 223 615 118 139 54 72
internal_value=0.0165116 0.00694801 -0.00579089 0.0270491 0.0183886 0.0205184 0.0382888
internal_weight=427.553 224.135 115.609 203.418 114.891 108.526 88.5274
internal_count=1345 974 697 371 257 277 114
is_linear=0
shrinkage=0.03


Tree=39
num_leaves=8
num_cat=0
split_feature=2 7 23 1 7 6 18
split_gain=43.528 44.3549 31.0374 12.0152 16.0586 6.43134 1.40189
threshold=5.4550050735229236 42.500000000000007 58.000000000000007 4.5000000000000009 22.376749522599592 0.9999999999999899 240.50000000000003
decision_type=2 2 2 2 2 2 2
left_child=3 2 -2 6 -5 -3 -1
right_child=1 5 -4 4 -6 -7 -8
leaf_value=0.039344578659759315 0.044121820937943146 0.027843917921434574 -0.0019473383702934843 0.013740601247329893 0.033377786304675083 0.053680612477061532 0.03079087354532023
leaf_weight=52.084386333823204 14.337760731577871 21.046789705753326 160.43664770945907 88.620734803378582 64.946024239063263 14.746314167976378 25.779544085264206
leaf_count=50 30 38 861 236 83 22 31
internal_value=0.0179328 0.00806297 0.00183198 0.0269129 0.0220455 0.0384883 0.0365126
internal_weight=441.998 210.568 174.774 231.431 153.567 35.7931 77.8639
internal_count=1351 951 891 400 319 60 81
is_linear=0
shrinkage=0.03


Tree=40
num_leaves=7
num_cat=0
split_feature=0 1 11 14 23 21
split_gain=41.7966 65.5103 31.2795 16.2229 15.4563 21.7178
threshold=75.500000000000014 5.3483935357417165 11.42505118872298 0.99999995453292267 60.500000000000007 0.21085756520634263
decision_type=2 2 2 2 2 2
left_child=1 3 -3 -1 -2 -6
right_child=4 2 -4 -5 5 -7
leaf_value=0.032360435908539334 0.063057002864198797 0.0098528748878131834 -0.022291035645010879 0.0021053420004441383 0.012631090404076735 0.031963660407588503
leaf_weight=75.733858540654182 9.9098902493715268 49.288427203893661 60.924554690718651 20.206079594790936 83.286698445677757 140.55369502305984
leaf_count=112 8 183 552 61 212 203
internal_value=0.0177093 0.00786253 -0.00791593 0.0259884 0.0263936 0.0247704
internal_weight=439.903 206.153 110.213 95.9399 233.75 223.84
internal_count=1331 908 735 173 423 415
is_linear=0
shrinkage=0.03


Tree=41
num_leaves=8
num_cat=0
split_feature=5 11 16 0 4 19 24
split_gain=54.2333 30.0239 33.7947 27.0058 49.2197 16.0757 8.37322
threshold=13.500000000000002 9.5500000000000025 19.459935897435901 46.500000000000007 0.99141910385054011 13.15 1.2500000000000002
decision_type=2 2 2 2 2 2 2
left_child=3 6 -3 4 -1 -5 -2
right_child=1 2 -4 5 -6 -7 -8
leaf_value=-0.02981389829415167 0.004719534198490279 -0.023928437992789892 0.015390564675958195 0.022454833199674736 0.031593673460225812 0.039445716031746708 0.040495866683349313
leaf_weight=22.627167031168938 9.3186300843954104 55.013103529810905 30.626183111220598 199.78290969878435 24.431136921048164 66.898387871682644 15.991135120391844
leaf_count=198 28 417 121 410 30 92 24
internal_value=0.0166445 -0.00138324 -0.00986724 0.0230198 0.00206691 0.0267171 0.0273236
internal_weight=424.689 110.949 85.6393 313.74 47.0583 266.681 25.3098
internal_count=1320 590 538 730 228 502 52
is_linear=0
shrinkage=0.03


Tree=42
num_leaves=8
num_cat=0
split_feature=9 0 16 10 15 0 18
split_gain=48.9856 55.7835 28.5693 19.6443 12.4807 28.1118 3.56338
threshold=1.5000000000000002 66.500000000000014 20.30992063492064 -2.3411858341653391e-16 36.361111111111121 48.500000000000007 235.50000000000003
decision_type=2 2 2 2 2 2 2
left_child=4 2 -2 -3 6 -6 -1
right_child=1 3 -4 -5 5 -7 -8
leaf_value=0.040466948580288938 -0.02973939811319359 0.032505048823670529 0.015328447293643977 0.010008970322596037 -0.024163001517178033 0.026451190128982106 0.027864816308970069
leaf_weight=56.572136886417866 45.236264400184155 46.205638870596886 17.57860803604126 143.22852317243814 11.304808996617792 78.148178964853287 31.40334053337574
leaf_count=60 436 77 97 431 66 120 52
internal_value=0.0158676 0.00737224 -0.0171273 0.0154961 0.0279454 0.0200547 0.0359685
internal_weight=429.677 252.249 62.8149 189.434 177.428 89.453 87.9755
internal_count=1339 1041 533 508 298 186 112
is_linear=0
shrinkage=0.03


Tree=43
num_leaves=8
num_cat=0
split_feature=1 22 18 20 15 7 10
split_gain=51.3974 43.6629 50.1067 23.7588 12.8894 18.173 3.71888
threshold=5.3483935357417165 12.750000000000002 135.50000000000003 12.250000000000002 36.361111111111121 15.500000000000002 0.040990188548910712
decision_type=2 2 2 2 2 2 2
left_child=4 2 -2 -3 6 -6 -1
right_child=1 3 -4 -5 5 -7 -8
leaf_value=0.039456420017539719 0.03432015960937216 0.021069953375100547 -0.016584294805013656 -0.020424892168139325 -0.0064963320827390548 0.026882785597276436 0.024378474587308362
leaf_weight=61.799751907587051 21.174942370504141 129.32162505760789 97.700036656111479 13.738058686256407 19.258417062461376 61.745556943118572 19.326055340468884
leaf_count=64 53 327 609 100 63 94 33
internal_value=0.0141369 0.00591996 -0.00751679 0.0170852 0.0274121 0.018947 0.0358645
internal_weight=424.064 261.935 118.875 143.06 162.13 81.004 81.1258
internal_count=1343 1089 662 427 254 157 97
is_linear=0
shrinkage=0.03


Tree=44
num_leaves=8
num_cat=0
split_feature=1 0 22 19 10 12 10
split_gain=43.6805 47.8976 30.0243 23.5415 14.528 17.0417 5.81193
threshold=5.3483935357417165 55.500000000000007 12.506471160744963 13.950000000000001 1.841757257543807e-16 37.750000000000007 3.5225956171022237e-17
decision_type=2 2 2 2 2 2 2
left_child=4 3 -3 -2 6 -6 -1
right_child=1 2 -4 -5 5 -7 -8
leaf_value=0.031206153448422109 -0.035011505451750781 -0.001104671417477458 0.021382866549850079 0.022160287148911686 0.024922637927684843 -0.012298515270596971 0.050389588398787211
leaf_weight=80.859690845012665 31.01174632832408 86.123752683401108 140.78817480430007 8.1949546262621862 45.36139152944088 14.644856631755827 17.245215632021427
leaf_count=109 342 350 330 62 71 47 17
internal_value=0.0149774 0.00755735 0.0128478 -0.0230615 0.0274662 0.0158386 0.0345783
internal_weight=424.23 266.119 226.912 39.2067 158.111 60.0062 98.1049
internal_count=1328 1084 680 404 244 118 126
is_linear=0
shrinkage=0.03


Tree=45
num_leaves=8
num_cat=0
split_feature=5 20 1 7 19 14 16
split_gain=49.425 46.4715 20.6431 22.9595 18.8237 16.6128 1.4362
threshold=13.500000000000002 10.250000000000002 4.5000000000000009 22.376749522599592 2.6500000000000008 2.7680714674619334e-23 19.773504273504276
decision_type=2 2 2 2 2 2 2
left_child=2 4 6 -4 -2 -3 -1
right_child=1 5 3 -5 -6 -7 -8
leaf_value=0.038091616324038464 0.0498675639367233 -0.0052176720286418836 0.0074761554137608849 0.026345996544327337 0.0071377997908027291 -0.039040237016652046 0.029642693216568018
leaf_weight=40.455374270677567 11.187048509716986 24.274211697280407 127.57716562598944 106.4572914019227 54.393299181014299 28.316097971051931 32.778758153319359
leaf_count=40 13 171 468 176 182 240 40
internal_value=0.0140682 -0.00242025 0.0204094 0.0160596 0.0144269 -0.0234287 0.03431
internal_weight=425.439 118.171 307.269 234.034 65.5803 52.5903 73.2341
internal_count=1330 606 724 644 195 411 80
is_linear=0
shrinkage=0.03


Tree=46
num_leaves=8
num_cat=0
split_feature=2 0 16 0 4 20 22
split_gain=45.8644 33.0324 25.1995 17.4686 18.7644 12.2071 0.0293304
threshold=5.4550050735229236 49.500000000000007 17.321290322580648 34.500000000000007 0.99999144859377509 8.2500000000000018 14.550000000000002
decision_type=2 2 2 2 2 2 2
left_child=3 6 -3 4 -1 -5 -2
right_child=1 2 -4 5 -6 -7 -8
leaf_value=-0.037924803081701944 -0.032886611838964873 -0.0096393588842340946 0.015162864511221615 0.040796944690733215 0.019591086760422812 0.022459482863016342 -0.037077952941802828
leaf_weight=8.1894722431898117 18.163827847689394 52.884297005832195 121.7373144030571 41.175316989421844 13.554488226771355 158.2078250721097 1.6381585523486126
leaf_count=60 254 281 384 44 21 269 12
internal_value=0.0141164 0.00348738 0.00765149 0.0234619 -0.00207124 0.0262464 -0.0332333
internal_weight=415.551 194.424 174.622 221.127 21.744 199.383 19.802
internal_count=1325 931 665 394 81 313 266
is_linear=0
shrinkage=0.03


Tree=47
num_leaves=8
num_cat=0
split_feature=0 1 13 5 20 10 15
split_gain=37.7668 62.4225 38.73 21.959 25.7549 14.8785 10.8231
threshold=75.500000000000014 5.3483935357417165 0.35000000000000003 14.500000000000002 10.250000000000002 1.841757257543807e-16 36.861111111111121
decision_type=2 2 2 2 2 2 2
left_child=1 5 -3 6 -5 -1 -2
right_child=3 2 -4 4 -6 -7 -8
leaf_value=0.031342844130241625 0.028578299676877843 0.077446250130107031 -0.015373090760196174 0.021508755624863946 -0.030522764464849524 0.0053600620887493807 0.0075112408583471917
leaf_weight=58.748391292989254 172.2309058457613 4.2156349942088118 100.47615462169051 20.948721364140511 14.479970544576643 29.945279754698277 25.152777135372162
leaf_count=84 272 10 734 47 69 77 50
internal_value=0.0138511 0.00405256 -0.0116355 0.0219903 0.000243085 0.0225704 0.0258937
internal_weight=426.198 193.385 104.692 232.812 35.4287 88.6937 197.384
internal_count=1343 905 744 438 116 161 322
is_linear=0
shrinkage=0.03


Tree=48
num_leaves=8
num_cat=0
split_feature=2 0 11 13 14 3 17
split_gain=36.1135 43.9757 27.061 22.2799 14.8656 21.1708 6.12893
threshold=5.4550050735229236 78.500000000000014 11.42505118872298 0.93619838954138046 0.91813394189600539 12.500000000000002 15.050000000000002
decision_type=2 2 2 2 2 2 2
left_child=4 2 -2 -3 6 -6 -1
right_child=1 3 -4 -5 5 -7 -8
leaf_value=0.024105764377598392 0.0070215597564174323 0.0021137245729261353 -0.027220856533493293 0.028868809079124813 -0.012457140141457898 0.021864704379131999 0.037938428887420585
leaf_weight=66.405941165983677 38.64563125371933 49.465055555105209 44.907577842473984 64.588128462433815 21.006082594394684 70.327009193599224 50.943706370890141
leaf_count=117 158 146 510 117 84 115 58
internal_value=0.0143434 0.005152 -0.0113828 0.0172651 0.0230469 0.0139709 0.0301108
internal_weight=406.289 197.606 83.5532 114.053 208.683 91.3331 117.35
internal_count=1305 931 668 263 374 199 175
is_linear=0
shrinkage=0.03


Tree=49
num_leaves=8
num_cat=0
split_feature=0 2 5 19 19 22 15
split_gain=44.5031 53.7646 27.9893 29.7248 27.6404 13.1004 7.59302
threshold=62.500000000000007 4.5000000000000009 12.500000000000002 4.2500000000000009 13.950000000000001 15.350000000000003 36.361111111111121
decision_type=2 2 2 2 2 2 2
left_child=1 6 5 -4 -3 -2 -1
right_child=2 4 3 -5 -6 -7 -8
leaf_value=0.033553131537380189 0.02299672761996575 -0.029152939137078303 0.046783104528049707 0.0016493567931990044 0.018281653129152694 0.045370879357920321 0.0061459554027068816
leaf_weight=26.532217442989349 157.61421924829483 54.408669304102659 15.103229627013205 100.66436599195004 13.875510815531014 27.690017625689507 13.84491443634033
leaf_count=31 257 494 24 375 89 30 31
internal_value=0.0131704 -0.00328706 0.0191102 0.00753758 -0.0195141 0.0263401 0.0241555
internal_weight=409.733 108.661 301.072 115.768 68.2842 185.304 40.3771
internal_count=1331 645 686 399 583 287 62
is_linear=0
shrinkage=0.03


Tree=50
num_leaves=8
num_cat=0
split_feature=1 3 19 21 3 15 15
split_gain=38.9404 40.5839 38.6381 18.117 10.4744 19.4669 6.24083
threshold=5.3483935357417165 25.405272785173867 11.350000000000003 0.41316335330609427 12.500000000000002 36.361111111111121 37.027777777777779
decision_type=2 2 2 2 2 2 2
left_child=4 2 -2 -3 5 -1 -6
right_child=1 3 -4 -5 6 -7 -8
leaf_value=0.028384211251408362 -0.012097466999987053 0.0086279861999528154 0.018874431152823813 0.037171797589318857 0.032983012368770846 -0.013028757746105691 0.012518752576535818
leaf_weight=25.63532380014658 127.04594664275646 41.310782007873058 50.725153725594282 38.817623384296894 82.895152240991592 16.983613692224026 16.000813901424408
leaf_count=43 700 111 240 46 100 60 30
internal_value=0.0116687 0.00472984 -0.00325995 0.0224558 0.0243141 0.0118812 0.029672
internal_weight=399.414 257.9 177.771 80.1284 141.515 42.6189 98.896
internal_count=1330 1097 940 157 233 103 130
is_linear=0
shrinkage=0.03


Tree=51
num_leaves=8
num_cat=0
split_feature=1 0 13 19 10 6 10
split_gain=52.3579 50.9291 29.0746 27.6175 8.02809 11.6561 5.72331
threshold=5.3483935357417165 66.500000000000014 1.4011054936115601 11.15 1.841757257543807e-16 1.186207745328435e-19 4.3166152212277526e-17
decision_type=2 2 2 2 2 2 2
left_child=4 2 -2 -3 6 -6 -1
right_child=1 3 -4 -5 5 -7 -8
leaf_value=0.028889317607389987 -0.026601025230121131 0.0044798776442623147 0.030242825452036902 0.029086381888015309 0.02733436085600682 -0.0013358155021310878 0.049042074707706398
leaf_weight=75.537937864661217 56.321997612714767 131.16885720938444 9.4581367745995504 59.751364432275295 39.163965307176113 18.93175645917654 15.242157660424708
leaf_count=103 537 393 20 122 59 54 16
internal_value=0.012546 0.00433731 -0.0184278 0.0121809 0.0267 0.0179916 0.032273
internal_weight=405.576 256.7 65.7801 190.92 148.876 58.0957 90.7801
internal_count=1304 1072 557 515 232 113 119
is_linear=0
shrinkage=0.03


Tree=52
num_leaves=7
num_cat=0
split_feature=3 4 0 3 8 0
split_gain=33.7831 36.0234 38.0549 10.1309 15.8923 3.23476
threshold=22.500000000000004 0.14399220528502138 83.500000000000014 63.500000000000007 5.0748991934764662 38.500000000000007
decision_type=2 2 2 2 2 2
left_child=1 2 -1 4 -2 -3
right_child=3 5 -4 -5 -6 -7
leaf_value=-0.0048917595023936448 0.033259671723915377 0.020630878297794444 0.021154650037752316 0.049522801424332838 0.011607360283461631 0.037559882684923308
leaf_weight=161.96861316636205 66.301522985100746 14.978810563683508 73.345803052186966 14.859907597303389 56.512523390352726 31.56509330868721
leaf_count=884 77 23 150 15 147 33
internal_value=0.0139463 0.00799657 0.00322672 0.0261272 0.0232964 0.0321118
internal_weight=419.532 281.858 235.314 137.674 122.814 46.5439
internal_count=1329 1090 1034 239 224 56
is_linear=0
shrinkage=0.03


Tree=53
num_leaves=7
num_cat=0
split_feature=1 0 22 19 7 22
split_gain=35.0864 43.9268 44.8286 15.723 4.12201 0.444274
threshold=4.5000000000000009 75.500000000000014 13.15 11.15 15.500000000000002 12.750000000000002
decision_type=2 2 2 2 2 2
left_child=4 2 -2 -3 -1 -6
right_child=1 3 -4 -5 5 -7
leaf_value=0.020297752250392924 -0.02140526232928815 0.010849687811191479 0.013955460711195083 0.028642626704273401 0.033588522948897741 0.039671371097408037
leaf_weight=18.027801528573036 71.785130269825459 131.88645138591528 58.612542234361172 67.611866369843483 17.881812378764153 27.310985505580902
leaf_count=27 583 302 222 111 20 27
internal_value=0.011953 0.00802948 -0.00551095 0.0168799 0.0324263 0.0372645
internal_weight=393.117 329.896 130.398 199.498 63.2206 45.1928
internal_count=1292 1218 805 413 74 47
is_linear=0
shrinkage=0.03


Tree=54
num_leaves=7
num_cat=0
split_feature=1 0 19 22 0 17
split_gain=35.0026 45.3006 21.431 16.8209 2.64853 0.402145
threshold=4.5000000000000009 55.500000000000007 11.350000000000003 13.265878525846398 47.500000000000007 13.756819600821482
decision_type=2 2 2 2 2 2
left_child=4 3 -3 -2 -1 -6
right_child=1 2 -4 -5 5 -7
leaf_value=0.024184412354818188 -0.030612868317351414 0.0072894106881574534 0.024586916522120167 0.0043335942073045924 0.04041395346130975 0.03441281789907806
leaf_weight=20.651529759168625 32.723752278834581 201.7913946211338 94.724790081381798 19.955468147993088 20.027327239513397 20.172476172447205
leaf_count=29 369 596 193 109 19 23
internal_value=0.0119198 0.00826082 0.0128153 -0.0173748 0.0329166 0.0374026
internal_weight=410.047 349.195 296.516 52.6792 60.8513 40.1998
internal_count=1338 1267 789 478 71 42
is_linear=0
shrinkage=0.03


Tree=55
num_leaves=8
num_cat=0
split_feature=5 18 20 22 0 16 19
split_gain=41.8431 39.0637 27.5638 20.6507 18.8638 16.8874 7.44031
threshold=13.500000000000002 158.50000000000003 10.250000000000002 10.319931711157547 44.500000000000007 21.324561403508774 8.5500000000000025
decision_type=2 2 2 2 2 2 2
left_child=3 2 -2 6 -5 -3 -1
right_child=1 5 -4 4 -6 -7 -8
leaf_value=0.00019309183728933181 0.032951901872385773 -0.025999707449801002 -0.024589138309113429 -0.0014582224308213646 0.021634909984712909 0.010893380267805152 -0.055799861758241844
leaf_weight=4.136408079415558 30.41551735252142 54.435909122228622 9.9414361454546434 36.640624925494194 242.73357682302594 14.048141688108442 4.41606205701828
leaf_count=16 58 413 60 198 481 53 26
internal_value=0.0112105 -0.00463509 0.0187774 0.0172005 0.0186062 -0.0184318 -0.0287188
internal_weight=396.768 108.841 40.357 287.927 279.374 68.4841 8.55247
internal_count=1305 584 118 721 679 466 42
is_linear=0
shrinkage=0.03


Tree=56
num_leaves=8
num_cat=0
split_feature=2 3 23 14 0 12 0
split_gain=37.0624 34.8522 32.9462 13.9385 12.9639 9.51524 4.87211
threshold=5.4550050735229236 33.500000000000007 58.000000000000007 5.6246579037056076e-14 38.500000000000007 32.150000000000013 71.500000000000014
decision_type=2 2 2 2 2 2 2
left_child=3 2 -2 6 -5 -3 -1
right_child=1 5 -4 4 -6 -7 -8
leaf_value=0.025929047472135976 0.037794182261636979 0.036352430934817347 -0.009088371615333244 -0.016717868815317984 0.017534738623328751 0.0073059241657988522 0.043670471812407512
leaf_weight=40.600309386849403 14.913518436253069 27.659958928823471 141.37279967591166 10.717594586312769 137.90141253918409 16.034138046205044 21.20801106095314
leaf_count=60 33 38 825 61 247 40 22
internal_value=0.0112552 0.00200743 -0.00461463 0.0200439 0.0150646 0.0256934 0.0320166
internal_weight=410.408 199.98 156.286 210.427 148.619 43.6941 61.8083
internal_count=1326 936 858 390 308 78 82
is_linear=0
shrinkage=0.03


Tree=57
num_leaves=8
num_cat=0
split_feature=2 3 22 21 18 0 22
split_gain=38.8257 32.4081 23.7083 21.2195 14.6374 18.6701 8.50857
threshold=5.4550050735229236 20.500000000000004 13.15 0.41316335330609427 235.50000000000003 58.500000000000007 11.611821424692243
decision_type=2 2 2 2 2 2 2
left_child=4 2 -2 -3 6 -6 -1
right_child=1 3 -4 -5 5 -7 -8
leaf_value=0.0086835548309539424 -0.022526407232940901 0.0015366804433299857 0.0068376300036986446 0.031975372857628026 -0.018802569742301885 0.017107974617873955 0.028235329268252719
leaf_weight=24.518508993089199 64.13393759354949 51.688883252441883 40.293948631733656 34.283725716173649 17.854871563613415 48.218978852033615 109.47694865614176
leaf_count=57 547 161 186 50 77 85 165
internal_value=0.00973112 3.39922e-05 -0.0111962 0.0136749 0.0189596 0.00740401 0.0246577
internal_weight=390.47 190.4 104.428 85.9726 200.069 66.0739 133.995
internal_count=1328 944 733 211 384 162 222
is_linear=0
shrinkage=0.03


Tree=58
num_leaves=7
num_cat=0
split_feature=1 0 19 16 7 16
split_gain=25.0123 41.6742 32.7786 23.2257 3.43211 1.73821
threshold=4.5000000000000009 55.500000000000007 13.15 18.106203007518801 15.500000000000002 19.773504273504276
decision_type=2 2 2 2 2 2
left_child=4 2 -2 -3 -1 -6
right_child=1 3 -4 -5 5 -7
leaf_value=0.016089224533010479 -0.036421406904577194 0.00053915946793213487 0.018783803988540126 0.018021264825531298 0.036534575686798999 0.024523329525761979
leaf_weight=18.848909705877304 32.777040559798479 119.43092247471213 13.73680145666003 160.05352021753788 25.246583104133606 19.007107123732567
leaf_count=31 361 411 93 364 28 27
internal_value=0.00952133 0.00617489 -0.0201178 0.0105507 0.0268096 0.0313757
internal_weight=389.101 325.998 46.5138 279.484 63.1026 44.2537
internal_count=1315 1229 454 775 86 55
is_linear=0
shrinkage=0.03


Tree=59
num_leaves=8
num_cat=0
split_feature=9 10 22 0 5 0 10
split_gain=42.4493 39.6444 27.7825 22.7176 35.5101 12.8472 5.99438
threshold=3.1091146601265351 4.4824540198152476e-17 12.418489173358671 49.500000000000007 3.5000000000000004 87.500000000000014 0.0086606572883710323
decision_type=2 2 2 2 2 2 2
left_child=3 2 -2 4 -1 -5 -3
right_child=1 6 -4 5 -6 -7 -8
leaf_value=0.029357780297122441 -0.018340497893658003 -0.042751094788035578 0.019030534200882725 0.016256709661152169 -0.025573866640129086 0.031458650725224323 -0.017743390565023949
leaf_weight=18.157736387103796 26.357582673430443 18.668369367718697 55.820412553846836 164.07131794840097 25.416790831834078 71.983929082751274 16.037423025816679
leaf_count=28 184 139 182 369 229 96 101
internal_value=0.0108724 -0.00431001 0.00704423 0.0172186 -0.00268356 0.0208925 -0.0311951
internal_weight=396.514 116.884 82.178 279.63 43.5745 236.055 34.7058
internal_count=1328 606 366 722 257 465 240
is_linear=0
shrinkage=0.03


Tree=60
num_leaves=7
num_cat=0
split_feature=4 0 19 0 14 1
split_gain=31.0107 37.914 24.0566 6.53679 4.16021 0.0542781
threshold=6.2308480693022697e-25 46.500000000000007 11.350000000000003 37.500000000000007 0.19336449076437023 5.3483935357417165
decision_type=2 2 2 2 2 2
left_child=1 5 -3 -2 -5 -1
right_child=3 2 -4 4 -6 -7
leaf_value=-0.036272105913438261 0.0087526345384196982 0.0014032508260194278 0.020258337746513765 0.034736943502884039 0.018512094179253365 -0.032712733908165342
leaf_weight=4.9792017117142704 17.355064161121845 194.44725908339024 88.672247443348169 43.890773542225361 21.041996225714684 17.090855680406094
leaf_count=38 38 683 219 53 36 268
internal_value=0.0087633 0.00435636 0.00730861 0.0251078 0.0294791 -0.0335158
internal_weight=387.477 305.19 283.12 82.2878 64.9328 22.0701
internal_count=1335 1208 902 127 89 306
is_linear=0
shrinkage=0.03


Tree=61
num_leaves=7
num_cat=0
split_feature=9 23 3 0 1 17
split_gain=40.5554 30.2907 30.9792 14.0406 25.1724 4.8973
threshold=2.3471044195366573 60.500000000000007 31.500000000000004 78.500000000000014 4.5000000000000009 13.950000000000001
decision_type=2 2 2 2 2 2
left_child=3 -2 -3 4 -1 -5
right_child=1 2 -4 5 -6 -7
leaf_value=0.030531137411045736 0.03551191192055176 -0.010371972544981251 0.019110360118320766 0.022470041746195688 0.0013554285418788691 0.037921727277274241
leaf_weight=43.518091380596161 19.575273260474205 142.62379190325737 41.384072355926037 40.600362434983253 68.521395117044449 33.8536696434021
leaf_count=55 38 824 83 59 237 35
internal_value=0.00929136 3.3057e-05 -0.00374128 0.0193981 0.0126878 0.0294958
internal_weight=390.077 203.583 184.008 186.494 112.039 74.454
internal_count=1331 945 907 386 292 94
is_linear=0
shrinkage=0.03


Tree=62
num_leaves=8
num_cat=0
split_feature=9 0 16 23 22 22 0
split_gain=25.6213 28.7553 25.6705 14.0326 13.0146 14.6169 10.603
threshold=1.5000000000000002 66.500000000000014 20.30992063492064 60.500000000000007 11.550000000000002 10.550000000000002 34.500000000000007
decision_type=2 2 2 2 2 2 2
left_child=4 2 -2 -3 5 -1 -6
right_child=1 3 -4 -5 6 -7 -8
leaf_value=-0.036510077883140771 -0.025608949007966477 0.041154141708623089 0.016551108003230088 0.0083408566297279788 0.00062703135265853574 0.014054960480567136 0.027495201051471227
leaf_weight=6.8236286379396942 43.554373625665903 12.593937225639818 18.526892725378275 170.89377545192838 14.998104378581045 20.916536405682564 111.4347601942718
leaf_count=32 443 16 95 483 53 50 167
internal_value=0.0106397 0.00462172 -0.0130271 0.010593 0.0202252 0.00161678 0.024308
internal_weight=399.742 245.569 62.0813 183.488 154.173 27.7402 126.433
internal_count=1339 1037 538 499 302 82 220
is_linear=0
shrinkage=0.03


Tree=63
num_leaves=8
num_cat=0
split_feature=9 0 11 3 0 14 7
split_gain=30.4717 26.7291 25.3132 21.0136 15.24 16.7603 2.71318
threshold=2.3471044195366573 66.500000000000014 10.65 57.500000000000007 78.500000000000014 1.6914486802666355e-05 18.500000000000004
decision_type=2 2 2 2 2 2 2
left_child=4 2 -2 -3 5 -1 -6
right_child=1 3 -4 -5 6 -7 -8
leaf_value=0.023090985117151058 0.0098533143741533057 0.0034817176604005546 -0.035144850927520947 0.044320224044471716 0.017004900521385851 -0.001037689858337056 0.031547016526738615
leaf_weight=49.361554130911827 17.684534475207329 144.76623010262847 30.928515307605267 12.30346843600273 14.576011747121809 54.533460047096014 55.564109906554222
leaf_count=110 70 451 417 14 24 173 67
internal_value=0.00848147 0.000664134 -0.0187753 0.00668065 0.0177204 0.0104261 0.028525
internal_weight=379.718 205.683 48.613 157.07 174.035 103.895 70.1401
internal_count=1326 952 487 465 374 283 91
is_linear=0
shrinkage=0.03


Tree=64
num_leaves=7
num_cat=0
split_feature=22 4 0 3 6 0
split_gain=30.1256 22.3183 22.7686 14.7289 15.9479 5.34233
threshold=12.750000000000002 1.1162680223507022e-12 70.500000000000014 63.500000000000007 2.5530029946927756e-13 56.500000000000007
decision_type=2 2 2 2 2 2
left_child=1 2 -1 4 -2 -3
right_child=3 5 -4 -5 -6 -7
leaf_value=-0.021267953363028464 0.028208428361892395 0.0084113199290875382 0.0034714841573640631 0.051867061391992847 0.0090087405016383015 0.034891607687148468
leaf_weight=52.533350396901369 54.395015567541122 11.868116289377214 92.317625489085913 9.9695748537778837 137.00910496339202 16.239282369613647
leaf_count=471 85 24 257 8 431 19
internal_value=0.00842945 -0.000753687 -0.00550081 0.0163168 0.0144651 0.0237105
internal_weight=374.332 172.958 144.851 201.374 191.404 28.1074
internal_count=1295 771 728 524 516 43
is_linear=0
shrinkage=0.03


Tree=65
num_leaves=8
num_cat=0
split_feature=20 0 9 16 3 3 3
split_gain=30.3946 28.784 21.4231 15.993 16.4853 14.4696 9.72542
threshold=10.250000000000002 67.500000000000014 2.3471044195366573 16.206389452332662 12.500000000000002 28.058438107180784 6.5000000000000009
decision_type=2 2 2 2 2 2 2
left_child=3 5 -3 4 -1 -2 -5
right_child=1 2 -4 6 -6 -7 -8
leaf_value=-0.042639950209142012 -0.023603072201512264 0.021325719280016611 -0.0035136353029508547 0.044291068233032388 0.0083875621127730785 0.036495951557333588 0.017784513842404301
leaf_weight=7.3248165473341933 49.104137249290943 54.605788499116898 73.060439240187407 13.499501220881937 25.65799543261528 3.8911914452910414 161.4551828019321
leaf_count=54 480 86 266 29 66 7 358
internal_value=0.00839681 -0.000604422 0.00711073 0.0162173 -0.00294462 -0.0191903 0.0198298
internal_weight=388.599 180.662 127.666 207.937 32.9828 52.9953 174.955
internal_count=1346 839 352 507 120 487 387
is_linear=0
shrinkage=0.03


Tree=66
num_leaves=8
num_cat=0
split_feature=1 16 17 11 15 14 10
split_gain=28.3666 25.8962 23.931 22.7033 8.44672 13.7473 2.26717
threshold=5.3483935357417165 18.458896396396401 13.279758239265368 11.333487071839354 36.361111111111121 0.99999995453292267 0.039883309123568973
decision_type=2 2 2 2 2 2 2
left_child=4 2 -2 -3 6 -6 -1
right_child=1 3 -4 -5 5 -7 -8
leaf_value=0.032078094003430035 -0.023345005354698568 0.025386224741318544 0.0038676504749657298 0.00021129735694799112 0.020706384006582847 -0.009725944407775456 0.018370693602067514
leaf_weight=43.705822072923183 48.587602362036705 61.814503110945225 72.457238297909498 67.385527439415455 55.176691025495529 17.627510629594326 14.450151212513445
leaf_count=59 379 121 266 312 101 50 27
internal_value=0.00883504 0.00291489 -0.00705556 0.012256 0.0201475 0.013338 0.0286722
internal_weight=381.205 250.245 121.045 129.2 130.96 72.8042 58.156
internal_count=1315 1078 645 433 237 151 86
is_linear=0
shrinkage=0.03


Tree=67
num_leaves=8
num_cat=0
split_feature=0 1 12 13 14 16 16
split_gain=23.8514 28.3749 24.417 11.2505 9.77837 7.56479 2.54888
threshold=83.500000000000014 4.5000000000000009 33.250000000000007 0.65000000000000002 7.610657649873673e-23 19.613247863247867 20.160256410256412
decision_type=2 2 2 2 2 2 2
left_child=1 6 -3 5 -5 -2 -1
right_child=3 2 -4 4 -6 -7 -8
leaf_value=0.033507873333259157 -0.022595066896462849 0.013397186911674602 -0.007690023975790169 0.040490078412258691 0.019596839907291257 0.02064194052985488 0.01912926597233373
leaf_weight=24.479202002286911 8.2522505670785886 81.742809575051069 124.97606246173382 25.997942343354225 89.784365475177765 6.5187858343124381 20.294921100139618
leaf_count=31 29 222 768 45 153 11 33
internal_value=0.0107389 0.00533823 0.000648488 0.0211427 0.0242882 -0.00351362 0.0269904
internal_weight=382.046 251.493 206.719 130.553 115.782 14.771 44.7741
internal_count=1292 1054 990 238 198 40 64
is_linear=0
shrinkage=0.03


Tree=68
num_leaves=8
num_cat=0
split_feature=22 16 0 5 19 10 9
split_gain=23.7628 24.5775 26.8566 15.1593 11.7126 11.522 10.7848
threshold=13.707456402045517 18.014705882352946 70.500000000000014 7.5000000000000009 5.9500000000000011 4.7474276639154759e-17 2.3471044195366573
decision_type=2 2 2 2 2 2 2
left_child=1 2 -1 -3 6 -6 -2
right_child=4 3 -4 -5 5 -7 -8
leaf_value=-0.029437291844515882 0.024242125970001211 0.021956790863083928 0.0032427371131960136 0.0030710622954858019 0.033646069965052108 0.01266605697402625 -0.016624489340538333
leaf_weight=32.947669133543968 10.374067902565002 71.307246081531048 72.288410417735577 82.517263762652874 56.627778578549623 40.343448102474213 13.215872645378113
leaf_count=344 17 136 210 354 100 113 50
internal_value=0.00930319 0.00418287 -0.00698884 0.0118258 0.0203057 0.0249176 0.00134728
internal_weight=379.622 259.061 105.236 153.825 120.561 96.9712 23.5899
internal_count=1324 1044 554 490 280 213 67
is_linear=0
shrinkage=0.03


Tree=69
num_leaves=8
num_cat=0
split_feature=2 16 12 9 15 7 18
split_gain=25.3299 18.401 22.9163 15.1657 10.0258 18.1395 5.85072
threshold=5.4550050735229236 17.321290322580648 33.750000000000007 2.3471044195366573 36.361111111111121 15.500000000000002 240.50000000000003
decision_type=2 2 2 2 2 2 2
left_child=4 3 -3 -2 6 -6 -1
right_child=1 2 -4 -5 5 -7 -8
leaf_value=0.030641291426336616 0.025219324051369861 0.022050223494565445 -0.0034773046176067007 -0.018163748513213087 -0.0090605859419587934 0.01854408583953562 0.013039777907855606
leaf_weight=55.80845895409584 8.4437604881823045 58.003095246851444 69.659885285422206 51.387602047994733 28.942967467010021 82.469614580273628 24.438951246440411
leaf_count=80 31 139 382 383 102 152 55
internal_value=0.00952676 0.00168702 0.00812101 -0.0120413 0.0171961 0.0113729 0.0252808
internal_weight=379.154 187.494 127.663 59.8314 191.66 111.413 80.2474
internal_count=1324 935 521 414 389 254 135
is_linear=0
shrinkage=0.03


Tree=70
num_leaves=8
num_cat=0
split_feature=22 3 6 19 23 5 10
split_gain=22.7754 25.2188 24.893 11.1615 10.7979 8.72983 8.524
threshold=13.707456402045517 20.500000000000004 1.186207745328435e-19 11.450000000000001 165.50000000000003 13.500000000000002 2.5688369565525414e-17
decision_type=2 2 2 2 2 2 2
left_child=1 2 -1 4 -2 -3 -5
right_child=3 5 -4 6 -6 -7 -8
leaf_value=0.015842984583542639 0.023143724408506896 0.02378635918621131 -0.0096716557499374241 0.046617988367376982 0.00075510484982100451 0.004381831807021409 0.018005577435568031
leaf_weight=48.535532638430595 49.02384240552783 61.755322478711605 118.28652140125632 21.235145803540945 32.071041978895664 31.514320120215416 16.772143304347992
leaf_count=93 105 98 740 29 94 101 42
internal_value=0.00971189 0.00473658 -0.00224838 0.0205768 0.0142896 0.0172299 0.0339917
internal_weight=379.194 260.092 166.822 119.102 81.0949 93.2696 38.0073
internal_count=1302 1032 833 270 199 199 71
is_linear=0
shrinkage=0.03


Tree=71
num_leaves=7
num_cat=0
split_feature=1 3 18 15 7 2
split_gain=17.7836 25.6115 23.2364 7.19104 10.3695 2.58221
threshold=5.3483935357417165 63.500000000000007 219.50000000000003 36.361111111111121 15.500000000000002 4.5000000000000009
decision_type=2 2 2 2 2 2
left_child=3 2 -2 5 -5 -1
right_child=1 -3 -4 4 -6 -7
leaf_value=0.030805808122214784 0.0094783586335318321 0.044060306129150253 -0.010175093477058519 -0.0069428328005430211 0.018671888048648808 0.017761758166006843
leaf_weight=37.862020447850227 149.7896729670465 14.059929326176642 84.789259001612663 19.135537885129452 55.416799403727055 21.36674590408802
leaf_count=53 531 14 534 64 98 44
internal_value=0.0094772 0.00473179 0.00237456 0.0182968 0.0120973 0.0261002
internal_weight=382.42 248.639 234.579 133.781 74.5523 59.2288
internal_count=1338 1079 1065 259 162 97
is_linear=0
shrinkage=0.03


Tree=72
num_leaves=8
num_cat=0
split_feature=0 2 12 6 3 15 14
split_gain=20.216 26.4651 16.6729 15.1023 16.8741 12.5798 2.97421
threshold=55.500000000000007 4.5000000000000009 48.45000000000001 4.0532579307376761e-29 6.5000000000000009 36.361111111111121 0.99999967409332702
decision_type=2 2 2 2 2 2 2
left_child=1 5 -3 6 -5 -1 -2
right_child=3 2 -4 4 -6 -7 -8
leaf_value=0.028573544817474563 0.0342357178917694 -0.027262717442749652 0.071764188397992826 0.046532311009784048 0.0076319345746451951 -0.01035809130040492 0.017428336049704153
leaf_weight=19.925732672214512 27.429358661174774 36.371140195056796 1.5974070243537415 10.429878268390892 265.67363679036498 11.949574321508406 14.476948499679564
leaf_count=29 37 443 12 28 756 33 24
internal_value=0.00843859 -0.00617614 -0.0230965 0.0116484 0.00910141 0.0139787 0.0284294
internal_weight=387.854 69.8439 37.9685 318.01 276.104 31.8753 41.9063
internal_count=1362 517 455 845 784 62 61
is_linear=0
shrinkage=0.03


Tree=73
num_leaves=8
num_cat=0
split_feature=13 1 19 0 9 7 7
split_gain=23.804 30.1701 22.5069 15.7547 21.8865 10.0504 2.19152
threshold=0.93619838954138046 4.5000000000000009 11.350000000000003 85.500000000000014 1.5000000000000002 25.500000000000004 17.500000000000004
decision_type=2 2 2 2 2 2 2
left_child=1 6 -3 4 -2 -5 -1
right_child=3 2 -4 5 -6 -7 -8
leaf_value=0.019574477561075183 0.024493063239825679 -0.012115073099743683 0.011119899187131896 0.043280668900049807 -0.0033693708337209035 0.018356221938645625 0.034971997518987191
leaf_weight=19.39821919798851 43.855333365499973 118.27973588742316 54.953231694176793 22.818226411938667 60.208433011546731 40.234528854489326 14.566305354237555
leaf_count=32 74 648 231 28 234 70 19
internal_value=0.00711878 0.000324471 -0.00474444 0.0155426 0.00837263 0.0273762 0.026178
internal_weight=374.314 207.197 173.233 167.117 104.064 63.0528 33.9645
internal_count=1336 930 879 406 308 98 51
is_linear=0
shrinkage=0.03


Tree=74
num_leaves=8
num_cat=0
split_feature=2 0 19 15 0 14 1
split_gain=20.2655 34.8456 21.1422 8.68635 10.4693 2.06345 0.0494978
threshold=4.5000000000000009 46.500000000000007 11.350000000000003 36.361111111111121 51.500000000000007 6.3296804111696325e-11 5.3483935357417165
decision_type=2 2 2 2 2 2 2
left_child=3 6 -3 5 -5 -1 -2
right_child=1 2 -4 4 -6 -7 -8
leaf_value=0.025885850768507176 -0.036054024327328939 0.002415100529050463 0.020105854863046609 -0.017920762127857898 0.020153110072492313 0.039123660466221434 -0.03241307853359545
leaf_weight=25.515276968479156 4.3007065728306779 189.07411467283964 89.617040898650885 8.3472936972975713 29.368998169898987 18.12602262198925 15.370950246229768
leaf_count=41 34 669 218 26 49 19 276
internal_value=0.00899902 0.00537997 0.00810381 0.0222712 0.0117267 0.0313841 -0.0332091
internal_weight=379.72 298.363 278.691 81.3576 37.7163 43.6413 19.6717
internal_count=1332 1197 887 135 75 60 310
is_linear=0
shrinkage=0.03


Tree=75
num_leaves=7
num_cat=0
split_feature=4 11 17 18 16 17
split_gain=23.4741 25.0377 25.1103 10.7402 2.47806 1.89299
threshold=0.57697845111028812 12.450000000000001 13.279758239265368 158.50000000000003 20.080540540540543 16.532644628724736
decision_type=2 2 2 2 2 2
left_child=1 3 -3 -1 -2 -6
right_child=4 2 -4 -5 5 -7
leaf_value=0.020163093246773935 0.033139472855679371 -0.022994976905931781 0.0052528613443151529 0.0055158947768444355 0.010488213250939817 0.027201875176019769
leaf_weight=64.572346273809671 23.853929549455643 51.450712835416198 63.003169717267156 149.06559365801513 11.228836700320246 13.349538713693617
leaf_count=145 34 419 267 446 22 20
internal_value=0.0067551 0.00387711 -0.00744545 0.00994303 0.0262513 0.0195661
internal_weight=376.524 328.092 114.454 213.638 48.4323 24.5784
internal_count=1353 1277 686 591 76 42
is_linear=0
shrinkage=0.03


Tree=76
num_leaves=8
num_cat=0
split_feature=0 1 0 19 10 18 0
split_gain=21.3223 24.0364 28.1975 14.1388 14.6496 7.96658 4.35771
threshold=86.500000000000014 4.5000000000000009 46.500000000000007 6.9500000000000011 7.8226834559915856e-17 123.99887826156872 35.500000000000007
decision_type=2 2 2 2 2 2 2
left_child=1 6 -3 4 -2 -5 -1
right_child=3 2 -4 5 -6 -7 -8
leaf_value=0.0074993952364671955 -0.031812723116290548 -0.034491530997974501 0.0018475807058435077 -0.079843196507443856 0.019315403497318653 0.025194090517777462 0.029422961901735597
leaf_weight=11.228103265166281 9.1829757243394869 21.142927538603544 211.068140424788 0.65534189343452354 11.189350202679632 77.851019144058228 29.859674990177155
leaf_count=22 32 307 772 3 20 131 45
internal_value=0.00660043 0.0022813 -0.00146111 0.0185384 -0.00373098 0.0243173 0.0234319
internal_weight=372.178 273.299 232.211 98.8787 20.3723 78.5064 41.0878
internal_count=1332 1146 1079 186 52 134 67
is_linear=0
shrinkage=0.03


Tree=77
num_leaves=7
num_cat=0
split_feature=19 9 7 22 21 21
split_gain=19.3028 27.0107 25.589 15.5927 12.6905 12.1211
threshold=11.350000000000003 3.1091146601265351 66.500000000000014 15.750000000000002 1.7273153956585146 0.59863236018507393
decision_type=2 2 2 2 2 2
left_child=1 4 -3 5 -1 -2
right_child=3 2 -4 -5 -6 -7
leaf_value=0.011934817153086971 0.019151363186753711 -0.015902806762262363 0.040960230829540763 0.044791561933442817 -0.027542862027156757 -0.0036846987119690442
leaf_weight=151.19554602913558 78.754384936764836 79.073214970529079 7.8276188522577277 16.048939675092697 7.7018605060875407 28.485592775046825
leaf_count=436 263 465 9 19 37 93
internal_value=0.00752572 0.0026668 -0.0107809 0.0172128 0.0100213 0.0130855
internal_weight=369.087 245.798 86.9008 123.289 158.897 107.24
internal_count=1322 947 474 375 473 356
is_linear=0
shrinkage=0.03


Tree=78
num_leaves=8
num_cat=0
split_feature=2 0 3 12 15 0 15
split_gain=22.536 40.2692 18.8193 14.9961 5.54387 6.31413 3.79994
threshold=4.5000000000000009 66.500000000000014 11.500000000000002 33.650000000000013 36.361111111111121 81.500000000000014 35.305555555555564
decision_type=2 2 2 2 2 2 2
left_child=4 3 -3 -2 6 -6 -1
right_child=1 2 -4 -5 5 -7 -8
leaf_value=0.016458183770059389 9.006383534528678e-05 -0.021525665128010893 0.011057981144651337 -0.028749950345267665 0.0029790047322453303 0.028851674694034466 0.034396788532936123
leaf_weight=17.825382918119431 26.081433609127998 17.338641453534365 199.64868541061878 42.94539943896234 25.607542857527733 12.699389249086378 26.320303931832314
leaf_count=35 115 80 475 499 58 19 33
internal_value=0.00608887 0.00210534 0.00845434 -0.0178529 0.0199071 0.0115562 0.0271534
internal_weight=368.467 286.014 216.987 69.0268 82.4526 38.3069 44.1457
internal_count=1314 1169 555 614 145 77 68
is_linear=0
shrinkage=0.03


Tree=79
num_leaves=7
num_cat=0
split_feature=9 23 16 22 22 10
split_gain=25.7514 23.022 18.6629 17.8915 8.8865 6.6202
threshold=1.5000000000000002 213.50000000000003 14.455555555555557 11.420471542647851 10.750000000000002 0.017929645257722532
decision_type=2 2 2 2 2 2
left_child=4 2 -2 -3 -1 -6
right_child=1 3 -4 -5 5 -7
leaf_value=-0.01005083550422187 -0.042824618903052392 0.008264382029195206 0.0075541358172336402 -0.028029959839249396 0.024486813217935929 0.010766603138133841
leaf_weight=10.492268573492764 6.8891115561127654 17.931529073044658 168.16351528093219 38.403793394565582 74.462020222097635 55.052166569977999
leaf_count=37 60 101 652 245 131 138
internal_value=0.0063481 0.000203307 0.0055715 -0.0164775 0.0165036 0.0186548
internal_weight=371.394 231.388 175.053 56.3353 140.006 129.514
internal_count=1364 1058 712 346 306 269
is_linear=0
shrinkage=0.03


Tree=80
num_leaves=7
num_cat=0
split_feature=19 0 9 22 0 4
split_gain=26.482 23.6334 21.6251 20.2384 14.1808 13.9545
threshold=11.15 55.500000000000007 1.5000000000000002 15.216102245126239 37.500000000000007 0.99999999974956799
decision_type=2 2 2 2 2 2
left_child=1 5 -3 4 -2 -1
right_child=3 2 -4 -5 -6 -7
leaf_value=-0.037608122494761746 -0.020393771758170316 0.017993655946637439 -0.0042191896230617809 0.042945508038070207 0.014311091116007098 0.009507050479762396
leaf_weight=23.034516936168078 11.939089665189384 56.249925881624222 132.03172742947936 20.53268413990736 94.229019559919834 7.4996530562639228
leaf_count=298 103 100 494 28 267 16
internal_value=0.00476652 -0.00155341 0.00241699 0.0156812 0.0104084 -0.0260359
internal_weight=345.517 218.816 188.282 126.701 106.168 30.5342
internal_count=1306 908 594 398 370 314
is_linear=0
shrinkage=0.03


Tree=81
num_leaves=8
num_cat=0
split_feature=4 13 20 15 21 0 0
split_gain=22.8773 28.0836 21.0494 10.5922 6.86107 4.90796 2.25387
threshold=1.7892960410815497e-22 1.7500000000000002 9.9500000000000011 36.305555555555564 1.2622531357485693 76.500000000000014 47.500000000000007
decision_type=2 2 2 2 2 2 2
left_child=1 2 -1 -3 6 -6 -2
right_child=4 3 -4 -5 5 -7 -8
leaf_value=0.0077688155499736162 0.017054099276108219 0.038013805546988563 -0.0094342522789086433 0.006451332730741755 -0.010166787354951688 0.022059525425297218 0.031595026589845816
leaf_weight=112.47240216843784 13.54951176792383 23.381205029785633 148.57288466766477 16.199522890150547 8.9775246754288691 8.0824752748012525 32.86051743850112
leaf_count=331 26 27 816 40 29 12 51
internal_value=0.00500348 0.00154817 -0.00202224 0.025096 0.0213696 0.005101 0.0273498
internal_weight=364.096 300.626 261.045 39.5807 63.47 17.06 46.41
internal_count=1332 1214 1147 67 118 41 77
is_linear=0
shrinkage=0.03


Tree=82
num_leaves=7
num_cat=0
split_feature=9 3 19 15 3 10
split_gain=21.6335 27.1231 21.8173 14.072 18.8391 5.39512
threshold=3.1091146601265351 57.500000000000007 4.1500000000000012 36.361111111111121 11.500000000000002 0.051759401734620812
decision_type=2 2 2 2 2 2
left_child=3 2 -2 5 -5 -1
right_child=1 -3 -4 4 -6 -7
leaf_value=0.024825530034405786 0.027975395262422955 0.039553040922432954 -0.012817253582494758 -0.014382791714211633 0.012311412630482391 0.0099919049580164503
leaf_weight=80.90071114897728 13.523689292371271 12.235927268862723 92.576358763501048 30.46567652747035 108.65364286117256 30.344322454184294
leaf_count=170 32 14 559 193 271 82
internal_value=0.00782973 -0.0027403 -0.00761775 0.0128257 0.00646566 0.0207794
internal_weight=368.7 118.336 106.1 250.364 139.119 111.245
internal_count=1321 605 591 716 464 252
is_linear=0
shrinkage=0.03


Tree=83
num_leaves=8
num_cat=0
split_feature=1 0 13 15 10 12 10
split_gain=22.3417 26.6937 29.8799 17.4757 9.57638 9.35739 4.6782
threshold=5.3483935357417165 75.500000000000014 0.35000000000000003 36.750000000000007 0.016838649516065115 38.45000000000001 4.4824540198152476e-17
decision_type=2 2 2 2 2 2 2
left_child=4 2 -2 -3 6 -6 -1
right_child=1 3 -4 -5 5 -7 -8
leaf_value=0.017658186439676152 0.061531770619748731 0.011901236724349755 -0.016849178988666266 -0.017881015993189347 0.012268086877751844 -0.022060983454614696 0.034359437550992668
leaf_weight=56.392501153051853 4.6115999221801749 128.15723418444395 86.132068563252687 20.579580217599869 28.951099023222923 9.4881864190101606 20.611879430711269
leaf_count=114 11 289 737 60 60 36 32
internal_value=0.0051831 -4.27966e-05 -0.0128659 0.00778049 0.0160239 0.00379445 0.0221286
internal_weight=354.924 239.48 90.7437 148.737 115.444 38.4393 77.0044
internal_count=1339 1097 748 349 242 96 146
is_linear=0
shrinkage=0.03


Tree=84
num_leaves=7
num_cat=0
split_feature=9 3 0 0 0 22
split_gain=20.1205 19.1607 15.7019 11.9178 13.1109 6.55938
threshold=1.5000000000000002 61.500000000000007 46.500000000000007 37.500000000000007 26.500000000000004 12.170690631799841
decision_type=2 2 2 2 2 2
left_child=3 2 -2 4 -1 -5
right_child=1 -3 -4 5 -6 -7
leaf_value=0.010827187334456038 -0.033457698843464639 0.040155989563487669 0.00066771964220678579 0.0088670445879626275 -0.04515276721633215 0.023934527396529695
leaf_weight=10.972820535302164 12.906028958037494 10.485145106911657 203.10563809610903 39.709048617631197 5.7325522452592841 75.335838686674833
leaf_count=38 256 12 754 94 37 125
internal_value=0.00597366 0.000551235 -0.00137117 0.0152956 -0.00838268 0.0187338
internal_weight=358.247 226.497 216.012 131.75 16.7054 115.045
internal_count=1316 1022 1010 294 75 219
is_linear=0
shrinkage=0.03


Tree=85
num_leaves=6
num_cat=0
split_feature=17 21 20 6 14
split_gain=14.7276 18.0401 19.729 8.44846 6.25379
threshold=29.350000000000005 1.6913020597014723 9.9500000000000011 1.1676966987915975e-14 2.1862560457060569e-13
decision_type=2 2 2 2 2
left_child=1 2 -1 -3 -2
right_child=4 3 -4 -5 -6
leaf_value=0.013226046602690148 0.011469444341277548 -0.0067826960503113006 -0.0017599351892982481 -0.05504066923467886 0.041166406929559057
leaf_weight=148.12586547061801 11.898735772818329 6.5744469128549081 169.57716272771358 6.4861135184764862 13.765330895781515
leaf_count=384 29 21 836 45 16
internal_value=0.00550525 0.00380659 0.00522713 -0.0307485 0.0273979
internal_weight=356.428 330.764 317.703 13.0606 25.6641
internal_count=1331 1286 1220 66 45
is_linear=0
shrinkage=0.03


Tree=86
num_leaves=8
num_cat=0
split_feature=0 4 13 18 19 21 13
split_gain=17.3036 25.8619 21.804 16.3673 20.3921 5.63926 3.06804
threshold=66.500000000000014 0.99141910385054011 1.9500000000000002 161.50000000000003 11.350000000000003 0.21570930329580143 0.75000000000000011
decision_type=2 2 2 2 2 2 2
left_child=1 2 -1 5 -5 -2 -3
right_child=3 6 -4 4 -6 -7 -8
leaf_value=-0.020084125022932494 0.01221270963066807 0.030401670085763999 0.029362024400294194 -0.0036398043962932742 0.017394142749738946 0.029191218583211897 0.010499746756578571
leaf_weight=70.48407737724483 34.157272569835186 11.920088365674021 9.0577094107866269 115.50458264350891 64.729224048554897 36.33473302423954 16.791647136211395
leaf_count=636 82 18 15 361 130 51 35
internal_value=0.00438004 -0.00564379 -0.0144535 0.00870793 0.00391433 0.0209642 0.0187623
internal_weight=358.979 108.254 79.5418 250.726 180.234 70.492 28.7117
internal_count=1328 704 651 624 491 133 53
is_linear=0
shrinkage=0.03


Tree=87
num_leaves=7
num_cat=0
split_feature=4 3 6 15 0 5
split_gain=20.7116 24.8541 22.6576 18.6508 4.17805 1.02087
threshold=0.14399220528502138 13.500000000000002 2.9150706066625686e-08 36.861111111111121 37.500000000000007 3.5000000000000004
decision_type=2 2 2 2 2 2
left_child=1 2 -1 -3 -2 -6
right_child=4 3 -4 -5 5 -7
leaf_value=-0.051619898119407592 0.010080237430595726 0.0096479111606701928 -0.0064596537609723486 -0.016415525090794095 0.025098769490384254 0.036387513145614357
leaf_weight=11.822180241346357 14.774017088115214 196.03743326477706 64.824705762788653 28.274118922650814 18.283868908882145 11.903765380382536
leaf_count=75 30 538 515 105 33 17
internal_value=0.00416047 0.00132315 -0.0134253 0.00636266 0.0231525 0.0295502
internal_weight=345.92 300.958 76.6469 224.312 44.9617 30.1876
internal_count=1313 1233 590 643 80 50
is_linear=0
shrinkage=0.03


Tree=88
num_leaves=7
num_cat=0
split_feature=19 22 5 20 0 10
split_gain=19.4195 19.9342 19.8731 34.4576 16.4966 15.8565
threshold=11.350000000000003 15.216102245126239 8.5000000000000018 10.15 76.500000000000014 0.0098748212224183049
decision_type=2 2 2 2 2 2
left_child=2 4 5 -4 -2 -1
right_child=1 -3 3 -5 -6 -7
leaf_value=0.021422327673702411 -0.0058652984113657432 0.040876681344971855 0.0048762473472255567 -0.02488456573695964 0.019129407487032877 -0.0037365443797338811
leaf_weight=47.090066954493523 43.509235844016075 19.762843780219555 77.094966663047671 64.146751722320914 52.370378911495209 43.256346806883812
leaf_count=89 250 26 245 490 98 135
internal_value=0.003402 0.0134419 -0.0016114 -0.00864001 0.00778705 0.00937668
internal_weight=347.231 115.642 231.588 141.242 95.8796 90.3464
internal_count=1333 374 959 735 348 224
is_linear=0
shrinkage=0.03


Tree=89
num_leaves=8
num_cat=0
split_feature=20 5 3 16 6 13 22
split_gain=21.0701 25.2073 21.2788 19.5566 19.5883 13.9733 12.5414
threshold=10.250000000000002 13.500000000000002 25.405272785173867 16.206389452332662 0.0024438361134682964 0.45000000000000007 9.9500000000000011
decision_type=2 2 2 2 2 2 2
left_child=3 2 -2 4 -1 -5 -3
right_child=1 6 -4 5 -6 -7 -8
leaf_value=0.018206096668937882 -0.0023472405135852624 0.054808931484417463 0.027263505275458934 0.046724646971439035 -0.031767572504911933 0.013570878067073744 -0.025559746043418752
leaf_weight=12.224999174475672 98.617624996230006 1.8235466927289952 28.055721059441566 12.419259712100027 16.705987462773919 145.30048036947846 41.900271758437157
leaf_count=26 408 11 42 28 95 348 392
internal_value=0.00505928 -0.00256809 0.00421097 0.0120225 -0.0106508 0.0161815 -0.0222079
internal_weight=357.048 170.397 126.673 186.651 28.931 157.72 43.7238
internal_count=1350 853 450 497 121 376 403
is_linear=0
shrinkage=0.03


Tree=90
num_leaves=7
num_cat=0
split_feature=22 15 3 2 19 20
split_gain=16.0093 18.9611 35.5585 17.2016 9.58179 7.84996
threshold=15.216102245126239 37.083333333333336 26.500000000000004 5.4550050735229236 11.250000000000002 8.3500000000000032
decision_type=2 2 2 2 2 2
left_child=1 3 -3 -1 5 -2
right_child=4 2 -4 -5 -6 -7
leaf_value=0.013414515984776585 0.027220805765137638 -0.050278362846002199 0.03396374177503779 -0.0015623958717852651 0.037282203259940423 -0.0027728668928504153
leaf_weight=131.5689060986042 14.569752693176271 14.457914074882867 6.5535913780331603 145.17454179748893 20.776030212640762 17.035751190036535
leaf_count=296 22 103 9 810 31 53
internal_value=0.0061625 0.00347191 -0.0240028 0.0055579 0.0214568 0.0110539
internal_weight=350.136 297.755 21.0115 276.743 52.3815 31.6055
internal_count=1324 1218 112 1106 106 75
is_linear=0
shrinkage=0.03


Tree=91
num_leaves=7
num_cat=0
split_feature=22 9 11 14 20 0
split_gain=22.9168 25.4 22.4727 10.4329 1.71483 0.168041
threshold=10.104238876098163 2.3471044195366573 11.333487071839354 0.91813394189600539 10.350000000000003 61.500000000000007
decision_type=2 2 2 2 2 2
left_child=4 3 -3 -2 -1 -6
right_child=1 2 -4 -5 5 -7
leaf_value=-0.073011508949818407 0.021997103288334159 0.0073336975618305536 -0.01306423875230537 0.0056716197047305614 -0.034267146965709892 -0.046573382805670242
leaf_weight=2.3995373025536528 71.491581112146378 98.102852497249842 96.352378439158201 69.458402618765831 1.8324684929102657 2.1946442909538746
leaf_count=15 171 278 659 178 25 15
internal_value=0.00318003 0.00425526 -0.00277346 0.0139521 -0.0529357 -0.0409736
internal_weight=341.832 335.405 194.455 140.95 6.42665 4.02711
internal_count=1341 1286 937 349 55 40
is_linear=0
shrinkage=0.03


Tree=92
num_leaves=8
num_cat=0
split_feature=22 0 23 15 23 5 22
split_gain=24.8709 32.8853 17.4279 9.50252 9.39772 12.4288 8.89456
threshold=13.707456402045517 58.500000000000007 58.000000000000007 37.69444444444445 213.50000000000003 6.5000000000000009 14.750000000000002
decision_type=2 2 2 2 2 2 2
left_child=1 3 -3 -1 6 -6 -2
right_child=4 2 -4 -5 5 -7 -8
leaf_value=-0.027184844893138348 0.030219623932022002 0.043225156948170904 0.0024701981155970843 0.043862217202817404 0.027354554066782687 -0.020605421588638533 0.011690891190178517
leaf_weight=41.715739054605365 43.752608735114336 9.9472984969615919 186.39793686568737 1.7660233713686455 7.925315938889983 12.586290419101713 49.922346748411655
leaf_count=458 91 16 585 5 13 57 116
internal_value=0.00479392 -0.000692836 0.00453494 -0.0242992 0.0163178 -0.00207455 0.0203451
internal_weight=354.014 239.827 196.345 43.4818 114.187 20.5116 93.675
internal_count=1341 1064 601 463 277 70 207
is_linear=0
shrinkage=0.03


Tree=93
num_leaves=6
num_cat=0
split_feature=1 17 8 16 23
split_gain=18.2999 19.823 18.1802 2.81955 0.997
threshold=4.5000000000000009 29.688344825012724 1.5000000000000002 20.160256410256412 174.50000000000003
decision_type=2 2 2 2 2
left_child=3 2 -2 4 -1
right_child=1 -3 -4 -5 -6
leaf_value=0.035600480560751067 -0.051331744931618725 0.029394255752609358 0.0005098798847142362 0.013067495862366559 0.023468054203145475
leaf_weight=11.965388000011446 6.2241268828511229 21.279534794390202 278.66588723100722 15.5343602001667 12.427198037505148
leaf_count=19 31 36 1193 33 23
internal_value=0.00395467 0.00146353 -0.000622729 0.0230574 0.0294194
internal_weight=346.096 306.17 284.89 39.9269 24.3926
internal_count=1335 1260 1224 75 42
is_linear=0
shrinkage=0.03


Tree=94
num_leaves=5
num_cat=0
split_feature=3 2 16 14
split_gain=14.4039 15.1973 17.7452 11.468
threshold=61.500000000000007 5.4550050735229236 18.506410256410259 0.99999995453292267
decision_type=2 2 2 2
left_child=1 3 -3 -1
right_child=-2 2 -4 -5
leaf_value=0.015565840790543788 0.034832293390798096 -0.011716709181225306 0.0074009136531995676 -0.0022653450634407182
leaf_weight=118.50413307547569 14.304758906364439 86.40352974832058 88.409369638189673 44.708330981433392
leaf_count=266 17 575 351 125
internal_value=0.00534598 0.00409816 -0.00204822 0.0106814
internal_weight=352.33 338.025 174.813 163.212
internal_count=1334 1317 926 391
is_linear=0
shrinkage=0.03


Tree=95
num_leaves=5
num_cat=0
split_feature=17 6 23 18
split_gain=18.1874 18.5647 20.2265 7.91529
threshold=29.688344825012724 1.186207745328435e-19 77.500000000000014 198.50000000000003
decision_type=2 2 2 2
left_child=1 3 -3 -1
right_child=-2 2 -4 -5
leaf_value=0.027198692493921664 0.029520470772984978 0.021091909869046788 -0.0051906769570431747 0.0068278899720369103
leaf_weight=29.551783956587315 22.751164652407169 29.920151676982641 221.02532469667494 40.962451837956905
leaf_count=49 38 72 1076 99
internal_value=0.0035992 0.00176464 -0.00205701 0.0153651
internal_weight=344.211 321.46 250.945 70.5142
internal_count=1334 1296 1148 148
is_linear=0
shrinkage=0.03


Tree=96
num_leaves=8
num_cat=0
split_feature=0 1 11 9 14 19 7
split_gain=23.8355 21.9545 25.4483 16.0432 16.5377 6.77078 3.23079
threshold=86.500000000000014 4.5000000000000009 11.65 3.6033564693001892 1.7888674771761341e-14 7.4500000000000011 15.500000000000002
decision_type=2 2 2 2 2 2 2
left_child=1 6 -3 5 -5 -2 -1
right_child=3 2 -4 4 -6 -7 -8
leaf_value=0.0094993925503483734 0.0035004367608690752 0.0056415160843331256 -0.015230492976298606 0.011715044285820068 -0.040809519313990954 0.028825939896645444 0.028036968009303616
leaf_weight=14.023841753602026 11.472550943493841 104.43617988750339 105.87021124735475 19.207964524626735 7.5021795928478232 55.283518418669701 21.333007782697678
leaf_count=30 25 319 743 52 28 81 39
internal_value=0.00371738 -0.0011884 -0.00486565 0.0166116 -0.00303773 0.0244736 0.0206843
internal_weight=339.129 245.663 210.306 93.4662 26.7101 66.7561 35.3568
internal_count=1317 1131 1062 186 80 106 69
is_linear=0
shrinkage=0.03


Tree=97
num_leaves=5
num_cat=0
split_feature=13 0 2 9
split_gain=15.154 14.599 17.2785 13.1523
threshold=0.35000000000000003 87.500000000000014 4.5000000000000009 3.1091146601265351
decision_type=2 2 2 2
left_child=-1 2 -2 -3
right_child=1 3 -4 -5
leaf_value=0.051445675623158507 0.014711816311265351 0.022929885667057802 -0.0038807319418485645 -0.0027946340279058081
leaf_weight=6.1360254548490039 58.189438708126545 56.753376618027687 198.24883694946766 26.12012192606926
leaf_count=14 121 92 1034 72
internal_value=0.00472067 0.00387571 0.000338178 0.014822
internal_weight=345.448 339.312 256.438 82.8735
internal_count=1333 1319 1155 164
is_linear=0
shrinkage=0.03


Tree=98
num_leaves=8
num_cat=0
split_feature=9 18 19 11 15 0 10
split_gain=15.0412 16.716 26.5864 16.4039 14.6666 15.0246 8.27787
threshold=2.3471044195366573 158.50000000000003 9.3500000000000032 11.850000000000003 36.361111111111121 55.500000000000007 0.051759401734620812
decision_type=2 2 2 2 2 2 2
left_child=4 3 -3 -2 6 -6 -1
right_child=1 2 -4 -5 5 -7 -8
leaf_value=0.028077899166548705 0.019682872451817043 -0.023016990948190572 0.0041206000174659882 -0.017693532926347563 -0.023368122206803826 0.0085276625497081072 0.0031781657855964982
leaf_weight=45.971161853522062 45.3336301445961 59.703755635768175 71.282856110483408 13.780564663931726 16.410674300044775 69.934616252779961 16.268796864897013
leaf_count=85 101 383 375 77 105 149 45
internal_value=0.00331684 -0.0022725 -0.00824873 0.0109698 0.0104679 0.00246559 0.0215694
internal_weight=338.686 190.101 130.987 59.1142 148.585 86.3453 62.24
internal_count=1320 936 758 178 384 254 130
is_linear=0
shrinkage=0.03


Tree=99
num_leaves=7
num_cat=0
split_feature=4 0 12 0 19 5
split_gain=14.5158 22.1169 13.6231 4.88505 4.46197 0.80184
threshold=0.14399220528502138 46.500000000000007 25.350000000000005 37.500000000000007 2.7500000000000004 3.5000000000000004
decision_type=2 2 2 2 2 2
left_child=1 4 -3 -2 -1 -5
right_child=3 2 -4 5 -6 -7
leaf_value=0.01538197510676524 0.0065020998877001954 0.03059446454477047 0.0032802263039803168 0.024908498268703914 -0.033382446616228079 0.035362504544220075
leaf_weight=1.8746451362967516 12.107950940728186 17.515559293329716 266.11205317825079 15.191741563379766 17.029051151126623 11.680482089519499
leaf_count=7 27 25 910 30 319 20
internal_value=0.00509304 0.00287293 0.00496703 0.0223237 -0.0285466 0.0294525
internal_weight=341.511 302.531 283.628 38.9802 18.9037 26.8722
internal_count=1338 1261 935 77 326 50
is_linear=0
shrinkage=0.03


Tree=100
num_leaves=5
num_cat=0
split_feature=13 23 5 23
split_gain=15.1179 12.998 25.7601 9.62829
threshold=0.35000000000000003 60.500000000000007 14.500000000000002 44.000000000000007
decision_type=2 2 2 2
left_child=-1 3 -3 -2
right_child=1 2 -4 -5
leaf_value=0.055041301202701579 0.005198703124394714 0.0058710367888121003 -0.017481921298057111 0.042123888254109523
leaf_weight=5.2514239847660056 12.250862378627064 260.41451567597687 50.805102720856667 13.206821992993353
leaf_count=12 32 885 371 21
internal_value=0.00453249 0.00374466 0.00205878 0.0243546
internal_weight=341.929 336.677 311.22 25.4577
internal_count=1321 1309 1256 53
is_linear=0
shrinkage=0.03


Tree=101
num_leaves=6
num_cat=0
split_feature=22 9 3 0 19
split_gain=17.4327 15.4104 19.6603 15.3619 1.77691
threshold=10.104238876098163 3.1091146601265351 57.500000000000007 87.500000000000014 10.850000000000003
decision_type=2 2 2 2 2
left_child=4 3 -3 -2 -1
right_child=1 2 -4 -5 -6
leaf_value=-0.03381251677236053 0.0038257693750214628 -0.0096789070499596029 0.034756649004224607 0.022527799976878125 -0.066146214574549347
leaf_weight=4.3772455584257832 167.67664973437786 97.986108964309096 9.8633707314729673 51.721589602530003 2.3513729311525822
leaf_count=39 602 558 12 83 18
internal_value=0.00268745 0.00367026 -0.00561505 0.00823464 -0.0451118
internal_weight=333.976 327.248 107.849 219.398 6.72862
internal_count=1312 1255 570 685 57
is_linear=0
shrinkage=0.03


Tree=102
num_leaves=8
num_cat=0
split_feature=22 20 16 3 16 9 3
split_gain=19.2252 12.9278 15.5956 12.5212 9.31727 12.0699 8.77391
threshold=13.15 11.450000000000001 18.106203007518801 25.405272785173867 15.078600405679515 1.5000000000000002 63.500000000000007
decision_type=2 2 2 2 2 2 2
left_child=1 2 -1 -3 5 -2 -6
right_child=4 3 -4 -5 6 -7 -8
leaf_value=-0.0097802796236726702 0.025647067037187072 -0.021676554672236139 0.011324763493949855 0.014127649633971878 0.011286344782893141 -0.044212439006620814 0.042241286239433622
leaf_weight=56.382012130692601 3.6014934927225095 47.425880344584584 71.438238380476832 10.790746510028837 125.13007006235421 5.8273949287831783 8.8219213485717756
leaf_count=272 8 400 210 27 347 47 8
internal_value=0.00304064 -0.00332188 0.00201525 -0.0150401 0.011296 -0.0175286 0.013325
internal_weight=329.418 186.037 127.82 58.2166 143.381 9.42889 133.952
internal_count=1319 909 482 427 410 55 355
is_linear=0
shrinkage=0.03


Tree=103
num_leaves=8
num_cat=0
split_feature=22 5 0 12 14 11 19
split_gain=16.7798 17.3618 16.2354 15.9313 15.3972 9.18093 8.01869
threshold=12.625691381498024 14.500000000000002 87.500000000000014 43.45000000000001 1.7202459632399309e-29 8.3500000000000032 11.450000000000001
decision_type=2 2 2 2 2 2 2
left_child=1 2 -1 5 -3 -2 -5
right_child=3 4 -4 6 -6 -7 -8
leaf_value=-0.0044722561845077025 0.029348800630607356 0.020202052965519506 0.020064036326285912 0.016397338133423287 -0.039600724958079439 0.0060237327825571566 0.061924854109351161
leaf_weight=97.897607879713178 16.801432713866234 4.939619384706023 32.271944671869278 6.3279264941811544 17.973683297634125 158.09535112604499 7.741022227331996
leaf_count=485 25 22 58 28 201 497 16
internal_value=0.00475444 -0.00262798 0.00161084 0.010735 -0.0267085 0.00826445 0.0414475
internal_weight=342.049 153.083 130.17 188.966 22.9133 174.897 14.0689
internal_count=1332 766 543 566 223 522 44
is_linear=0
shrinkage=0.03


Tree=104
num_leaves=8
num_cat=0
split_feature=0 22 18 19 3 19 17
split_gain=17.925 21.1222 28.0733 16.3954 20.9451 15.8674 11.7573
threshold=86.500000000000014 15.216102245126239 218.50000000000003 7.1500000000000012 37.500000000000007 11.250000000000002 11.450000000000001
decision_type=2 2 2 2 2 2 2
left_child=1 2 -1 4 -2 -3 -5
right_child=3 5 -4 6 -6 -7 -8
leaf_value=0.0030098425096518654 -0.037112934376679271 0.00097591186221785786 -0.020197906585291837 0.049064967454151419 0.02575106072848924 0.037573331088627593 0.015178755036122454
leaf_weight=113.76424694620073 11.234152324497702 25.055834457278252 79.827078729867935 11.080611974000929 8.2899302691221219 18.560407534241676 54.737689644098282
leaf_count=486 44 70 558 17 12 27 108
internal_value=0.00193137 -0.00231063 -0.00655984 0.0137219 -0.0104209 0.0165495 0.0208836
internal_weight=322.55 237.208 193.591 85.3424 19.5241 43.6162 65.8183
internal_count=1322 1141 1044 181 56 97 125
is_linear=0
shrinkage=0.03


Tree=105
num_leaves=6
num_cat=0
split_feature=22 5 19 17 19
split_gain=17.3134 18.5377 21.2689 13.64 1.37871
threshold=10.104238876098163 13.500000000000002 4.1500000000000012 29.350000000000005 10.517546642660745
decision_type=2 2 2 2 2
left_child=4 3 -3 -2 -1
right_child=1 2 -4 -5 -6
leaf_value=-0.034237779243126217 0.0063075597747959877 0.026268909612265589 -0.013017517183623172 0.036591711792271144 -0.061955776631347076
leaf_weight=4.3109536841511717 207.37591534294188 14.511882230639456 85.316260950639844 14.308825165033339 2.5826385095715523
leaf_count=37 671 31 551 21 18
internal_value=0.00241962 0.00342825 -0.0073065 0.00826228 -0.0446221
internal_weight=328.406 321.513 99.8281 221.685 6.89359
internal_count=1329 1274 582 692 55
is_linear=0
shrinkage=0.03


Tree=106
num_leaves=7
num_cat=0
split_feature=0 14 2 15 14 12
split_gain=13.8719 16.5675 20.6163 18.7672 9.04374 8.75428
threshold=86.500000000000014 0.99999995453292267 5.4550050735229236 36.19444444444445 1.3650074059751963e-25 37.650000000000013
decision_type=2 2 2 2 2 2
left_child=1 2 -1 -3 -2 -6
right_child=4 3 -4 -5 5 -7
leaf_value=0.013488811968289523 0.034702852708951681 0.0054743416356100799 -0.0050395679352973179 -0.038561912939497421 0.0011547573385635606 0.02222942406816265
leaf_weight=97.820580363273621 15.549946263432501 15.728251580148934 120.78329934552312 19.519824910908937 44.602941602468491 29.453968986868858
leaf_count=236 30 43 785 91 107 50
internal_value=0.00375604 0.00017399 0.00325149 -0.0189122 0.0139038 0.00953659
internal_weight=343.459 253.852 218.604 35.2481 89.6069 74.0569
internal_count=1342 1155 1021 134 187 157
is_linear=0
shrinkage=0.03


Tree=107
num_leaves=7
num_cat=0
split_feature=19 9 19 10 17 23
split_gain=12.1688 17.0818 22.278 11.6235 11.6174 11.8898
threshold=7.8500000000000005 3.1091146601265351 2.4500000000000006 -0.017684422151071324 29.788344825012722 201.50000000000003
decision_type=2 2 2 2 2 2
left_child=1 3 -3 -1 5 -2
right_child=4 2 -4 -5 -6 -7
leaf_value=0.0323375490148941 0.011677527322811462 0.026381792612730118 -0.028708489566880636 -0.0004291024403791529 0.034436562685127493 -0.0027770490816293311
leaf_weight=11.939991144463418 136.65033912472427 8.091268911957739 36.001207403838634 52.965865600854158 14.01412160694599 81.919547053053975
leaf_count=20 452 12 244 197 22 390
internal_value=0.00408143 -0.00418993 -0.018599 0.00559861 0.00795773 0.00625998
internal_weight=341.582 108.998 44.0925 64.9059 232.584 218.57
internal_count=1337 473 256 217 864 842
is_linear=0
shrinkage=0.03


Tree=108
num_leaves=8
num_cat=0
split_feature=16 0 5 14 0 10 23
split_gain=14.2129 15.8507 16.284 15.2194 11.0467 10.6681 9.9247
threshold=18.106203007518801 84.500000000000014 12.500000000000002 1.1825474821923402e-22 34.500000000000007 -0.025629761159788315 60.500000000000007
decision_type=2 2 2 2 2 2 2
left_child=1 2 -1 -3 5 -2 -6
right_child=4 3 -4 -5 6 -7 -8
leaf_value=-0.0018384177904294027 0.021900642643565556 0.040123773795450714 -0.028112950396154492 0.00065319445216261048 0.0316284626346151 -0.032379826507491813 0.0085239330131452271
leaf_weight=63.362422036007047 4.7116475701332083 11.831846609711645 31.925856029614806 34.222036480903625 18.681133184581995 10.567180389538406 160.42847593128681
leaf_count=265 10 22 330 87 34 103 489
internal_value=0.00358155 -0.00365726 -0.0106416 0.0107937 0.00884498 -0.0156409 0.0109337
internal_weight=335.731 141.342 95.2883 46.0539 194.388 15.2788 179.11
internal_count=1340 704 595 109 636 113 523
is_linear=0
shrinkage=0.03


Tree=109
num_leaves=5
num_cat=0
split_feature=3 23 2 0
split_gain=15.013 16.1333 14.1742 14.1045
threshold=63.500000000000007 231.50000000000003 5.4550050735229236 86.500000000000014
decision_type=2 2 2 2
left_child=1 2 -1 -3
right_child=-2 3 -4 -5
leaf_value=0.013150598513435511 0.039049980441394259 -0.022342481499017203 -0.00034274514029075513 0.0095459647736000127
leaf_weight=143.69826737418771 11.146268874406813 35.751180843450129 136.73442841880023 19.180967554450035
leaf_count=333 12 252 701 44
internal_value=0.00479767 0.00365925 0.00657146 -0.0112078
internal_weight=346.511 335.365 280.433 54.9321
internal_count=1342 1330 1034 296
is_linear=0
shrinkage=0.03


Tree=110
num_leaves=8
num_cat=0
split_feature=3 19 2 15 15 3 14
split_gain=17.8994 16.0458 39.9735 24.717 13.3299 11.632 2.0848
threshold=19.500000000000004 10.24426323488815 5.2115059321896018 36.894444444444453 35.583333333333336 63.500000000000007 4.5733545977212686e-21
decision_type=2 2 2 2 2 2 2
left_child=1 2 -1 -3 6 -6 -2
right_child=4 3 -4 -5 5 -7 -8
leaf_value=0.0043961391302293979 0.040175445372527825 0.011836454468603987 -0.032447823656160668 -0.035003175075841317 0.0015371991415663458 0.033458951712007662 0.022167945064660872
leaf_weight=56.528463620692492 9.3546496182680148 68.354772808030248 49.893887558951974 11.90536501444876 104.17297074384987 11.397707074880598 15.168973259627817
leaf_count=154 13 283 463 86 291 14 28
internal_value=0.000843064 -0.00523932 -0.0128774 0.00488851 0.00894813 0.00468536 0.029037
internal_weight=326.777 186.682 106.422 80.2601 140.094 115.571 24.5236
internal_count=1332 986 617 369 346 305 41
is_linear=0
shrinkage=0.03


Tree=111
num_leaves=8
num_cat=0
split_feature=0 19 10 22 3 10 21
split_gain=16.5456 19.9433 22.3663 14.4644 10.943 10.3045 5.757
threshold=75.500000000000014 13.15 0.024917218589739682 13.423376760875996 11.500000000000002 -3.060245954635856e-16 0.51697347450054409
decision_type=2 2 2 2 2 2 2
left_child=1 2 -1 -3 6 -6 -2
right_child=4 3 -4 -5 5 -7 -8
leaf_value=-0.0026418058897407152 -0.033343167993641565 -0.0015020495840273316 -0.034543723495106746 0.036612703779010457 0.024700830245165912 0.0075198956302327171 0.0073659673772560295
leaf_weight=79.804469516500831 7.7715863510966283 20.468752609565854 26.296320745721459 15.938843362033365 41.083454042673111 133.54116065055132 5.2308122515678406
leaf_count=496 36 129 218 35 67 313 11
internal_value=0.00373189 -0.00397437 -0.0105485 0.0151842 0.00958504 0.011562 -0.016966
internal_weight=330.135 142.508 106.101 36.4076 187.627 174.625 13.0024
internal_count=1305 878 714 164 427 380 47
is_linear=0
shrinkage=0.03


Tree=112
num_leaves=8
num_cat=0
split_feature=10 17 0 10 0 22 14
split_gain=21.7257 22.7753 16.6074 9.75223 7.88882 9.10209 6.21874
threshold=-3.060245954635856e-16 11.350000000000003 46.500000000000007 0.06504614231668239 58.500000000000007 13.423376760875996 1.2551356729263047e-24
decision_type=2 2 2 2 2 2 2
left_child=4 3 -3 -2 5 -1 -6
right_child=1 2 -4 -5 6 -7 -8
leaf_value=-0.03305126427568985 -0.042310987812796401 -0.026322238880254877 0.0034856074344674676 0.011758561425703763 0.040166709844147115 0.018818440439414746 0.016291213082042056
leaf_weight=5.7510418444871885 16.290366249158982 18.302492748014629 207.98759944550693 3.6805039364844552 12.017221212387083 6.4704221300780773 53.660013843327761
leaf_count=41 160 250 694 16 18 16 106
internal_value=0.00273254 -0.0016356 0.00107473 -0.0323463 0.0165415 -0.00558983 0.0206598
internal_weight=324.16 246.261 226.29 19.9709 77.8987 12.2215 65.6772
internal_count=1301 1120 944 176 181 57 124
is_linear=0
shrinkage=0.03


Tree=113
num_leaves=5
num_cat=0
split_feature=3 5 23 20
split_gain=13.5143 13.2657 21.3391 14.4358
threshold=61.500000000000007 14.500000000000002 64.500000000000014 14.65
decision_type=2 2 2 2
left_child=1 3 -3 -1
right_child=-2 2 -4 -5
leaf_value=0.0023987667131978732 0.031234026435833152 0.027565127177841389 -0.021146935023170877 0.048182249013661124
leaf_weight=264.38964679464698 13.612275242805479 9.8197542130947095 46.045082671567798 6.3469969294965258
leaf_count=952 18 15 379 22
internal_value=0.0019463 0.000725631 -0.0125845 0.00347209
internal_weight=340.214 326.601 55.8648 270.737
internal_count=1386 1368 394 974
is_linear=0
shrinkage=0.03


Tree=114
num_leaves=7
num_cat=0
split_feature=22 21 6 0 6 5
split_gain=16.5746 12.031 13.6188 10.4374 1.16584 0.097107
threshold=10.104238876098163 1.7348986462441494 0.0021950593160774711 76.500000000000014 0.00063010714643578567 11.935164148104809
decision_type=2 2 2 2 2 2
left_child=4 2 -2 -3 -1 -6
right_child=1 3 -4 -5 5 -7
leaf_value=-0.069088583313132973 0.013877796036564921 -0.051425548458871428 0.00053018717748286477 0.0032371712139025416 -0.044173985659925107 -0.034044203521022651
leaf_weight=1.8435410894453514 102.76888527534902 6.496744476258753 208.12802390847355 6.0914788246154785 1.8473415523767474 1.5803089663386343
leaf_count=10 245 46 969 13 16 26
internal_value=0.00291827 0.00377814 0.00494232 -0.0249741 -0.0498507 -0.0395037
internal_weight=328.756 323.485 310.897 12.5882 5.27119 3.42765
internal_count=1325 1273 1214 59 52 42
is_linear=0
shrinkage=0.03


Tree=115
num_leaves=7
num_cat=0
split_feature=22 2 24 0 6 0
split_gain=17.6036 14.6192 16.2633 10.2208 1.27332 0.0844557
threshold=10.104238876098163 5.2115059321896018 0.52740634116376517 47.500000000000007 1.8017538757102901e-12 67.500000000000014
decision_type=2 2 2 2 2 2
left_child=4 3 -3 -2 -1 -6
right_child=1 2 -4 -5 5 -7
leaf_value=-0.068890999555807311 -0.0086083221351741634 0.035496457073020238 -0.0052227155022847496 0.013084657031705584 -0.034963455118767695 -0.044256736169154848
leaf_weight=2.1106524318456641 23.045445539057255 9.3377561271190626 161.65154497232288 128.78025256097317 1.8314535152167084 1.6942929383367298
leaf_count=10 108 41 869 266 29 13
internal_value=0.00209905 0.00301677 -0.00299903 0.00979191 -0.0504618 -0.0394293
internal_weight=328.451 322.815 170.989 151.826 5.6364 3.52575
internal_count=1336 1284 910 374 52 42
is_linear=0
shrinkage=0.03


Tree=116
num_leaves=5
num_cat=0
split_feature=17 21 23 0
split_gain=16.9036 13.6452 13.042 6.92126
threshold=29.350000000000005 1.7348986462441494 60.500000000000007 76.500000000000014
decision_type=2 2 2 2
left_child=1 2 -1 -3
right_child=-2 3 -4 -5
leaf_value=0.024362534708189172 0.029396467470007338 -0.049766857232342941 0.0016363660473592153 -0.0055478329841237434
leaf_weight=24.780886715278029 22.062928780913353 6.5227728560566884 274.16162758413702 6.2270165830850601
leaf_count=55 37 47 1178 15
internal_value=0.0040202 0.00222395 0.00352026 -0.0281702
internal_weight=333.755 311.692 298.943 12.7498
internal_count=1332 1295 1233 62
is_linear=0
shrinkage=0.03


Tree=117
num_leaves=5
num_cat=0
split_feature=13 18 3 19
split_gain=14.2524 18.2592 16.8637 13.9876
threshold=0.35000000000000003 218.50000000000003 33.500000000000007 11.350000000000003
decision_type=2 2 2 2
left_child=-1 3 -3 -2
right_child=1 2 -4 -5
leaf_value=0.049388620885674424 0.0031318723265865004 -0.01093774527431658 0.022089207192713088 0.021645865420573649
leaf_weight=5.844854772090911 140.25357527844608 109.86620470322669 15.93191874027252 49.756218709051609
leaf_count=12 522 631 27 119
internal_value=0.00296959 0.00211048 -0.00675499 0.00797997
internal_weight=321.653 315.808 125.798 190.01
internal_count=1311 1299 658 641
is_linear=0
shrinkage=0.03


Tree=118
num_leaves=8
num_cat=0
split_feature=15 20 24 19 22 20 16
split_gain=13.3537 12.1245 12.396 10.8261 9.29401 7.46109 6.17464
threshold=37.083333333333336 14.250000000000002 0.52740634116376517 13.350000000000003 12.99574629814011 10.050000000000002 18.62284482758621
decision_type=2 2 2 2 2 2 2
left_child=1 2 -1 -3 5 -2 -6
right_child=4 3 -4 -5 6 -7 -8
leaf_value=0.032944596315378105 -0.0060490758262585504 -0.0039224237482995885 0.0034696417966280212 0.061236049219126079 0.021204015081183157 -0.052234521429107075 -0.021813375171650117
leaf_weight=13.447029581293462 5.171255866065624 3.542880376800893 285.19862259179354 6.5152778513729572 6.7860759459435922 8.045979389920829 5.3870149813592434
leaf_count=49 18 32 1111 19 19 66 25
internal_value=0.00416781 0.0058879 0.0047968 0.0382847 -0.0167456 -0.0341644 0.00216733
internal_weight=334.094 308.704 298.646 10.0582 25.3903 13.2172 12.1731
internal_count=1339 1211 1160 51 128 84 44
is_linear=0
shrinkage=0.03


Tree=119
num_leaves=5
num_cat=0
split_feature=7 5 0 22
split_gain=10.6614 11.2034 18.6344 8.34155
threshold=81.000000000000014 6.5000000000000009 49.500000000000007 11.950000000000001
decision_type=2 2 2 2
left_child=1 3 -3 -1
right_child=-2 2 -4 -5
leaf_value=-0.0053392507994658531 0.036325404926112415 -0.031300685818546989 0.0014746027925868974 0.018600630198966534
leaf_weight=17.321419382467866 8.4971161186695081 16.754336325451732 229.02278683520854 53.738912196829915
leaf_count=53 10 320 819 120
internal_value=0.00316305 0.00227369 -0.00075965 0.0127651
internal_weight=325.335 316.837 245.777 71.0603
internal_count=1322 1312 1139 173
is_linear=0
shrinkage=0.03


Tree=120
num_leaves=7
num_cat=0
split_feature=19 13 23 20 10 0
split_gain=15.9069 23.2139 18.5152 13.3612 16.2625 11.6994
threshold=11.350000000000003 0.93619838954138046 103.50000000000001 13.950000000000001 8.595758682201427e-17 85.500000000000014
decision_type=2 2 2 2 2 2
left_child=1 2 -1 4 -2 -3
right_child=3 5 -4 -5 -6 -7
leaf_value=0.0095613677519217639 0.01983258801723797 0.00075348956889455189 -0.017574727887879442 0.047489765718078045 -0.0055068595050982759 0.021609068805724479
leaf_weight=30.732271762564778 56.489280672743917 59.271842176094651 85.830330799333751 9.1928738448768836 38.215861987322569 40.921626247465611
leaf_count=103 160 201 574 35 166 70
internal_value=0.00330819 -0.0013179 -0.0104202 0.0129593 0.0096075 0.00927145
internal_weight=320.654 216.756 116.563 103.898 94.7051 100.193
internal_count=1309 948 677 361 326 271
is_linear=0
shrinkage=0.03


Tree=121
num_leaves=5
num_cat=0
split_feature=12 19 2 0
split_gain=13.2428 11.9693 15.624 11.7333
threshold=25.350000000000005 11.350000000000003 4.5000000000000009 37.500000000000007
decision_type=2 2 2 2
left_child=-1 2 -2 -3
right_child=1 3 -4 -5
leaf_value=0.026949322178823069 0.014801231660503022 -0.019027653251637661 -0.0067957168205374169 0.01319862183067858
leaf_weight=19.71668928861618 37.067239746451378 11.395306399092076 161.48823630344123 94.423376252874732
leaf_count=32 81 110 827 270
internal_value=0.00312257 0.00157913 -0.0027639 0.00972827
internal_weight=324.091 304.374 198.555 105.819
internal_count=1320 1288 908 380
is_linear=0
shrinkage=0.03


Tree=122
num_leaves=4
num_cat=0
split_feature=13 7 10
split_gain=15.0586 14.9441 16.2446
threshold=0.35000000000000003 64.500000000000014 -0.011800934023064183
decision_type=2 2 2
left_child=-1 2 -2
right_child=1 -3 -4
leaf_value=0.050278124025177375 0.013805128607245911 0.030095949762228912 -0.0038323936028075312
leaf_weight=5.6881919130682936 58.232252169400454 15.15891197323799 243.60044229682535
leaf_count=13 135 21 1173
internal_value=0.0018983 0.00103016 -0.000429606
internal_weight=322.68 316.992 301.833
internal_count=1342 1329 1308
is_linear=0
shrinkage=0.03


Tree=123
num_leaves=8
num_cat=0
split_feature=16 19 0 7 0 15 5
split_gain=13.8743 14.251 19.086 15.4007 10.0658 9.47292 8.88599
threshold=18.106203007518801 11.350000000000003 87.500000000000014 12.500000000000002 46.500000000000007 36.361111111111121 13.500000000000002
decision_type=2 2 2 2 2 2 2
left_child=1 2 -1 -3 5 -2 -6
right_child=4 3 -4 -5 6 -7 -8
leaf_value=-0.019395812650225105 0.0087304403223583994 0.048316619118552388 0.010238778904995601 0.0016307049747501313 0.016183864329034129 -0.030882487313802887 0.0013496237348824263
leaf_weight=66.178758515976369 11.096036680042745 7.8523432835936537 27.766011148691177 33.44567140378058 105.64614018425345 10.645928220823405 55.400928715243936
leaf_count=468 53 43 65 120 244 111 199
internal_value=0.00310432 -0.00418035 -0.0106371 0.0105075 0.00849413 -0.010666 0.0110808
internal_weight=318.032 135.243 93.9448 41.298 182.789 21.742 161.047
internal_count=1303 696 533 163 607 164 443
is_linear=0
shrinkage=0.03


Tree=124
num_leaves=7
num_cat=0
split_feature=20 24 5 16 10 18
split_gain=12.7398 15.5436 17.2684 14.8352 9.6941 9.18746
threshold=10.250000000000002 2.1500000000000008 12.500000000000002 16.206389452332662 -0.023034399185463378 139.50000000000003
decision_type=2 2 2 2 2 2
left_child=3 2 -2 4 -1 -5
right_child=1 -3 -4 5 -6 -7
leaf_value=0.023244558685135856 0.0025158871490701309 0.029288699721080554 -0.018808267750052753 0.025671993702274222 -0.021545490677810697 0.0084696428464950176
leaf_weight=5.5613099634647396 93.60775762796402 12.724102210253475 53.834549486637115 38.091359447687864 19.949940041638911 104.87282363325357
leaf_count=10 366 22 465 68 106 303
internal_value=0.00353333 -0.0025246 -0.00527005 0.00929249 -0.0117815 0.013053
internal_weight=328.642 160.166 147.442 168.475 25.5113 142.964
internal_count=1340 853 831 487 116 371
is_linear=0
shrinkage=0.03


Tree=125
num_leaves=5
num_cat=0
split_feature=17 18 19 16
split_gain=16.9496 16.178 15.0425 8.9756
threshold=29.688344825012724 158.50000000000003 10.350000000000003 22.064393939393941
decision_type=2 2 2 2
left_child=1 3 -3 -1
right_child=-2 2 -4 -5
leaf_value=0.015060089150181434 0.027734505262073526 -0.012192207267780919 0.0034635750363229694 -0.014659502218610794
leaf_weight=71.088438086211681 20.931179210543633 110.914127307944 110.02849570848048 10.496134854853151
leaf_count=201 37 599 454 34
internal_value=0.00162633 -0.000180037 -0.00439569 0.0112366
internal_weight=323.458 302.527 220.943 81.5846
internal_count=1325 1288 1053 235
is_linear=0
shrinkage=0.03


Tree=126
num_leaves=7
num_cat=0
split_feature=22 9 23 0 24 3
split_gain=14.5902 11.8439 21.022 9.603 5.28483 1.00319
threshold=10.319931711157547 1.5000000000000002 215.50000000000003 50.500000000000007 1.4056428661015048 15.500000000000002
decision_type=2 2 2 2 2 2
left_child=4 3 -3 -2 5 -1
right_child=1 2 -4 -5 -6 -7
leaf_value=-0.040402899421452657 -0.0040623619484955395 0.0056068818330274146 -0.017786178768265166 0.01759040981188717 0.0032779743374761745 -0.065823855202616785
leaf_weight=4.2836456224322301 23.524105213582516 164.46221161913127 43.776065249927342 85.196087770164013 2.4355283007025719 2.0734066497534513
leaf_count=52 107 681 286 169 9 11
internal_value=0.00382198 0.00487945 0.000689169 0.0129053 -0.034298 -0.0486942
internal_weight=325.751 316.958 208.238 108.72 8.79258 6.35705
internal_count=1315 1243 967 276 72 63
is_linear=0
shrinkage=0.03


Tree=127
num_leaves=7
num_cat=0
split_feature=0 23 23 5 14 11
split_gain=11.3304 20.6339 22.9352 8.27164 12.8083 6.63718
threshold=86.500000000000014 35.000000000000007 58.000000000000007 14.500000000000002 4.8818200686813086e-25 10.350000000000003
decision_type=2 2 2 2 2 2
left_child=1 -1 -3 4 -2 -5
right_child=3 2 -4 5 -6 -7
leaf_value=-0.064761451018757896 0.051827464008327724 0.036670322086871786 -0.0028197374836339433 0.013427947160217134 0.011122777049664329 -0.025673182414887776
leaf_weight=4.5679365843534461 7.8903871923685065 14.114845883101223 212.67808386683464 7.0635855197906485 58.837437160313129 8.7429965287446958
leaf_count=22 10 25 1069 14 121 39
internal_value=0.00177077 -0.00163349 -0.000362006 0.0113136 0.015936 -0.00819982
internal_weight=313.895 231.361 226.793 82.5344 66.7278 15.8066
internal_count=1300 1116 1094 184 131 53
is_linear=0
shrinkage=0.03


Tree=128
num_leaves=7
num_cat=0
split_feature=21 5 19 15 5 0
split_gain=13.0267 11.9683 24.3213 11.6019 9.33306 1.99017
threshold=1.700145145719514 13.500000000000002 4.1500000000000012 36.894444444444453 4.5000000000000009 70.500000000000014
decision_type=2 2 2 2 2 2
left_child=1 3 -3 -1 -2 -6
right_child=4 2 -4 -5 5 -7
leaf_value=0.010413050230703673 0.0016194985326161287 0.027816903537067516 -0.012017374377397872 -0.0096861053114593951 -0.03954294981540004 -0.073759210699119282
leaf_weight=176.45542879775167 4.8664252869784814 16.61213756352663 81.339913781732321 30.283416068181396 3.7053926503285766 2.6058460101485252
leaf_count=527 17 32 539 144 35 12
internal_value=0.00220937 0.00337626 -0.0052617 0.0074689 -0.0295989 -0.0536705
internal_weight=315.869 304.691 97.9521 206.739 11.1777 6.31124
internal_count=1306 1242 571 671 64 47
is_linear=0
shrinkage=0.03


Tree=129
num_leaves=4
num_cat=0
split_feature=7 24 5
split_gain=17.0911 16.3447 14.0133
threshold=64.500000000000014 3.2000000000000006 13.500000000000002
decision_type=2 2 2
left_child=1 2 -1
right_child=-2 -3 -4
leaf_value=0.0054149297916696766 0.032079507296710219 -0.048575936760115075 -0.0090363994070501857
leaf_weight=212.25303989835083 16.047321408987045 6.0328832231461993 84.405618329532444
leaf_count=725 21 30 570
internal_value=0.00190861 0.000309092 0.00130322
internal_weight=318.739 302.692 296.659
internal_count=1346 1325 1295
is_linear=0
shrinkage=0.03


Tree=130
num_leaves=7
num_cat=0
split_feature=22 4 0 0 19 20
split_gain=15.9426 13.781 13.531 4.74562 4.48665 3.87681
threshold=10.319931711157547 8.2334117962515148e-17 46.500000000000007 58.500000000000007 8.5500000000000025 9.4500000000000011
decision_type=2 2 2 2 2 2
left_child=4 2 -2 -3 5 -1
right_child=1 3 -4 -5 -6 -7
leaf_value=0.014110449848694962 -0.026766399448631316 0.0092870717615245787 0.0032481689703616253 0.031414399610945068 -0.057259668099831788 -0.039388260218751532
leaf_weight=2.174939973279832 14.278377195820211 15.69884319603443 253.78986130096018 19.63188661634922 4.503427192568779 2.7738300487399101
leaf_count=8 285 43 858 40 37 34
internal_value=0.00277531 0.00397065 0.00164947 0.0215824 -0.035593 -0.0158761
internal_weight=312.851 303.399 268.068 35.3307 9.4522 4.94877
internal_count=1305 1226 1143 83 79 42
is_linear=0
shrinkage=0.03


Tree=131
num_leaves=4
num_cat=0
split_feature=3 12 5
split_gain=11.8595 10.8769 12.4804
threshold=61.500000000000007 25.350000000000005 14.500000000000002
decision_type=2 2 2
left_child=1 -1 -3
right_child=-2 2 -4
leaf_value=0.027406063706705744 0.033501464400567851 0.0053866980000421448 -0.010897830898008486
leaf_weight=16.772857211530209 12.677093863487242 245.17091185599566 51.202552204020321
leaf_count=27 16 893 377
internal_value=0.00505502 0.00390342 0.00257332
internal_weight=325.823 313.146 296.373
internal_count=1313 1297 1270
is_linear=0
shrinkage=0.03


Tree=132
num_leaves=7
num_cat=0
split_feature=1 0 20 16 15 2
split_gain=12.2979 20.4639 12.9169 2.36836 0.795513 0.163075
threshold=4.5000000000000009 46.500000000000007 14.65 19.773504273504276 36.305555555555564 4.5000000000000009
decision_type=2 2 2 2 2 2
left_child=3 5 -3 4 -1 -2
right_child=1 2 -4 -5 -6 -7
leaf_value=0.031662882237667077 -0.043294203801597916 0.0013157367949647605 0.044334195669524797 0.01015196902206807 0.019747330782473083 -0.032638352490077384
leaf_weight=10.55689673125744 1.4285661205649365 264.69590349402279 6.4346069414168587 14.722015954554079 9.654156491160391 13.577794120647011
leaf_count=23 8 934 21 37 22 309
internal_value=0.0025007 0.000449218 0.00233667 0.0193044 0.0259712 -0.0336528
internal_weight=321.07 286.137 271.131 34.9331 20.2111 15.0064
internal_count=1354 1272 955 82 45 317
is_linear=0
shrinkage=0.03


Tree=133
num_leaves=5
num_cat=0
split_feature=3 5 20 0
split_gain=12.2012 12.0909 21.0464 12.7792
threshold=63.500000000000007 12.500000000000002 12.050000000000002 74.500000000000014
decision_type=2 2 2 2
left_child=1 3 -3 -1
right_child=-2 2 -4 -5
leaf_value=-0.0017103112008461957 0.033160765143165155 -0.00069705228308613242 -0.035063576917980295 0.013557871060405256
leaf_weight=98.722495302557945 11.237756714224814 101.024403876625 19.0644984357059 98.625473603606224
leaf_count=467 14 429 269 191
internal_value=0.00244031 0.00135276 -0.00615285 0.00592003
internal_weight=328.675 317.437 120.089 197.348
internal_count=1370 1356 698 658
is_linear=0
shrinkage=0.03


Tree=134
num_leaves=8
num_cat=0
split_feature=22 1 3 13 13 19 22
split_gain=17.8113 24.2616 18.6839 18.3137 9.83479 12.6919 8.0238
threshold=12.506471160744963 5.3483935357417165 14.500000000000002 0.55000000000000016 1.0500000000000003 12.050000000000002 12.850000000000003
decision_type=2 2 2 2 2 2 2
left_child=1 3 -3 -1 5 -2 -6
right_child=4 2 -4 -5 6 -7 -8
leaf_value=0.043105473278775945 -0.0033292163701717451 -0.03909444988748554 -0.0074252258656971959 0.00052523932446697081 0.038336572051954003 0.019447339536162372 0.012164951057629599
leaf_weight=11.504132822155951 84.003898100927472 23.214356913231313 60.360607527196407 43.335010476410389 12.782029065303503 29.840488612651825 60.185123577713966
leaf_count=18 351 345 260 120 20 97 142
internal_value=0.00210847 -0.00604773 -0.0162219 0.0094577 0.00815163 0.00264089 0.0167496
internal_weight=325.226 138.414 83.575 54.8391 186.812 113.844 72.9672
internal_count=1353 743 605 138 610 448 162
is_linear=0
shrinkage=0.03


Tree=135
num_leaves=6
num_cat=0
split_feature=6 16 3 16 0
split_gain=16.6001 22.3621 17.9686 7.58967 3.38073
threshold=1.186207745328435e-19 25.150268336314848 24.500000000000004 16.431677018633543 35.500000000000007
decision_type=2 2 2 2 2
left_child=3 2 -2 -1 -5
right_child=1 -3 -4 4 -6
leaf_value=-0.011955430755891228 -0.011724343078499955 0.034022059682509806 0.0061181282356811469 0.0041696603200644181 0.023318049186809665
leaf_weight=8.4487476274371129 160.47147718537599 13.221982851624487 74.326495964080095 10.765395747497676 36.2100660353899
leaf_count=29 991 23 183 29 74
internal_value=-0.000621587 -0.00393857 -0.00607622 0.0142217 0.0189298
internal_weight=303.444 248.02 234.798 55.4242 46.9755
internal_count=1329 1197 1174 132 103
is_linear=0
shrinkage=0.03


Tree=136
num_leaves=5
num_cat=0
split_feature=13 4 18 0
split_gain=11.7451 11.6094 14.6819 6.5225
threshold=0.35000000000000003 0.14399220528502138 161.50000000000003 38.500000000000007
decision_type=2 2 2 2
left_child=-1 2 -2 -3
right_child=1 3 -4 -5
leaf_value=0.044736152184323433 0.0085642202082712778 -0.00056486818974371016 -0.0067341027632132266 0.02773623854192362
leaf_weight=5.3018035553395739 79.655252063646913 11.780340708792211 193.88617921061814 19.396555550396442
leaf_count=13 236 30 1028 45
internal_value=0.000467876 -0.000302349 -0.00227923 0.0170425
internal_weight=310.02 304.718 273.541 31.1769
internal_count=1352 1339 1264 75
is_linear=0
shrinkage=0.03


Tree=137
num_leaves=7
num_cat=0
split_feature=5 19 16 0 5 17
split_gain=13.5152 15.2997 18.0109 12.6754 14.5095 9.53833
threshold=13.500000000000002 4.1500000000000012 25.699095022624437 55.500000000000007 3.5000000000000004 13.756819600821482
decision_type=2 2 2 2 2 2
left_child=3 -2 -3 4 -1 -5
right_child=1 2 -4 5 -6 -7
leaf_value=0.017558008972865129 0.021519456501045874 -0.016340415332796038 0.039358174250269051 0.0022904128157644125 -0.021403722564450566 0.016170478559285648
leaf_weight=12.442527916282414 13.841781344264744 77.003763437271118 5.6053945664316407 88.890325624495745 27.872902799397707 89.345305595546961
leaf_count=33 30 565 8 242 278 179
internal_value=0.00168395 -0.00767009 -0.012561 0.00581207 -0.00937899 0.00924816
internal_weight=315.002 96.4509 82.6092 218.551 40.3154 178.236
internal_count=1335 603 573 732 311 421
is_linear=0
shrinkage=0.03


Tree=138
num_leaves=5
num_cat=0
split_feature=7 17 21 6
split_gain=12.2738 9.906 13.4898 3.04853
threshold=64.500000000000014 29.688344825012724 1.7348986462441494 0.99999999999963629
decision_type=2 2 2 2
left_child=1 2 -1 -3
right_child=-2 3 -4 -5
leaf_value=0.0003107420620935319 0.027184065014150511 0.033719989509499886 -0.036490401137276619 0.010001589087271237
leaf_weight=272.21662545669824 16.400438487529755 9.2170864939689636 9.2697551185265166 10.357777807861567
leaf_count=1226 25 15 57 25
internal_value=0.00191065 0.000533866 -0.000901173 0.0211697
internal_weight=317.462 301.061 281.486 19.5749
internal_count=1348 1323 1283 40
is_linear=0
shrinkage=0.03


Tree=139
num_leaves=6
num_cat=0
split_feature=17 13 14 12 0
split_gain=13.3237 10.6822 11.3316 3.5197 1.29154
threshold=10.781241100207819 0.35000000000000003 4.2315990594125236e-29 33.45000000000001 78.500000000000014
decision_type=2 2 2 2 2
left_child=3 -2 -3 -1 -5
right_child=1 2 -4 4 -6
leaf_value=-0.0067987563329659989 0.04641946008716135 0.016028775921641453 -0.0014196189394152885 -0.035722952003445878 -0.062757054955057498
leaf_weight=2.9200891554355604 4.7168058380484572 38.651920248754323 251.23896893113852 4.0723498808220029 2.6097155436873436
leaf_count=14 10 117 1088 65 13
internal_value=0.000502034 0.0016355 0.000906822 -0.0342743 -0.0462813
internal_weight=304.21 294.608 289.891 9.60215 6.68207
internal_count=1307 1215 1205 92 78
is_linear=0
shrinkage=0.03


Tree=140
num_leaves=5
num_cat=0
split_feature=13 23 5 17
split_gain=9.16652 10.7185 15.0248 13.8922
threshold=0.35000000000000003 60.500000000000007 13.500000000000002 14.65
decision_type=2 2 2 2
left_child=-1 3 -3 -2
right_child=1 2 -4 -5
leaf_value=0.040097944023091817 0.041694266858797353 0.003837697251790903 -0.011270532857960239 -0.0047758462521184852
leaf_weight=5.4764500595629206 12.683573266491296 198.45975830126554 84.44978741556406 10.652512695640324
leaf_count=14 21 686 581 30
internal_value=0.00162769 0.000939742 -0.000672178 0.0204815
internal_weight=311.722 306.246 282.91 23.3361
internal_count=1332 1318 1267 51
is_linear=0
shrinkage=0.03


Tree=141
num_leaves=7
num_cat=0
split_feature=14 19 9 19 19 15
split_gain=14.3255 13.0767 13.358 12.5746 16.864 15.8573
threshold=1.1825474821923402e-22 2.7500000000000004 1.5000000000000002 10.65 11.750000000000002 36.69444444444445
decision_type=2 2 2 2 2 2
left_child=3 -2 -3 5 -5 -1
right_child=1 2 -4 4 -6 -7
leaf_value=0.011049119240256753 0.028534903838760294 0.0059601224212623522 -0.0094369512174836499 0.051788542932927506 0.0084798854491537831 -0.03429567583907512
leaf_weight=37.834381080232561 11.980501372367142 81.134754244238138 135.24132197257131 14.105788557790218 18.980194020085037 8.5003397716209275
leaf_count=178 22 244 706 33 78 65
internal_value=0.00184273 -0.00197424 -0.0036635 0.0128176 0.026944 0.00273039
internal_weight=307.777 228.357 216.376 79.4207 33.086 46.3347
internal_count=1326 972 950 354 111 243
is_linear=0
shrinkage=0.03


Tree=142
num_leaves=8
num_cat=0
split_feature=10 0 3 19 5 10 21
split_gain=11.7704 16.4654 16.536 15.8899 21.5796 19.7148 3.72532
threshold=-2.3411858341653391e-16 74.500000000000014 13.500000000000002 12.550000000000002 13.500000000000002 -3.4321628000018565e-17 0.45854451861835382
decision_type=2 2 2 2 2 2 2
left_child=1 2 -1 5 -5 -2 -3
right_child=3 6 -4 4 -6 -7 -8
leaf_value=0.013641890374467053 -0.027069023965114795 0.033693820244447961 -0.031420519398004755 0.01980730154601534 -0.030806266911648134 -0.0018604000266766315 0.015388539157874267
leaf_weight=17.674702431075278 34.159202177077532 19.487100556492805 12.520950978621839 47.357052294537425 9.0264985151588899 152.89885027706623 20.565234780311584
leaf_count=61 230 27 53 147 73 711 41
internal_value=0.00086582 0.0116838 -0.00504372 -0.00225585 0.0117045 -0.00646382 0.0242948
internal_weight=313.69 70.248 30.1957 243.442 56.3836 187.058 40.0523
internal_count=1343 182 114 1161 220 941 68
is_linear=0
shrinkage=0.03


Tree=143
num_leaves=8
num_cat=0
split_feature=22 7 15 18 7 23 18
split_gain=11.3546 16.4885 13.5837 9.53902 12.4081 9.37146 3.53314
threshold=13.843110225581352 45.500000000000007 37.083333333333336 158.50000000000003 35.500000000000007 130.50000000000003 248.50000000000003
decision_type=2 2 2 2 2 2 2
left_child=1 2 -1 5 -5 -2 -3
right_child=3 6 -4 4 -6 -7 -8
leaf_value=-0.0038305766944572608 0.011744775435280758 0.008723518307552202 -0.032189403363831803 0.0066622879774099449 -0.036402051103134145 0.044944386348982436 0.030641297658413946
leaf_weight=178.76671032048762 29.370967704802752 14.209713000804188 16.614155971445143 44.302009267732501 6.9687984287738791 10.348231308162211 12.391655713319777
leaf_count=951 72 31 104 150 27 13 17
internal_value=0.000433266 -0.00322514 -0.00624206 0.00935844 0.000808924 0.0203944 0.0189334
internal_weight=312.972 221.982 195.381 90.99 51.2708 39.7192 26.6014
internal_count=1365 1103 1055 262 177 85 48
is_linear=0
shrinkage=0.03


Tree=144
num_leaves=8
num_cat=0
split_feature=14 21 19 0 3 16 14
split_gain=11.2628 12.2572 16.0003 10.8879 12.1345 7.06917 3.83661
threshold=1.1825474821923402e-22 0.29146003888153144 7.1500000000000012 46.500000000000007 6.5000000000000009 29.61208576998051 4.7261583672093421e-26
decision_type=2 2 2 2 2 2 2
left_child=1 2 -1 5 -5 -2 -3
right_child=3 6 -4 4 -6 -7 -8
leaf_value=-0.023688717292548948 -0.03052037495222671 0.020550293828214349 0.014297769985457514 0.032357175538041759 -3.2561506714483817e-05 0.036058112589361861 0.044767346861513742
leaf_weight=13.176323347724972 14.530414925888181 13.943322515115144 41.133499969728291 10.967389559373258 204.83308730460703 1.5926192998886115 10.190995199605821
leaf_count=90 266 36 205 35 671 2 16
internal_value=0.00316047 0.012987 0.00508172 -0.000163169 0.00161355 -0.0239438 0.0307762
internal_weight=310.368 78.4441 54.3098 231.924 215.8 16.123 24.1343
internal_count=1321 347 295 974 706 268 52
is_linear=0
shrinkage=0.03


Tree=145
num_leaves=5
num_cat=0
split_feature=13 19 18 18
split_gain=9.43515 9.29876 21.1164 11.4718
threshold=0.35000000000000003 10.350000000000003 180.50000000000003 182.50000000000003
decision_type=2 2 2 2
left_child=-1 2 -2 -3
right_child=1 3 -4 -5
leaf_value=0.042512226843665922 0.009075915624950321 -0.011626564941721975 -0.011608000587210945 0.012050112864711087
leaf_weight=5.3001485988497725 80.684781561605632 22.059916123747826 98.838623073883355 111.54388756211847
leaf_count=14 264 74 554 436
internal_value=0.00281988 0.00214802 -0.00231185 0.00814075
internal_weight=318.427 313.127 179.523 133.604
internal_count=1342 1328 818 510
is_linear=0
shrinkage=0.03


Tree=146
num_leaves=8
num_cat=0
split_feature=22 10 10 10 16 12 14
split_gain=15.9376 15.4116 17.0967 15.6283 11.7169 11.1407 4.16646
threshold=12.625691381498024 0.0024083538092637834 2.4298151768035868e-16 0.10445997352406296 14.922619047619049 43.45000000000001 9.5333404876552419e-26
decision_type=2 2 2 2 2 2 2
left_child=1 2 -1 -3 6 -6 -2
right_child=4 3 -4 -5 5 -7 -8
leaf_value=-0.0035640925577676082 0.0044291608310756533 -0.035424354651741083 0.059083651813723485 0.001131561042878215 0.0053601301209225344 0.03436940881450274 -0.041701399506026984
leaf_weight=81.7704963600263 2.4815038517117483 28.991670124232769 4.1179659385234109 16.524694552645087 148.30675830319524 12.955521176569162 6.0782668776810169
leaf_count=469 16 223 12 66 452 44 47
internal_value=-0.000194902 -0.00803963 -0.000560415 -0.0221527 0.00587518 0.00769068 -0.028328
internal_weight=301.227 131.405 85.8885 45.5164 169.822 161.262 8.55977
internal_count=1329 770 481 289 559 496 63
is_linear=0
shrinkage=0.03


Tree=147
num_leaves=8
num_cat=0
split_feature=0 9 16 22 2 15 7
split_gain=14.7653 12.1207 13.767 10.5948 10.3683 6.71114 6.08836
threshold=55.500000000000007 2.3471044195366573 25.150268336314848 13.423376760875996 4.5000000000000009 37.083333333333336 19.500000000000004
decision_type=2 2 2 2 2 2 2
left_child=3 5 -3 6 -5 -2 -1
right_child=1 2 -4 4 -6 -7 -8
leaf_value=-0.021010496763743513 0.014849931361957669 -0.0033361671114852335 0.038409987208567163 0.021615357842227199 -0.02397026561561386 -0.0088961147474651055 -0.060960071272083381
leaf_weight=23.340622355230156 84.697891924530268 160.03017686493695 7.4402168691158286 10.724715150892736 7.7250305172055951 12.262467727065085 4.0254946872591963
leaf_count=368 178 621 11 23 71 35 38
internal_value=0.000681444 0.00340566 -0.00148151 -0.0150416 0.00252836 0.0118468 -0.026887
internal_weight=310.247 264.431 167.47 45.8159 18.4497 96.9604 27.3661
internal_count=1345 845 632 500 94 213 406
is_linear=0
shrinkage=0.03


Tree=148
num_leaves=8
num_cat=0
split_feature=22 17 0 18 18 19 5
split_gain=9.04438 13.8692 10.3326 7.99473 13.7328 12.7078 3.08512
threshold=13.707456402045517 22.250000000000004 44.500000000000007 210.50000000000003 122.50000000000001 12.050000000000002 8.5000000000000018
decision_type=2 2 2 2 2 2 2
left_child=1 2 -1 4 -2 -5 -3
right_child=3 6 -4 5 -6 -7 -8
leaf_value=-0.020633829214820498 -0.0059169098053000971 -0.019232698692211711 0.0038946150099108362 -0.014418671471005638 0.025457568139542846 0.023940490199421315 -0.055520661527375441
leaf_weight=16.855251206085086 16.917625449597836 4.2113738358020765 186.25024549011141 21.581098044291139 48.699996775016189 12.148036217316983 4.2229582630097866
leaf_count=285 51 15 727 91 99 33 25
internal_value=0.00380032 0.00029369 0.00185906 0.011267 0.0173686 -0.000603064 -0.0374016
internal_weight=310.887 211.54 203.105 99.3468 65.6176 33.7291 8.43433
internal_count=1326 1052 1012 274 150 124 40
is_linear=0
shrinkage=0.03


Tree=149
num_leaves=5
num_cat=0
split_feature=20 3 10 15
split_gain=12.5047 14.3959 10.2864 8.96068
threshold=14.65 11.500000000000002 -0.023034399185463378 36.861111111111121
decision_type=2 2 2 2
left_child=1 2 -1 -3
right_child=-2 3 -4 -5
leaf_value=0.013307263396052054 0.047178448292575489 0.0061912740411345958 -0.018255994611060675 -0.010397153380166084
leaf_weight=11.457561081275342 5.3299565194174638 219.77493993751705 49.1809002738446 33.816580437123775
leaf_count=29 31 721 444 137
internal_value=0.00161213 0.000839236 -0.0122922 0.0039792
internal_weight=319.56 314.23 60.6385 253.592
internal_count=1362 1331 473 858
is_linear=0
shrinkage=0.03


Tree=150
num_leaves=7
num_cat=0
split_feature=21 24 15 0 5 10
split_gain=10.6504 13.4092 9.88316 12.4742 7.89307 3.91886
threshold=1.700145145719514 0.75000000000000011 37.250000000000007 87.500000000000014 13.500000000000002 0.13657242882375212
decision_type=2 2 2 2 2 2
left_child=2 -2 4 -4 -1 -3
right_child=1 5 3 -5 -6 -7
leaf_value=0.0079398681916372869 0.022360044522554946 -0.068245205381529367 -0.044024963842285873 0.02404478595642244 -0.0027027386099748715 -0.027524838959129456
leaf_weight=183.93141498137265 3.7076794430613509 3.8768603205680829 8.1978425923734886 3.4395783692598334 95.169545315206051 4.7127105128020048
leaf_count=610 12 23 60 6 584 29
internal_value=0.00202477 -0.0253219 0.00318144 -0.0239061 0.00431089 -0.0459038
internal_weight=303.036 12.2973 290.738 11.6374 279.101 8.58957
internal_count=1324 64 1260 66 1194 52
is_linear=0
shrinkage=0.03


Tree=151
num_leaves=5
num_cat=0
split_feature=20 7 13 15
split_gain=9.7206 8.40649 11.5648 9.79101
threshold=15.15 13.500000000000002 0.55000000000000016 37.183333333333344
decision_type=2 2 2 2
left_child=1 3 -3 -1
right_child=-2 2 -4 -5
leaf_value=-0.016566013655941101 0.044772992110795114 0.025293377782142901 0.00041081808913392216 0.024650321337359171
leaf_weight=42.111623441800475 4.4303265586495391 18.124808553606272 231.90229931147769 5.9158786479383698
leaf_count=364 15 57 868 33
internal_value=0.000662092 6.42121e-06 0.00221459 -0.0114891
internal_weight=302.485 298.055 250.027 48.0275
internal_count=1337 1322 925 397
is_linear=0
shrinkage=0.03


Tree=152
num_leaves=8
num_cat=0
split_feature=23 6 3 3 17 18 3
split_gain=15.6412 14.9435 17.2352 15.9802 12.4766 11.5368 1.61951
threshold=213.50000000000003 0.53950155217037166 63.500000000000007 14.500000000000002 10.781241100207819 258.50000000000006 13.500000000000002
decision_type=2 2 2 2 2 2 2
left_child=4 3 -3 -2 6 -6 -1
right_child=1 2 -4 -5 5 -7 -8
leaf_value=-0.021695307754878178 -0.028553370531086423 -0.032089067205086093 0.036443106996726628 0.016841299836891279 0.0075134402786817874 -0.020137956704227154 -0.055359478526001267
leaf_weight=2.2471720334142438 10.030590641312299 31.915517766028643 3.6839313954114905 22.943644937127829 217.3357985233888 14.484829348511992 3.007413862273097
leaf_count=28 60 295 4 51 765 105 23
internal_value=0.00109966 -0.0115189 -0.0249972 0.00303248 0.00474956 0.0057857 -0.0409627
internal_weight=305.649 68.5737 35.5994 32.9742 237.075 231.821 5.25459
internal_count=1331 410 299 111 921 870 51
is_linear=0
shrinkage=0.03


Tree=153
num_leaves=8
num_cat=0
split_feature=10 10 19 24 15 24 19
split_gain=9.31398 9.61186 20.6475 11.1655 6.74959 5.46513 1.72392
threshold=-2.3411858341653391e-16 -8.990038321089747e-17 13.550000000000002 0.52740634116376517 35.972222222222229 0.75000000000000011 9.7500000000000018
decision_type=2 2 2 2 2 2 2
left_child=4 2 -2 -3 6 -6 -1
right_child=1 3 -4 -5 5 -7 -8
leaf_value=0.016762838091903712 -0.035201779475537189 0.032609568715522945 0.035658724276454515 -0.00055318536003300415 -0.017965919570631258 0.0097190747601965111 0.0340369145353695
leaf_weight=9.9421784579753893 17.169972577132288 9.5768021112307888 4.7177300080656996 199.1292280536145 7.6046265438199034 41.10280182864517 10.900308959186075
leaf_count=22 130 37 11 949 36 106 18
internal_value=0.00188738 -0.00101497 -0.0199283 0.000968539 0.0115101 0.00539665 0.0257969
internal_weight=300.144 230.594 21.8877 208.706 69.5499 48.7074 20.8425
internal_count=1309 1127 141 986 182 142 40
is_linear=0
shrinkage=0.03


Tree=154
num_leaves=7
num_cat=0
split_feature=3 23 14 5 22 23
split_gain=11.9266 14.9495 15.5805 7.06363 10.8091 3.71919
threshold=24.500000000000004 39.500000000000007 1.1997379389259054e-21 13.500000000000002 12.750000000000002 108.50000000000001
decision_type=2 2 2 2 2 2
left_child=1 -1 -3 5 -5 -2
right_child=3 2 -4 4 -6 -7
leaf_value=-0.056790172412884005 -0.001629238742607924 0.012279846422991339 -0.0058155430532469141 -0.022674881422549611 0.0127552950738966 0.022688921466364347
leaf_weight=4.3691122829914084 6.5926982760429373 59.573149145115167 152.31790685933083 11.343474041670559 24.461482927203178 40.01596587896347
leaf_count=23 19 306 782 50 51 72
internal_value=0.00184012 -0.00186065 -0.000728026 0.0115512 0.00153056 0.0192492
internal_weight=298.674 216.26 211.891 82.4136 35.805 46.6087
internal_count=1303 1111 1088 192 101 91
is_linear=0
shrinkage=0.03


Tree=155
num_leaves=5
num_cat=0
split_feature=3 23 6 23
split_gain=10.5926 11.6878 14.3213 8.92225
threshold=63.500000000000007 60.500000000000007 0.99998964238358712 39.500000000000007
decision_type=2 2 2 2
left_child=1 3 -3 -1
right_child=-2 2 -4 -5
leaf_value=-0.0023342040964613436 0.032897425130369765 0.0060392714658627066 -0.0078410724526101587 0.035729835891834268
leaf_weight=8.8655652478337306 9.8353951275348646 141.18354571703821 127.14881359459832 14.785081092268227
leaf_count=27 12 434 810 27
internal_value=0.00227553 0.00124404 -0.000537905 0.0214613
internal_weight=301.818 291.983 268.332 23.6506
internal_count=1310 1298 1244 54
is_linear=0
shrinkage=0.03


Tree=156
num_leaves=8
num_cat=0
split_feature=15 23 21 4 20 12 16
split_gain=14.2276 16.3633 16.0974 10.997 10.1933 13.2427 11.8244
threshold=37.027777777777779 150.50000000000003 0.29751877346368455 5.1910388223691674e-35 10.250000000000002 37.650000000000013 16.206389452332662
decision_type=2 2 2 2 2 2 2
left_child=4 3 -3 -2 6 -6 -1
right_child=1 2 -4 -5 5 -7 -8
leaf_value=-0.010962215482533736 -0.020504591909450025 -0.0052173552567091061 -0.066802355333220778 0.03305755189945106 -0.015879752265732964 0.0048064735416479022 0.012646922256972004
leaf_weight=22.411842769943178 7.0588484769687074 6.9086274309083811 8.5438844319432956 6.7476329803466797 43.087576568126678 78.76794112380594 128.90417800378054
leaf_count=106 41 40 63 12 223 472 342
internal_value=0.00182012 -0.018062 -0.0392685 0.0056728 0.00394966 -0.00250809 0.00915011
internal_weight=302.431 29.259 15.4525 13.8065 273.172 121.856 151.316
internal_count=1299 156 103 53 1143 695 448
is_linear=0
shrinkage=0.03


Tree=157
num_leaves=8
num_cat=0
split_feature=0 19 10 3 21 19 13
split_gain=10.2621 15.4771 16.2868 14.4889 10.546 9.08196 8.12528
threshold=75.500000000000014 13.450000000000001 0.016838649516065115 11.500000000000002 0.5488777472976768 14.550000000000002 0.65000000000000002
decision_type=2 2 2 2 2 2 2
left_child=1 2 -1 4 -2 -3 -5
right_child=3 5 -4 6 -6 -7 -8
leaf_value=-0.002246914272703971 -0.049330838964902146 0.036136676882046623 -0.028648854308382547 -0.010417988404210958 0.0092288805972005183 0.0023878973044883143 0.011384304409540968
leaf_weight=74.798827632796019 6.8582849055528623 11.134020560421051 29.252164886333048 17.161708161234856 4.6405818536877632 20.189343336969614 148.53905034065247
leaf_count=499 40 41 253 55 10 115 337
internal_value=0.00211526 -0.00410381 -0.00966937 0.00686641 -0.025698 0.014384 0.00912623
internal_weight=312.574 135.374 104.051 177.2 11.4989 31.3234 165.701
internal_count=1350 908 752 442 50 156 392
is_linear=0
shrinkage=0.03


Tree=158
num_leaves=6
num_cat=0
split_feature=17 1 0 17 15
split_gain=11.6834 8.78528 15.8762 4.06519 3.63859
threshold=29.688344825012724 4.5000000000000009 46.500000000000007 34.350000000000001 36.305555555555564
decision_type=2 2 2 2 2
left_child=1 4 -3 -2 -1
right_child=3 2 -4 -5 -6
leaf_value=0.024549054953711884 0.034910368317444984 -0.033584134302610279 -0.00067512693612216445 0.0088750156733368411 0.0036578110227916145
leaf_weight=15.869398899376394 11.064773142337801 13.948062029201536 243.86348013952374 10.538223542273043 14.232440978288649
leaf_count=40 15 335 910 29 37
internal_value=0.000931673 -0.000664902 -0.00245556 0.02221 0.0146715
internal_weight=309.516 287.913 257.812 21.603 30.1018
internal_count=1366 1322 1245 44 77
is_linear=0
shrinkage=0.03


Tree=159
num_leaves=8
num_cat=0
split_feature=22 9 23 3 19 20 23
split_gain=15.0322 13.67 19.9229 5.59965 4.22539 3.23348 0.915558
threshold=10.450000000000001 1.5000000000000002 294.50000000000006 15.500000000000002 8.5500000000000025 9.5500000000000025 190.50000000000003
decision_type=2 2 2 2 2 2 2
left_child=4 3 -3 -2 5 -1 -6
right_child=1 2 -4 -5 6 -7 -8
leaf_value=0.010609508859700892 0.003451285906864381 -0.0018782987129912642 -0.048945381282385722 0.01789921910209958 -0.070787095627941068 -0.039437742392145821 -0.045048228542022055
leaf_weight=2.1377379791811091 54.767759118229151 181.60435841884464 8.4715273827314359 43.176216334104538 2.180302519351244 2.5451334370300174 2.8957164669409394
leaf_count=8 191 890 73 93 19 32 28
internal_value=-0.000525181 0.000715542 -0.00397604 0.00982031 -0.0371434 -0.0165911 -0.0561038
internal_weight=297.779 288.02 190.076 97.944 9.75889 4.68287 5.07602
internal_count=1334 1247 963 284 87 40 47
is_linear=0
shrinkage=0.03


Tree=160
num_leaves=6
num_cat=0
split_feature=21 19 19 17 16
split_gain=11.4408 10.8922 15.8048 7.56791 3.21652
threshold=1.7348986462441494 4.3500000000000005 7.8500000000000005 14.65 18.361904761904764
decision_type=2 2 2 2 2
left_child=1 3 -3 -1 -2
right_child=4 2 -4 -5 -6
leaf_value=0.034099095920426627 -0.050104878878779645 -0.012692626302162497 0.0040840664164499725 0.0011768736990264096 -0.013749858580991517
leaf_weight=14.878085408359768 4.6959505379199964 68.112374866381288 195.86985198874027 10.879049226641653 4.1048748455941677
leaf_count=34 36 386 824 31 23
internal_value=0.000548742 0.00157229 -0.000244636 0.0201937 -0.0331482
internal_weight=298.54 289.739 263.982 25.7571 8.80083
internal_count=1334 1275 1210 65 59
is_linear=0
shrinkage=0.03


Tree=161
num_leaves=8
num_cat=0
split_feature=22 0 16 1 20 20 9
split_gain=10.2531 13.0483 14.0028 11.1166 8.95026 12.6803 10.5642
threshold=13.15 67.500000000000014 14.781929347826088 5.3483935357417165 11.039311120812664 10.15 3.6033564693001892
decision_type=2 2 2 2 2 2 2
left_child=1 3 -3 -1 5 -2 -6
right_child=4 2 -4 -5 6 -7 -8
leaf_value=-0.003472514736946178 0.0057691374404201671 0.032685818893718209 -0.0027726111042628439 -0.032401500900314684 0.026665450642440088 -0.024918702511319876 -0.0042082941033627355
leaf_weight=23.728207819163799 73.375604286789894 11.032219173386691 109.62472637929022 24.09461488481611 31.835172764025629 14.515557006001471 14.52599504496902
leaf_count=86 195 25 360 437 83 60 89
internal_value=0.000141798 -0.00478662 0.000469516 -0.0180478 0.0063267 0.000700925 0.016992
internal_weight=302.732 168.48 120.657 47.8228 134.252 87.8912 46.3612
internal_count=1335 908 385 523 427 255 172
is_linear=0
shrinkage=0.03


Tree=162
num_leaves=6
num_cat=0
split_feature=0 20 3 15 14
split_gain=12.5487 14.8305 15.0618 10.4995 11.1575
threshold=81.500000000000014 14.65 44.500000000000007 35.394444444444453 7.610657649873673e-23
decision_type=2 2 2 2 2
left_child=1 2 -1 -2 -5
right_child=3 -3 -4 4 -6
leaf_value=-0.0076358039979669756 0.035581190331639832 0.042527171986777974 0.023104599686424979 0.02090263655489381 0.00054516252566118545
leaf_weight=152.8350349930115 12.323181614279745 6.1907240748405448 15.830817878246306 34.183866389095783 83.216059364378452
leaf_count=964 16 31 28 77 218
internal_value=0.00216821 -0.00307669 -0.00475054 0.00923793 0.00647274
internal_weight=304.58 174.857 168.666 129.723 117.4
internal_count=1334 1023 992 311 295
is_linear=0
shrinkage=0.03


Tree=163
num_leaves=8
num_cat=0
split_feature=14 16 16 12 9 4 14
split_gain=12.4611 17.8243 13.1495 12.9382 12.92 10.4031 9.39245
threshold=6.6211535279572973e-17 20.876893939393941 20.969444444444445 25.350000000000005 2.3471044195366573 9.3970142622867112e-28 7.8440355890258858e-27
decision_type=2 2 2 2 2 2 2
left_child=1 4 3 -2 -1 -4 -3
right_child=2 6 5 -5 -6 -7 -8
leaf_value=0.021970184506335443 0.031660130577515523 0.0047502017119178987 -0.015116290873302657 -0.0032274462267753855 -0.0076385138819729109 -0.064249084026197223 0.03772887114064831
leaf_weight=17.771105101332068 10.253096632659433 11.910844998434184 25.338919623754922 142.95803021453321 52.294739748351276 4.5794603377580634 22.369747604243457
leaf_count=49 15 41 122 643 379 24 42
internal_value=0.000269633 0.00854408 -0.00444511 -0.000892722 -0.000128731 -0.0226368 0.0262704
internal_weight=287.476 104.346 183.13 153.211 70.0658 29.9184 34.2806
internal_count=1315 511 804 658 428 146 83
is_linear=0
shrinkage=0.03


Tree=164
num_leaves=5
num_cat=0
split_feature=13 19 0 5
split_gain=10.0576 8.4443 19.3283 9.90436
threshold=0.35000000000000003 13.15 77.500000000000014 12.500000000000002
decision_type=2 2 2 2
left_child=-1 2 -2 -3
right_child=1 3 -4 -5
leaf_value=0.039391939932440001 -0.013494277898810733 0.017012187053901642 0.0041029756974556367 -0.0094358048293017374
leaf_weight=5.6619111709296694 100.1393299838528 42.053564192727208 127.95468099415302 18.283843716606498
leaf_count=15 751 138 334 94
internal_value=-0.000205306 -0.0009826 -0.00362269 0.00899774
internal_weight=294.093 288.431 228.094 60.3374
internal_count=1332 1317 1085 232
is_linear=0
shrinkage=0.03


Tree=165
num_leaves=6
num_cat=0
split_feature=1 5 13 17 22
split_gain=11.1937 9.05979 8.49001 2.11804 3.92464
threshold=4.5000000000000009 4.5000000000000009 0.35000000000000003 13.050000000000002 13.423376760875996
decision_type=2 2 2 2 2
left_child=3 -2 -3 -1 -5
right_child=1 2 -4 4 -6
leaf_value=0.031627025788718233 -0.031409685608930205 0.042778799239676119 0.0023107103246563141 0.0026575070801120467 0.029865054178633402
leaf_weight=11.261643975973131 7.058458784595131 4.7484685592353335 267.9769280301407 10.318853989243509 8.8759817332029325
leaf_count=22 31 12 1204 31 24
internal_value=0.00402695 0.00214682 0.00301531 0.0212985 0.0152387
internal_weight=310.24 279.784 272.725 30.4565 19.1948
internal_count=1324 1247 1216 77 55
is_linear=0
shrinkage=0.03


Tree=166
num_leaves=7
num_cat=0
split_feature=0 19 24 10 11 16
split_gain=9.54351 8.2255 8.12962 11.053 6.43525 4.17007
threshold=46.500000000000007 22.250000000000004 0.52740634116376517 -2.3411858341653391e-16 12.750000000000002 17.792385057471268
decision_type=2 2 2 2 2 2
left_child=1 4 5 -4 -1 -2
right_child=2 -3 3 -5 -6 -7
leaf_value=-0.047907517067743183 0.0065423142230577646 0.030548093825612837 0.012050121889078308 -0.0025100714926108289 -0.012352617459108397 0.041248603337883522
leaf_weight=6.9976679347455564 5.6605557240545732 2.7630827128887168 61.606544917449355 196.87458384502679 13.268972180783747 6.9308012630790472
leaf_count=102 26 9 146 792 232 16
internal_value=0.000531705 -0.0180089 0.00210688 0.000960214 -0.024629 0.0256461
internal_weight=294.102 23.0297 271.072 258.481 20.2666 12.5914
internal_count=1323 343 980 938 334 42
is_linear=0
shrinkage=0.03


Tree=167
num_leaves=7
num_cat=0
split_feature=5 3 14 18 0 19
split_gain=15.4845 14.536 12.3739 10.9962 8.94832 7.95978
threshold=13.500000000000002 63.500000000000007 4.5974288721243319e-23 234.50000000000003 58.500000000000007 12.450000000000001
decision_type=2 2 2 2 2 2
left_child=3 2 -2 5 -5 -1
right_child=1 -3 -4 4 -6 -7
leaf_value=0.0066707399362350255 0.0007052289136244747 0.033342935387898516 -0.023631537201731008 -0.021944381652662621 0.0022396705041778488 0.024610376772487348
leaf_weight=110.22815887909383 32.230903484392911 6.4622439891099921 45.131881172768772 18.906159670092165 50.683851409703493 27.892076356336474
leaf_count=337 226 8 350 188 138 69
internal_value=0.00100171 -0.00988172 -0.0134923 0.0053939 -0.00433063 0.0102935
internal_weight=291.535 83.825 77.3628 207.71 69.59 138.12
internal_count=1316 584 576 732 326 406
is_linear=0
shrinkage=0.03


Tree=168
num_leaves=7
num_cat=0
split_feature=15 16 4 9 19 3
split_gain=9.2117 20.3005 12.3993 9.9121 22.7557 9.94509
threshold=37.027777777777779 23.947916666666668 5.1910388223691674e-35 3.1091146601265351 10.517546642660745 11.500000000000002
decision_type=2 2 2 2 2 2
left_child=3 2 -2 5 -5 -1
right_child=1 -3 -4 4 -6 -7
leaf_value=-0.0093485419127647875 -0.043494342976734733 0.041012899225388269 0.0017366768160604936 -0.017126404023484545 0.012910416584167599 0.0096188771820247924
leaf_weight=30.48890323471278 15.400576673448091 4.6557055413722983 8.4461253434419614 60.957513241562992 36.168885016813874 135.2163129625842
leaf_count=217 119 11 25 423 161 366
internal_value=-8.8047e-05 -0.0162872 -0.0274742 0.00166865 -0.005941 0.00612897
internal_weight=291.334 28.5024 23.8467 262.832 97.1264 165.705
internal_count=1322 155 144 1167 584 583
is_linear=0
shrinkage=0.03


Tree=169
num_leaves=5
num_cat=0
split_feature=13 23 5 19
split_gain=9.0688 7.84549 15.0789 6.33003
threshold=0.35000000000000003 64.500000000000014 14.500000000000002 5.5500000000000007
decision_type=2 2 2 2
left_child=-1 3 -3 -2
right_child=1 2 -4 -5
leaf_value=0.041064898268868277 0.0028315455108465317 0.0018730332445804629 -0.018159840785965383 0.034666782135511422
leaf_weight=5.0004982501268378 12.414573460817339 225.20379075501114 39.791287029162049 10.272606097161768
leaf_count=12 35 883 365 21
internal_value=0.00101074 0.000314518 -0.00113507 0.0172463
internal_weight=292.683 287.682 264.995 22.6872
internal_count=1316 1304 1248 56
is_linear=0
shrinkage=0.03


Tree=170
num_leaves=8
num_cat=0
split_feature=13 19 0 18 10 11 17
split_gain=10.7371 17.0431 15.6904 14.7536 13.4903 12.2859 6.76
threshold=0.93619838954138046 6.9500000000000011 88.500000000000014 115.50000000000001 0.0098748212224183049 9.6500000000000004 14.65
decision_type=2 2 2 2 2 2 2
left_child=3 5 -3 6 -5 -2 -1
right_child=1 2 -4 4 -6 -7 -8
leaf_value=0.029487004507452994 -0.054172905599096044 0.0042668658359146256 0.030102629856562375 -0.0020135761167628871 -0.021597178715854953 -0.004369693964926427 -0.0038968192346579829
leaf_weight=14.390989858657123 5.757700830698016 72.621147254481912 29.85276061296463 88.162834611721337 49.394066766835749 19.747616399079561 8.7955217780545336
leaf_count=37 26 250 46 514 331 72 31
internal_value=-0.000152096 0.00633157 0.0117934 -0.0053142 -0.00904568 -0.0156125 0.0168233
internal_weight=288.723 127.979 102.474 160.743 137.557 25.5053 23.1865
internal_count=1307 394 296 913 845 98 68
is_linear=0
shrinkage=0.03


Tree=171
num_leaves=5
num_cat=0
split_feature=7 6 16 6
split_gain=9.19507 9.7519 10.876 4.28712
threshold=66.500000000000014 1.186207745328435e-19 25.150268336314848 1.1944398210771052e-25
decision_type=2 2 2 2
left_child=1 3 -3 -1
right_child=-2 2 -4 -5
leaf_value=0.0079206433900695199 0.028063907293274022 -0.0029778821836973757 0.026210955163048975 0.027578805104276367
leaf_weight=41.07748668640852 12.004438072443007 217.92629489954561 12.128332329913972 13.190539881587027
leaf_count=117 18 1134 25 24
internal_value=0.00234527 0.0012594 -0.00143907 0.0126988
internal_weight=296.327 284.323 230.055 54.268
internal_count=1318 1300 1159 141
is_linear=0
shrinkage=0.03


Tree=172
num_leaves=7
num_cat=0
split_feature=14 5 23 17 14 14
split_gain=10.1174 11.1784 22.3596 11.1116 10.7186 11.6265
threshold=3.9140662874604723e-25 13.500000000000002 77.500000000000014 31.750000000000004 4.7261583672093421e-26 4.2315990594125236e-29
decision_type=2 2 2 2 2 2
left_child=4 3 -3 -2 5 -1
right_child=1 2 -4 -5 -6 -7
leaf_value=0.015529085260286546 0.00016446647534613341 0.025243327958477606 -0.021252290868196612 0.037538395358506269 0.04190568204344982 -0.016243821515789039
leaf_weight=35.646893189288676 161.34909053891897 11.332819789648054 52.113483299966902 7.4919113814830771 8.9610694847069663 14.614744779188184
leaf_count=125 619 22 409 11 31 119
internal_value=0.000610621 -0.00221141 -0.0129472 0.00182284 0.0116794 0.00629037
internal_weight=291.51 232.287 63.4463 168.841 59.2227 50.2616
internal_count=1336 1061 431 630 275 244
is_linear=0
shrinkage=0.03


Tree=173
num_leaves=6
num_cat=0
split_feature=21 13 23 13 6
split_gain=9.00576 10.8021 8.22921 7.50487 4.23361
threshold=1.644504125348863 0.55000000000000016 362.85305058449086 0.35000000000000003 1.1676966987915975e-14
decision_type=2 2 2 2 2
left_child=2 -2 3 -1 -3
right_child=1 4 -4 -5 -6
leaf_value=0.039360159053992788 0.024036681615594434 -0.018652034135738207 -0.031426595796515903 0.0036016935137709568 -0.056465588255874111
leaf_weight=5.3897360265254965 3.614442851394414 5.83484288305044 5.9249376496300092 265.14305865671486 4.904761828482151
leaf_count=13 11 26 32 1192 41
internal_value=0.00234516 -0.0208236 0.00354812 0.0043141 -0.0359214
internal_weight=290.812 14.354 276.458 270.533 10.7396
internal_count=1315 78 1237 1205 67
is_linear=0
shrinkage=0.03


Tree=174
num_leaves=6
num_cat=0
split_feature=17 14 17 17 19
split_gain=9.22216 8.74143 19.1121 10.4664 5.04857
threshold=29.688344825012724 1.1997379389259054e-21 11.622232275232742 11.15 10.517546642660745
decision_type=2 2 2 2 2
left_child=1 2 -1 -3 -2
right_child=4 3 -4 -5 -6
leaf_value=0.034840457867864973 0.0073635707595479088 -0.030823155229309895 8.7385571558913009e-05 -0.001348413711993133 0.036858840238977633
leaf_weight=19.14003938715905 11.467051509767773 11.490179143846033 55.650082886684686 192.43598602060229 9.5913472026586515
leaf_count=93 31 110 274 837 14
internal_value=0.00165467 0.000208326 0.00898128 -0.00300916 0.0207976
internal_weight=299.775 278.716 74.7901 203.926 21.0584
internal_count=1359 1314 367 947 45
is_linear=0
shrinkage=0.03


Tree=175
num_leaves=5
num_cat=0
split_feature=20 22 23 10
split_gain=8.68906 8.38004 8.34204 0.77075
threshold=15.15 10.104238876098163 35.000000000000007 -5.4055363967338567e-18
decision_type=2 2 2 2
left_child=1 3 -3 -1
right_child=-2 2 -4 -5
leaf_value=-0.023741988954891394 0.043611706915351864 -0.032758746712011677 0.0020129257174539591 -0.048654893255615721
leaf_weight=1.8182841753587125 4.288969410583376 6.3491782397031775 282.45660122530535 2.900547885335981
leaf_count=17 14 26 1240 33
internal_value=0.00121998 0.000600554 0.0012485 -0.0390553
internal_weight=297.814 293.525 288.806 4.71883
internal_count=1330 1316 1266 50
is_linear=0
shrinkage=0.03


Tree=176
num_leaves=7
num_cat=0
split_feature=0 17 13 13 19 14
split_gain=12.1314 11.2927 9.02011 8.50215 10.8566 9.50562
threshold=86.500000000000014 29.788344825012722 0.55000000000000016 0.8500000000000002 8.6500000000000004 1.379830466595552e-28
decision_type=2 2 2 2 2 2
left_child=1 2 -1 4 -2 -5
right_child=3 -3 -4 5 -6 -7
leaf_value=0.011874224421008548 -0.031577831029897883 0.024116567047960266 -0.0056624817700478445 0.051898482066404933 0.010746584703302557 0.014669386856810933
leaf_weight=31.291476673446596 7.5175564959645298 14.942872723564504 168.77142445882782 7.1518601328134528 19.875466644763947 45.072898268699646
leaf_count=161 34 33 928 9 43 89
internal_value=0.00266386 -0.00104059 -0.0029196 0.0126676 -0.000868642 0.0197677
internal_weight=294.624 215.006 200.063 79.6178 27.393 52.2248
internal_count=1297 1122 1089 175 77 98
is_linear=0
shrinkage=0.03


Tree=177
num_leaves=7
num_cat=0
split_feature=0 20 5 24 17 16
split_gain=7.96113 14.7099 11.0474 10.1305 9.09194 8.18614
threshold=86.500000000000014 10.250000000000002 11.935164148104809 0.75000000000000011 11.550000000000002 19.696310935441371
decision_type=2 2 2 2 2 2
left_child=1 3 -3 -1 -2 -6
right_child=4 2 -4 -5 5 -7
leaf_value=0.0205594545370642 0.031294566050321132 -0.0042081694105598417 -0.025923922595870775 -0.00052158525158087395 0.0097028338498992232 -0.014793595413443073
leaf_weight=26.612050923518836 12.959507845342157 61.252204512245953 32.15063797775656 89.559909720905125 51.517546623945236 16.119198717176914
leaf_count=90 29 315 418 320 117 46
internal_value=0.000262443 -0.00281911 -0.0116831 0.00430755 0.00827542 0.00386484
internal_weight=290.171 209.575 93.4028 116.172 80.5963 67.6367
internal_count=1335 1143 733 410 192 163
is_linear=0
shrinkage=0.03


Tree=178
num_leaves=7
num_cat=0
split_feature=16 22 16 5 10 6
split_gain=14.2428 8.36728 16.3323 5.53792 2.33272 0.663729
threshold=14.455555555555557 15.216102245126239 14.676190476190477 12.500000000000002 -0.027874401995202063 0.99998040245852537
decision_type=2 2 2 2 2 2
left_child=4 2 -2 -3 -1 -6
right_child=1 3 -4 -5 5 -7
leaf_value=-0.004403817747927169 0.055928845342493053 0.022777272260096432 -0.00095129058848881067 0.0021021633553886874 -0.06237484224137798 -0.039809103893832312
leaf_weight=1.586978919804096 4.6328232875093809 27.208496585488319 235.03673809720203 20.403580166399479 1.5046944599598626 5.3232002058066428
leaf_count=6 11 56 1119 56 11 77
internal_value=0.00130333 0.00243018 0.000148205 0.0139172 -0.037167 -0.044782
internal_weight=295.697 287.282 239.67 47.6121 8.41487 6.82789
internal_count=1336 1242 1130 112 94 88
is_linear=0
shrinkage=0.03


Tree=179
num_leaves=8
num_cat=0
split_feature=20 13 4 15 16 3 0
split_gain=10.8466 18.954 16.1559 10.1172 6.07152 13.5237 9.0749
threshold=10.250000000000002 0.93619838954138046 1.0315013628699678e-31 36.447111463541894 18.106203007518801 12.500000000000002 55.500000000000007
decision_type=2 2 2 2 2 2 2
left_child=4 2 -2 -3 5 -1 -6
right_child=1 3 -4 -5 6 -7 -8
leaf_value=-0.025518206943593181 -0.022894086310742055 0.016875317573248446 0.011905150147963752 -0.0077564287596650567 -0.0099754863093784053 0.0070110423593196794 0.015695968872122663
leaf_weight=14.828156470321117 56.306365837808698 37.877925749868155 15.261355905793605 24.855937421321869 14.735767479985951 51.285263804718852 77.958414662629366
leaf_count=108 548 110 46 125 81 146 165
internal_value=0.00135385 -0.00492165 -0.0154734 0.00711591 0.00666096 -0.000284735 0.0116149
internal_weight=293.109 134.302 71.5677 62.7339 158.808 66.1134 92.6942
internal_count=1329 829 594 235 500 254 246
is_linear=0
shrinkage=0.03


Tree=180
num_leaves=8
num_cat=0
split_feature=19 13 23 17 0 17 15
split_gain=11.4547 17.4585 27.6951 12.4796 11.1411 11.1247 8.668
threshold=11.350000000000003 0.93619838954138046 88.500000000000014 11.750000000000002 88.500000000000014 11.15 36.394444444444453
decision_type=2 2 2 2 2 2 2
left_child=1 2 -1 5 -3 -2 -5
right_child=3 4 -4 6 -6 -7 -8
leaf_value=0.015017346892631475 -0.0057446380386592579 -0.001342064360066332 -0.021136976308957185 0.012996816828546932 0.022162656011001231 0.045242550623235213 -0.0068976744009563162
leaf_weight=25.003786981105804 5.4381190435960916 61.568374323658645 80.337354479823261 39.493333422578871 25.735726825892925 13.198640297167001 39.348609287291765
leaf_count=74 42 227 617 123 45 35 183
internal_value=-9.33429e-05 -0.00433364 -0.0125554 0.00828667 0.00558672 0.0303647 0.00306783
internal_weight=290.124 192.645 105.341 97.4787 87.3041 18.6368 78.8419
internal_count=1346 963 691 383 272 77 306
is_linear=0
shrinkage=0.03


Tree=181
num_leaves=7
num_cat=0
split_feature=22 7 20 10 10 6
split_gain=8.29733 14.1221 14.3403 8.96888 11.8945 8.8719
threshold=13.15 45.500000000000007 6.9500000000000011 4.7474276639154759e-17 2.0871217111945779e-16 0.99999999939033168
decision_type=2 2 2 2 2 2
left_child=1 2 -1 5 -5 -2
right_child=3 -3 -4 4 -6 -7
leaf_value=-0.062340126740944656 0.025281640937106709 0.025024753912394761 -0.0031949224328744847 -0.032020967917196413 0.0054145014131021631 0.0044871178613550122
leaf_weight=3.7895249277353278 38.485740764066577 15.91973242908716 139.72680000029504 9.0697642378509027 48.413348846137524 35.496992311440408
leaf_count=23 86 27 836 49 162 122
internal_value=0.00281781 -0.00178296 -0.00475664 0.00839742 -0.000492118 0.0153044
internal_weight=290.902 159.436 143.516 131.466 57.4831 73.9827
internal_count=1305 886 859 419 211 208
is_linear=0
shrinkage=0.03


Tree=182
num_leaves=6
num_cat=0
split_feature=15 7 20 0 16
split_gain=13.3135 10.8565 7.05931 7.52468 2.16651
threshold=37.250000000000007 28.500000000000004 15.15 55.500000000000007 17.879807692307697
decision_type=2 2 2 2 2
left_child=2 4 3 -1 -2
right_child=1 -3 -4 -5 -6
leaf_value=-0.011186271218665576 -0.02783749915024537 0.013794371137081976 0.038845993342968753 0.0030052868738318092 -0.062222710906207603
leaf_weight=39.102133914362639 2.3939298307523114 3.2604190558195114 4.5116226710379115 240.08616210520267 5.3008269602432847
leaf_count=459 24 9 15 804 39
internal_value=0.000366129 -0.0320851 0.00161924 0.00101767 -0.0515251
internal_weight=294.655 10.9552 283.7 279.188 7.69476
internal_count=1350 72 1278 1263 63
is_linear=0
shrinkage=0.03


Tree=183
num_leaves=5
num_cat=0
split_feature=13 7 15 23
split_gain=9.74887 10.0199 12.6793 9.33283
threshold=0.35000000000000003 13.500000000000002 37.183333333333344 77.500000000000014
decision_type=2 2 2 2
left_child=-1 2 -2 -3
right_child=1 3 -4 -5
leaf_value=0.04346353733565754 -0.018573668044832958 0.021757816541467447 0.027597930705717699 0.0020394298337353131
leaf_weight=5.0998682714998713 36.485988918226212 23.86202060431242 6.2732343608513466 228.18618960725144
leaf_count=11 371 52 35 889
internal_value=0.0023396 0.0016282 -0.0117998 0.00390622
internal_weight=299.907 294.807 42.7592 252.048
internal_count=1358 1347 406 941
is_linear=0
shrinkage=0.03


Tree=184
num_leaves=6
num_cat=0
split_feature=22 20 20 3 18
split_gain=8.37782 7.51917 13.2057 8.81977 0.834044
threshold=10.104238876098163 9.1500000000000004 9.3500000000000032 9.2069599196453265 210.50000000000003
decision_type=2 2 2 2 2
left_child=4 3 -3 -2 -1
right_child=1 2 -4 -5 -6
leaf_value=-0.024598151802303382 -0.021049783554155821 -0.048323222831588991 -0.001674161327787098 0.010408581575372618 -0.050502704148642365
leaf_weight=1.8639361662790168 8.8729683039709908 5.6353264097124329 177.14459390100092 83.534005564637482 2.7974666464142501
leaf_count=14 55 29 955 221 35
internal_value=-0.000261993 0.000413576 -0.00311241 0.00738793 -0.0401444
internal_weight=279.848 275.187 182.78 92.407 4.6614
internal_count=1309 1260 984 276 49
is_linear=0
shrinkage=0.03


Tree=185
num_leaves=7
num_cat=0
split_feature=0 14 14 22 17 16
split_gain=9.49932 8.35671 15.0857 10.5384 6.7302 4.76132
threshold=34.500000000000007 1.1825474821923402e-22 7.6939561636187029e-24 11.022109161157617 17.650000000000002 19.812812812812815
decision_type=2 2 2 2 2 2
left_child=4 2 -2 -3 5 -1
right_child=1 3 -4 -5 -6 -7
leaf_value=-0.019805380385714381 0.0048602265324838292 -0.020680701171439875 0.043136669237613938 0.0014472650564919406 0.0063467905865400428 -0.06270922232505062
leaf_weight=5.693749010562895 53.275462873280048 21.590530809015036 11.218520634807644 188.34962706780061 4.7310685999691477 3.9381264061667025
leaf_count=161 260 144 28 659 19 58
internal_value=0.000828431 0.00207316 0.0115183 -0.000828405 -0.0229547 -0.0373472
internal_weight=288.797 274.434 64.494 209.94 14.3629 9.63188
internal_count=1329 1091 288 803 238 219
is_linear=0
shrinkage=0.03


Tree=186
num_leaves=7
num_cat=0
split_feature=10 13 15 14 14 22
split_gain=9.43939 9.65384 8.91117 5.67237 13.8181 3.96638
threshold=-0.010976170918296927 0.35000000000000003 37.250000000000007 3.0481613709416339e-14 9.5050906922080325e-06 12.625691381498024
decision_type=2 2 2 2 2 2
left_child=3 -2 -3 5 -5 -1
right_child=1 2 -4 4 -6 -7
leaf_value=0.0081284025640804176 0.038254134537407364 -0.0023830251583658387 -0.031174244563591001 -0.028022196537254844 0.01529921873509044 0.035398885659056079
leaf_weight=8.2445608675479907 5.0511979088187209 214.06819004332647 10.133113284595309 9.0267364177852851 24.920962977223098 11.489464320242403
leaf_count=26 14 1105 64 37 57 24
internal_value=-0.000108651 -0.00276024 -0.00368429 0.0112152 0.00378 0.0240057
internal_weight=282.934 229.253 224.201 53.6817 33.9477 19.734
internal_count=1327 1183 1169 144 94 50
is_linear=0
shrinkage=0.03


Tree=187
num_leaves=8
num_cat=0
split_feature=16 0 6 19 13 16 3
split_gain=7.55655 9.59467 10.8977 9.45728 9.07419 9.90452 7.14836
threshold=18.106203007518801 77.500000000000014 0.99999367603657119 13.15 0.55000000000000016 21.081666666666667 12.500000000000002
decision_type=2 2 2 2 2 2 2
left_child=1 3 -3 -1 5 -2 -6
right_child=4 2 -4 -5 6 -7 -8
leaf_value=-0.020982221723759457 0.0040032905453852097 0.014538829940906823 -0.0092008205377583831 0.011078309907230424 -0.013238083849499939 0.047220197313349435 0.0049065712564250255
leaf_weight=42.881249018013477 10.309741066768767 33.290927723050117 36.466699127107859 10.26246841624379 23.118500167969614 8.886734474450348 126.28703350946307
leaf_count=437 52 66 135 66 187 21 376
internal_value=0.000469746 -0.00518762 0.00212862 -0.0147911 0.00459365 0.0240099 0.00209893
internal_weight=291.503 122.901 69.7576 53.1437 168.602 19.1965 149.406
internal_count=1340 704 201 503 636 73 563
is_linear=0
shrinkage=0.03


Tree=188
num_leaves=6
num_cat=0
split_feature=16 15 14 20 3
split_gain=8.29106 8.6611 12.7224 7.60377 0.605398
threshold=13.849242424242425 36.894444444444453 0.91813394189600539 14.250000000000002 15.500000000000002
decision_type=2 2 2 2 2
left_child=4 3 -3 -2 -1
right_child=1 2 -4 -5 -6
leaf_value=-0.027552562021976007 0.0023874832118208683 0.0021296479527251563 -0.033348518648415586 0.03026245562221885 -0.04877799354652957
leaf_weight=2.4061384485103181 241.4452230441384 22.893357330933213 15.094861967489122 9.1407307144254428 2.4315993627533317
leaf_count=36 1028 145 70 49 18
internal_value=0.000727738 0.00138069 -0.0119678 0.00340429 -0.0382211
internal_weight=293.412 288.574 37.9882 250.586 4.83774
internal_count=1346 1292 215 1077 54
is_linear=0
shrinkage=0.03


Tree=189
num_leaves=8
num_cat=0
split_feature=14 6 13 17 19 17 10
split_gain=8.79074 15.0531 13.3717 12.7471 13.3043 9.83798 8.12574
threshold=1.1825474821923402e-22 0.99999581501663115 0.35000000000000003 11.550000000000002 9.3500000000000032 13.65 0.0098748212224183049
decision_type=2 2 2 2 2 2 2
left_child=3 6 -3 4 -1 -5 -2
right_child=1 2 -4 5 -6 -7 -8
leaf_value=-2.935825155856748e-05 0.013023628474656882 0.040535075849281191 -0.013185076132494469 -0.014020511859414279 0.056563868728328852 0.012728580401987207 -0.0018132985281275682
leaf_weight=6.0530832991935304 65.397704393602908 4.3889802023768416 83.654992721043527 17.801844729110599 9.7774381767958385 40.58950915094465 67.52172246016562
leaf_count=51 169 9 551 133 31 132 264
internal_value=0.00211432 -0.000886171 -0.0105071 0.011047 0.0349244 0.00457355 0.00548662
internal_weight=295.185 220.963 88.044 74.2219 15.8305 58.3914 132.919
internal_count=1340 993 560 347 82 265 433
is_linear=0
shrinkage=0.03


Tree=190
num_leaves=8
num_cat=0
split_feature=20 19 15 18 18 11 19
split_gain=10.1119 14.9368 19.4511 15.792 7.92436 9.73771 7.93307
threshold=10.250000000000002 8.4500000000000011 36.305555555555564 218.50000000000003 125.50000000000001 9.0500000000000025 10.24426323488815
decision_type=2 2 2 2 2 2 2
left_child=4 2 -2 -3 5 -1 -6
right_child=1 3 -4 -5 6 -7 -8
leaf_value=-0.0054613849072479848 0.0039345135100200893 0.011199723936993018 -0.040376248009661657 -0.01341970308318317 -0.0047312322631103149 0.028738022232251127 0.010668757046651361
leaf_weight=10.861528128385542 15.252966088242827 54.194544576574117 21.460382640827447 41.333175021223724 69.38141229050234 24.161676429212093 53.181179795414209
leaf_count=28 75 205 234 328 283 46 148
internal_value=0.000413922 -0.00570316 -0.0219669 0.000547328 0.00554718 0.018132 0.00195098
internal_weight=289.827 132.241 36.7133 95.5277 157.586 35.0232 122.563
internal_count=1347 842 309 533 505 74 431
is_linear=0
shrinkage=0.03


Tree=191
num_leaves=8
num_cat=0
split_feature=2 7 23 14 21 13 23
split_gain=7.89536 12.586 11.5981 7.07601 18.0399 6.27608 0.229467
threshold=5.4550050735229236 11.379588258294364 58.000000000000007 0.99999995453292267 0.42709703232885982 0.55000000000000016 35.000000000000007
decision_type=2 2 2 2 2 2 2
left_child=3 6 -3 5 -5 -1 -2
right_child=1 2 -4 4 -6 -7 -8
leaf_value=0.02961538856102007 -0.048162381260190075 0.028687243037458159 -0.0025146442285127637 0.031634989486110765 -0.016218944382739145 0.0087958860291051447 -0.034282205130230892
leaf_weight=15.455086320638655 1.2391794547438602 11.705212861299513 127.62159974873066 9.6719151791185123 26.558033220469952 83.0960932392627 7.9428893043659627
leaf_count=35 7 21 704 19 103 230 190
internal_value=0.00263591 -0.00213532 0.000106709 0.00789309 -0.0034439 0.0120609 -0.0361554
internal_weight=283.29 148.509 139.327 134.781 36.2299 98.5512 9.18207
internal_count=1309 922 725 387 122 265 197
is_linear=0
shrinkage=0.03


Tree=192
num_leaves=7
num_cat=0
split_feature=22 19 19 3 7 24
split_gain=10.2715 10.7813 24.2804 7.2811 7.35415 7.21114
threshold=12.506471160744963 7.9320859779255031 4.5500000000000007 61.500000000000007 51.500000000000007 0.65000000000000002
decision_type=2 2 2 2 2 2
left_child=1 2 -1 4 -2 -3
right_child=3 5 -4 -5 -6 -7
leaf_value=0.018605822000279854 0.0053710427184144342 -0.039144245401381769 -0.036751342111053381 0.032233619704377672 -0.026723393436422698 0.0015904368728751268
leaf_weight=10.139584995806215 148.69149545114487 4.109748449176549 24.033137808553874 8.669483080506323 6.7158478051424018 80.987733531743288
leaf_count=33 558 47 237 12 21 407
internal_value=0.000606836 -0.00609257 -0.020326 0.00547675 0.0039841 -0.000376828
internal_weight=283.347 119.27 34.1727 164.077 155.407 85.0975
internal_count=1315 724 270 591 579 454
is_linear=0
shrinkage=0.03


Tree=193
num_leaves=8
num_cat=0
split_feature=0 15 9 22 2 16 19
split_gain=10.4519 14.6456 11.6107 11.0592 10.8049 9.04524 5.75164
threshold=87.500000000000014 37.250000000000007 3.1091146601265351 12.59946560930455 5.4550050735229236 14.676190476190477 15.050000000000002
decision_type=2 2 2 2 2 2 2
left_child=1 4 5 -4 -1 -2 -3
right_child=2 6 3 -5 -6 -7 -8
leaf_value=0.0081791769222891025 0.060506846844632055 -0.056982817341266777 -0.033991295059688599 0.011053132535865899 -0.0053788405487216282 0.016488003138399134 -0.0021447593428857779
leaf_weight=103.89680061116815 4.6041584908962241 5.5476795998401922 7.9347592666745212 12.849282465875147 107.78196368413046 48.017457336187363 2.4957397384569049
leaf_count=305 5 50 36 28 800 93 14
internal_value=0.00304024 -0.000234054 0.0128411 -0.00614356 0.00127575 0.0203395 -0.0399675
internal_weight=293.128 219.722 73.4057 20.784 211.679 52.6216 8.04342
internal_count=1331 1169 162 64 1105 98 64
is_linear=0
shrinkage=0.03


Tree=194
num_leaves=8
num_cat=0
split_feature=14 7 7 17 11 16 0
split_gain=12.2255 9.77285 8.5219 8.27646 8.70302 7.06611 0.986304
threshold=1.1825474821923402e-22 11.379588258294364 16.500000000000004 10.550000000000002 13.950000000000001 20.211309523809529 76.500000000000014
decision_type=2 2 2 2 2 2 2
left_child=1 5 -3 6 -5 -1 -2
right_child=3 2 -4 4 -6 -7 -8
leaf_value=-0.0070823170748694105 -0.034392531538910982 0.033038353111753148 0.0082915055948997955 -0.0049310539544608406 0.011760610716764701 -0.087176866727798105 -0.066307313154168615
leaf_weight=3.5620378544554105 1.9816852700896554 16.586415478028357 51.13230159971863 168.06262797443196 33.760860193986446 1.3736059917137025 1.5556444600224493
leaf_count=52 39 83 197 683 227 14 10
internal_value=0.00080569 0.0113824 0.0143528 -0.00293621 -0.00213889 -0.0293729 -0.048428
internal_weight=278.015 72.6544 67.7187 205.361 201.823 4.93564 3.53733
internal_count=1305 346 280 959 910 66 49
is_linear=0
shrinkage=0.03


Tree=195
num_leaves=8
num_cat=0
split_feature=22 5 19 0 5 3 13
split_gain=10.58 10.1037 9.83615 12.6525 7.98666 6.19553 5.19108
threshold=11.022109161157617 8.5000000000000018 12.65 55.500000000000007 13.500000000000002 17.181117728074756 1.9500000000000002
decision_type=2 2 2 2 2 2 2
left_child=1 5 3 -2 -4 -1 -3
right_child=2 6 4 -5 -6 -7 -8
leaf_value=-0.019362544759218413 -0.022014818342722096 -0.042351905391001053 0.019846451305611201 0.0024964588975118873 -0.0099282811467194081 0.017449555081804565 0.012468654568844689
leaf_weight=7.8711950434371891 21.232743604574353 11.741772583685814 43.813335905782878 176.5555325280875 9.9491274002939445 8.62182968854904 1.7918117605149735
leaf_count=50 296 166 140 584 61 16 6
internal_value=0.00094889 -0.0158827 0.00295801 -0.000134848 0.0143364 -0.000118794 -0.0350938
internal_weight=281.577 30.0266 251.551 197.788 53.7625 16.493 13.5336
internal_count=1319 238 1081 880 201 66 172
is_linear=0
shrinkage=0.03


Tree=196
num_leaves=5
num_cat=0
split_feature=24 10 13 16
split_gain=14.6647 9.47805 11.6194 5.44182
threshold=5.0500000000000007 -0.017684422151071324 1.8500000000000003 21.042572463768121
decision_type=2 2 2 2
left_child=1 3 -3 -1
right_child=-2 2 -4 -5
leaf_value=0.020705621643103411 -0.051035079966365693 -0.00071628190774733263 0.024343446775247447 -0.0050762420864223362
leaf_weight=38.85656828340143 4.4823896549642077 218.82019363064319 18.02396522462368 9.0922488309442979
leaf_count=90 23 1152 35 27
internal_value=0.00280585 0.00365326 0.00119078 0.0158168
internal_weight=289.275 284.793 236.844 47.9488
internal_count=1327 1304 1187 117
is_linear=0
shrinkage=0.03


Tree=197
num_leaves=6
num_cat=0
split_feature=14 14 14 19 6
split_gain=9.1441 15.6539 13.025 8.71302 11.5675
threshold=1.1825474821923402e-22 7.6939561636187029e-24 3.9140662874604723e-25 4.1500000000000012 0.99999581501663115
decision_type=2 2 2 2 2
left_child=1 2 -1 -2 -5
right_child=3 -3 -4 4 -6
leaf_value=0.0085810024233421 0.020179059525395955 0.042268990806209897 -0.044913019958045218 0.0026465796213966603 -0.012041203139200584
leaf_weight=55.904523509554565 15.576300352811812 11.931305197067557 4.4203914450481525 123.23422668455169 79.319592415355146
leaf_count=276 39 39 41 427 522
internal_value=0.00162153 0.0108711 0.00466115 -0.00144244 -0.00310512
internal_weight=290.386 72.2562 60.3249 218.13 202.554
internal_count=1344 356 317 988 949
is_linear=0
shrinkage=0.03


Tree=198
num_leaves=4
num_cat=0
split_feature=3 24 0
split_gain=8.29166 10.8498 7.42108
threshold=70.000000000000014 3.2000000000000006 75.500000000000014
decision_type=2 2 2
left_child=1 2 -1
right_child=-2 -3 -4
leaf_value=-0.0043192578747105765 0.031721608637120563 -0.040013405054699587 0.0056258682917648076
leaf_weight=117.13935978338122 7.9008887410163871 5.8092240002006283 159.4474229067564
leaf_count=891 11 27 418
internal_value=0.00140979 0.000561723 0.00141393
internal_weight=290.297 282.396 276.587
internal_count=1347 1336 1309
is_linear=0
shrinkage=0.03


Tree=199
num_leaves=7
num_cat=0
split_feature=22 20 24 7 8 20
split_gain=14.7767 22.5165 12.1061 10.1679 10.443 6.3657
threshold=13.843110225581352 7.1500000000000012 2.2500000000000004 25.500000000000004 5.0748991934764662 7.0500000000000007
decision_type=2 2 2 2 2 2
left_child=1 -1 -3 5 -5 -2
right_child=3 2 -4 4 -6 -7
leaf_value=-0.063627635489141895 0.039710176899916405 -0.0066030220574571285 0.021392515299782793 0.020464778805977774 -0.017874226454296493 0.011870105938644085
leaf_weight=5.9414176922291508 8.6923892721533758 167.96782335825264 15.156152736395596 9.3994212970137614 19.998803868889809 49.400735337287188
leaf_count=34 12 1004 34 22 63 161
internal_value=-0.0014335 -0.00615081 -0.00428599 0.00876043 -0.00561619 0.0160358
internal_weight=276.557 189.065 183.124 87.4913 29.3982 58.0931
internal_count=1330 1072 1038 258 85 173
is_linear=0
shrinkage=0.03


Tree=200
num_leaves=5
num_cat=0
split_feature=13 1 0 13
split_gain=7.76242 8.59048 19.427 7.97912
threshold=0.35000000000000003 5.3483935357417165 75.500000000000014 0.55000000000000016
decision_type=2 2 2 2
left_child=-1 3 -3 -2
right_child=1 2 -4 -5
leaf_value=0.03753938716543636 0.02911655785831636 -0.017467271586075181 0.0026078253751806563 0.0035971940283528823
leaf_weight=4.9195097722113124 13.018195960670708 64.172967815306038 133.92430127039552 72.093802243471146
leaf_count=12 28 726 371 215
internal_value=0.000178324 -0.000470659 -0.00389544 0.00750048
internal_weight=288.129 283.209 198.097 85.112
internal_count=1352 1340 1097 243
is_linear=0
shrinkage=0.03


Tree=201
num_leaves=8
num_cat=0
split_feature=20 11 21 20 6 23 7
split_gain=6.64336 15.1142 12.1097 8.15112 9.44274 7.25585 6.17553
threshold=10.250000000000002 11.940915877548681 0.7565583627292457 9.7500000000000018 0.99999999911233106 140.50000000000003 21.500000000000004
decision_type=2 2 2 2 2 2 2
left_child=3 5 -3 4 -1 -2 -5
right_child=1 2 -4 6 -6 -7 -8
leaf_value=0.0064965867555365365 -0.062449200253350066 0.0045476667475543358 -0.020110832699727483 0.00091705878167689368 -0.011711015244886429 -0.019517604200558116 0.026078694384099498
leaf_weight=68.343210396356881 4.4088889397680786 82.167234525550157 22.925354513339698 14.621454086154698 41.022329115774482 18.041239240672439 21.969794953241944
leaf_count=209 28 573 135 68 166 101 42
internal_value=-0.000602909 -0.00560465 -0.000831446 0.00376781 -0.000332971 -0.0279488 0.0160244
internal_weight=273.5 127.543 105.093 145.957 109.366 22.4501 36.5912
internal_count=1322 837 708 485 375 129 110
is_linear=0
shrinkage=0.03


Tree=202
num_leaves=6
num_cat=0
split_feature=18 20 10 23 20
split_gain=11.3743 11.8208 9.2804 6.67003 20.5789
threshold=158.50000000000003 15.15 -2.3411858341653391e-16 133.50000000000003 10.250000000000002
decision_type=2 2 2 2 2
left_child=3 2 -2 4 -1
right_child=1 -3 -4 -5 -6
leaf_value=0.015322193743574738 0.006228080365491123 0.046658259474434562 -0.0089086781634588417 0.028289331318304682 -0.02398680025945308
leaf_weight=46.988287056796253 48.362759738229215 4.0402623368427149 148.04116684105247 13.845405642874537 16.090711200609803
leaf_count=108 149 12 910 35 93
internal_value=-0.000372991 -0.00413647 -0.00518138 0.00943363 0.00529493
internal_weight=277.369 200.444 196.404 76.9244 63.079
internal_count=1307 1071 1059 236 201
is_linear=0
shrinkage=0.03


Tree=203
num_leaves=7
num_cat=0
split_feature=0 3 2 5 18 12
split_gain=13.4709 13.7986 13.0141 7.40455 5.43401 0.258577
threshold=55.500000000000007 6.5000000000000009 4.5000000000000009 13.500000000000002 240.50000000000003 28.750000000000004
decision_type=2 2 2 2 2 2
left_child=2 -2 4 -3 -1 -4
right_child=1 3 5 -5 -6 -7
leaf_value=0.015885426100050507 0.037037749447902772 0.004942124367630891 -0.044187852108245933 -0.0062468831583050652 -0.016479126507213952 -0.033871097389629179
leaf_weight=9.8181606233119982 10.030622742138801 155.53665615618229 2.5536784045398262 80.925886707380414 8.9026236087083799 15.206061750650404
leaf_count=28 29 408 17 406 32 419
internal_value=5.66458e-05 0.00257475 -0.0169578 0.00111285 0.000494541 -0.0353545
internal_weight=282.974 246.493 36.4805 236.463 18.7208 17.7597
internal_count=1339 843 496 814 60 436
is_linear=0
shrinkage=0.03


Tree=204
num_leaves=7
num_cat=0
split_feature=17 9 22 0 17 0
split_gain=11.3728 17.0474 11.4392 8.94289 10.5452 7.06861
threshold=11.750000000000002 1.5000000000000002 12.59946560930455 84.500000000000014 11.672232275232743 34.500000000000007
decision_type=2 2 2 2 2 2
left_child=3 5 -3 4 -1 -2
right_child=1 2 -4 -5 -6 -7
leaf_value=-0.003198997175025847 -0.016167770096949408 -0.022321177465391469 -0.0041731100827584709 0.031078593785509829 0.048343835642366287 0.011065894264127688
leaf_weight=27.916371513623744 9.7993382038548571 44.567790322937071 104.67949602333829 15.632544122636316 4.0966618089005342 68.797423219308257
leaf_count=248 61 359 446 32 14 183
internal_value=-0.000850092 -0.00363746 -0.00959243 0.0124793 0.00339686 0.00767044
internal_weight=275.49 227.844 149.247 47.6456 32.013 78.5968
internal_count=1343 1049 805 294 262 244
is_linear=0
shrinkage=0.03


Tree=205
num_leaves=4
num_cat=0
split_feature=23 23 7
split_gain=7.94057 11.6612 7.40827
threshold=35.000000000000007 60.500000000000007 7.5000000000000009
decision_type=2 2 2
left_child=-1 -2 -3
right_child=1 2 -4
leaf_value=-0.029318839701541907 0.029449123117472033 0.030293185703557973 0.0013163846330392888
leaf_weight=6.7226450107991687 14.95295381080359 8.1951483818702382 255.73887299280614
leaf_count=27 33 46 1216
internal_value=0.00289962 0.00367625 0.00221611
internal_weight=285.61 278.887 263.934
internal_count=1322 1295 1262
is_linear=0
shrinkage=0.03


Tree=206
num_leaves=7
num_cat=0
split_feature=10 3 6 0 15 6
split_gain=9.08435 12.7254 10.9547 7.20761 10.9696 10.1
threshold=0.053760659861331307 26.500000000000004 1.186207745328435e-19 44.500000000000007 36.361111111111121 3.9186005783047615e-18
decision_type=2 2 2 2 2 2
left_child=3 2 -2 4 -1 -5
right_child=1 -3 -4 5 -6 -7
leaf_value=0.0056184028978429317 -0.00075866361363081762 0.013364885007929614 -0.034939367145281321 0.02252297868854132 -0.047494536004921067 0.0019554441272324327
leaf_weight=7.9278192822821421 14.278479993343351 13.471594825386999 20.633479921612889 24.166308738291264 6.2657320168800652 193.90512721985579
leaf_count=62 49 28 183 66 174 803
internal_value=0.000423001 -0.0114028 -0.02096 0.00288645 -0.0178283 0.0042347
internal_weight=280.649 48.3836 34.912 232.265 14.1936 218.071
internal_count=1365 260 232 1105 236 869
is_linear=0
shrinkage=0.03


Tree=207
num_leaves=5
num_cat=0
split_feature=3 6 15 23
split_gain=7.24595 8.32066 15.3331 6.54124
threshold=61.500000000000007 1.186207745328435e-19 37.250000000000007 204.50000000000003
decision_type=2 2 2 2
left_child=1 3 -3 -1
right_child=-2 2 -4 -5
leaf_value=0.016762473611091722 0.027708720411199223 -0.00072659739093438344 -0.04944718473111806 -0.009726922934950465
leaf_weight=41.003389649093151 9.0789293646812421 218.97886179154739 5.9721770165488115 10.548278987407683
leaf_count=104 14 1130 61 40
internal_value=0.00133715 0.00047124 -0.00202007 0.0113423
internal_weight=285.582 276.503 224.951 51.5517
internal_count=1349 1335 1191 144
is_linear=0
shrinkage=0.03


Tree=208
num_leaves=4
num_cat=0
split_feature=12 20 10
split_gain=7.78585 9.77079 7.63202
threshold=25.350000000000005 6.6500000000000012 -2.3411858341653391e-16
decision_type=2 2 2
left_child=-1 -2 -3
right_child=1 2 -4
leaf_value=0.021218260122971639 -0.0425175558876809 0.0088402823368805266 -0.0029956062318157689
leaf_weight=15.050295375287531 4.9949705260805777 64.389109996147454 205.58235358074307
leaf_count=28 25 194 1118
internal_value=0.000208061 -0.000941932 -0.000172707
internal_weight=290.017 274.966 269.971
internal_count=1365 1337 1312
is_linear=0
shrinkage=0.03


Tree=209
num_leaves=7
num_cat=0
split_feature=19 9 20 10 19 20
split_gain=13.0886 11.5524 11.662 10.7401 8.68326 9.05759
threshold=11.350000000000003 2.3471044195366573 11.950000000000001 0.016838649516065115 11.450000000000001 13.950000000000001
decision_type=2 2 2 2 2 2
left_child=1 3 -3 -1 -2 -6
right_child=4 2 -4 -5 5 -7
leaf_value=0.01632516158566865 0.048719864284280642 -0.0053886498163183 -0.033918170099690878 -0.0074223645923587557 0.0051789341668907647 0.036129958454947382
leaf_weight=40.793506354093552 5.0312702842056742 98.051481706090271 14.847877038642762 29.560423316434026 85.111588082276285 9.4548259153962118
leaf_count=111 8 473 239 122 340 38
internal_value=0.00156297 -0.00319463 -0.00914069 0.00634723 0.0103166 0.00827344
internal_weight=282.851 183.253 112.899 70.3539 99.5977 94.5664
internal_count=1331 945 712 233 386 378
is_linear=0
shrinkage=0.03


Tree=210
num_leaves=4
num_cat=0
split_feature=24 13 7
split_gain=8.15389 7.88226 8.3077
threshold=5.0500000000000007 1.8500000000000003 48.500000000000007
decision_type=2 2 2
left_child=1 2 -1
right_child=-2 -3 -4
leaf_value=6.4013350222145377e-05 -0.040213906939218114 0.01953766534257103 -0.033335210863704279
leaf_weight=249.66402031271718 4.494031883776187 18.31671342253685 6.8876246102154246
leaf_count=1266 21 39 24
internal_value=-0.000130566 0.000524787 -0.000832653
internal_weight=279.362 274.868 256.552
internal_count=1350 1329 1290
is_linear=0
shrinkage=0.03


Tree=211
num_leaves=8
num_cat=0
split_feature=10 19 10 23 24 22 0
split_gain=10.7642 11.3143 13.8258 10.1901 7.45173 9.26581 6.37102
threshold=-2.3411858341653391e-16 11.350000000000003 -7.0719194357924098e-17 103.50000000000001 0.75000000000000011 14.401367538426401 74.500000000000014
decision_type=2 2 2 2 2 2 2
left_child=4 2 -2 -3 5 -1 -6
right_child=1 3 -4 -5 6 -7 -8
leaf_value=-0.043889264282801918 -0.032114484733921408 -0.037484665562485038 -0.0043352906169140332 0.0097483574772734317 0.0021963057426931843 0.01627194891137038 0.022957250858872572
leaf_weight=4.6618652343749982 18.654597524087876 4.3885833099484435 118.90449998993427 64.956613076850772 21.657935648225248 4.5555830448865891 34.485988520085812
leaf_count=32 146 17 671 281 82 9 60
internal_value=0.000231174 -0.0031215 -0.00810247 0.00675917 0.0108442 -0.0141555 0.0149486
internal_weight=272.266 206.904 137.559 69.3452 65.3614 9.21745 56.1439
internal_count=1298 1115 817 298 183 41 142
is_linear=0
shrinkage=0.03


Tree=212
num_leaves=6
num_cat=0
split_feature=9 16 15 5 6
split_gain=8.02603 16.8745 14.8118 6.59806 5.8394
threshold=2.3471044195366573 25.150268336314848 36.972222222222221 10.500000000000002 0.25663270582475639
decision_type=2 2 2 2 2
left_child=3 2 -2 4 -1
right_child=1 -3 -4 -5 -6
leaf_value=0.0081685663535707113 -0.0035977863735702064 0.035541369847134276 -0.04775891763212859 0.037439516956223676 -0.01262940889749798
leaf_weight=90.707789531908929 150.22547562886029 9.5114613287150842 7.1613367665559045 6.1160081513226023 14.028871253132818
leaf_count=279 869 18 90 12 80
internal_value=0.000894003 -0.00326215 -0.00560718 0.00715144 0.0053828
internal_weight=277.751 166.898 157.387 110.853 104.737
internal_count=1348 977 959 371 359
is_linear=0
shrinkage=0.03


Tree=213
num_leaves=4
num_cat=0
split_feature=23 23 18
split_gain=11.7389 13.0388 7.62443
threshold=35.000000000000007 58.000000000000007 101.50000000000001
decision_type=2 2 2
left_child=-1 -2 -3
right_child=1 2 -4
leaf_value=-0.043766534651633694 0.032733802151159459 -0.030235052239780909 0.0033080528200833182
leaf_weight=4.7124757654964915 13.508341877721248 6.2449788730591527 260.52760205371305
leaf_count=22 26 32 1246
internal_value=0.00318938 0.00397887 0.00252283
internal_weight=284.993 280.281 266.773
internal_count=1326 1304 1278
is_linear=0
shrinkage=0.03


Tree=214
num_leaves=7
num_cat=0
split_feature=17 6 18 18 11 6
split_gain=9.11063 8.41247 6.98907 11.6403 8.39624 1.45446
threshold=10.781241100207819 1.2581202055505865e-31 161.50000000000003 168.50000000000003 11.750000000000002 0.0063342418813666619
decision_type=2 2 2 2 2 2
left_child=1 -1 4 -4 -2 -3
right_child=2 5 3 -5 -6 -7
leaf_value=0.028821593580915763 0.01829965695184382 -0.073601169503160938 -0.043785192691580974 0.0022214426758667672 -0.003142512760116806 -0.038248155472184645
leaf_weight=1.7287255823612202 53.275387618690729 1.3660046756267545 5.076968314126133 197.22236718726344 23.768459434621036 4.4897240623831749
leaf_count=4 119 10 34 976 115 72
internal_value=0.00311442 -0.0293282 0.00399527 0.00106685 0.0116846 -0.0464952
internal_weight=286.928 7.58445 279.343 202.299 77.0438 5.85573
internal_count=1330 86 1244 1010 234 82
is_linear=0
shrinkage=0.03


Tree=215
num_leaves=5
num_cat=0
split_feature=13 20 0 21
split_gain=7.94496 8.39004 10.1139 7.86563
threshold=0.35000000000000003 13.950000000000001 75.500000000000014 0.37105611154025714
decision_type=2 2 2 2
left_child=-1 2 -2 -3
right_child=1 3 -4 -5
leaf_value=0.039200578809856494 -0.0073418569750039108 -0.0055223604270102939 0.0044787965202434665 0.043822344951279325
leaf_weight=4.9330885484814635 109.44126274506561 4.6993427881970984 160.95052819699049 7.6241666646674275
leaf_count=13 822 58 438 25
internal_value=0.00145629 0.000797693 -0.000305621 0.0250057
internal_weight=287.648 282.715 270.392 12.3235
internal_count=1356 1343 1260 83
is_linear=0
shrinkage=0.03


Tree=216
num_leaves=7
num_cat=0
split_feature=10 15 10 22 13 6
split_gain=10.1238 14.853 18.9995 10.6014 8.17684 9.44287
threshold=0.0098748212224183049 36.861111111111121 0.13657242882375212 11.850000000000003 0.35000000000000003 0.99998964238358712
decision_type=2 2 2 2 2 2
left_child=4 3 -3 -2 -1 -6
right_child=1 2 -4 -5 5 -7
leaf_value=0.044685071524093033 -0.024211615655148025 -0.053138745312045453 0.027799386791126271 0.0034035173200829493 0.011665940089092991 -0.0025765825550635927
leaf_weight=4.2861512303352347 16.240436580963433 11.98752000601962 3.3367981789633623 54.491058729588985 66.965796370059252 111.91159330355003
leaf_count=7 130 114 13 209 187 657
internal_value=-0.00025106 -0.00873836 -0.0355148 -0.00293711 0.00373653 0.00275535
internal_weight=269.219 86.0558 15.3243 70.7315 183.164 178.877
internal_count=1317 466 127 339 851 844
is_linear=0
shrinkage=0.03


Tree=217
num_leaves=4
num_cat=0
split_feature=23 23 19
split_gain=5.79888 11.284 6.48324
threshold=35.000000000000007 58.000000000000007 8.3500000000000032
decision_type=2 2 2
left_child=-1 -2 -3
right_child=1 2 -4
leaf_value=-0.027576274835822184 0.030099666139497612 -0.0050622722474771677 0.0046588250630015321
leaf_weight=5.8836169913411132 12.744972365908323 95.658681171480566 174.16337024327368
leaf_count=24 30 523 778
internal_value=0.0019016 0.00251539 0.00121245
internal_weight=288.451 282.567 269.822
internal_count=1355 1331 1301
is_linear=0
shrinkage=0.03


Tree=218
num_leaves=6
num_cat=0
split_feature=17 0 24 3 12
split_gain=6.43522 11.5737 15.0497 10.4237 8.34189
threshold=11.750000000000002 85.500000000000014 1.0464280754261035 63.500000000000007 25.250000000000004
decision_type=2 2 2 2 2
left_child=1 2 -1 4 -2
right_child=3 -3 -4 -5 -6
leaf_value=0.016228451000766145 0.022139532164669441 0.035848451542105995 -0.029542156473702928 0.031630565743699553 -0.0023975872864691861
leaf_weight=21.702815417665992 13.238315261900423 13.546267963945864 9.2087593344040197 9.1805908381938917 214.80561824492179
leaf_count=189 25 26 69 13 1007
internal_value=0.00225158 0.012726 0.00259309 0.000288597 -0.000973168
internal_weight=281.682 44.4578 30.9116 237.225 228.044
internal_count=1329 284 258 1045 1032
is_linear=0
shrinkage=0.03


Tree=219
num_leaves=5
num_cat=0
split_feature=20 0 15 3
split_gain=8.97001 6.26894 16.5942 7.94404
threshold=14.65 75.500000000000014 36.750000000000007 11.500000000000002
decision_type=2 2 2 2
left_child=1 2 -1 -3
right_child=-2 3 -4 -5
leaf_value=-0.012890954306598515 0.038386405418257663 -0.019470727507401666 0.010669589142142529 0.0070295501234388493
leaf_weight=72.151397590059787 5.9656133083626619 10.959323868155478 42.902954672463238 143.3200423233211
leaf_count=584 31 48 288 368
internal_value=0.00200053 0.0011946 -0.00410539 0.00514709
internal_weight=275.299 269.334 115.054 154.279
internal_count=1319 1288 872 416
is_linear=0
shrinkage=0.03


Tree=220
num_leaves=5
num_cat=0
split_feature=20 17 9 16
split_gain=7.02916 7.91461 9.75528 7.38919
threshold=14.65 12.15 1.5000000000000002 14.781929347826088
decision_type=2 2 2 2
left_child=1 3 -3 -1
right_child=-2 2 -4 -5
leaf_value=0.035719766569294778 0.03061670797631541 0.00489934768548106 -0.0088339354702412793 0.0044582150513751183
leaf_weight=7.6239964547567061 6.5654001487419 73.182066239416599 127.92550395522267 63.334373471792787
leaf_count=34 36 242 672 381
internal_value=-5.68661e-05 -0.00079707 -0.00383646 0.00781706
internal_weight=278.631 272.066 201.108 70.9584
internal_count=1365 1329 914 415
is_linear=0
shrinkage=0.03


Tree=221
num_leaves=5
num_cat=0
split_feature=3 0 7 16
split_gain=7.0721 7.68468 14.2739 8.25816
threshold=63.500000000000007 86.500000000000014 51.500000000000007 21.454907161803714
decision_type=2 2 2 2
left_child=1 2 -1 -3
right_child=-2 3 -4 -5
leaf_value=-0.0036234902721379841 0.026379028571484761 0.0098336042490052272 -0.062696120286105939 -0.021909726661544848
leaf_weight=192.29196164058521 8.3802753537893278 68.767520919442177 3.7532459646463385 8.2622036039829236
leaf_count=1146 13 164 18 28
internal_value=-0.00076676 -0.00159982 -0.00475442 0.00642882
internal_weight=281.455 273.075 196.045 77.0297
internal_count=1369 1356 1164 192
is_linear=0
shrinkage=0.03


Tree=222
num_leaves=7
num_cat=0
split_feature=0 24 14 4 21 5
split_gain=10.7107 7.82406 8.78641 7.59941 6.63729 1.62032
threshold=44.500000000000007 1.5500000000000003 1.0000000180025095e-35 0.14399220528502138 1.7348986462441494 3.5000000000000004
decision_type=2 2 2 2 2 2
left_child=1 2 -1 4 -2 -5
right_child=3 -3 -4 5 -6 -7
leaf_value=0.0098637946291522741 0.0025046224189170059 -0.091300618593746843 -0.034767688549538253 0.015144414367228663 -0.027141635110580029 0.035432250524009549
leaf_weight=6.9624932259321275 240.78864366281778 1.3290375471115101 9.2358642378821951 8.016245134174822 6.9940499765798441 6.3492505699396125
leaf_count=19 921 10 294 29 34 17
internal_value=0.00137963 -0.0213252 -0.0155839 0.00289769 0.00166781 0.0241112
internal_weight=279.676 17.5274 16.1984 262.148 247.783 14.3655
internal_count=1324 323 313 1001 955 46
is_linear=0
shrinkage=0.03


Tree=223
num_leaves=5
num_cat=0
split_feature=24 13 22 10
split_gain=10.2295 8.38272 6.78784 5.91729
threshold=5.0500000000000007 1.8500000000000003 10.104238876098163 0.011583889470908366
decision_type=2 2 2 2
left_child=1 2 -1 -3
right_child=-2 3 -4 -5
leaf_value=-0.03714354775191947 -0.041062941175971347 0.0048609572043477323 0.0016633458994404497 0.037406290476232118
leaf_weight=4.1224517724476746 4.9379910342395297 10.044327422976496 253.74016785854474 10.067365348339079
leaf_count=52 23 26 1236 14
internal_value=0.00173755 0.00249787 0.00104294 0.0211523
internal_weight=282.912 277.974 257.863 20.1117
internal_count=1351 1328 1288 40
is_linear=0
shrinkage=0.03


Tree=224
num_leaves=7
num_cat=0
split_feature=17 0 24 22 5 12
split_gain=6.81233 9.18971 9.40205 8.26036 14.2707 11.3405
threshold=11.750000000000002 84.500000000000014 0.95000000000000007 12.506471160744963 13.500000000000002 43.45000000000001
decision_type=2 2 2 2 2 2
left_child=1 2 -1 4 -2 -5
right_child=3 -3 -4 5 -6 -7
leaf_value=0.01596958355637941 -0.0011209940705527071 0.030496507643138882 -0.017647667862234571 0.0019883005555018473 -0.032898829664794099 0.031194057953877124
leaf_weight=19.695145418401811 64.441369493026286 17.039015643298626 12.080099863465874 139.2032762831077 15.846076467074452 13.091006601229308
leaf_count=175 265 34 93 521 187 48
internal_value=0.0025322 0.012721 0.0031892 0.00039377 -0.00739288 0.00449879
internal_weight=281.396 48.8143 31.7752 232.582 80.2874 152.294
internal_count=1323 302 268 1021 452 569
is_linear=0
shrinkage=0.03


Tree=225
num_leaves=8
num_cat=0
split_feature=14 15 0 6 16 21 19
split_gain=12.281 18.9157 16.8726 10.5997 10.8054 7.10447 3.38501
threshold=0.99999999083309621 36.19444444444445 87.500000000000014 7.4249287699784271e-05 18.323055028463003 1.0026246899500348 10.15
decision_type=2 2 2 2 2 2 2
left_child=3 5 -3 6 -5 -2 -1
right_child=1 2 -4 4 -6 -7 -8
leaf_value=0.025634593598423568 0.025347590296125034 -0.049758832837657689 0.013035843191326554 -0.0068826566929967217 0.0072537368425038074 -0.012660866777638486 0.008468380699575187
leaf_weight=22.382961705327034 9.8174984268844145 15.356831340119244 5.1399997174739829 86.793899738462642 110.77193674771115 8.0594842731952649 19.212345216423273
leaf_count=59 21 86 12 624 436 30 64
internal_value=0.00141348 -0.0143411 -0.0340118 0.00394133 0.00104339 0.00821223 0.0177057
internal_weight=277.535 38.3738 20.4968 239.161 197.566 17.877 41.5953
internal_count=1332 149 98 1183 1060 51 123
is_linear=0
shrinkage=0.03


Tree=226
num_leaves=8
num_cat=0
split_feature=14 17 19 6 13 10 12
split_gain=7.56203 14.997 13.7589 12.696 10.0299 9.252 8.96306
threshold=1.1825474821923402e-22 11.850000000000003 5.6500000000000012 0.99999999929803052 1.7500000000000002 0.029438611974975239 37.150000000000013
decision_type=2 2 2 2 2 2 2
left_child=1 6 -3 5 -5 -2 -1
right_child=3 2 -4 4 -6 -7 -8
leaf_value=0.044194407633934514 0.0095002849383628799 -0.043489005151167992 0.0073468953403711358 -0.0091221951198525789 -0.057339260756944996 -0.0057235988932456501 -0.0047561913343390754
leaf_weight=14.864965585060419 95.584125837311149 5.3532134788110843 45.678478753892705 56.553223395021632 4.168962884694337 57.564449039753526 4.3521915022283784
leaf_count=38 319 35 209 379 23 279 64
internal_value=0.00198052 0.0105203 0.00201422 -0.000824489 -0.0124326 0.00377803 0.0331084
internal_weight=284.12 70.2488 51.0317 213.871 60.7222 153.149 19.2172
internal_count=1346 346 244 1000 402 598 102
is_linear=0
shrinkage=0.03


Tree=227
num_leaves=5
num_cat=0
split_feature=24 3 24 12
split_gain=9.26623 7.11563 10.5535 2.94679
threshold=0.52740634116376517 57.500000000000007 3.2000000000000006 33.150000000000013
decision_type=2 2 2 2
left_child=3 2 -2 -1
right_child=1 -3 -4 -5
leaf_value=0.0095524648402873467 -0.0003967482060603309 0.023106076566763719 -0.044039469558579937 0.040010782223675434
leaf_weight=4.9748160745948535 246.27098049363121 11.250492185354231 5.0897806156426659 6.7209707987494767
leaf_count=22 1208 19 28 27
internal_value=0.000927898 -0.000235725 -0.00128047 0.0270553
internal_weight=274.307 262.611 251.361 11.6958
internal_count=1304 1255 1236 49
is_linear=0
shrinkage=0.03


Tree=228
num_leaves=7
num_cat=0
split_feature=15 0 0 23 17 10
split_gain=7.00179 13.76 7.20463 15.5963 9.87412 6.22334
threshold=37.083333333333336 68.500000000000014 86.500000000000014 275.50000000000006 16.250000000000004 0.00071827915200192477
decision_type=2 2 2 2 2 2
left_child=2 5 3 -1 -4 -2
right_child=1 -3 4 -5 -6 -7
leaf_value=0.00022502693809886882 -0.021009669478849243 -0.04655593451139186 0.014593284045072404 -0.03722884008187826 -0.013523123508164536 0.021154909688877104
leaf_weight=170.96745823370293 5.5694065140560287 8.3996725231409055 58.735872380435467 10.62831405457109 13.902140513062475 7.2535281619057059
leaf_count=935 45 35 132 101 43 47
internal_value=-0.000154932 -0.0167095 0.00122699 -0.00196705 0.0092121 0.0028415
internal_weight=275.456 21.2226 254.234 181.596 72.638 12.8229
internal_count=1338 127 1211 1036 175 92
is_linear=0
shrinkage=0.03


Tree=229
num_leaves=5
num_cat=0
split_feature=3 23 23 7
split_gain=7.211 8.07605 10.2522 5.38456
threshold=70.000000000000014 231.50000000000003 245.50000000000003 19.500000000000004
decision_type=2 2 2 2
left_child=1 3 -3 -1
right_child=-2 2 -4 -5
leaf_value=0.0057050086302194861 0.032196594643396366 -0.046450109445389569 -0.0072868659943703248 -0.0038209489234686785
leaf_weight=97.669435722753406 5.6915809810161582 7.1211664220318189 38.761822521453723 117.83411373477429
leaf_count=584 8 58 243 409
internal_value=-0.00120944 -0.00193684 -0.0133651 0.000496358
internal_weight=267.078 261.387 45.883 215.504
internal_count=1302 1294 301 993
is_linear=0
shrinkage=0.03


Tree=230
num_leaves=7
num_cat=0
split_feature=6 6 16 14 15 0
split_gain=6.9233 10.9058 9.49738 6.94249 10.4715 7.10364
threshold=0.99999581501663115 0.99999951272527454 20.012500000000003 0.99999999083309621 36.027777777777786 37.500000000000007
decision_type=2 2 2 2 2 2
left_child=3 -2 -3 5 -5 -1
right_child=1 2 -4 4 -6 -7
leaf_value=-0.0091099626149592321 -0.056176257458131096 -0.0066860532642893811 0.010103741507761161 0.017202364045988117 -0.013632705089061642 0.014715395872177267
leaf_weight=12.979202663525937 3.2999073993414632 89.164344392716885 45.946819369215518 15.258694250136612 28.287744650617242 85.164837687276304
leaf_count=86 24 652 164 43 113 236
internal_value=0.00247961 -0.00229244 -0.000976402 0.00714121 -0.00282808 0.0115646
internal_weight=280.102 138.411 135.111 141.69 43.5464 98.144
internal_count=1318 840 816 478 156 322
is_linear=0
shrinkage=0.03


Tree=231
num_leaves=7
num_cat=0
split_feature=19 12 12 19 9 19
split_gain=7.93754 10.8217 17.2346 10.2859 12.3497 4.92964
threshold=10.350000000000003 33.250000000000007 38.850000000000001 2.7500000000000004 3.1091146601265351 12.250000000000002
decision_type=2 2 2 2 2 2
left_child=3 5 -3 -1 -5 -2
right_child=1 2 -4 4 -6 -7
leaf_value=0.021778591331055232 0.030348289282463137 -0.017598277572124101 0.011753764936943563 -0.00039161430832999547 -0.01892569098151145 0.0090516998032991389
leaf_weight=12.371714057400821 17.770036492496729 31.534594770520926 41.959900706075132 94.638574383687228 49.165640818187967 21.761973146349192
leaf_count=27 31 169 226 387 397 63
internal_value=-8.77099e-05 0.00596767 -0.00084044 -0.00447007 -0.00672828 0.0186247
internal_weight=269.202 113.027 73.4945 156.176 143.804 39.532
internal_count=1300 489 395 811 784 94
is_linear=0
shrinkage=0.03


Tree=232
num_leaves=7
num_cat=0
split_feature=9 3 23 0 12 21
split_gain=10.5739 12.9556 13.61 12.0041 7.39927 7.12873
threshold=3.1091146601265351 57.500000000000007 53.500000000000007 87.500000000000014 35.850000000000001 1.700145145719514
decision_type=2 2 2 2 2 2
left_child=3 2 -2 5 -5 -1
right_child=1 -3 -4 4 -6 -7
leaf_value=0.0013116227470800596 0.019327065720892517 0.028514468606680683 -0.016891301551605769 0.0028001050658170027 0.028685867860429259 -0.027808412790204361
leaf_weight=133.81452504033223 10.728166403248904 7.6884156912565222 72.046967579517514 16.837096236646175 24.254867568612099 8.019517158623783
leaf_count=588 24 13 573 45 39 53
internal_value=-0.000347381 -0.00873713 -0.0121972 0.00380166 0.0180794 -0.000334869
internal_weight=273.39 90.4635 82.7751 182.926 41.092 141.834
internal_count=1335 610 597 725 84 641
is_linear=0
shrinkage=0.03


Tree=233
num_leaves=7
num_cat=0
split_feature=22 17 11 13 18 16
split_gain=10.0892 11.1202 7.22125 7.68836 6.9681 2.63712
threshold=13.707456402045517 14.366779585831475 16.450000000000003 1.9500000000000002 210.50000000000003 19.641737891737893
decision_type=2 2 2 2 2 2
left_child=2 5 3 -1 -3 -2
right_child=1 4 -4 -5 -6 -7
leaf_value=-0.0062143089388616429 -0.047658861862332542 0.018186799523123725 0.033515228283270151 0.017215001586701504 -0.00052715747810777374 -0.010388604696580298
leaf_weight=168.46199794486165 3.2119850087910882 53.720733653753996 4.6207283968105903 13.624918803572653 26.860847070813179 3.6505672410130501
leaf_count=1009 26 130 15 33 105 16
internal_value=0.000417241 0.00882672 -0.00352132 -0.00446118 0.0119487 -0.0278328
internal_weight=274.152 87.4441 186.708 182.087 80.5816 6.86255
internal_count=1334 277 1057 1042 235 42
is_linear=0
shrinkage=0.03


Tree=234
num_leaves=7
num_cat=0
split_feature=17 17 19 10 5 18
split_gain=8.58241 14.4844 11.6115 7.95467 5.54979 0.256858
threshold=11.050000000000002 11.750000000000002 11.15 -0.010976170918296927 8.5000000000000018 185.50000000000003
decision_type=2 2 2 2 2 2
left_child=4 2 -2 -3 -1 -6
right_child=1 3 -4 -5 5 -7
leaf_value=-0.00073538223525452411 0.0033979723164346983 0.011588671520205651 0.040286024510467082 -0.0022249377727035181 -0.048211051363643571 -0.036227094084213422
leaf_weight=5.5046908631920797 14.898295531515034 46.827992778271437 15.851232427172361 188.73397569032386 2.9565749242901802 3.5333516215905547
leaf_count=27 108 125 46 923 28 76
internal_value=0.00193086 0.00304891 0.0224136 0.000521107 -0.0228928 -0.0416865
internal_weight=278.306 266.311 30.7495 235.562 11.9946 6.48993
internal_count=1333 1202 154 1048 131 104
is_linear=0
shrinkage=0.03


Tree=235
num_leaves=8
num_cat=0
split_feature=20 20 5 11 18 23 18
split_gain=5.53902 12.8468 10.3188 8.01464 7.90754 5.19381 5.1785
threshold=11.65 11.850000000000003 12.500000000000002 12.65 339.50000000000006 35.000000000000007 462.00000000000006
decision_type=2 2 2 2 2 2 2
left_child=4 3 -3 -2 5 -1 -6
right_child=1 2 -4 -5 6 -7 -8
leaf_value=-0.021744301421108728 -0.086542598743588814 0.0061761817257511096 -0.021659245683188444 -0.019655892754606049 -0.041484541689561553 0.0054084414379637529 0.0029007118684264191
leaf_weight=6.5547936130315057 2.6589200925081959 39.715603368356824 17.167089448543265 4.0960437096655369 5.7238410918507707 193.63275028206408 4.0324013493955135
leaf_count=24 15 189 275 33 58 717 16
internal_value=0.000883873 -0.00686947 -0.0022245 -0.0459841 0.00323405 0.00451937 -0.0231395
internal_weight=273.581 63.6377 56.8827 6.75496 209.944 200.188 9.75624
internal_count=1327 512 464 48 815 741 74
is_linear=0
shrinkage=0.03


Tree=236
num_leaves=7
num_cat=0
split_feature=16 16 10 9 15 24
split_gain=8.177 7.34748 9.54711 7.09127 2.09013 0.187245
threshold=14.455555555555557 15.728735632183909 0.14325771253476224 3.6033564693001892 35.527777777777786 1.2500000000000002
decision_type=2 2 2 2 2 2
left_child=4 3 -3 -2 -1 -6
right_child=1 2 -4 -5 5 -7
leaf_value=-0.00088945222533824036 0.023644874227939434 4.2584206574235735e-05 -0.036684022611246148 -0.012157234871985853 -0.037296654974646577 -0.04952399298873205
leaf_weight=1.5006918311119068 21.370091612450782 218.18612203164957 6.5617779458407304 6.4915713234804562 3.8459087675437331 1.5944844633340833
leaf_count=10 69 1024 44 68 70 10
internal_value=-0.000110911 0.000771754 -0.00102969 0.0153032 -0.0322341 -0.0408803
internal_weight=259.551 252.61 224.748 27.8617 6.94109 5.44039
internal_count=1295 1205 1068 137 90 80
is_linear=0
shrinkage=0.03


Tree=237
num_leaves=7
num_cat=0
split_feature=18 19 15 17 21 20
split_gain=7.09673 9.26901 10.4333 6.75745 6.74788 5.27805
threshold=135.50000000000003 13.15 36.447111463541894 19.978426429544374 0.51566321501937995 10.250000000000002
decision_type=2 2 2 2 2 2
left_child=3 2 -2 5 -3 -1
right_child=1 4 -4 -5 -6 -7
leaf_value=0.021967785488431788 0.0029208328773300727 0.018535580005154918 -0.012188144778729426 -0.014393480728343332 -0.0047224914166511351 -0.0021762539345250376
leaf_weight=34.486003376543522 92.165721440222114 33.891684039030224 74.287349765654653 7.5537894591689101 16.788254649378359 10.670131763443349
leaf_count=71 418 144 516 24 72 65
internal_value=0.00199498 -0.000402079 -0.00382224 0.0118694 0.0108311 0.0162627
internal_weight=269.843 217.133 166.453 52.7099 50.6799 45.1561
internal_count=1310 1150 934 160 216 136
is_linear=0
shrinkage=0.03


Tree=238
num_leaves=6
num_cat=0
split_feature=13 1 16 16 6
split_gain=5.69237 6.35537 9.96419 7.10439 5.32101
threshold=1.8500000000000003 5.3483935357417165 21.831300813008131 25.150268336314848 0.99999999690331343
decision_type=2 2 2 2 2
left_child=1 2 -1 -3 -2
right_child=4 3 -4 -5 -6
leaf_value=0.01030640650846684 0.023654026221188135 -0.0059936922516394993 -0.020439946238848605 0.021376945486147998 -0.0043334799460432779
leaf_weight=65.237952867522836 16.556613631546501 163.27336663333699 11.100434400141237 9.005682888440786 9.6930375397205335
leaf_count=190 34 1016 43 24 31
internal_value=3.27658e-05 -0.00137006 0.00583555 -0.00456292 0.0133193
internal_weight=274.867 248.617 76.3384 172.279 26.2497
internal_count=1338 1273 233 1040 65
is_linear=0
shrinkage=0.03


Tree=239
num_leaves=7
num_cat=0
split_feature=15 19 8 15 21 23
split_gain=9.76111 12.2985 11.5995 9.03427 8.38884 6.67812
threshold=37.083333333333336 10.517546642660745 5.0748991934764662 37.638888888888893 0.51471220298598197 125.50000000000001
decision_type=2 2 2 2 2 2
left_child=1 2 -1 5 -3 -2
right_child=3 4 -4 -5 -6 -7
leaf_value=0.0035284776130904013 -0.0041282293791383932 0.014267047711912501 -0.013513066582680776 0.011239982803956786 -0.0046640935353226822 -0.04699381397379207
leaf_weight=68.598581455647945 4.7947810767218497 67.576935218181461 75.522254586452618 5.6027523390948764 30.608211896382272 10.292520069517193
leaf_count=239 25 281 568 19 134 89
internal_value=-0.00151192 0.000176946 -0.00540164 -0.0212906 0.00836546 -0.033371
internal_weight=262.996 242.306 144.121 20.6901 98.1851 15.0873
internal_count=1355 1222 807 133 415 114
is_linear=0
shrinkage=0.03


Tree=240
num_leaves=5
num_cat=0
split_feature=3 9 19 15
split_gain=9.01594 8.32232 10.7331 9.41919
threshold=63.500000000000007 2.3471044195366573 10.350000000000003 36.361111111111121
decision_type=2 2 2 2
left_child=1 3 -3 -1
right_child=-2 2 -4 -5
leaf_value=0.015809861681410929 0.029871795318623433 -0.012535835291781965 0.0038316797116128534 -0.0023906367846506971
leaf_weight=42.656354440376163 8.5039239674806577 91.135155587922782 59.664894576650113 63.967750365845859
leaf_count=130 13 631 316 253
internal_value=-0.00052023 -0.00152422 -0.00605994 0.00489071
internal_weight=265.928 257.424 150.8 106.624
internal_count=1343 1330 947 383
is_linear=0
shrinkage=0.03


Tree=241
num_leaves=8
num_cat=0
split_feature=16 20 20 7 7 19 20
split_gain=10.2449 9.49573 10.886 8.35456 8.26222 17.4262 9.17353
threshold=18.106203007518801 8.8500000000000032 9.6500000000000004 18.500000000000004 18.500000000000004 7.8500000000000005 9.8500000000000032
decision_type=2 2 2 2 2 2 2
left_child=1 3 -3 -1 6 -6 -2
right_child=4 2 -4 -5 5 -7 -8
leaf_value=-0.023856107794065433 0.025681573266164531 -0.03987195773250813 -0.0073759686908850663 0.013916828915089012 -0.023858132792490352 0.0071216101053905492 0.0041914116843182782
leaf_weight=6.4715402838774017 30.872068395838141 10.823513705749063 64.970757087925449 28.382219029590487 21.537632144056261 67.732652765698731 42.471075481036678
leaf_count=49 76 76 494 72 94 195 277
internal_value=0.000985147 -0.00605679 -0.0120164 0.00690326 0.00577674 -0.000352661 0.0132372
internal_weight=273.261 110.648 75.7943 34.8538 162.613 89.2703 73.3431
internal_count=1333 691 570 121 642 289 353
is_linear=0
shrinkage=0.03


Tree=242
num_leaves=7
num_cat=0
split_feature=1 0 10 20 0 19
split_gain=7.46731 8.6111 10.1122 9.88865 3.32713 2.65006
threshold=4.5000000000000009 81.500000000000014 -2.3411858341653391e-16 12.050000000000002 37.500000000000007 9.8500000000000032
decision_type=2 2 2 2 2 2
left_child=4 2 -2 -3 -1 -6
right_child=1 3 -4 -5 5 -7
leaf_value=0.0011422223077628946 0.0079603260349099918 0.0084619581565388777 -0.010970599510913099 -0.021753554522880466 0.0098653545379710425 0.033628417847774303
leaf_weight=9.021222800016405 34.325822181999683 96.306500468403101 97.602520036278293 10.84590223059058 7.3022549822926548 10.018570594489573
leaf_count=24 123 240 856 45 27 28
internal_value=0.000756316 -0.000913954 -0.00604505 0.00540356 0.0159157 0.0236102
internal_weight=265.423 239.081 131.928 107.152 26.342 17.3208
internal_count=1343 1264 979 285 79 55
is_linear=0
shrinkage=0.03


Tree=243
num_leaves=8
num_cat=0
split_feature=0 0 5 4 16 3 11
split_gain=10.603 7.74428 7.28018 7.26382 6.26844 5.74634 0.91162
threshold=47.500000000000007 26.500000000000004 5.5000000000000009 0.14399220528502138 25.699095022624437 5.5000000000000009 12.250000000000002
decision_type=2 2 2 2 2 2 2
left_child=1 2 -1 5 -3 -2 -5
right_child=3 4 -4 6 -6 -7 -8
leaf_value=0.01768130613834136 0.02887550835561566 -0.030635599316818942 -0.033928859962372777 0.017722138746281015 -0.10720440986183839 0.00037808254790235707 0.034615677640581377
leaf_weight=6.4662704467773455 6.5505006602033964 9.0738408886827511 3.9702251192647964 6.2276293858885747 1.0764260292053212 228.93331996491179 5.3398994505405426
leaf_count=19 26 212 120 25 7 901 16
internal_value=0.000587221 -0.020098 -0.0019521 0.00231092 -0.0387556 0.0011708 0.0255207
internal_weight=267.638 20.5868 10.4365 247.051 10.1503 235.484 11.5675
internal_count=1326 358 139 968 219 927 41
is_linear=0
shrinkage=0.03


Tree=244
num_leaves=6
num_cat=0
split_feature=21 17 0 18 21
split_gain=7.83388 6.97462 14.7138 9.19241 5.53305
threshold=1.700145145719514 11.450000000000001 85.500000000000014 158.50000000000003 1.9562385687196022
decision_type=2 2 2 2 2
left_child=1 2 -1 -3 -2
right_child=4 3 -4 -5 -6
leaf_value=-0.00030460131748151725 -0.054893914109627774 0.0083676228911944654 0.043713077919019197 -0.0053430192629573998 -0.0092202398716014905
leaf_weight=21.812319422373552 3.8466060268692654 60.839562095236033 9.9533452913165075 159.10474156169221 6.2914983099326491
leaf_count=204 28 199 18 851 35
internal_value=-0.000694045 0.000347345 0.0134877 -0.00155047 -0.0265498
internal_weight=261.848 251.71 31.7657 219.944 10.1381
internal_count=1335 1272 222 1050 63
is_linear=0
shrinkage=0.03


Tree=245
num_leaves=8
num_cat=0
split_feature=14 14 12 17 22 24 10
split_gain=7.99931 15.8019 12.1724 9.40292 10.4986 8.39033 7.95361
threshold=1.1825474821923402e-22 9.4137545867743948e-10 47.45000000000001 11.550000000000002 13.60708649939094 0.52740634116376517 -3.7957163329388589e-17
decision_type=2 2 2 2 2 2 2
left_child=3 2 -2 6 -5 -3 -1
right_child=1 5 -4 4 -6 -7 -8
leaf_value=-0.0047976656562102584 -0.019071177100090791 0.04207123946268617 0.040994145125873994 -0.0090809732001777225 0.018191457445277462 0.0017599748616697714 0.04351973848969682
leaf_weight=4.2238225690089175 53.409003860782832 4.8153243865817776 3.2195152756758025 27.444978565676138 23.651133961044252 132.90339974826202 11.187577824108299
leaf_count=34 396 10 12 193 76 542 50
internal_value=0.000757278 -0.00231595 -0.0156563 0.00973781 0.00354276 0.00316946 0.0302773
internal_weight=260.855 194.347 56.6285 66.5075 51.0961 137.719 15.4114
internal_count=1313 960 408 353 269 552 84
is_linear=0
shrinkage=0.03


Tree=246
num_leaves=8
num_cat=0
split_feature=23 9 22 0 22 20 19
split_gain=16.1753 11.5083 17.3799 13.7439 10.1829 9.39456 1.13781
threshold=213.50000000000003 1.5000000000000002 11.420471542647851 78.500000000000014 10.319931711157547 6.5500000000000007 10.450000000000001
decision_type=2 2 2 2 2 2 2
left_child=4 3 -3 -2 6 -6 -1
right_child=1 2 -4 -5 5 -7 -8
leaf_value=-0.028036189925154602 -0.017972231639544586 0.0062871971575095475 -0.039839655555495943 0.03028777205224174 -0.034369354499430245 0.0049886964937475497 -0.058140460833312604
leaf_weight=2.5633437666110686 12.917566610500218 10.544732312206177 24.277527790982276 9.0193019509315473 5.6126073822379103 198.44122268259525 2.0206718388944864
leaf_count=38 67 93 241 18 24 846 14
internal_value=-0.000950208 -0.0151499 -0.0258717 0.00186978 0.00291276 0.00390613 -0.0413064
internal_weight=265.397 56.7591 34.8223 21.9369 208.638 204.054 4.58402
internal_count=1341 419 334 85 922 870 52
is_linear=0
shrinkage=0.03


Tree=247
num_leaves=5
num_cat=0
split_feature=7 10 0 17
split_gain=8.05075 6.82916 10.1512 8.92238
threshold=64.500000000000014 0.052608538480995969 87.500000000000014 10.781241100207819
decision_type=2 2 2 2
left_child=1 3 -3 -1
right_child=-2 2 -4 -5
leaf_value=-0.043429917445445769 0.023384695085589841 -0.021474278592907715 0.0078715017109251273 0.0018435341863604735
leaf_weight=3.9979119948111466 12.277279168367384 31.837213107850403 15.910607695579527 195.37783478805795
leaf_count=67 21 221 36 951
internal_value=-0.000326844 -0.00150485 -0.0116956 0.000935704
internal_weight=259.401 247.124 47.7478 199.376
internal_count=1296 1275 257 1018
is_linear=0
shrinkage=0.03


Tree=248
num_leaves=7
num_cat=0
split_feature=5 24 22 17 0 10
split_gain=9.66701 10.876 13.4262 9.23751 8.60905 6.92183
threshold=13.500000000000002 1.2500000000000002 12.625691381498024 29.688344825012724 85.500000000000014 0.053760659861331307
decision_type=2 2 2 2 2 2
left_child=3 4 -3 5 -2 -1
right_child=1 2 -4 -5 -6 -7
leaf_value=0.0053274529412677043 -0.01218792531726862 -0.028370913396353056 0.015350439244636711 0.031491319769414661 -0.044857250766439503 -0.0083370331566796924
leaf_weight=130.1813810900785 33.219875546870753 8.6062133819796127 23.809796275570989 9.9856483340263349 9.289825998246668 44.861331888008863
leaf_count=482 403 62 55 21 55 221
internal_value=-0.000254994 -0.00934623 0.00374274 0.00342643 -0.0193273 0.00182541
internal_weight=259.954 74.9257 32.416 185.028 42.5097 175.043
internal_count=1299 575 117 724 458 703
is_linear=0
shrinkage=0.03


Tree=249
num_leaves=6
num_cat=0
split_feature=17 14 14 14 5
split_gain=8.82687 7.69336 10.1833 8.64324 2.44559
threshold=29.688344825012724 4.2315990594125236e-29 9.2740327277142025e-28 1.1083948002433674e-29 12.500000000000002
decision_type=2 2 2 2 2
left_child=1 3 -3 -1 -2
right_child=4 2 -4 -5 -6
leaf_value=0.0071241508998575254 0.033761773333524113 -0.044398749084397067 -0.00032688670245444463 0.048601865058230824 0.011330365085790597
leaf_weight=23.348577828146521 8.8373759314417857 4.8240131218917659 215.80296065704897 5.6074911705218247 8.6617757696658355
leaf_count=103 19 48 1103 13 21
internal_value=0.00206175 0.00061763 -0.00129052 0.0151565 0.0226586
internal_weight=267.082 249.583 220.627 28.9561 17.4992
internal_count=1307 1267 1151 116 40
is_linear=0
shrinkage=0.03


Tree=250
num_leaves=6
num_cat=0
split_feature=22 13 17 10 6
split_gain=6.90069 6.00997 6.23006 0.557386 0.18799
threshold=10.104238876098163 0.35000000000000003 11.450000000000001 -5.4055363967338567e-18 1.8017538757102901e-12
decision_type=2 2 2 2 2
left_child=3 -2 -3 -1 -5
right_child=1 2 -4 4 -6
leaf_value=-0.021565451279726089 0.033127317582531748 0.013646607680289724 -0.0012503749975705833 -0.051818776428024092 -0.036772675590321956
leaf_weight=1.5383261526003478 5.1517272479832164 28.415441050427034 227.96643116348423 1.3972768411040299 1.6067699776031075
leaf_count=16 15 179 1081 7 34
internal_value=0.000408638 0.00104535 0.000400695 -0.0362509 -0.0437711
internal_weight=266.076 261.534 256.382 4.54237 3.00405
internal_count=1332 1275 1260 57 41
is_linear=0
shrinkage=0.03


Tree=251
num_leaves=8
num_cat=0
split_feature=19 19 6 14 0 23 17
split_gain=8.03724 13.3195 9.40775 8.64044 15.5948 8.15084 8.09318
threshold=8.3500000000000032 4.1500000000000012 7.4249287699784271e-05 0.99999995453292267 87.500000000000014 95.500000000000014 14.65
decision_type=2 2 2 2 2 2 2
left_child=1 6 -3 5 -5 -2 -1
right_child=3 2 -4 4 -6 -7 -8
leaf_value=0.028224986441168633 -0.030484446795887115 0.0045257886955340169 -0.020816975072738126 -0.026558906068480388 0.021899822282152849 0.0074338580757395342 -0.0094815363998947116
leaf_weight=12.462879274971785 5.3030233010649672 17.618956884369254 52.363789418712258 20.044500438496474 8.516378387808798 134.6461569997482 8.6988383438438159
leaf_count=33 25 59 410 97 18 651 31
internal_value=-0.000953582 -0.00813028 -0.0144366 0.00292818 -0.0121093 0.00599704 0.0127252
internal_weight=259.655 91.1445 69.9827 168.51 28.5609 139.949 21.1617
internal_count=1324 533 469 791 115 676 64
is_linear=0
shrinkage=0.03


Tree=252
num_leaves=5
num_cat=0
split_feature=13 0 15 21
split_gain=6.27359 5.18279 10.916 8.4991
threshold=0.35000000000000003 75.500000000000014 36.750000000000007 1.0903588394278578
decision_type=2 2 2 2
left_child=-1 3 -3 -2
right_child=1 2 -4 -5
leaf_value=0.037449298871293231 0.00045864060245011341 0.0091106973875910557 -0.011982039035707321 -0.022844374876360936
leaf_weight=4.5519058257341376 94.31552685960196 128.12627313658595 26.680314600467682 16.559260881040245
leaf_count=10 742 348 87 127
internal_value=0.00252771 0.0019294 0.00547545 -0.00302169
internal_weight=270.233 265.681 154.807 110.875
internal_count=1314 1304 435 869
is_linear=0
shrinkage=0.03


Tree=253
num_leaves=5
num_cat=0
split_feature=4 5 13 16
split_gain=7.70225 8.66597 7.23797 5.15339
threshold=0.14399220528502138 4.5000000000000009 0.35000000000000003 20.080540540540543
decision_type=2 2 2 2
left_child=1 -1 -3 -2
right_child=3 2 -4 -5
leaf_value=-0.047089905482484422 0.029464675342289005 0.037735787931366963 -0.0020015087658615794 0.001235917901556572
leaf_weight=3.7755346363410345 12.270057931542398 4.2038279920816413 221.03813471226022 11.072875134646891
leaf_count=25 36 10 1206 37
internal_value=-0.000342154 -0.00201541 -0.00125987 0.0160742
internal_weight=252.36 229.017 225.242 23.3429
internal_count=1314 1241 1216 73
is_linear=0
shrinkage=0.03


Tree=254
num_leaves=4
num_cat=0
split_feature=23 17 21
split_gain=6.92908 5.81063 6.22182
threshold=362.85305058449086 30.200000000000006 1.7348986462441494
decision_type=2 2 2
left_child=1 2 -1
right_child=-2 -3 -4
leaf_value=0.0025635499541322476 -0.033944525288683178 0.020582652733365545 -0.021851740466511803
leaf_weight=236.79991671559401 4.7247438584454349 15.411811135709284 9.7817178168334049
leaf_count=1202 31 36 62
internal_value=0.00206262 0.00271196 0.00159501
internal_weight=266.718 261.993 246.582
internal_count=1331 1300 1264
is_linear=0
shrinkage=0.03


Tree=255
num_leaves=6
num_cat=0
split_feature=0 23 16 23 14
split_gain=9.20474 15.0346 11.7271 9.51964 6.96755
threshold=86.500000000000014 35.000000000000007 21.241621621621622 77.500000000000014 1.3650074059751963e-25
decision_type=2 2 2 2 2
left_child=1 -1 4 -3 -2
right_child=2 3 -4 -5 -6
leaf_value=-0.061258791899363181 0.036289195476979778 0.016836961047678404 -0.021616846909971798 -0.0054482872262871986 0.0088269201804082702
leaf_weight=4.0880555622279635 9.9443052485585195 19.299073826521635 10.079035483300684 162.60577596584335 50.740589670836926
leaf_count=21 21 60 33 1064 128
internal_value=-0.000858935 -0.00436261 0.00834997 -0.00308395 0.0133271
internal_weight=256.757 185.993 70.7639 181.905 60.6849
internal_count=1327 1145 182 1124 149
is_linear=0
shrinkage=0.03


Tree=256
num_leaves=7
num_cat=0
split_feature=20 24 23 7 18 10
split_gain=9.11515 12.5903 10.9759 10.6387 7.38982 6.24582
threshold=10.250000000000002 2.1500000000000008 247.50000000000003 13.500000000000002 258.50000000000006 -0.027874401995202063
decision_type=2 2 2 2 2 2
left_child=3 2 -2 5 -5 -1
right_child=1 -3 -4 4 -6 -7
leaf_value=0.017964885080079235 -0.014553201806032385 0.024526969846058823 0.0092148739772589389 0.012144456550688056 -0.0052368478585004177 -0.02488080301486208
leaf_weight=3.8543185740709331 82.460144820157439 10.787051698192952 22.192112148972228 96.097312293481082 28.556596552021801 14.897472026292233
leaf_count=8 644 22 159 252 121 124
internal_value=-5.7577e-05 -0.00633223 -0.00951304 0.00499342 0.00816262 -0.0160741
internal_weight=258.845 115.439 104.652 143.406 124.654 18.7518
internal_count=1330 825 803 505 373 132
is_linear=0
shrinkage=0.03


Tree=257
num_leaves=4
num_cat=0
split_feature=12 23 23
split_gain=7.17905 6.61106 12.0033
threshold=25.350000000000005 39.500000000000007 58.000000000000007
decision_type=2 2 2
left_child=-1 -2 -3
right_child=1 2 -4
leaf_value=0.020929551448997653 -0.038559837332900505 0.036711778111033024 -0.00092964394616859959
leaf_weight=15.10692275315523 4.0125043895095578 7.8724388405680648 242.09349388116971
leaf_count=29 22 18 1268
internal_value=0.00083769 -0.000357397 0.000255837
internal_weight=269.085 253.978 249.966
internal_count=1337 1308 1286
is_linear=0
shrinkage=0.03


Tree=258
num_leaves=5
num_cat=0
split_feature=19 7 20 18
split_gain=5.06651 5.21274 5.10948 1.81717
threshold=2.4500000000000006 7.5000000000000009 15.15 249.50000000000003
decision_type=2 2 2 2
left_child=-1 3 -3 -2
right_child=1 2 -4 -5
leaf_value=0.021951790264860219 0.01094344789235161 -0.00066158148793477132 0.032469321167695991 0.039106240037311585
leaf_weight=10.441497825086115 4.4257813927251828 252.08943445654586 4.2602059971541157 3.8607095303013921
leaf_count=21 38 1275 13 13
internal_value=0.00145475 0.000646017 -0.000110988 0.0240646
internal_weight=275.078 264.636 256.35 8.28649
internal_count=1360 1339 1288 51
is_linear=0
shrinkage=0.03


Tree=259
num_leaves=8
num_cat=0
split_feature=6 6 0 14 21 3 20
split_gain=7.80066 13.5309 8.2535 6.93626 11.3807 5.2146 1.13745
threshold=0.99998040245852537 0.99999951272527454 55.500000000000007 0.99999999083309621 0.46923772462617885 29.500000000000004 10.250000000000002
decision_type=2 2 2 2 2 2 2
left_child=3 6 -3 5 -5 -1 -2
right_child=1 2 -4 4 -6 -7 -8
leaf_value=0.0064676184042097842 -0.070118560640831912 -0.034934353557568389 -0.001570437639379269 0.027851268221657843 -0.013345395050920399 0.026397657346368397 -0.041430395208135559
leaf_weight=75.617192672565579 2.0910975802689782 7.0775252848397932 116.77672914974391 7.4466920774430028 31.838959173299372 14.00343397259712 3.0699928635731339
leaf_count=282 15 288 535 16 132 26 31
internal_value=-0.000245182 -0.00546024 -0.00347698 0.00497429 -0.00553647 0.00958173 -0.0530539
internal_weight=257.922 129.015 123.854 128.906 39.2857 89.6206 5.16109
internal_count=1325 869 823 456 148 308 46
is_linear=0
shrinkage=0.03


Tree=260
num_leaves=6
num_cat=0
split_feature=24 3 18 19 3
split_gain=6.02091 9.12874 9.57382 6.87014 2.49518
threshold=0.52740634116376517 9.2069599196453265 230.50000000000003 6.9500000000000011 6.5000000000000009
decision_type=2 2 2 2 2
left_child=4 2 -2 -3 -1
right_child=1 3 -4 -5 -6
leaf_value=0.034898883499047982 -0.038764153854633415 -0.0078424950256176674 0.00061242656665719047 0.0047645121956126435 0.0071126308245589758
leaf_weight=6.40998014109209 10.551281455205755 49.455611142097041 11.740764266345648 182.32350953086279 5.3247798448428512
leaf_count=27 133 243 149 761 24
internal_value=0.00128131 0.00031096 -0.0180253 0.00207451 0.0222906
internal_weight=265.806 254.071 22.292 231.779 11.7348
internal_count=1337 1286 282 1004 51
is_linear=0
shrinkage=0.03


Tree=261
num_leaves=7
num_cat=0
split_feature=23 24 19 10 24 17
split_gain=9.74338 9.69644 9.43938 8.2512 7.55349 6.65638
threshold=216.50000000000003 3.3500000000000001 9.3500000000000032 -0.082110328365592414 2.4500000000000006 11.278204847514729
decision_type=2 2 2 2 2 2
left_child=1 4 3 -2 -1 -4
right_child=2 -3 5 -5 -6 -7
leaf_value=0.0028282493194496531 0.034224895514121917 -0.038964625302601558 0.029274135369549013 -0.037842994469100819 0.030398366843762983 -0.007763277667186601
leaf_weight=195.90805988688953 1.5898051261901862 4.8189832381904116 4.9576071286573997 14.206728973193091 9.3714396599680168 36.668209123890847
leaf_count=899 3 24 32 155 18 212
internal_value=0.000106285 0.00309942 -0.0108451 -0.0305899 0.00408688 -0.00335215
internal_weight=267.521 210.098 57.4224 15.7965 205.279 41.6258
internal_count=1343 941 402 158 917 244
is_linear=0
shrinkage=0.03


Tree=262
num_leaves=5
num_cat=0
split_feature=7 23 22 23
split_gain=5.71009 6.56687 11.4814 5.97279
threshold=81.000000000000014 231.50000000000003 11.420471542647851 35.000000000000007
decision_type=2 2 2 2
left_child=1 3 -3 -1
right_child=-2 2 -4 -5
leaf_value=-0.027039251239793081 0.030768073019162571 0.015878621314107024 -0.019645037728595605 0.0039050236588732607
leaf_weight=5.7609830331057301 5.9706221520900717 11.277642381144686 29.893771816743538 219.77595801930875
leaf_count=25 9 82 212 1022
internal_value=0.00175287 0.00110333 -0.00991442 0.0031146
internal_weight=272.679 266.708 41.1714 225.537
internal_count=1350 1341 294 1047
is_linear=0
shrinkage=0.03


Tree=263
num_leaves=8
num_cat=0
split_feature=22 19 9 16 11 12 23
split_gain=7.30533 6.70291 9.59562 8.03991 6.1046 12.1996 6.47218
threshold=15.216102245126239 4.3500000000000005 3.1091146601265351 19.075498575498578 11.65 39.050000000000004 138.50000000000003
decision_type=2 2 2 2 2 2 2
left_child=1 3 -3 -1 6 -6 -2
right_child=4 2 -4 -5 5 -7 -8
leaf_value=0.03183719277968549 0.0029489061057271751 0.00075375704176823088 -0.013483743388609365 -0.010594370503527557 -0.04328894646268213 0.01917140209888555 0.030503014139038571
leaf_weight=10.740965345874431 13.654276806861164 140.2908822374884 61.184352128999308 6.4218608755618325 4.8579652048647386 6.6901698401197791 17.512074775993824
leaf_count=30 36 631 521 25 27 24 31
internal_value=0.000180131 -0.0020368 -0.00356991 0.0159605 0.0115277 -0.00710385 0.0184313
internal_weight=261.353 218.638 201.475 17.1628 42.7145 11.5481 31.1664
internal_count=1325 1207 1152 55 118 51 67
is_linear=0
shrinkage=0.03


Tree=264
num_leaves=8
num_cat=0
split_feature=10 10 14 0 7 17 7
split_gain=7.11395 16.0045 8.97406 7.75766 12.9473 7.42262 3.37311
threshold=-3.060245954635856e-16 -8.990038321089747e-17 1.1825474821923402e-22 74.500000000000014 16.500000000000004 30.700000000000006 20.500000000000004
decision_type=2 2 2 2 2 2 2
left_child=3 5 -3 4 -1 -2 -5
right_child=1 2 -4 6 -6 -7 -8
leaf_value=0.014995647215259436 -0.036592140293435771 0.012258251814615454 -0.0030076180665386519 0.0080325920433350784 -0.028952857233513488 0.018350224652143234 0.026338535139486939
leaf_weight=14.632749580312522 15.485005221795292 46.390413183486089 137.02034294931218 15.796687770634888 10.265331333503125 2.5820252299308768 21.239982463419437
leaf_count=55 151 234 736 37 51 5 39
internal_value=0.000933316 -0.00180014 0.000853606 0.00982542 -0.00312406 -0.0287401 0.0185308
internal_weight=263.413 201.478 183.411 61.9348 24.8981 18.067 37.0367
internal_count=1308 1126 970 182 106 156 76
is_linear=0
shrinkage=0.03


Tree=265
num_leaves=4
num_cat=0
split_feature=23 23 16
split_gain=6.48032 12.4413 7.51627
threshold=35.000000000000007 58.000000000000007 25.150268336314848
decision_type=2 2 2
left_child=-1 -2 -3
right_child=1 2 -4
leaf_value=-0.032566759798528196 0.030814655678871199 -0.00097735983617334228 0.022538253900620125
leaf_weight=5.0575428344309321 12.588845288380979 235.43948676297441 12.90341844409704
leaf_count=23 27 1255 31
internal_value=0.00106743 0.00171935 0.000244466
internal_weight=265.989 260.932 248.343
internal_count=1336 1313 1286
is_linear=0
shrinkage=0.03


Tree=266
num_leaves=5
num_cat=0
split_feature=7 18 18 23
split_gain=7.4548 5.49939 7.93644 7.24267
threshold=66.500000000000014 220.50000000000003 225.50000000000003 189.50000000000003
decision_type=2 2 2 2
left_child=1 3 -3 -1
right_child=-2 2 -4 -5
leaf_value=0.0017689945805405606 0.028928282717296562 -0.056427092004822037 -0.0034734065046323876 0.021777461597458362
leaf_weight=139.42669489700347 8.636256739497183 2.6142164189368478 99.478553499095142 18.435064541641623
leaf_count=586 15 26 642 70
internal_value=0.00150751 0.000596535 -0.00482935 0.00410558
internal_weight=268.591 259.955 102.093 157.862
internal_count=1339 1324 668 656
is_linear=0
shrinkage=0.03


Tree=267
num_leaves=8
num_cat=0
split_feature=21 12 20 22 12 17 6
split_gain=6.34276 9.88625 15.0465 10.1893 8.23681 10.1101 9.43419
threshold=0.43683654828479396 40.750000000000007 10.750000000000002 11.850000000000003 41.250000000000007 28.150000000000002 0.0031980800249093665
decision_type=2 2 2 2 2 2 2
left_child=4 2 -2 -3 6 -6 -1
right_child=1 3 -4 -5 5 -7 -8
leaf_value=0.021294258806296332 -0.002998184974249907 -0.019362594838209166 -0.033705890809266163 0.023223964599066057 -0.033989586392568244 0.028290117237112115 0.0023504059561850238
leaf_weight=29.540251458063722 55.741539930459112 7.0974882321897921 19.344789177179337 17.582579794805497 9.7161339223384839 3.0925532802939406 118.85321967536584
leaf_count=73 222 69 127 73 182 7 589
internal_value=0.000449813 -0.00549529 -0.0109095 0.0109769 0.00412918 -0.0189527 0.0061215
internal_weight=260.969 99.7664 75.0863 24.6801 161.202 12.8087 148.393
internal_count=1342 491 349 142 851 189 662
is_linear=0
shrinkage=0.03


Tree=268
num_leaves=4
num_cat=0
split_feature=3 24 13
split_gain=5.952 8.97286 5.53002
threshold=63.500000000000007 3.2000000000000006 1.9500000000000002
decision_type=2 2 2
left_child=1 2 -1
right_child=-2 -3 -4
leaf_value=-0.00041006541769362663 0.025540929375006939 -0.038545644141694209 0.022718935479009009
leaf_weight=241.32357067847624 8.2529865205287916 5.4163822941482058 9.6767646446824056
leaf_count=1279 14 28 22
internal_value=0.000464346 -0.000342765 0.000481622
internal_weight=264.67 256.417 251
internal_count=1343 1329 1301
is_linear=0
shrinkage=0.03


Tree=269
num_leaves=4
num_cat=0
split_feature=12 16 16
split_gain=5.58485 7.02745 7.73185
threshold=25.350000000000005 25.150268336314848 22.481554677206855
decision_type=2 2 2
left_child=-1 2 -2
right_child=1 -3 -4
leaf_value=0.01837948070116199 -0.00056710488204604701 0.020222458519810735 -0.022289597283915188
leaf_weight=14.429559390991924 216.67556273471564 13.495248376391826 15.824110567569731
leaf_count=31 1190 36 84
internal_value=0.000240085 -0.000823935 -0.00204555
internal_weight=260.424 245.995 232.5
internal_count=1341 1310 1274
is_linear=0
shrinkage=0.03


Tree=270
num_leaves=8
num_cat=0
split_feature=23 23 16 16 14 23 3
split_gain=7.468 10.9556 10.3963 10.0201 7.04745 0.727089 0.453113
threshold=231.50000000000003 245.50000000000003 14.455555555555557 14.781929347826088 1.379830466595552e-28 237.50000000000003 15.500000000000002
decision_type=2 2 2 2 2 2 2
left_child=2 5 6 -4 -3 -2 -1
right_child=1 4 3 -5 -6 -7 -8
leaf_value=-0.027565905007673495 -0.031597575000664964 0.029186754858560607 0.041855801181042263 0.0034765442336780012 -0.0087357743466273501 -0.05176556968258552 -0.046361626493789165
leaf_weight=1.8360197506844986 2.5206398717127732 5.1270673219114533 6.310562949627637 205.34579986310564 31.553185115335509 4.4473456887062639 3.1090262052603066
leaf_count=46 24 24 16 931 218 42 25
internal_value=0.00133492 -0.00998584 0.00361621 0.00462083 -0.00343506 -0.0444699 -0.0393831
internal_weight=260.25 43.6482 216.601 211.656 36.6803 6.96799 4.94505
internal_count=1326 308 1018 947 242 66 71
is_linear=0
shrinkage=0.03


Tree=271
num_leaves=7
num_cat=0
split_feature=22 7 18 18 14 7
split_gain=6.00004 8.4232 7.33695 6.08763 11.4606 7.90523
threshold=13.15 45.500000000000007 122.50000000000001 210.50000000000003 0.99999999749028601 44.500000000000007
decision_type=2 2 2 2 2 2
left_child=1 2 -1 5 -5 -2
right_child=3 -3 -4 4 -6 -7
leaf_value=0.013894475388364167 0.014147184313894407 0.017787050607277567 -0.0085588214703639452 0.001995234275002743 -0.047899637117966236 -0.019024491829299744
leaf_weight=14.779382548760621 66.005590626038611 14.933104772120712 115.11463566264138 40.357656117063016 4.6172177772968999 7.1679571941494933
leaf_count=53 194 31 837 184 30 24
internal_value=0.000541908 -0.00355098 -0.00600408 0.00555899 -0.00312708 0.0108977
internal_weight=262.976 144.827 129.894 118.148 44.9749 73.1735
internal_count=1353 921 890 432 214 218
is_linear=0
shrinkage=0.03


Tree=272
num_leaves=7
num_cat=0
split_feature=6 6 0 14 21 0
split_gain=6.62459 8.24761 8.12901 5.70263 11.657 7.88012
threshold=0.99999581501663115 0.99999951272527454 55.500000000000007 0.99999999083309621 0.37932898341133398 34.500000000000007
decision_type=2 2 2 2 2 2
left_child=3 -2 -3 5 -5 -1
right_child=1 2 -4 4 -6 -7
leaf_value=-0.017373138964976085 -0.053771851939088747 -0.035027789507273456 -0.0014399744251529139 0.03270877291631781 -0.012148596492103883 0.012036462439228788
leaf_weight=9.0905038022901845 2.9773109760135403 6.8560578040778628 119.85748567152768 6.253227822482585 31.368791558779776 83.674334108829498
leaf_count=75 27 295 541 12 131 251
internal_value=0.000383813 -0.00441696 -0.0032573 0.00515896 -0.00469277 0.00915446
internal_weight=260.078 129.691 126.714 130.387 37.622 92.7648
internal_count=1332 863 836 469 143 326
is_linear=0
shrinkage=0.03


Tree=273
num_leaves=8
num_cat=0
split_feature=5 17 22 17 19 10 21
split_gain=5.34143 10.4788 11.136 10.936 7.33977 8.35551 6.02762
threshold=13.500000000000002 11.450000000000001 12.750000000000002 11.350000000000003 13.550000000000002 0.029438611974975239 0.51471220298598197
decision_type=2 2 2 2 2 2 2
left_child=4 3 -3 -2 5 -1 -6
right_child=1 2 -4 -5 6 -7 -8
leaf_value=0.0069673129107672748 0.0015933739273792831 -0.032036097664752738 -0.002765110478810456 0.058119794454596883 0.026734176991608058 -0.0082619902115534053 0.00068180202659039602
leaf_weight=94.989312204997987 10.86190897435881 15.691246250644324 45.960254046600312 4.2997096860781303 21.808906554244459 49.225562780629843 12.616503346711395
leaf_count=325 113 231 225 10 66 259 58
internal_value=0.00189545 -0.00472011 -0.010215 0.0176238 0.00474005 0.00176902 0.0171863
internal_weight=255.453 76.8131 61.6515 15.1616 178.64 144.215 34.4254
internal_count=1287 579 456 123 708 584 124
is_linear=0
shrinkage=0.03


Tree=274
num_leaves=7
num_cat=0
split_feature=20 21 0 19 5 2
split_gain=7.62684 7.15941 6.53463 4.09567 2.72748 1.71976
threshold=13.950000000000001 1.8574121435637494 35.500000000000007 11.950000000000001 5.5000000000000009 5.4550050735229236
decision_type=2 2 2 2 2 2
left_child=1 2 -1 4 -2 -3
right_child=3 5 -4 -5 -6 -7
leaf_value=-0.020944635502721777 0.027503144430854252 -0.052228292775471537 0.0015233057580548172 0.034459875181697568 -0.033368882325706825 -0.018448323614502483
leaf_weight=12.266805262770502 1.1467381641268724 2.5693405475467443 231.81061569321901 8.8423447203822416 1.5687324441969392 2.8732998103369018
leaf_count=208 3 16 994 35 46 30
internal_value=0.000738833 -0.000364721 0.000394115 0.0245633 -0.00766274 -0.034395
internal_weight=261.078 249.52 244.077 11.5578 2.71547 5.44264
internal_count=1332 1248 1202 84 49 46
is_linear=0
shrinkage=0.03


Tree=275
num_leaves=8
num_cat=0
split_feature=11 22 12 11 18 11 11
split_gain=4.89061 13.3169 10.3522 9.85819 5.84749 5.34906 1.71072
threshold=13.950000000000001 11.022109161157617 41.550000000000004 13.450000000000001 154.50000000000003 13.250000000000002 14.250000000000002
decision_type=2 2 2 2 2 2 2
left_child=3 6 -3 5 -5 -1 -2
right_child=1 2 -4 4 -6 -7 -8
leaf_value=5.6293530511324979e-05 -0.0039743004008915336 0.04379694452630286 0.007391001899517833 0.005515886355219179 -0.041562827442874262 0.022782481721563209 -0.047635594669056716
leaf_weight=203.87178158177994 1.0516748433001328 9.5694498580414784 26.485410956200212 3.3782821791246516 7.9909325153566897 9.7676714155822975 3.4809134823735803
leaf_count=847 18 40 201 13 99 46 67
internal_value=0.00137573 0.0109608 0.0170536 -0.000353244 -0.0275737 0.00109534 -0.0375051
internal_weight=265.596 40.5874 36.0549 225.009 11.3692 213.639 4.53259
internal_count=1331 326 241 1005 112 893 85
is_linear=0
shrinkage=0.03


Tree=276
num_leaves=8
num_cat=0
split_feature=9 12 16 0 12 12 6
split_gain=7.80613 11.7451 10.0959 8.04717 5.76628 5.60575 0.566069
threshold=3.1091146601265351 39.45000000000001 17.321290322580648 87.500000000000014 35.850000000000001 33.250000000000007 0.99778300060754155
decision_type=2 2 2 2 2 2 2
left_child=3 2 -2 5 -5 -1 -3
right_child=1 6 -4 4 -6 -7 -8
leaf_value=0.0088791592185712247 -0.021399899978537373 -0.055199137935636577 0.0038372968163463122 0.0029258084156079398 0.024404484660620923 -0.0039230072946776981 -0.035440969618127448
leaf_weight=48.081907602027059 19.311221472220495 1.5787950882222483 54.606070555979386 19.631651535630226 26.345770075917244 85.559644736582413 7.5258368356153369
leaf_count=145 185 14 223 52 47 482 183
internal_value=0.000891253 -0.00671617 -0.00275603 0.00440749 0.0152334 0.00068299 -0.0388671
internal_weight=262.641 83.0219 73.9173 179.619 45.9774 133.642 9.10463
internal_count=1331 605 408 726 99 627 197
is_linear=0
shrinkage=0.03


Tree=277
num_leaves=7
num_cat=0
split_feature=20 21 20 15 0 13
split_gain=7.05021 7.19354 6.8943 6.23598 4.51244 3.23478
threshold=13.950000000000001 0.37105611154025714 13.050000000000002 37.638888888888893 74.500000000000014 0.55000000000000016
decision_type=2 2 2 2 2 2
left_child=2 4 3 -1 -2 -4
right_child=1 -3 5 -5 -6 -7
leaf_value=-0.0013227413308184162 0.0147881776183078 0.04051392030462752 0.013888835410885042 0.029678903735343723 -0.049692952410176294 -0.038552809427204411
leaf_weight=225.15481614449527 2.6884137552697194 7.3336702403612435 1.2741098799742747 5.995014456100761 1.5341547112911937 6.2587736935820431
leaf_count=1101 42 26 10 14 11 106
internal_value=-0.000331114 0.0225537 -0.00143912 -0.000518694 -0.00863928 -0.0296828
internal_weight=250.239 11.5562 238.683 231.15 4.22257 7.53288
internal_count=1310 79 1231 1115 53 116
is_linear=0
shrinkage=0.03


Tree=278
num_leaves=8
num_cat=0
split_feature=0 13 20 21 17 5 19
split_gain=6.73228 11.788 8.19619 7.28299 17.8323 12.0056 5.72666
threshold=88.500000000000014 0.8500000000000002 10.950000000000001 0.6574760077359324 17.550000000000004 12.500000000000002 6.9500000000000011
decision_type=2 2 2 2 2 2 2
left_child=3 2 -2 5 -5 -1 -3
right_child=1 6 -4 4 -6 -7 -8
leaf_value=0.0095656788802997023 -0.033322802042800789 -0.0024392105865180033 0.012613376557289786 -0.024428343374270314 0.012273303178571915 -0.0068944361976885525 0.025584067282848351
leaf_weight=87.088132592849433 7.7399758696556074 8.392830938100813 6.3751412853598595 32.460167212877423 18.823924478143454 73.570866728434339 30.103534415364265
leaf_count=352 32 24 19 212 56 588 55
internal_value=0.00127045 0.0108758 -0.0125756 -0.00111393 -0.0109569 0.00202807 0.0194745
internal_weight=264.555 52.6115 14.1151 211.943 51.2841 160.659 38.4964
internal_count=1338 130 51 1208 268 940 79
is_linear=0
shrinkage=0.03


Tree=279
num_leaves=7
num_cat=0
split_feature=22 6 15 16 19 5
split_gain=6.61259 5.2246 8.58541 7.48992 0.424263 0.276117
threshold=10.104238876098163 1.186207745328435e-19 37.250000000000007 16.462912087912091 11.050000000000002 8.5000000000000018
decision_type=2 2 2 2 2 2
left_child=4 3 -3 -2 5 -1
right_child=1 2 -4 -5 -6 -7
leaf_value=-0.018858313153622849 -0.017662955882861948 0.00062487483874511067 -0.037797630320849394 0.015774928324280606 -0.048317411399705475 -0.037722585037106821
leaf_weight=1.3362232353538268 7.1043177032843223 204.61893008183688 5.3713801733683786 39.830064317211509 1.5411558174528179 1.4627849643584339
leaf_count=15 30 1077 53 114 14 30
internal_value=0.00104425 0.00166457 -0.000357941 0.0107135 -0.0356769 -0.0287169
internal_weight=261.265 256.925 209.99 46.9344 4.34016 2.79901
internal_count=1333 1274 1130 144 59 45
is_linear=0
shrinkage=0.03


Tree=280
num_leaves=7
num_cat=0
split_feature=14 6 6 16 13 16
split_gain=7.41786 8.24675 10.8948 8.16406 7.09179 6.86824
threshold=0.99999995453292267 0.0047234224748068506 0.081866058103994749 20.876893939393941 0.55000000000000016 18.288690476190478
decision_type=2 2 2 2 2 2
left_child=1 4 -3 5 -1 -2
right_child=3 2 -4 -5 -6 -7
leaf_value=0.039923425927194132 -0.018352882637396251 -0.04218390960808726 -0.00058254502001323788 -0.05005710709694098 0.0072958771491642904 0.012004894718195113
leaf_weight=6.96311355754733 19.573300220072273 5.8681194202508768 164.16039999737404 4.8141694050282231 43.14756887499243 10.203968070447443
leaf_count=18 80 32 978 29 148 38
internal_value=-0.000895427 0.00113392 -0.00201831 -0.0138101 0.0118296 -0.00794999
internal_weight=254.731 220.139 170.029 34.5914 50.1107 29.7773
internal_count=1323 1176 1010 147 166 118
is_linear=0
shrinkage=0.03


Tree=281
num_leaves=6
num_cat=0
split_feature=22 11 17 19 0
split_gain=6.56789 8.11871 9.17608 6.79842 3.14527
threshold=15.216102245126239 16.450000000000003 11.750000000000002 6.0500000000000007 80.500000000000014
decision_type=2 2 2 2 2
left_child=1 2 -1 -2 -5
right_child=3 -3 -4 4 -6
leaf_value=0.0087801360468720488 -0.0099664213049851305 0.042048649428886073 -0.0071430978977216055 0.024830363937812919 0.0027394127326059556
leaf_weight=40.298162766033784 10.824525086209176 3.4894031900912514 169.87449567986187 19.076487263664607 8.3350067138671857
leaf_count=297 38 14 918 47 23
internal_value=-0.00128725 -0.00333649 -0.00409 0.0101639 0.0181132
internal_weight=251.898 213.662 210.173 38.236 27.4115
internal_count=1337 1229 1215 108 70
is_linear=0
shrinkage=0.03


Tree=282
num_leaves=8
num_cat=0
split_feature=9 6 3 22 15 6 19
split_gain=10.4688 14.617 11.9217 8.9217 8.3144 8.01993 6.14668
threshold=1.5000000000000002 0.00042692429166540273 15.500000000000002 11.550000000000002 36.361111111111121 1.6403556168207908e-20 9.8500000000000032
decision_type=2 2 2 2 2 2 2
left_child=3 5 -3 4 -1 -2 -5
right_child=1 2 -4 6 -6 -7 -8
leaf_value=0.016095523234774953 -0.0060522737915944076 0.0083894202535193391 -0.0084866519408029247 0.021923198796146088 -0.029173453891139109 -0.059246460761288713 0.0040799874244353308
leaf_weight=5.9000326730310908 4.219088205136357 61.554559201234952 97.107237040065229 35.786869446747005 9.5813931962475163 6.4512674803845584 33.773342827335
leaf_count=19 17 562 404 89 62 51 121
internal_value=8.7828e-05 -0.00422518 -0.0019394 0.00867574 -0.0119213 -0.0382133 0.0132598
internal_weight=254.374 169.332 158.662 85.0416 15.4814 10.6704 69.5602
internal_count=1325 1034 966 291 81 68 210
is_linear=0
shrinkage=0.03


Tree=283
num_leaves=5
num_cat=0
split_feature=24 3 6 11
split_gain=5.0952 5.08691 5.08275 4.69556
threshold=0.52740634116376517 77.000000000000014 0.99999999999998512 8.3500000000000032
decision_type=2 2 2 2
left_child=2 3 -1 -2
right_child=1 -3 -4 -5
leaf_value=0.034950443451772249 0.017867978242536962 0.029991896321855369 -0.0063731411902661688 -0.00069956237401023384
leaf_weight=7.872694166377185 12.911074236035345 5.2789055556058875 4.0604883260093629 242.35630950075574
leaf_count=21 29 8 35 1277
internal_value=0.00172032 0.000842368 0.0208893 0.000239558
internal_weight=272.479 260.546 11.9332 255.267
internal_count=1370 1314 56 1306
is_linear=0
shrinkage=0.03


Tree=284
num_leaves=7
num_cat=0
split_feature=17 11 20 12 14 5
split_gain=5.88217 5.46565 9.74702 9.34673 1.74388 0.761145
threshold=10.550000000000002 13.950000000000001 11.65 41.45000000000001 1.2551356729263047e-24 8.5000000000000018
decision_type=2 2 2 2 2 2
left_child=4 2 -2 -3 -1 -6
right_child=1 3 -4 -5 5 -7
leaf_value=-0.00061347158348488062 0.0022029060888270426 0.035930727713720259 -0.016811298008958923 0.0032924561926054507 -0.066914001204590484 -0.03527228064122339
leaf_weight=0.9805604512803251 188.14307936490513 10.610198864480479 27.85622261906974 30.877942148363218 1.0753543060272934 1.8810726492665706
leaf_count=13 728 52 225 262 10 45
internal_value=0.00110989 0.00166633 -0.00024925 0.0116394 -0.0352827 -0.0467815
internal_weight=261.424 257.487 215.999 41.4881 3.93699 2.95643
internal_count=1335 1267 953 314 68 55
is_linear=0
shrinkage=0.03


Tree=285
num_leaves=5
num_cat=0
split_feature=12 19 22 18
split_gain=6.69947 4.67412 10.517 7.05035
threshold=25.250000000000004 8.3500000000000032 16.550000000000004 218.50000000000003
decision_type=2 2 2 2
left_child=-1 2 -2 -3
right_child=1 3 -4 -5
leaf_value=0.024451512427481115 -0.00092117538921775806 0.011697593189783646 -0.046877591560272325 -0.0011818678700157717
leaf_weight=12.775262873619793 80.368358439765871 76.844111582729965 4.7463666666299096 76.168213546508923
leaf_count=25 483 281 31 463
internal_value=0.00328699 0.00215154 -0.0034839 0.00528631
internal_weight=250.902 238.127 85.1147 153.012
internal_count=1283 1258 514 744
is_linear=0
shrinkage=0.03


Tree=286
num_leaves=7
num_cat=0
split_feature=21 11 16 16 20 13
split_gain=6.1054 7.01418 6.28762 9.37581 7.37109 4.04392
threshold=1.5466120692768743 10.550000000000002 14.455555555555557 14.781929347826088 7.7500000000000009 1.2067204381557002
decision_type=2 2 2 2 2 2
left_child=2 -2 4 -4 -1 -3
right_child=1 5 3 -5 -6 -7
leaf_value=0.035353291595289452 0.015965744789526018 -0.045278431748272577 0.040743091310833673 0.0027363920263895757 -0.039447910598419587 -0.001041004422217891
leaf_weight=1.4837025403976429 3.7894340120255938 6.4941445384174568 5.9899143241345874 235.90363678755239 5.902205825666897 2.6061417944729328
leaf_count=2 13 61 22 1151 94 9
internal_value=0.00180395 -0.0183291 0.00284499 0.00367754 -0.0244216 -0.0326097
internal_weight=262.169 12.8897 249.279 241.894 7.38591 9.10029
internal_count=1352 83 1269 1173 96 70
is_linear=0
shrinkage=0.03


Tree=287
num_leaves=8
num_cat=0
split_feature=0 13 17 11 10 10 10
split_gain=10.2649 8.9362 11.0992 9.50191 7.89278 12.9027 5.35107
threshold=75.500000000000014 0.55000000000000016 13.279758239265368 8.3500000000000032 -3.060245954635856e-16 -8.2365978998534688e-17 -0.033894557880960414
decision_type=2 2 2 2 2 2 2
left_child=1 2 -1 -3 6 -6 -2
right_child=4 3 -4 -5 5 -7 -8
leaf_value=0.028915195149712615 0.002591616885617036 0.021678215592417782 -0.016851685897490646 -0.012849094603779096 -0.02353691331043474 0.0063301580437606034 0.02671966951533173
leaf_weight=13.062532818177717 12.520601578056811 7.8792342506349078 7.5114024761132887 80.082748785265721 14.82083800435066 107.00645434856415 24.382226169109344
leaf_count=90 35 17 52 742 67 308 41
internal_value=0.00151687 -0.00559315 0.012206 -0.0097563 0.00637853 0.00269669 0.0185334
internal_weight=267.266 108.536 20.5739 87.962 158.73 121.827 36.9028
internal_count=1352 901 142 759 451 375 76
is_linear=0
shrinkage=0.03


Tree=288
num_leaves=4
num_cat=0
split_feature=3 7 13
split_gain=5.99851 11.0113 6.46884
threshold=63.500000000000007 54.500000000000007 0.93619838954138046
decision_type=2 2 2
left_child=1 2 -1
right_child=-2 -3 -4
leaf_value=-0.0047558707420513463 0.024865320295491124 -0.045986301944190566 0.0053061726320763111
leaf_weight=135.09056961257011 8.0902634412050229 4.8834228515624991 100.12292347755283
leaf_count=911 14 22 368
internal_value=-0.000542362 -0.00139849 -0.000472778
internal_weight=248.187 240.097 235.213
internal_count=1315 1301 1279
is_linear=0
shrinkage=0.03


Tree=289
num_leaves=5
num_cat=0
split_feature=22 3 1 20
split_gain=6.93312 5.62635 5.07741 0.131542
threshold=10.104238876098163 61.500000000000007 5.3483935357417165 10.350000000000003
decision_type=2 2 2 2
left_child=3 2 -2 -1
right_child=1 -3 -4 -5
leaf_value=-0.046189630170101935 0.0062623499466626696 0.024757027439421646 -0.0030921911616303595 -0.034786368156177083
leaf_weight=1.9706310566980385 75.800820936448872 8.4229603335261327 167.8649169143755 1.6922712016385046
leaf_count=16 239 15 1027 37
internal_value=5.57479e-05 0.000651153 -0.000182131 -0.0409213
internal_weight=255.752 252.089 243.666 3.6629
internal_count=1334 1281 1266 53
is_linear=0
shrinkage=0.03


Tree=290
num_leaves=8
num_cat=0
split_feature=4 16 20 14 21 11 24
split_gain=5.56695 9.30989 7.677 12.0903 6.17435 4.39805 1.95185
threshold=1.7892960410815497e-22 20.098599137931036 9.1500000000000004 1.1825474821923402e-22 0.21570930329580143 12.15 1.1352015360436603
decision_type=2 2 2 2 2 2 2
left_child=2 6 4 -4 -1 -3 -2
right_child=1 5 3 -5 -6 -7 -8
leaf_value=-0.004440324913927594 0.028766821877351891 -0.02861854240117526 0.0086158246227729784 -0.011247974491608442 0.013243433783629778 0.0064574535273019401 0.0087714782549458969
leaf_weight=30.678569064941257 15.254580597393216 5.7972451075911504 37.124084682669491 107.24157029855996 42.231631061062217 7.229064054787159 6.1711407369002691
leaf_count=126 42 27 255 704 120 24 25
internal_value=-0.000355933 0.0108478 -0.00213244 -0.00613994 0.0058026 -0.00915281 0.0230077
internal_weight=251.728 34.452 217.276 144.366 72.9102 13.0263 21.4257
internal_count=1323 118 1205 959 246 51 67
is_linear=0
shrinkage=0.03


Tree=291
num_leaves=5
num_cat=0
split_feature=23 19 22 15
split_gain=6.86602 6.35287 9.04294 5.81615
threshold=23.500000000000004 4.3500000000000005 15.216102245126239 36.422222222222224
decision_type=2 2 2 2
left_child=-1 3 -3 -2
right_child=1 2 -4 -5
leaf_value=-0.053430193569678548 -0.00023194572672080566 -0.0010276416565634461 0.015443910936553642 0.032220267883330787
leaf_weight=1.9700996726751316 8.4694905821234006 202.84962388267741 35.2031987644732 12.030630791559814
leaf_count=9 32 1180 96 27
internal_value=0.00236302 0.00278815 0.00140817 0.0188128
internal_weight=260.523 258.553 238.053 20.5001
internal_count=1344 1335 1276 59
is_linear=0
shrinkage=0.03


Tree=292
num_leaves=6
num_cat=0
split_feature=16 16 22 15 3
split_gain=7.23134 10.3573 6.10165 1.65508 0.304268
threshold=14.455555555555557 14.676190476190477 15.216102245126239 35.583333333333336 21.500000000000004
decision_type=2 2 2 2 2
left_child=3 -2 -3 -1 -5
right_child=1 2 -4 4 -6
leaf_value=-0.0034869239262382236 0.042521886351566375 -0.0029121832719644692 0.010012434318903805 -0.035754112768096341 -0.052065062900425486
leaf_weight=1.3833599528297771 5.0758841023780397 199.6935142109869 39.352473249658942 3.4348460386972874 1.4697116930037735
leaf_count=12 18 1128 107 72 10
internal_value=-0.000702241 0.000115951 -0.000784494 -0.0324677 -0.0406419
internal_weight=250.41 244.122 239.046 6.28792 4.90456
internal_count=1347 1253 1235 94 82
is_linear=0
shrinkage=0.03


Tree=293
num_leaves=4
num_cat=0
split_feature=19 22 22
split_gain=5.89872 6.59807 5.81707
threshold=2.7500000000000004 18.050000000000001 10.319931711157547
decision_type=2 2 2
left_child=-1 2 -2
right_child=1 -3 -4
leaf_value=0.020381594228040725 -0.029781837455609212 -0.03011491663731853 0.00085405257899991789
leaf_weight=12.561797725036739 5.7140721385367206 6.674288857728242 234.4045055253664
leaf_count=30 79 30 1199
internal_value=0.000327937 -0.000692797 0.000125014
internal_weight=259.355 246.793 240.119
internal_count=1338 1308 1278
is_linear=0
shrinkage=0.03


Tree=294
num_leaves=8
num_cat=0
split_feature=16 14 6 14 20 20 12
split_gain=5.48578 8.17187 10.6626 9.20509 6.88987 8.58201 8.42925
threshold=18.106203007518801 4.2315990594125236e-29 0.0024438361134682964 2.9182612675413271e-30 10.250000000000002 9.3500000000000032 37.650000000000013
decision_type=2 2 2 2 2 2 2
left_child=1 3 -3 -1 5 -2 -6
right_child=4 2 -4 -5 6 -7 -8
leaf_value=-0.014191940537576208 0.0038541114345622247 0.0070305936572923411 -0.013899337128367066 0.045261786533977194 -0.017092972162251138 0.024119686106432697 0.0055152629845441302
leaf_weight=3.7885434878990036 47.793627861887217 35.102450300939381 58.271865531452931 6.1458318617660552 20.83785760961473 31.008627397473902 51.583925334271044
leaf_count=30 144 118 514 23 114 84 293
internal_value=0.00204961 -0.00327896 -0.00603109 0.0225887 0.00568983 0.0118286 -0.000989785
internal_weight=254.533 103.309 93.3743 9.93438 151.224 78.8023 72.4218
internal_count=1320 685 632 53 635 228 407
is_linear=0
shrinkage=0.03


Tree=295
num_leaves=5
num_cat=0
split_feature=13 15 7 11
split_gain=7.2379 8.00007 16.4562 7.60585
threshold=3.3500000000000001 37.083333333333336 12.500000000000002 11.333487071839354
decision_type=2 2 2 2
left_child=1 3 -3 -1
right_child=-2 2 -4 -5
leaf_value=0.0080174578085925145 -0.033622024581994508 0.022843810720140082 -0.040420908335481211 -0.002937849641856186
leaf_weight=102.04566301498562 5.7428642231971017 5.5187521673506152 11.230920255417002 129.30625784420408
leaf_count=324 28 38 75 885
internal_value=-0.000325857 0.000444857 -0.0195762 0.00189436
internal_weight=253.844 248.102 16.7497 231.352
internal_count=1350 1322 113 1209
is_linear=0
shrinkage=0.03


Tree=296
num_leaves=8
num_cat=0
split_feature=1 22 14 14 19 19 21
split_gain=5.75332 7.71932 17.9626 7.78336 6.67167 6.36116 3.96721
threshold=5.3483935357417165 12.506471160744963 1.1997379389259054e-21 9.2740327277142025e-28 13.450000000000001 8.8293942329880757 0.37674914055431635
decision_type=2 2 2 2 2 2 2
left_child=4 2 -2 -3 5 -1 -6
right_child=1 3 -4 -5 6 -7 -8
leaf_value=0.011926286850322399 0.0086272773525655228 -0.02514756540574414 -0.023131893354944928 0.00516444957932347 0.034694497325363075 -0.0087974521784328196 0.008159055443607002
leaf_weight=29.902036106213927 27.516548386192881 8.209304850548504 38.387688064482063 106.92147648055106 11.304799821227791 24.053449142724276 9.1954038701951486
leaf_count=78 204 47 402 443 26 97 35
internal_value=0.00120322 -0.00168388 -0.0098717 0.00300308 0.00822303 0.00268761 0.022792
internal_weight=255.491 181.035 65.9042 115.131 74.4557 53.9555 20.5002
internal_count=1332 1096 606 490 236 175 61
is_linear=0
shrinkage=0.03


Tree=297
num_leaves=6
num_cat=0
split_feature=0 16 14 23 13
split_gain=5.99279 13.8406 7.62579 6.73969 5.66505
threshold=86.500000000000014 21.419017763845357 1.3650074059751963e-25 355.00000000000006 0.35000000000000003
decision_type=2 2 2 2 2
left_child=3 2 -2 4 -1
right_child=1 -3 -4 -5 -6
leaf_value=0.03378304686576452 0.038672414903992862 -0.025852116000586036 0.010333520019783772 -0.041139594441333818 -0.00017178213941815615
leaf_weight=4.5313581489026538 10.222932431846855 8.4879349768161756 52.097073819488287 3.5393619148526332 183.6549266903894
leaf_count=12 20 29 129 31 1125
internal_value=0.00262895 0.0100873 0.0149822 -0.000125562 0.00064582
internal_weight=262.534 70.8079 62.32 191.726 188.186
internal_count=1346 178 149 1168 1137
is_linear=0
shrinkage=0.03


Tree=298
num_leaves=7
num_cat=0
split_feature=0 5 4 19 12 5
split_gain=6.66458 9.52992 6.52321 6.17007 4.28028 1.52696
threshold=48.500000000000007 3.5000000000000004 0.14399220528502138 2.7500000000000004 46.500000000000007 3.5000000000000004
decision_type=2 2 2 2 2 2
left_child=1 -1 4 -3 -2 -4
right_child=2 3 5 -5 -6 -7
leaf_value=0.010358881777832497 0.0015949644566843723 0.021683773786283857 0.013583315220516191 -0.03895225001537201 0.027742441720879179 0.035176813218015635
leaf_weight=8.5439054728485662 224.24949138332158 1.7514411062002171 5.5329404547810537 10.97101692506112 5.7797182826325288 6.3068322390317917
leaf_count=30 899 7 24 346 23 19
internal_value=0.00195398 -0.0141473 0.00336969 -0.0306048 0.00225195 0.0250858
internal_weight=263.135 21.2664 241.869 12.7225 230.029 11.8398
internal_count=1348 383 965 353 922 43
is_linear=0
shrinkage=0.03


Tree=299
num_leaves=5
num_cat=0
split_feature=17 11 21 19
split_gain=5.53573 5.16307 6.52798 4.76619
threshold=30.200000000000006 16.450000000000003 1.700145145719514 10.517546642660745
decision_type=2 2 2 2
left_child=1 2 -1 -2
right_child=3 -3 -4 -5
leaf_value=-0.00033150750948169407 0.0013711327467698319 0.031597137595795119 -0.027334141289972393 0.034654320096612699
leaf_weight=224.89213866414502 7.83740061894059 4.3745239879935971 8.357094328850506 7.6538027748465538
leaf_count=1194 27 15 58 13
internal_value=0.000439399 -0.000693386 -0.00129899 0.0178155
internal_weight=253.115 237.624 233.249 15.4912
internal_count=1307 1267 1252 40
is_linear=0
shrinkage=0.03


Tree=300
num_leaves=8
num_cat=0
split_feature=14 5 12 15 3 0 2
split_gain=5.79649 13.4545 14.7993 12.0168 9.03069 7.81423 5.0877
threshold=3.9140662874604723e-25 13.500000000000002 25.350000000000005 36.69444444444445 21.500000000000004 75.500000000000014 2.5000000000000004
decision_type=2 2 2 2 2 2 2
left_child=3 4 -3 5 -2 -1 -5
right_child=1 2 -4 6 -6 -7 -8
leaf_value=-0.0017349439233331748 -0.0044786909423259347 0.024774708894379556 -0.024414879542068443 0.0037614361647863343 0.01107290785460981 0.025296691049235751 -0.0440875657708324
leaf_weight=15.723520048428325 96.80205789161846 6.3874304555356494 39.834464952582493 3.3518407717347145 51.47619715705514 24.813193690031767 4.9586051742080581
leaf_count=125 504 12 405 12 125 61 65
internal_value=-0.00116482 -0.00348515 -0.0176173 0.00807431 0.000920194 0.0148116 -0.0247887
internal_weight=243.347 194.5 46.2219 48.8472 148.278 40.5367 8.31045
internal_count=1309 1046 417 263 629 186 77
is_linear=0
shrinkage=0.03


Tree=301
num_leaves=4
num_cat=0
split_feature=23 23 18
split_gain=6.73799 8.93721 8.13866
threshold=35.000000000000007 58.000000000000007 101.50000000000001
decision_type=2 2 2
left_child=-1 -2 -3
right_child=1 2 -4
leaf_value=-0.033437600250374615 0.029490715981264116 -0.030884932303186358 0.0028089968354640645
leaf_weight=4.627999795600771 11.039130082353948 6.6319821039214721 237.70199045608751
leaf_count=21 24 35 1241
internal_value=0.00243721 0.00308736 0.00189444
internal_weight=260.001 255.373 244.334
internal_count=1321 1300 1276
is_linear=0
shrinkage=0.03


Tree=302
num_leaves=6
num_cat=0
split_feature=10 23 13 19 5
split_gain=6.61842 10.0774 9.30399 4.63466 3.6906
threshold=-2.3411858341653391e-16 35.000000000000007 3.9500000000000006 13.950000000000001 12.500000000000002
decision_type=2 2 2 2 2
left_child=3 -2 -3 4 -1
right_child=1 2 -4 -5 -6
leaf_value=0.0061682688937331085 -0.047233595501366091 -0.00021826754709252053 -0.047298528645104171 -0.013425632181181202 0.022313888718352083
leaf_weight=35.439451993908733 4.3721848987042895 187.01681962097064 3.8556419946253291 7.3214895091950885 19.894626907771453
leaf_count=111 24 1122 23 33 54
internal_value=0.00052164 -0.00220083 -0.00116929 0.00900528 0.0119732
internal_weight=257.9 195.245 190.872 62.6556 55.3341
internal_count=1367 1169 1145 198 165
is_linear=0
shrinkage=0.03


Tree=303
num_leaves=4
num_cat=0
split_feature=23 19 13
split_gain=6.42439 6.06679 4.51389
threshold=35.000000000000007 2.7500000000000004 0.93619838954138046
decision_type=2 2 2
left_child=-1 -2 -3
right_child=1 2 -4
leaf_value=-0.030168957720182101 0.028738265229295217 -0.003041711158900564 0.0052655465070548342
leaf_weight=5.8887206427752963 7.1652676537632933 129.9920017455006 107.59139149356633
leaf_count=26 17 883 396
internal_value=0.000795532 0.00154055 0.000720292
internal_weight=250.637 244.749 237.583
internal_count=1322 1296 1279
is_linear=0
shrinkage=0.03


Tree=304
num_leaves=6
num_cat=0
split_feature=3 23 18 14 17
split_gain=5.64232 7.58311 13.5057 7.53775 6.43135
threshold=40.500000000000007 216.50000000000003 275.50000000000006 3.1497611784300649e-16 13.869984653784035
decision_type=2 2 2 2 2
left_child=1 4 -3 -2 -1
right_child=3 2 -4 -5 -6
leaf_value=-0.0031879480713406989 0.033990056476885709 -0.036385050468410736 -0.00056727066535861112 -8.6369012533671918e-06 0.0080852971967402907
leaf_weight=85.566433262545615 10.759276494383814 13.236049718456341 33.340511378482915 12.912309173494576 97.378942003939301
leaf_count=540 15 120 250 38 340
internal_value=0.00149943 6.12094e-05 -0.0107459 0.0154445 0.00281262
internal_weight=253.194 229.522 46.5766 23.6716 182.945
internal_count=1303 1250 370 53 880
is_linear=0
shrinkage=0.03


Tree=305
num_leaves=8
num_cat=0
split_feature=6 16 14 13 10 18 16
split_gain=6.16741 9.51985 8.56686 6.44628 5.77876 8.41437 7.77911
threshold=0.99999581501663115 20.160256410256412 9.2740327277142025e-28 0.35000000000000003 0.0024083538092637834 204.50000000000003 20.30992063492064
decision_type=2 2 2 2 2 2 2
left_child=4 3 -3 -2 6 -6 -1
right_child=1 2 -4 -5 5 -7 -8
leaf_value=0.018145895215986609 0.025426746593640283 -0.035952930021100254 0.012493513028987716 -0.011696141075488362 0.0094922137475269147 -0.011333338976856734 -0.004055876076622853
leaf_weight=45.69068298721686 4.4351546913385382 3.620477531105279 35.456355765461922 82.876251881592907 34.264993323944509 35.605056174332276 20.610667711123824
leaf_count=133 11 28 134 688 103 191 70
internal_value=0.000470283 -0.00430224 0.00800494 -0.00981041 0.00489993 -0.00112027 0.0112442
internal_weight=262.56 126.388 39.0768 87.3114 136.171 69.87 66.3014
internal_count=1358 861 162 699 497 294 203
is_linear=0
shrinkage=0.03


Tree=306
num_leaves=5
num_cat=0
split_feature=24 13 24 6
split_gain=5.36162 5.94789 6.77856 4.59407
threshold=5.0500000000000007 1.8500000000000003 1.8500000000000003 0.99999936792386002
decision_type=2 2 2 2
left_child=1 2 -1 -3
right_child=-2 3 -4 -5
leaf_value=0.0015959306656756825 -0.030279659101722648 0.033222364709837436 -0.028176645401308306 0.002630909470505842
leaf_weight=223.42827063414734 4.7291679214686146 9.3167484700679797 7.1012661289423695 8.4029586128890497
leaf_count=1234 23 19 31 24
internal_value=0.00136344 0.00196624 0.000678812 0.0187154
internal_weight=252.978 248.249 230.53 17.7197
internal_count=1331 1308 1265 43
is_linear=0
shrinkage=0.03


Tree=307
num_leaves=7
num_cat=0
split_feature=0 4 24 24 14 5
split_gain=5.77939 8.74539 6.69427 7.34283 5.44381 1.49685
threshold=37.500000000000007 0.14399220528502138 1.5500000000000003 0.95000000000000007 2.9182612675413271e-30 3.5000000000000004
decision_type=2 2 2 2 2 2
left_child=2 4 3 -1 -2 -3
right_child=1 5 -4 -5 -6 -7
leaf_value=-0.0460420975616486 -0.035397684577071813 0.015645980189741161 -0.086212004540823339 0.0032976001949226725 0.00071677593082983943 0.035138575763960588
leaf_weight=3.929030447266995 3.8227015109732738 8.0492655374109727 1.1952748391777266 8.7829662351869029 216.91668360773474 6.3367557749152175
leaf_count=134 31 31 8 111 978 20
internal_value=0.000456904 0.00156839 -0.0183347 -0.0119523 9.1356e-05 0.0242321
internal_weight=249.033 235.125 13.9073 12.712 220.739 14.386
internal_count=1313 1060 253 245 1009 51
is_linear=0
shrinkage=0.03


Tree=308
num_leaves=8
num_cat=0
split_feature=20 20 5 12 16 3 16
split_gain=5.74066 15.8709 15.0873 7.92221 14.2046 7.78758 1.29076
threshold=11.65 11.850000000000003 12.500000000000002 35.95000000000001 15.836021505376346 44.500000000000007 19.812812812812815
decision_type=2 2 2 2 2 2 2
left_child=3 6 -3 5 -5 -1 -2
right_child=1 2 -4 4 -6 -7 -8
leaf_value=-0.0046290197297081791 -0.045223095553092355 0.0068400328591189221 -0.028496940486661047 0.038280604500662001 0.0036835583312435209 0.016810783392009875 -0.075284524690128182
leaf_weight=111.16822704765946 3.0770598971284917 37.992932674475014 15.23453704046551 13.737235214095561 47.999813451548107 17.671472527086735 2.2078555268235505
leaf_count=466 36 187 279 49 249 38 14
internal_value=2.21401e-05 -0.00819718 -0.00327396 0.0025457 0.0113818 -0.00168837 -0.0577817
internal_weight=249.089 58.5124 53.2275 190.577 61.737 128.84 5.28492
internal_count=1318 516 466 802 298 504 50
is_linear=0
shrinkage=0.03


Tree=309
num_leaves=8
num_cat=0
split_feature=6 6 15 16 24 16 11
split_gain=7.53855 10.1874 9.96754 9.77788 9.05022 6.57918 6.52902
threshold=0.99998040245852537 0.99999998750233299 36.361111111111121 23.571070234113716 1.6263049982650313 25.150268336314848 10.750000000000002
decision_type=2 2 2 2 2 2 2
left_child=2 3 6 -2 -4 -3 -1
right_child=1 5 4 -5 -6 -7 -8
leaf_value=0.029338224441264972 -0.048901818023582053 -0.0052228978173231803 -0.00021942133988204539 0.013189640307642164 -0.039290538940771828 0.032549804102569892 0.0066833189928548172
leaf_weight=16.623486343771219 8.8646462815813702 102.80962241033558 66.498683013720438 3.074126281309872 5.8011533170938483 4.3246680833399287 36.780549167655408
leaf_count=36 92 746 268 11 28 9 138
internal_value=-0.00121805 -0.00662742 0.00390599 -0.0329138 -0.00335439 -0.00369813 0.0137353
internal_weight=244.777 119.073 125.704 11.9388 72.2998 107.134 53.404
internal_count=1328 858 470 103 296 755 174
is_linear=0
shrinkage=0.03


Tree=310
num_leaves=5
num_cat=0
split_feature=11 20 11 7
split_gain=4.36814 4.3488 8.47433 6.47697
threshold=16.450000000000003 10.250000000000002 11.940915877548681 13.500000000000002
decision_type=2 2 2 2
left_child=1 3 -3 -1
right_child=-2 2 -4 -5
leaf_value=-0.010928043310708315 0.032027502233308705 -0.018122209244429682 0.0016069081878313323 0.0080255162570564316
leaf_weight=18.847563632298261 4.349597363267093 24.672765337396413 95.197983436402865 116.69671018933877
leaf_count=125 17 136 692 366
internal_value=0.00221639 0.00170872 -0.0024539 0.00539001
internal_weight=259.765 255.415 119.871 135.544
internal_count=1336 1319 828 491
is_linear=0
shrinkage=0.03


Tree=311
num_leaves=8
num_cat=0
split_feature=10 10 0 0 15 6 15
split_gain=5.19986 8.61508 6.1537 5.77664 12.2176 5.40826 4.28902
threshold=-2.3411858341653391e-16 -1.3045883210444822e-16 86.500000000000014 62.500000000000007 36.361111111111121 0.99999999976290843 36.750000000000007
decision_type=2 2 2 2 2 2 2
left_child=3 5 -3 4 -1 -2 -5
right_child=1 2 -4 6 -6 -7 -8
leaf_value=0.014614351823408629 0.011157874299141123 -0.0053637163858639607 0.006941268579775106 0.0047729216992213417 -0.052538069728279561 -0.044795504199038716 0.023530286513051508
leaf_weight=5.7299105171114189 2.0081953308545035 130.59050116396975 50.809038355946541 32.648303983733058 4.2447745220270008 6.8846498113125563 16.524079531431198
leaf_count=26 11 921 134 94 47 76 29
internal_value=-0.000915631 -0.00333048 -0.00191716 0.00685361 -0.0139627 -0.03216 0.0110762
internal_weight=249.439 190.292 181.4 59.1471 9.97469 8.89285 49.1724
internal_count=1338 1142 1055 196 73 87 123
is_linear=0
shrinkage=0.03


Tree=312
num_leaves=7
num_cat=0
split_feature=22 12 11 5 0 20
split_gain=7.85869 8.4056 9.67369 8.69553 0.730592 0.596358
threshold=10.319931711157547 38.850000000000001 12.850000000000003 14.500000000000002 61.500000000000007 9.9500000000000011
decision_type=2 2 2 2 2 2
left_child=4 2 -2 -3 5 -1
right_child=1 3 -4 -5 -6 -7
leaf_value=0.0030026380064380616 -0.00068575095159147191 0.013133762212590114 -0.031373240458131578 -0.024104480632949218 -0.04531259445890029 -0.035344641426775791
leaf_weight=0.60146177862770744 170.57370514865033 64.329869081266224 9.7749115433543903 6.1863793677184722 3.3306264742277563 0.92834313493221998
leaf_count=9 699 336 103 147 33 35
internal_value=0.000352748 0.00108478 -0.00234902 0.00986686 -0.0374299 -0.0202679
internal_weight=255.725 250.865 180.349 70.5162 4.86043 1.5298
internal_count=1362 1285 802 483 77 44
is_linear=0
shrinkage=0.03


Tree=313
num_leaves=4
num_cat=0
split_feature=23 7 12
split_gain=5.33475 6.36542 5.4716
threshold=362.85305058449086 66.500000000000014 25.350000000000005
decision_type=2 2 2
left_child=1 2 -1
right_child=-2 -3 -4
leaf_value=0.019624146673288653 -0.02983958920118307 0.029279396456457139 0.0005593775849237466
leaf_weight=14.400279786437748 4.6645623629447064 7.7646696865558615 229.07717265933752
leaf_count=32 29 13 1262
internal_value=0.0019495 0.0025397 0.00168695
internal_weight=255.907 251.242 243.477
internal_count=1336 1307 1294
is_linear=0
shrinkage=0.03


Tree=314
num_leaves=7
num_cat=0
split_feature=0 4 6 5 17 5
split_gain=4.65417 6.04476 6.51299 5.39987 2.42252 1.50389
threshold=37.500000000000007 0.14399220528502138 1.914483727935816e-27 3.5000000000000004 19.250000000000004 3.5000000000000004
decision_type=2 2 2 2 2 2
left_child=3 2 -2 -1 -5 -3
right_child=1 5 -4 4 -6 -7
leaf_value=0.0080653231079183714 -0.022841650412162438 0.014853448094232334 0.0038729012193306329 -0.037864473875211267 0.012506381861919089 0.035137546872116343
leaf_weight=5.5083470055833441 8.5261882953345758 7.6220720857381803 223.94122177362442 6.4334851549938321 0.99178332183510054 5.7874782830476761
leaf_count=18 31 30 988 232 10 20
internal_value=0.00310015 0.00402283 0.00289309 -0.0144407 -0.0311365 0.0236079
internal_weight=258.811 245.877 232.467 12.9336 7.42527 13.4096
internal_count=1329 1069 1019 260 242 50
is_linear=0
shrinkage=0.03


Tree=315
num_leaves=7
num_cat=0
split_feature=17 10 10 7 13 3
split_gain=5.65628 7.49442 7.75923 7.23657 6.97263 6.52193
threshold=11.750000000000002 -4.0447500017867857e-17 0.0098748212224183049 81.000000000000014 0.35000000000000003 19.500000000000004
decision_type=2 2 2 2 2 2
left_child=1 5 -3 4 -2 -1
right_child=3 2 -4 -5 -6 -7
leaf_value=-0.033319989938001962 0.037006645907581841 0.031682004693339393 -0.00079043038436729315 0.034291329592545834 -0.0024386429872484705 0.010156387377913105
leaf_weight=5.2513691552449 4.1184122189879409 18.338519607670609 10.366243104450403 5.180999055504798 194.91568001068663 7.5989353246986866
leaf_count=76 8 103 86 8 989 26
internal_value=0.00134171 0.0114308 0.0199551 -0.000711298 -0.00162244 -0.00761055
internal_weight=245.77 41.5551 28.7048 204.215 199.034 12.8503
internal_count=1296 291 189 1005 997 102
is_linear=0
shrinkage=0.03


Tree=316
num_leaves=5
num_cat=0
split_feature=23 13 16 0
split_gain=6.35171 6.58216 6.83584 6.74106
threshold=35.000000000000007 0.55000000000000016 21.081666666666667 87.500000000000014
decision_type=2 2 2 2
left_child=-1 2 -2 -3
right_child=1 3 -4 -5
leaf_value=-0.034310109899764782 0.0065269127178914019 -0.0027986576904246553 0.039714086754916396 0.0090318608784101442
leaf_weight=4.3921447973698369 19.742082396871414 162.19856813491788 7.7900627129711202 59.157093703746796
leaf_count=22 127 1008 22 152
internal_value=0.00145253 0.00208363 0.015917 0.000363037
internal_weight=253.28 248.888 27.5321 221.356
internal_count=1331 1309 149 1160
is_linear=0
shrinkage=0.03


Tree=317
num_leaves=4
num_cat=0
split_feature=24 11 5
split_gain=8.47661 6.75568 5.02721
threshold=4.7500000000000009 8.4500000000000011 14.500000000000002
decision_type=2 2 2
left_child=1 -1 -3
right_child=-2 2 -4
leaf_value=0.020543972739008699 -0.038422296341459439 0.0015795615913549183 -0.010779937802880087
leaf_weight=14.905527904629706 5.0166753754019728 195.08041379693896 34.920812062686309
leaf_count=34 26 901 360
internal_value=0.000180711 0.000971456 -0.000296966
internal_weight=249.923 244.907 230.001
internal_count=1321 1295 1261
is_linear=0
shrinkage=0.03


Tree=318
num_leaves=7
num_cat=0
split_feature=0 21 6 16 16 6
split_gain=7.45427 7.89306 10.197 6.74321 5.53429 4.43284
threshold=75.500000000000014 0.92460030832459517 0.12931437274662674 14.676190476190477 19.641737891737893 0.99999999999999778
decision_type=2 2 2 2 2 2
left_child=1 2 -1 -2 -3 -5
right_child=3 4 -4 5 -6 -7
leaf_value=0.0097364292997030033 0.027769195946336974 -0.044482523533385825 -0.011642328668781956 -0.0019014352277291668 -0.010674716019512746 0.0090468738962053864
leaf_weight=35.809923310764134 10.316656123846768 7.2285580900497761 45.709624432143755 80.588129237294197 10.973102904623373 56.702121552079916
leaf_count=131 27 95 623 242 63 169
internal_value=9.72155e-05 -0.00623924 -0.00225106 0.00437804 -0.0241011 0.00262032
internal_weight=247.328 99.7212 81.5195 147.607 18.2017 137.29
internal_count=1350 912 754 438 158 411
is_linear=0
shrinkage=0.03


Tree=319
num_leaves=7
num_cat=0
split_feature=13 18 11 10 17 22
split_gain=6.18748 9.82177 9.80879 9.5379 5.55551 1.61176
threshold=0.93619838954138046 115.50000000000001 15.15 0.0098748212224183049 11.278204847514729 11.224882645640877
decision_type=2 2 2 2 2 2
left_child=2 -2 3 -1 -3 -4
right_child=1 4 5 -5 -6 -7
leaf_value=0.0031179487977273331 -0.029518087791092738 -0.01852317775900748 -0.07071649061539978 -0.01398485104971563 0.0096414091997901134 -0.033658057937410453
leaf_weight=92.030666214763187 6.7274422422051421 6.7289272486232212 1.6397943205665786 43.086151805589907 99.621928248088807 2.9681541180470958
leaf_count=542 30 40 26 309 338 70
internal_value=0.000418524 0.00563568 -0.00380369 -0.0023358 0.00785941 -0.0468458
internal_weight=252.803 113.078 139.725 135.117 106.351 4.60795
internal_count=1355 408 947 851 378 96
is_linear=0
shrinkage=0.03


Tree=320
num_leaves=6
num_cat=0
split_feature=17 19 9 12 1
split_gain=7.92458 4.83788 5.19587 1.78141 0.719096
threshold=10.781241100207819 1.6500000000000001 2.3471044195366573 33.550000000000004 5.3483935357417165
decision_type=2 2 2 2 2
left_child=3 -2 -3 -1 -5
right_child=1 2 -4 4 -6
leaf_value=-0.0094393009932908067 0.033359413210014767 0.0072343448509772082 -0.0017410810698054336 -0.066099243146842818 -0.036919195353444526
leaf_weight=1.932085521519183 4.4610267058014861 96.434652162715793 145.83061616227496 1.0350898765027525 2.8607681832509115
leaf_count=16 6 340 886 11 66
internal_value=0.00158494 0.00240167 0.00183162 -0.0329916 -0.044672
internal_weight=252.554 246.726 242.265 5.82794 3.89586
internal_count=1325 1232 1226 93 77
is_linear=0
shrinkage=0.03


Tree=321
num_leaves=5
num_cat=0
split_feature=3 17 22 16
split_gain=5.1247 5.81535 7.4481 7.03892
threshold=63.500000000000007 11.750000000000002 13.843110225581352 14.781929347826088
decision_type=2 2 2 2
left_child=1 3 -3 -1
right_child=-2 2 -4 -5
leaf_value=0.05441739721850989 0.024438013726589668 -0.0071245662337149742 0.0050907516756683764 0.0061066598825922132
leaf_weight=2.9251869141589841 7.4938526451587668 129.19036816665903 68.873840589541942 37.65412305528298
leaf_count=21 14 771 244 273
internal_value=9.95842e-06 -0.000757128 -0.00287687 0.00958917
internal_weight=246.137 238.644 198.064 40.5793
internal_count=1323 1309 1015 294
is_linear=0
shrinkage=0.03


Tree=322
num_leaves=8
num_cat=0
split_feature=0 9 19 22 19 9 6
split_gain=8.20388 11.6653 7.57464 7.47 5.25429 14.4519 11.5145
threshold=87.500000000000014 3.1091146601265351 7.7500000000000009 12.59946560930455 11.350000000000003 3.6033564693001892 1.186207745328435e-19
decision_type=2 2 2 2 2 2 2
left_child=4 2 -2 -3 6 -6 -1
right_child=1 3 -4 -5 5 -7 -8
leaf_value=0.0087084799524338626 -0.0084658068850009226 -0.035231859398816456 0.022579370023382547 0.0034736139434167444 -0.0098453030284196257 0.020859904264649336 -0.01423425519636262
leaf_weight=25.256076568737626 8.9673632904887182 7.6472352929413345 33.486046027392149 10.861531987786291 36.134131251135841 22.315695931203663 89.298513782792725
leaf_count=82 24 40 66 28 213 113 756
internal_value=-0.00210681 0.0073567 0.0160217 -0.0125183 -0.0054415 0.00187771 -0.00917603
internal_weight=233.967 60.9622 42.4534 18.5088 173.004 58.4498 114.555
internal_count=1322 158 90 68 1164 326 838
is_linear=0
shrinkage=0.03


Tree=323
num_leaves=4
num_cat=0
split_feature=11 11 17
split_gain=5.6229 6.43698 7.76703
threshold=7.7500000000000009 8.2500000000000018 16.182632773642929
decision_type=2 2 2
left_child=-1 -2 -3
right_child=1 2 -4
leaf_value=-0.035130522028704959 0.0298205046990823 0.0016967976849761345 -0.0109644595259596
leaf_weight=4.3316552489995948 6.0842747539281836 176.29005394282285 57.936518301488832
leaf_count=19 11 1066 249
internal_value=-0.00125428 -0.000643658 -0.001435
internal_weight=244.643 240.311 234.227
internal_count=1345 1326 1315
is_linear=0
shrinkage=0.03


Tree=324
num_leaves=8
num_cat=0
split_feature=22 9 3 0 0 7 1
split_gain=4.56845 8.90631 6.52417 4.05266 6.89867 5.99734 0.369727
threshold=11.022109161157617 3.6033564693001892 14.500000000000002 44.500000000000007 25.500000000000004 12.500000000000002 5.3483935357417165
decision_type=2 2 2 2 2 2 2
left_child=1 2 -1 4 -2 -5 -3
right_child=3 6 -4 5 -6 -7 -8
leaf_value=-0.022005479177340879 0.01038877762456232 -0.054704524151672838 0.014870801008382579 0.019062196012312068 -0.029653043693866385 0.0035835192986159304 -0.036733318595149708
leaf_weight=6.8753404817543986 7.4436195835005483 1.3104799240827558 11.608189599588512 25.593534373212606 8.0713699862826598 188.11993199540302 4.8192878288682541
leaf_count=87 107 6 38 133 164 685 102
internal_value=0.00304363 -0.00923849 0.00115389 0.00436242 -0.0104422 0.00543719 -0.0405754
internal_weight=253.842 24.6133 18.4835 229.228 15.515 213.713 6.12977
internal_count=1322 233 125 1089 271 818 108
is_linear=0
shrinkage=0.03


Tree=325
num_leaves=5
num_cat=0
split_feature=23 20 23 13
split_gain=4.74898 4.93704 7.30221 6.09797
threshold=35.000000000000007 10.250000000000002 123.50000000000001 0.75000000000000011
decision_type=2 2 2 2
left_child=-1 3 -3 -2
right_child=1 2 -4 -5
leaf_value=-0.026471823417477541 0.014384053160073748 -0.021590967491570204 0.00047484606028220692 0.00097541856955686123
leaf_weight=5.3834923841059199 49.100107874837704 15.542565233539788 102.58801596565172 80.68911867775023
leaf_count=23 197 108 737 277
internal_value=0.0014038 0.00200911 -0.00242838 0.00604799
internal_weight=253.303 247.92 118.131 129.789
internal_count=1342 1319 845 474
is_linear=0
shrinkage=0.03


Tree=326
num_leaves=5
num_cat=0
split_feature=19 14 3 17
split_gain=4.09911 5.82946 12.2808 7.15676
threshold=2.7500000000000004 1.1825474821923402e-22 10.500000000000002 19.978426429544374
decision_type=2 2 2 2
left_child=-1 2 -2 -3
right_child=1 3 -4 -5
leaf_value=0.019171239991207185 -0.030878354272960581 0.00020770137378451923 0.013299398863632003 -0.017858598572219549
leaf_weight=11.260995879769323 6.3232625500531858 155.41177277034149 54.252166761434637 22.604576961137354
leaf_count=27 97 865 247 95
internal_value=0.00148387 0.000649069 0.00868783 -0.00208636
internal_weight=249.853 238.592 60.5754 178.016
internal_count=1331 1304 344 960
is_linear=0
shrinkage=0.03


Tree=327
num_leaves=7
num_cat=0
split_feature=6 15 19 14 13 22
split_gain=9.47169 8.43692 11.5936 8.54798 4.83077 6.62388
threshold=0.99999581501663115 36.638888888888893 7.1500000000000012 6.0409769525552099e-26 1.8500000000000003 15.750000000000002
decision_type=2 2 2 2 2 2
left_child=4 2 -2 -3 5 -1
right_child=1 3 -4 -5 -6 -7
leaf_value=0.0016943090472257224 -0.031535435563880158 -0.027226269234902099 -0.0051410271135197989 0.01036777344157378 0.024592990821460992 0.028206169851271345
leaf_weight=108.9959683266934 20.329249195405282 6.4265469772508359 56.892009831499308 35.58074057858903 10.94198729097843 9.1972200796008092
leaf_count=433 165 78 350 268 25 20
internal_value=-0.00010656 -0.00620366 -0.0120896 0.00461639 0.0055228 0.00375733
internal_weight=248.364 119.229 77.2213 42.0073 129.135 118.193
internal_count=1339 861 515 346 478 453
is_linear=0
shrinkage=0.03


Tree=328
num_leaves=7
num_cat=0
split_feature=0 0 1 16 15 16
split_gain=4.73968 8.73089 7.03742 5.12519 5.61521 4.56436
threshold=38.500000000000007 26.500000000000004 4.5000000000000009 25.150268336314848 36.638888888888893 20.62145593869732
decision_type=2 2 2 2 2 2
left_child=1 2 -1 4 -2 -3
right_child=3 5 -4 -5 -6 -7
leaf_value=0.021603288541213808 -0.0031143381748720274 -0.02115847326932653 -0.033249111903154362 0.020150096098835429 0.0067307966573307097 -0.081749859213724865
leaf_weight=5.4884777069091788 135.81879355106503 2.2879735531751058 3.4147640973096705 12.857940042391418 84.626317416317761 2.1898752886336297
leaf_count=12 662 108 135 30 375 25
internal_value=0.000743075 -0.0166205 0.000565108 0.00173896 0.000665095 -0.0507905
internal_weight=246.684 13.3811 8.90324 233.303 220.445 4.47785
internal_count=1347 280 147 1067 1037 133
is_linear=0
shrinkage=0.03


Tree=329
num_leaves=8
num_cat=0
split_feature=19 7 15 10 14 0 3
split_gain=5.87842 13.7447 11.0142 8.52172 5.20207 11.5953 7.6463
threshold=7.8500000000000005 25.500000000000004 36.19444444444445 5.7198652335745582e-17 1.1825474821923402e-22 78.500000000000014 26.500000000000004
decision_type=2 2 2 2 2 2 2
left_child=1 3 -3 -1 5 -2 -6
right_child=4 2 -4 -5 6 -7 -8
leaf_value=0.011448268538874883 -0.0053692755385013006 -0.0017326583177326479 -0.043357849044049414 -0.012803630577653061 -0.0022838734450664035 0.028614299153841796 0.014487503855543329
leaf_weight=36.424791153636761 15.384674168308264 10.38075226172805 12.745561378542332 20.311512419721112 98.331626704661176 21.898176059126854 32.569020697847009
leaf_count=197 152 35 69 168 575 47 80
internal_value=0.00152228 -0.00517973 -0.0246735 0.00276612 0.00470476 0.0145911 0.00188897
internal_weight=248.046 79.8626 23.1263 56.7363 168.183 37.2829 130.901
internal_count=1323 469 104 365 854 199 655
is_linear=0
shrinkage=0.03


Tree=330
num_leaves=5
num_cat=0
split_feature=19 11 7 12
split_gain=4.8004 6.54982 10.3411 8.3825
threshold=2.4500000000000006 9.4500000000000011 65.500000000000014 25.250000000000004
decision_type=2 2 2 2
left_child=-1 3 -3 -2
right_child=1 2 -4 -5
leaf_value=0.022245630679239604 0.0088278705630494558 0.001223757704896954 0.040584189407840615 -0.027850197844118872
leaf_weight=9.6816344913095218 8.9420554749667662 209.7095723550301 6.1846215128898612 15.040427351370452
leaf_count=23 22 1203 8 76
internal_value=0.00153498 0.000699076 0.0023513 -0.0141745
internal_weight=249.558 239.877 215.894 23.9825
internal_count=1332 1309 1211 98
is_linear=0
shrinkage=0.03


Tree=331
num_leaves=5
num_cat=0
split_feature=19 5 15 3
split_gain=4.4704 7.65432 16.7315 6.08673
threshold=2.7500000000000004 13.500000000000002 36.07777777777779 12.500000000000002
decision_type=2 2 2 2
left_child=-1 3 -3 -2
right_child=1 2 -4 -5
leaf_value=0.020725868346935405 -0.005140295718436657 -0.039892915536126776 -0.00020816259133985725 0.0080586647525471584
leaf_weight=11.428015373647211 41.478699259459972 11.582409354392437 54.802104018977843 129.98649597074836
leaf_count=26 318 102 471 389
internal_value=0.00239771 0.0015171 -0.00713214 0.00486574
internal_weight=249.278 237.85 66.3845 171.465
internal_count=1306 1280 573 707
is_linear=0
shrinkage=0.03


Tree=332
num_leaves=4
num_cat=0
split_feature=23 23 13
split_gain=4.8978 11.2297 6.40467
threshold=35.000000000000007 58.000000000000007 0.35000000000000003
decision_type=2 2 2
left_child=-1 -2 -3
right_child=1 2 -4
leaf_value=-0.031931062106956828 0.027721070699164529 0.033588178830451461 -0.0029892861784823746
leaf_weight=4.6427218383178106 11.798178833909331 4.3923762738704673 225.243868985679
leaf_count=23 30 12 1302
internal_value=-0.00141003 -0.000823115 -0.00228965
internal_weight=246.077 241.434 229.636
internal_count=1367 1344 1314
is_linear=0
shrinkage=0.03


Tree=333
num_leaves=8
num_cat=0
split_feature=10 10 15 18 0 15 10
split_gain=5.15966 9.60965 11.0822 8.43653 7.69591 10.4086 5.52483
threshold=-2.3411858341653391e-16 -8.990038321089747e-17 35.472222222222229 277.50000000000006 62.500000000000007 36.361111111111121 -0.031834483568019926
decision_type=2 2 2 2 2 2 2
left_child=4 2 -2 -3 5 -1 -6
right_child=1 3 -4 -5 6 -7 -8
leaf_value=0.0078952706508013774 0.033917479352655065 0.0027088929704315911 -0.032956411841286483 -0.01626640140903942 -0.0006401761831243539 -0.056725866940345059 0.020444299433301602
leaf_weight=5.9147560689598304 2.6135950582101968 147.47278816835023 15.205650522722861 24.606243997113779 17.452703878283497 3.613934003864415 31.145085629075769
leaf_count=28 6 761 154 246 51 45 65
internal_value=0.000217791 -0.00217613 -0.0231478 -4.4575e-06 0.00803871 -0.0166135 0.0128723
internal_weight=248.025 189.898 17.8192 172.079 58.1265 9.52869 48.5978
internal_count=1356 1167 160 1007 189 73 116
is_linear=0
shrinkage=0.03


Tree=334
num_leaves=8
num_cat=0
split_feature=23 18 6 20 24 0 21
split_gain=6.22371 12.5884 12.3854 6.55476 5.39856 5.2453 3.13064
threshold=181.50000000000003 239.50000000000003 1.186207745328435e-19 13.950000000000001 1.3500000000000003 84.500000000000014 0.49169607701043111
decision_type=2 2 2 2 2 2 2
left_child=1 2 -1 5 -3 -2 -5
right_child=3 4 -4 6 -6 -7 -8
leaf_value=0.018159537623725904 -0.0019823683800767266 -0.0257044972142213 -0.0065601317508781967 0.010590925711657654 -0.082466410315722369 0.011640996996528697 0.046077821647964368
leaf_weight=22.186870830133557 68.303611638606526 4.8171823772136113 102.58929371158592 4.1497101663844642 2.1952354181557894 40.528020702302456 4.8550504040904343
leaf_count=66 507 56 531 49 16 105 14
internal_value=0.000116537 -0.00436269 -0.00216464 0.00512612 -0.0434738 0.00309086 0.0297242
internal_weight=249.625 131.789 124.776 117.836 7.01242 108.832 9.00476
internal_count=1344 669 597 675 72 612 63
is_linear=0
shrinkage=0.03


Tree=335
num_leaves=7
num_cat=0
split_feature=17 13 12 10 22 19
split_gain=5.79298 11.2186 6.21376 11.326 10.2068 5.65282
threshold=11.450000000000001 1.0500000000000003 38.542224527732849 -0.031834483568019926 11.022109161157617 8.3500000000000032
decision_type=2 2 2 2 2 2
left_child=1 5 3 -2 -4 -1
right_child=2 -3 4 -5 -6 -7
leaf_value=-0.0017588034854104679 -0.035173123520946502 -0.032159833948380026 -0.037337001110032846 -0.002504685837718229 0.0099543817037000045 0.02909701052328996
leaf_weight=7.5416167423827636 10.27943169698119 4.3124199360609046 4.4254828626289955 134.8380339066498 57.14434300980065 18.334440749837086
leaf_count=85 46 29 45 613 375 96
internal_value=0.000362393 0.0126381 -0.00143059 -0.00481876 0.0065552 0.020104
internal_weight=236.876 30.1885 206.687 145.117 61.5698 25.8761
internal_count=1289 210 1079 659 420 181
is_linear=0
shrinkage=0.03


Tree=336
num_leaves=5
num_cat=0
split_feature=13 17 24 24
split_gain=4.21476 4.71547 8.67066 8.26468
threshold=0.35000000000000003 11.750000000000002 1.2500000000000002 1.0464280754261035
decision_type=2 2 2 2
left_child=-1 3 -3 -2
right_child=1 2 -4 -5
leaf_value=0.029196252472022413 0.019362390063581428 -0.0059690110685053132 0.0072371186930976451 -0.0096668402970738095
leaf_weight=4.6083482112735501 26.479672282701358 135.83809432724956 66.723511388292536 13.240125391399486
leaf_count=14 205 823 217 86
internal_value=0.000774973 0.000234382 -0.00161893 0.00968584
internal_weight=246.89 242.281 202.562 39.7198
internal_count=1345 1331 1040 291
is_linear=0
shrinkage=0.03


Tree=337
num_leaves=8
num_cat=0
split_feature=10 19 5 10 20 12 15
split_gain=6.29792 8.91222 16.1067 14.2953 6.40211 10.0289 4.61661
threshold=-2.3411858341653391e-16 13.15 13.500000000000002 -8.0963819229286954e-17 10.550000000000002 37.850000000000001 36.750000000000007
decision_type=2 2 2 2 2 2 2
left_child=4 3 -3 -2 6 -6 -1
right_child=1 2 -4 -5 5 -7 -8
leaf_value=0.0096009324360414802 -0.035264937535862156 0.018073691444502892 -0.033392764712001068 -0.0034011498131983346 -0.035699709284899003 0.0083178946471200287 0.034460905625838929
leaf_weight=21.03336022049189 13.968793473555705 33.253545785788447 6.5507769917603573 136.48319390718825 6.2739731268957284 18.091410614666529 9.8815172631293517
leaf_count=62 149 124 63 811 32 75 17
internal_value=-0.00042997 -0.00301983 0.00960362 -0.00635956 0.00848349 -0.00301643 0.0175471
internal_weight=245.537 190.256 39.8043 150.452 55.2803 24.3654 30.9149
internal_count=1333 1147 187 960 186 107 79
is_linear=0
shrinkage=0.03


Tree=338
num_leaves=8
num_cat=0
split_feature=16 12 17 16 16 1 18
split_gain=5.14582 8.33799 8.20452 7.00296 9.78012 7.97093 6.219
threshold=15.699677938808376 36.95000000000001 22.050000000000004 17.261208576998055 17.471405228758172 4.5000000000000009 200.50000000000003
decision_type=2 2 2 2 2 2 2
left_child=1 2 -1 5 -5 -2 -3
right_child=3 6 -4 4 -6 -7 -8
leaf_value=-0.01447270227827682 0.021285251913096839 -0.020197888225211649 0.030951484543673739 0.027707351658420878 -0.0016776630142206 -0.01902986819836594 0.0336415632290979
leaf_weight=14.549618007149549 5.065686583518981 2.2486569555476299 4.7460122108459464 10.885729398578404 160.36529825581238 34.300734548945911 13.664759875158778
leaf_count=102 18 37 9 37 777 280 83
internal_value=-0.000657898 0.00995794 -0.00330003 -0.00243255 0.000190223 -0.0138421 0.0260337
internal_weight=245.826 35.209 19.2956 210.617 171.251 39.3664 15.9134
internal_count=1343 231 111 1112 814 298 120
is_linear=0
shrinkage=0.03


Tree=339
num_leaves=6
num_cat=0
split_feature=16 13 10 10 0
split_gain=4.93516 10.4975 8.57157 6.76407 5.17053
threshold=21.241621621621622 0.55000000000000016 -0.046302286250469414 -0.092429700563408518 86.500000000000014
decision_type=2 2 2 2 2
left_child=3 -2 -3 -1 -5
right_child=1 2 -4 4 -6
leaf_value=0.029382562792799386 0.025004626258410906 -0.069744097687602341 -0.010381372841913252 -0.00134444831275042 0.0093557204867359533
leaf_weight=8.3882674518972618 7.4274166435934594 2.3242867514491072 37.651761187938973 135.48452856577933 58.061956986784935
leaf_count=21 24 11 180 958 156
internal_value=0.000963614 -0.00774759 -0.0138328 0.00300854 0.00186549
internal_weight=249.338 47.4035 39.976 201.935 193.546
internal_count=1350 215 191 1135 1114
is_linear=0
shrinkage=0.03


Tree=340
num_leaves=7
num_cat=0
split_feature=9 5 11 12 20 20
split_gain=4.89252 8.70035 6.1438 14.6943 9.96569 5.17127
threshold=2.3471044195366573 10.500000000000002 12.950000000000001 33.750000000000007 12.550000000000002 8.0500000000000025
decision_type=2 2 2 2 2 2
left_child=1 5 3 -2 -4 -1
right_child=2 -3 4 -5 -6 -7
leaf_value=-0.016657655886547447 0.0014754451763600001 0.0383935632755514 0.019196590496325217 -0.021562168882830648 -0.013434916449158353 0.0061156896684409455
leaf_weight=10.084365440998225 76.845907875802368 6.9632047230843446 24.595067440299317 36.875569610623643 12.810405439347958 81.501671094913036
leaf_count=47 289 12 195 269 218 306
internal_value=0.000865516 0.006066 -0.0025257 -0.00599478 0.00802114 0.00360816
internal_weight=249.676 98.5492 151.127 113.721 37.4055 91.586
internal_count=1336 365 971 558 413 353
is_linear=0
shrinkage=0.03


Tree=341
num_leaves=7
num_cat=0
split_feature=22 15 21 14 22 6
split_gain=5.13247 11.4257 4.79701 4.02079 10.1538 4.8569
threshold=11.022109161157617 36.138888888888893 0.30465242510165497 0.99999999083309621 13.026485888104547 0.99999581501663115
decision_type=2 2 2 2 2 2
left_child=1 -1 -3 5 -5 -2
right_child=3 2 -4 4 -6 -7
leaf_value=0.01922117210147577 0.0090164306848317059 -0.046007795096506598 -0.013345728875867952 -0.02916856192265185 0.0064758355901770826 -0.00060731378758359649
leaf_weight=7.0771973067894605 79.989801893825643 6.6567234696121913 10.322368426830506 12.431560198776426 17.067608611658216 115.12460972275585
leaf_count=23 275 111 100 66 55 722
internal_value=0.000366885 -0.0128028 -0.026151 0.00177737 -0.00854545 0.00333807
internal_weight=248.67 24.0563 16.9791 224.614 29.4992 195.114
internal_count=1352 234 211 1118 121 997
is_linear=0
shrinkage=0.03


Tree=342
num_leaves=7
num_cat=0
split_feature=16 10 5 0 23 23
split_gain=6.23952 10.2657 5.99618 5.90453 9.09765 5.32138
threshold=22.481554677206855 -2.6742186518949225e-16 13.500000000000002 75.500000000000014 213.50000000000003 64.500000000000014
decision_type=2 2 2 2 2 2
left_child=3 -2 -3 4 -1 -5
right_child=1 2 -4 5 -6 -7
leaf_value=0.0015791119245064311 -0.052778016277737372 0.0045768780575580516 -0.03107608847824669 0.031303909467928853 -0.022578344741045305 0.0051676847448162023
leaf_weight=66.423622361849993 4.7089742608368423 17.338788043241951 5.6220542741939417 7.4240972697734824 17.787557429284789 126.00758303701878
leaf_count=532 24 68 36 12 268 376
internal_value=0.000990423 -0.0124281 -0.00415289 0.00269638 -0.00352356 0.0066219
internal_weight=245.313 27.6698 22.9608 217.643 84.2112 133.432
internal_count=1316 128 104 1188 800 388
is_linear=0
shrinkage=0.03


Tree=343
num_leaves=5
num_cat=0
split_feature=3 6 12 19
split_gain=5.81465 6.30281 7.74943 4.14502
threshold=70.000000000000014 1.186207745328435e-19 28.650000000000002 9.4500000000000011
decision_type=2 2 2 2
left_child=1 3 -3 -1
right_child=-2 2 -4 -5
leaf_value=0.017845535616890888 0.027415541147573056 0.0089035516140301696 -0.0078745019465017007 -0.001571542186862473
leaf_weight=19.690705098211765 5.9026077240705481 29.626024747267365 151.33848869125359 19.888934432528913
leaf_count=56 11 86 1061 80
internal_value=-0.00196947 -0.00275593 -0.00512774 0.00808837
internal_weight=226.447 220.544 180.965 39.5796
internal_count=1294 1283 1147 136
is_linear=0
shrinkage=0.03


Tree=344
num_leaves=8
num_cat=0
split_feature=10 22 19 10 16 15 7
split_gain=6.70447 7.64409 7.44377 4.54168 6.16684 1.62551 0.283463
threshold=-0.010976170918296927 10.319931711157547 10.517546642660745 -0.030074331345072581 19.937254901960788 36.422222222222224 19.500000000000004
decision_type=2 2 2 2 2 2 2
left_child=3 6 -3 4 -1 -5 -2
right_child=1 2 -4 5 -6 -7 -8
leaf_value=0.012488350902654606 -0.03495388471853831 -0.006204079078150097 0.0056914708932552516 0.030943746277153461 -0.019613496242527655 0.012728110819885339 -0.05073888587807994
leaf_weight=17.945315171033148 2.105432223994284 113.24648350581992 81.356114354217425 9.6162988748401421 7.6952284425497046 8.142205670475958 1.9931723468471316
leaf_count=58 60 729 407 18 29 30 15
internal_value=0.000248235 -0.00208493 -0.00123099 0.0109306 0.00285396 0.0225919 -0.0426302
internal_weight=242.1 198.701 194.603 43.399 25.6405 17.7585 4.0986
internal_count=1346 1211 1136 135 87 48 75
is_linear=0
shrinkage=0.03


Tree=345
num_leaves=7
num_cat=0
split_feature=11 7 20 16 10 24
split_gain=4.80818 7.36154 5.12996 3.51001 9.84643 4.40009
threshold=11.333487071839354 49.500000000000007 13.950000000000001 16.206389452332662 2.0871217111945779e-16 0.52740634116376517
decision_type=2 2 2 2 2 2
left_child=3 2 -2 4 -1 -5
right_child=1 -3 -4 5 -6 -7
leaf_value=-0.03345807318914619 -0.00081650684646253607 -0.039539770022954245 0.020453125812205212 0.034673795823435452 0.018126006713928017 0.0085290765676676299
leaf_weight=6.2841860866174084 129.309102489613 4.1797273568809024 11.080037906998767 6.2328450204804531 7.0852094059810042 82.178444793447852
leaf_count=56 885 19 86 14 25 247
internal_value=0.00321075 -0.000305915 0.000862172 0.0082058 -0.00612071 0.0103722
internal_weight=246.35 144.569 140.389 101.781 13.3694 88.4113
internal_count=1332 990 971 342 81 261
is_linear=0
shrinkage=0.03


Tree=346
num_leaves=7
num_cat=0
split_feature=20 0 16 15 5 10
split_gain=6.23184 6.48756 8.42911 8.17414 3.73387 5.14474
threshold=13.950000000000001 81.500000000000014 15.015151515151517 35.394444444444453 11.935164148104809 -0.019666878568889108
decision_type=2 2 2 2 2 2
left_child=1 2 -1 -3 -2 -6
right_child=4 3 -4 -5 5 -7
leaf_value=-0.037213304562637897 0.034705178476625999 0.031637776257231409 -0.0028418319020563063 0.0027252022298996223 0.043797994157795707 -0.034750574024493816
leaf_weight=6.783861356554552 7.5577646447345597 9.7247297093272191 120.1741308196215 92.607234232127666 1.2294737100601199 1.9262110533891244
leaf_count=115 28 15 840 279 1 61
internal_value=0.000896999 -0.000147945 -0.00467843 0.0054728 0.023261 -0.00414758
internal_weight=240.003 229.29 126.958 102.332 10.7134 3.15568
internal_count=1339 1249 955 294 90 62
is_linear=0
shrinkage=0.03


Tree=347
num_leaves=6
num_cat=0
split_feature=21 22 12 14 15
split_gain=7.50379 7.89174 11.414 7.15391 8.07315
threshold=0.43683654828479396 16.450000000000003 27.850000000000005 0.99999999989472854 37.027777777777779
decision_type=2 2 2 2 2
left_child=3 2 -2 4 -1
right_child=1 -3 -4 -5 -6
leaf_value=0.0055413519792358295 -0.068067321635497016 0.020579232122827088 -0.0062067522596153 0.032764668093738271 -0.024093502922933024
leaf_weight=132.45986342488322 2.7692699246108523 9.5460865870118123 87.637521417927928 8.0507432604208571 8.8244946777122077
leaf_count=753 16 22 464 16 77
internal_value=0.000999581 -0.00536243 -0.00810162 0.0052578 0.00369039
internal_weight=249.288 99.9529 90.4068 149.335 141.284
internal_count=1348 502 480 846 830
is_linear=0
shrinkage=0.03


Tree=348
num_leaves=4
num_cat=0
split_feature=11 12 20
split_gain=6.34605 6.39029 7.53519
threshold=7.7500000000000009 24.550000000000004 7.4500000000000011
decision_type=2 2 2
left_child=-1 -2 -3
right_child=1 2 -4
leaf_value=-0.037556649566627513 0.033614508454374151 -0.020656270806955285 0.0027574153012119539
leaf_weight=3.6645240932703009 5.697902336716651 13.093782642623408 224.03702655155212
leaf_count=16 9 62 1240
internal_value=0.00162763 0.00221896 0.00146457
internal_weight=246.493 242.829 237.131
internal_count=1327 1311 1302
is_linear=0
shrinkage=0.03


Tree=349
num_leaves=5
num_cat=0
split_feature=20 14 20 6
split_gain=5.00239 5.34891 11.6733 5.54803
threshold=15.15 1.1825474821923402e-22 7.2500000000000009 1.186207745328435e-19
decision_type=2 2 2 2
left_child=1 2 -1 -3
right_child=-2 3 -4 -5
leaf_value=-0.047879617832098972 0.036843671438112013 0.010595036755793387 0.011788454890064198 -0.0036849459726270122
leaf_weight=3.1035467721521846 3.6280842619016758 29.34839640557766 59.985292483819649 147.80874889506958
leaf_count=17 14 94 340 861
internal_value=0.00188002 0.00135202 0.00885319 -0.00131928
internal_weight=243.874 240.246 63.0888 177.157
internal_count=1326 1312 357 955
is_linear=0
shrinkage=0.03


Tree=350
num_leaves=7
num_cat=0
split_feature=10 6 16 6 4 23
split_gain=4.5544 5.84843 4.75352 10.2055 9.93244 4.35598
threshold=-0.046302286250469414 1.1676966987915975e-14 20.012500000000003 0.99999999999963629 7.2220274591168371e-33 154.50000000000003
decision_type=2 2 2 2 2 2
left_child=1 -1 4 -4 -2 -3
right_child=2 5 3 -5 -6 -7
leaf_value=0.0047213761673685758 -0.0043088310232720708 -0.0091660742699986274 -0.00031317171362764119 0.021893401968027252 0.01665774218502766 -0.050709523319663156
leaf_weight=8.1594933047890681 124.37141564930789 4.4720923602581006 48.365514567354694 30.29112146073021 24.309639454819262 4.6164281060919166
leaf_count=32 874 15 201 99 78 25
internal_value=0.00114689 -0.0137155 0.00227449 0.00823871 -0.000880756 -0.0302677
internal_weight=244.586 17.248 227.338 78.6566 148.681 9.08852
internal_count=1324 72 1252 300 952 40
is_linear=0
shrinkage=0.03


Tree=351
num_leaves=8
num_cat=0
split_feature=12 12 3 17 15 22 12
split_gain=5.50974 9.71513 13.1317 9.18812 7.88393 6.58588 4.38833
threshold=37.650000000000013 33.250000000000007 29.500000000000004 22.250000000000004 36.361111111111121 11.15 38.050000000000004
decision_type=2 2 2 2 2 2 2
left_child=1 3 -3 -1 6 -6 -2
right_child=4 2 -4 -5 5 -7 -8
leaf_value=0.0068160583916093524 0.046634667010357275 -0.0068781937206157922 -0.051174840885615414 -0.023928268006966555 -0.02049158903597921 0.0051208782408073122 0.013978821063502839
leaf_weight=83.168631537817419 4.1946736644022158 52.588329597143456 6.8022041097283354 9.7770725972950441 11.503656522021627 42.113521942635998 31.632704652147368
leaf_count=289 12 308 36 41 149 308 165
internal_value=0.000996169 -0.002474 -0.0119516 0.00358202 0.00690635 -0.00037432 0.0178022
internal_weight=241.781 152.336 59.3905 92.9457 89.4446 53.6172 35.8274
internal_count=1308 674 344 330 634 457 177
is_linear=0
shrinkage=0.03


Tree=352
num_leaves=8
num_cat=0
split_feature=10 3 19 3 17 0 20
split_gain=4.6614 10.29 8.14041 6.05044 4.36807 7.84672 5.95674
threshold=0.029438611974975239 12.500000000000002 7.4500000000000011 9.2069599196453265 11.450000000000001 67.500000000000014 11.65
decision_type=2 2 2 2 2 2 2
left_child=4 3 -3 -2 5 -1 -6
right_child=1 2 -4 -5 6 -7 -8
leaf_value=-0.022823490512912836 -0.010768972321042573 -0.025035424646973014 0.006368079907442808 -0.052254250443738208 0.005403909176208606 0.023975424681103627 -0.0086596960190942398
leaf_weight=3.8663445882266414 7.0360211106017214 9.0601642876863462 41.264776767231524 5.7495638232212514 122.15927908499725 19.422838344238698 34.834948359290138
leaf_count=107 106 46 141 77 471 66 301
internal_value=0.00162554 -0.00539145 0.000714404 -0.0294245 0.00408193 0.0162061 0.00228338
internal_weight=243.394 63.1105 50.3249 12.7856 180.283 23.2892 156.994
internal_count=1315 370 187 183 945 173 772
is_linear=0
shrinkage=0.03


Tree=353
num_leaves=7
num_cat=0
split_feature=17 19 3 17 14 19
split_gain=5.27931 4.86788 7.91135 5.99233 0.947927 0.297526
threshold=10.550000000000002 11.350000000000003 28.058438107180784 11.750000000000002 4.1849833690007241e-06 7.6500000000000012
decision_type=2 2 2 2 2 2
left_child=4 2 -2 -3 5 -1
right_child=1 3 -4 -5 -6 -7
leaf_value=-0.012449613861977153 -0.005586829778488284 0.023680688078222791 0.011031842394925903 0.002870914306551601 -0.06258642085682857 -0.03618708581221567
leaf_weight=0.77148642484098662 127.14194285543635 15.35792787815444 32.338400010019541 65.860762676922604 1.0197027442045508 1.2375169462757183
leaf_count=23 833 63 88 303 14 26
internal_value=0.000332306 0.000827584 -0.002217 0.00680591 -0.0390287 -0.0270716
internal_weight=243.728 240.699 159.48 81.2187 3.02871 2.009
internal_count=1350 1287 921 366 63 49
is_linear=0
shrinkage=0.03


Tree=354
num_leaves=8
num_cat=0
split_feature=16 16 13 17 16 16 5
split_gain=3.80302 8.68789 9.58917 7.75455 13.7313 8.32057 5.72576
threshold=18.106203007518801 17.826836581709149 0.8500000000000002 18.850000000000005 20.160256410256412 21.324561403508774 3.5000000000000004
decision_type=2 2 2 2 2 2 2
left_child=1 6 -3 5 -5 -2 -1
right_child=3 2 -4 4 -6 -7 -8
leaf_value=-0.036639479568864861 0.01320583647331341 -0.068786856039989755 -0.0076702009225249135 -0.040435302424664157 0.006958411840298862 -0.0038230323954580171 0.001748418769560811
leaf_weight=3.6336420783773056 84.760797402239405 3.5301412063417938 6.6874712305143476 8.8022282700985688 14.674062831327317 37.139221091754735 92.943484683637507
leaf_count=22 369 38 26 46 46 168 626
internal_value=0.00181935 -0.00247908 -0.0287857 0.00497702 -0.0108114 0.00801766 0.000304103
internal_weight=252.171 106.795 10.2176 145.376 23.4763 121.9 96.5771
internal_count=1341 712 64 629 92 537 648
is_linear=0
shrinkage=0.03


Tree=355
num_leaves=7
num_cat=0
split_feature=1 16 3 16 11 10
split_gain=6.45001 7.95785 9.92218 6.17198 3.35559 1.22827
threshold=4.5000000000000009 17.261208576998055 13.500000000000002 17.471405228758172 11.940915877548681 8.8934799635917355e-17
decision_type=2 2 2 2 2 2
left_child=4 2 -2 -3 -1 -6
right_child=1 3 -4 -5 5 -7
leaf_value=0.00043756828553360164 -0.035755612994443464 0.026344524121113391 -0.0056171939856182827 -0.00047349332517066114 0.014969922264393176 0.033106862484153086
leaf_weight=9.5289709866046923 12.506585681578143 8.1740727638825756 45.958935161004774 140.1124845786253 6.9789278954267484 6.4815419465303421
leaf_count=38 261 36 242 695 29 12
internal_value=-0.00101468 -0.00269086 -0.0120642 0.00100481 0.0140598 0.0237033
internal_weight=229.742 206.752 58.4655 148.287 22.9894 13.4605
internal_count=1313 1234 503 731 79 41
is_linear=0
shrinkage=0.03


Tree=356
num_leaves=5
num_cat=0
split_feature=13 17 14 4
split_gain=3.9973 4.44626 8.47309 6.79232
threshold=0.35000000000000003 11.850000000000003 1.1997379389259054e-21 6.2308480693022697e-25
decision_type=2 2 2 2
left_child=-1 2 -2 -3
right_child=1 3 -4 -5
leaf_value=0.03177172454000983 0.025966968529625451 -0.0023123517109905714 -0.00047548918036460964 0.013521996276202295
leaf_weight=4.1545970607548943 18.748983219615184 161.29784119559918 26.073443203116767 28.723229395225644
leaf_count=12 118 874 210 101
internal_value=0.002602 0.00208596 0.0105853 8.11387e-05
internal_weight=238.998 234.843 44.8224 190.021
internal_count=1315 1303 328 975
is_linear=0
shrinkage=0.03


Tree=357
num_leaves=6
num_cat=0
split_feature=24 6 6 6 18
split_gain=5.04049 4.46241 8.60039 3.9286 3.67987
threshold=0.52740634116376517 1.186207745328435e-19 2.9150706066625686e-08 1.1944398210771052e-25 216.50000000000003
decision_type=2 2 2 2 2
left_child=4 3 -3 -2 -1
right_child=1 2 -4 -5 -6
leaf_value=0.0034955787063465807 0.0040844173037223111 -0.023270698336773678 6.116150212885616e-05 0.026188725885614234 0.038766455388021918
leaf_weight=5.2935653680469823 33.240465159527957 15.504640140570698 171.44530655420385 9.250238739885388 5.355626315344125
leaf_count=34 120 84 1043 25 20
internal_value=0.00105721 0.000120737 -0.00187386 0.00889653 0.0212338
internal_weight=240.09 229.441 186.95 42.4907 10.6492
internal_count=1326 1272 1127 145 54
is_linear=0
shrinkage=0.03


Tree=358
num_leaves=7
num_cat=0
split_feature=16 19 17 1 0 19
split_gain=6.98737 11.187 8.98311 5.11294 8.60881 4.99056
threshold=21.454907161803714 6.2500000000000009 18.650000000000002 5.3483935357417165 75.500000000000014 13.050000000000002
decision_type=2 2 2 2 2 2
left_child=3 -2 -3 5 -5 -1
right_child=1 2 -4 4 -6 -7
leaf_value=0.005028946081376739 -0.049037756603251506 -0.013872524751693758 0.02233656707903349 -0.011545855127073209 0.0044644942442406002 0.02505685772094958
leaf_weight=44.363978877663612 5.9769087377935639 23.303485744516369 8.3852979466319066 43.380219484912232 99.682386858388782 14.97790935821831
leaf_count=143 36 131 19 641 305 49
internal_value=0.000472776 -0.0113916 -0.00429109 0.00268064 -0.000390251 0.010084
internal_weight=240.07 37.6657 31.6888 202.404 143.063 59.3419
internal_count=1324 186 150 1138 946 192
is_linear=0
shrinkage=0.03


Tree=359
num_leaves=8
num_cat=0
split_feature=17 22 12 15 0 18 2
split_gain=5.46607 8.04822 9.28592 7.59373 6.32102 4.92304 2.46354
threshold=11.450000000000001 12.506471160744963 43.45000000000001 37.083333333333336 67.500000000000014 191.50000000000003 3.5000000000000004
decision_type=2 2 2 2 2 2 2
left_child=4 3 -3 -2 6 -6 -1
right_child=1 2 -4 -5 5 -7 -8
leaf_value=0.024830014317125226 -0.0072097903532680569 0.00027426993648359374 0.029004540062740804 -0.046266108919875294 -0.0036764484950523018 0.026242505340014655 -0.033130038682555894
leaf_weight=0.82021759450435894 66.423054900020361 124.28653827449307 11.022797398502005 4.8044531628256655 6.8334841392934349 17.955819225404412 3.3788127126172185
leaf_count=4 466 532 53 45 26 61 132
internal_value=3.02648e-05 -0.00168193 0.00261474 -0.00984423 0.0122294 0.017995 -0.0218084
internal_weight=235.525 206.537 135.309 71.2275 28.9883 24.7893 4.19903
internal_count=1319 1096 585 511 223 87 136
is_linear=0
shrinkage=0.03


Tree=360
num_leaves=8
num_cat=0
split_feature=16 12 17 9 17 12 21
split_gain=4.64403 9.58672 9.06983 6.8659 4.0042 10.778 4.73508
threshold=15.728735632183909 36.95000000000001 22.750000000000004 3.6033564693001892 13.350000000000003 37.250000000000007 1.0700989071886469
decision_type=2 2 2 2 2 2 2
left_child=1 2 -1 -3 5 -2 -6
right_child=4 3 -4 -5 6 -7 -8
leaf_value=-0.018021553196941813 0.00012475482048287709 0.035967579225535493 0.032975755772621546 -0.015471073178426989 0.0030699789194511534 -0.022749547673690605 -0.014474028357758517
leaf_weight=13.104372705332937 54.840130249969661 12.833639595774001 4.127204328775405 2.8549188814940853 110.71549786499236 28.006853502942249 15.824582129484041
leaf_count=106 258 43 7 75 414 352 92
internal_value=-0.000834024 0.00964039 -0.00580698 0.0266071 -0.00248083 -0.00760802 0.000875998
internal_weight=242.307 32.9201 17.2316 15.6886 209.387 82.847 126.54
internal_count=1347 231 113 118 1116 610 506
is_linear=0
shrinkage=0.03


Tree=361
num_leaves=6
num_cat=0
split_feature=12 16 7 7 16
split_gain=8.10734 7.17297 7.14765 7.11265 5.49133
threshold=27.850000000000005 19.174442190669374 65.500000000000014 51.500000000000007 17.85696040868455
decision_type=2 2 2 2 2
left_child=1 4 3 -2 -1
right_child=2 -3 -4 -5 -6
leaf_value=-0.02440321400717544 0.0025332237566903508 -0.044135541469645885 0.032391717782210901 -0.040203553496592007 0.014943871800789569
leaf_weight=6.4059420414268988 205.59604871575721 6.1951178032904854 7.1096424758434287 3.565640576183795 6.3631353676319122
leaf_count=33 1201 29 11 17 17
internal_value=0.00116097 -0.017647 0.00281019 0.00180468 -0.00479562
internal_weight=235.236 18.9642 216.271 209.162 12.7691
internal_count=1308 79 1229 1218 50
is_linear=0
shrinkage=0.03


Tree=362
num_leaves=8
num_cat=0
split_feature=18 20 19 20 20 14 7
split_gain=9.32213 6.73806 7.15998 6.63537 5.25827 10.3134 4.06098
threshold=158.50000000000003 7.9500000000000011 13.15 11.250000000000002 11.65 0.037184772765884749 24.500000000000004
decision_type=2 2 2 2 2 2 2
left_child=4 2 -2 -3 6 -6 -1
right_child=1 3 -4 -5 5 -7 -8
leaf_value=0.018562804136584288 -0.036688499153525282 0.0020804840851472244 0.010022573751400731 -0.010825352423308196 -0.046347839643611048 0.017566371754437905 0.0019791791204387312
leaf_weight=35.376983693335205 10.659575026016681 100.34941240923945 4.0851919930428258 55.785365257353988 4.2525794389657658 4.8792527597397566 21.285897638648748
leaf_count=115 64 462 16 542 51 12 61
internal_value=-0.000666836 -0.00436132 -0.0237467 -0.00253064 0.00892834 -0.0121977 0.012333
internal_weight=236.674 170.88 14.7448 156.135 65.7947 9.13183 56.6629
internal_count=1323 1084 80 1004 239 63 176
is_linear=0
shrinkage=0.03


Tree=363
num_leaves=7
num_cat=0
split_feature=11 18 23 10 20 10
split_gain=4.40805 5.49227 6.96116 4.74652 5.51973 4.26873
threshold=9.3500000000000032 120.50000000000001 129.50000000000003 -0.046302286250469414 9.8500000000000032 -0.017684422151071324
decision_type=2 2 2 2 2 2
left_child=1 -1 -3 4 -2 -5
right_child=3 2 -4 5 -6 -7
leaf_value=-0.035175767990759388 0.011275041946244287 0.029106417754062835 -0.01242440694196858 0.017901503253069134 -0.02904666405237984 0.0021172495900923772
leaf_weight=6.2669886648654964 4.6961521897464982 4.6739187352359322 16.298993018455803 16.85764084616676 8.7459787307307106 180.85550811595749
leaf_count=25 15 12 69 49 43 1117
internal_value=0.000825062 -0.0105327 -0.00316905 0.00229026 -0.0149598 0.00346306
internal_weight=238.395 27.2399 20.9729 211.155 13.4421 197.713
internal_count=1330 106 81 1224 58 1166
is_linear=0
shrinkage=0.03


Tree=364
num_leaves=8
num_cat=0
split_feature=3 0 20 16 7 21 14
split_gain=5.66965 6.0315 6.40467 5.74382 8.14037 6.21726 4.72279
threshold=15.500000000000002 83.500000000000014 13.950000000000001 15.728735632183909 21.500000000000004 0.29146003888153144 1.4107439172480668e-23
decision_type=2 2 2 2 2 2 2
left_child=1 2 -1 5 -5 -2 -3
right_child=3 6 -4 4 -6 -7 -8
leaf_value=-0.00035474961989321349 -0.016857669565393096 0.038836475005249525 0.030208068143061515 -0.023669835145332607 -0.0020890179189999598 0.019761339055773694 0.010480825101291395
leaf_weight=70.362625526613556 5.5092981569469002 7.7169901877641705 6.7641858306014901 18.826886460883543 95.656955194659531 17.201196571812034 16.784249078482389
leaf_count=671 45 14 57 101 337 40 50
internal_value=0.00107432 0.00644493 0.00232567 -0.00290401 -0.00563799 0.010878 0.0194118
internal_weight=238.822 101.628 77.1268 137.194 114.484 22.7105 24.5012
internal_count=1315 792 728 523 438 85 64
is_linear=0
shrinkage=0.03


Tree=365
num_leaves=8
num_cat=0
split_feature=10 0 15 10 17 10 16
split_gain=5.44891 7.55431 10.9825 6.70698 16.0824 5.00269 4.59137
threshold=-2.3411858341653391e-16 62.500000000000007 36.361111111111121 -8.990038321089747e-17 29.688344825012724 -0.031834483568019926 14.455555555555557
decision_type=2 2 2 2 2 2 2
left_child=1 2 -1 4 -2 -3 -5
right_child=3 5 -4 6 -6 -7 -8
leaf_value=0.012376494801361363 -0.034501561247449193 0.0009643856262975647 -0.052854925536926854 -0.034380456483430397 0.033682611313646839 0.02140139026611489 0.0014372792169186027
leaf_weight=5.5662957262247783 13.461912360042335 16.425021067261692 3.986558124772273 3.2835865037050089 4.0499668791890135 31.364526185207072 168.94508250826038
leaf_count=26 137 50 46 68 6 65 935
internal_value=0.00140501 0.00950896 -0.0148456 -0.00104413 -0.0187326 0.0143773 0.000754404
internal_weight=247.083 57.3424 9.55285 189.741 17.5119 47.7895 172.229
internal_count=1333 187 72 1146 143 115 1003
is_linear=0
shrinkage=0.03


Tree=366
num_leaves=4
num_cat=0
split_feature=19 19 23
split_gain=5.29917 5.20146 5.8668
threshold=2.4500000000000006 3.7500000000000004 58.000000000000007
decision_type=2 2 2
left_child=-1 -2 -3
right_child=1 2 -4
leaf_value=0.023249095186362697 -0.033696913316624638 0.020897183828414531 -0.0013872905515800915
leaf_weight=8.4750566845759732 4.2727959649637333 11.185398801229892 215.1400555705186
leaf_count=21 30 29 1263
internal_value=-4.87761e-05 -0.000905031 -0.000285953
internal_weight=239.073 230.598 226.325
internal_count=1343 1322 1292
is_linear=0
shrinkage=0.03


Tree=367
num_leaves=5
num_cat=0
split_feature=3 17 0 22
split_gain=7.56506 6.86459 9.44315 7.66633
threshold=63.500000000000007 11.450000000000001 84.500000000000014 12.506471160744963
decision_type=2 2 2 2
left_child=1 2 -1 -3
right_child=-2 3 -4 -5
leaf_value=-0.0021236402114221311 0.031003388143041936 -0.011054445563001366 0.033427979439265836 0.0011693399099489455
leaf_weight=15.999339061789216 6.7503280639648429 71.237230876111425 11.599048309028147 131.25855345511809
leaf_count=197 12 517 22 580
internal_value=-0.00029962 -0.00121796 0.012818 -0.00313094
internal_weight=236.844 230.094 27.5984 202.496
internal_count=1328 1316 219 1097
is_linear=0
shrinkage=0.03


Tree=368
num_leaves=4
num_cat=0
split_feature=23 23 18
split_gain=5.11299 5.68697 11.4637
threshold=35.000000000000007 58.000000000000007 104.50000000000001
decision_type=2 2 2
left_child=-1 -2 -3
right_child=1 2 -4
leaf_value=-0.032843151470719853 0.022430782236056008 -0.038107869645872643 0.00095400751089727142
leaf_weight=4.1487724324688307 10.412814466748385 6.9749889234080902 221.19587695598602
leaf_count=21 30 43 1241
internal_value=0.000175211 0.000749373 -0.000240081
internal_weight=242.732 238.584 228.171
internal_count=1335 1314 1284
is_linear=0
shrinkage=0.03


Tree=369
num_leaves=5
num_cat=0
split_feature=20 20 9 17
split_gain=5.69038 5.60348 10.5994 3.65909
threshold=15.15 12.550000000000002 2.3471044195366573 13.65
decision_type=2 2 2 2
left_child=1 3 -3 -1
right_child=-2 2 -4 -5
leaf_value=-0.0030405726733848085 0.038321604520471758 0.002844917410889439 -0.040693226234128022 0.0048174756055060957
leaf_weight=97.423199567827396 3.5070127532817414 12.244697926100345 8.5440085518639517 117.84034811519086
leaf_count=596 14 68 220 446
internal_value=0.000388284 -0.000175289 -0.0150489 0.00126111
internal_weight=239.559 236.052 20.7887 215.264
internal_count=1344 1330 288 1042
is_linear=0
shrinkage=0.03


Tree=370
num_leaves=7
num_cat=0
split_feature=17 4 12 20 22 0
split_gain=5.38663 7.60191 4.48703 7.60559 6.9222 0.254671
threshold=11.050000000000002 6.3927453467211454e-31 38.850000000000001 10.550000000000002 10.750000000000002 81.500000000000014
decision_type=2 2 2 2 2 2
left_child=1 5 3 -2 -4 -1
right_child=2 -3 4 -5 -6 -7
leaf_value=-0.034421340518117481 0.0014949423079382521 0.018281443087286797 -0.034949302004736983 -0.013507124135434751 0.0092316163638891998 -0.046321114425368161
leaf_weight=3.0405102262739074 118.05382327619009 2.8118773996829987 3.3645605461206278 40.968676086049527 62.109706904680934 3.4611939266324043
leaf_count=95 452 12 33 271 438 24
internal_value=-0.000576027 -0.0229321 0.000351447 -0.00237001 0.00696127 -0.0407562
internal_weight=233.81 9.31358 224.497 159.022 65.4743 6.5017
internal_count=1325 131 1194 723 471 119
is_linear=0
shrinkage=0.03


Tree=371
num_leaves=7
num_cat=0
split_feature=20 20 21 24 22 15
split_gain=3.80818 5.0656 4.3909 5.44806 3.74597 3.5317
threshold=13.950000000000001 13.050000000000002 0.37105611154025714 0.65000000000000002 12.506471160744963 37.638888888888893
decision_type=2 2 2 2 2 2
left_child=1 5 3 -2 -3 -1
right_child=2 4 -4 -5 -6 -7
leaf_value=0.0010150115957431463 0.042804848282055455 -0.043334512454287995 0.03304194248794818 -0.034917842657359227 -7.1600700636463823e-05 0.024175345350635861
leaf_weight=220.08974945108639 1.2462370414286836 3.988676175242289 7.0099783032201231 2.3278213010635227 3.2845200253650546 6.089611505623906
leaf_count=1115 2 76 25 54 40 17
internal_value=0.00164408 0.000846123 0.0192446 -0.00781675 -0.0237973 0.00163858
internal_weight=244.037 233.453 10.584 3.57406 7.2732 226.179
internal_count=1329 1248 81 56 116 1132
is_linear=0
shrinkage=0.03


Tree=372
num_leaves=7
num_cat=0
split_feature=15 15 23 16 17 17
split_gain=3.98179 6.62259 6.45711 3.70113 10.2512 3.58056
threshold=37.083333333333336 37.638888888888893 253.50000000000003 22.064393939393941 26.750000000000004 19.978426429544374
decision_type=2 2 2 2 2 2
left_child=3 2 -2 5 -5 -1
right_child=1 -3 -4 4 -6 -7
leaf_value=0.0071988972495760865 -0.033188273046328619 0.015697758286463533 0.018124045042390329 -0.013567443289843977 0.035003969442716561 -0.0038635547640031636
leaf_weight=163.67285725881811 10.354767242097298 6.0377831929363301 2.8051020932616657 24.978706056484956 4.636619806289672 31.381112798117101
leaf_count=931 88 18 20 123 9 114
internal_value=0.00279819 -0.0103157 -0.0222508 0.00391876 -0.00596303 0.00541912
internal_weight=243.867 19.1977 13.1599 224.669 29.6153 195.054
internal_count=1303 126 108 1177 132 1045
is_linear=0
shrinkage=0.03


Tree=373
num_leaves=7
num_cat=0
split_feature=14 6 6 19 14 14
split_gain=6.4858 10.6795 8.39653 7.89558 7.38207 5.25544
threshold=3.9140662874604723e-25 0.99999999929803052 0.99999999999963629 4.3500000000000005 4.7261583672093421e-26 4.2315990594125236e-29
decision_type=2 2 2 2 2 2
left_child=4 3 -3 -2 5 -1
right_child=1 2 -4 -5 -6 -7
leaf_value=0.0098247222293280888 0.0246400544694289 -0.040620056683974753 -0.0094515246361539344 -0.0012540878974955688 0.035076628603791363 -0.016232385364587452
leaf_weight=27.641561250202358 11.68617285043001 9.2090660658432153 50.083244342938997 113.81300967768766 7.9791193617274976 9.31343416625168
leaf_count=130 26 110 384 553 34 102
internal_value=-0.00131438 -0.00380006 -0.0142925 0.00115711 0.00890798 0.00325778
internal_weight=229.726 184.791 59.2923 125.499 44.9341 36.955
internal_count=1339 1073 494 579 266 232
is_linear=0
shrinkage=0.03


Tree=374
num_leaves=4
num_cat=0
split_feature=19 18 0
split_gain=3.376 5.65859 4.46595
threshold=2.7500000000000004 87.500000000000014 37.500000000000007
decision_type=2 2 2
left_child=-1 -2 -3
right_child=1 2 -4
leaf_value=0.017776330837573136 -0.032616447214314559 -0.017572991583053352 0.0023373515883692696
leaf_weight=10.953435434028505 4.4906890960410228 10.643214287178123 214.0561149707064
leaf_count=27 25 259 1024
internal_value=0.00150549 0.000727872 0.00139427
internal_weight=240.143 229.19 224.699
internal_count=1335 1308 1283
is_linear=0
shrinkage=0.03


Tree=375
num_leaves=8
num_cat=0
split_feature=17 22 24 24 16 10 12
split_gain=4.76275 7.90114 10.1857 4.83023 9.3886 5.82681 4.24293
threshold=11.750000000000002 12.750000000000002 2.5500000000000003 1.0464280754261035 18.204166666666669 -4.0447500017867857e-17 44.050000000000004
decision_type=2 2 2 2 2 2 2
left_child=3 2 -2 5 -5 -1 -3
right_child=1 6 -4 4 -6 -7 -8
leaf_value=-0.012331189931023561 -0.010940057552140538 0.0027483983584426696 0.034450701501103687 -0.038813596053433153 0.015459059209907623 0.02479067443716616 0.024765711846519101
leaf_weight=4.6076964905951199 70.411465989658609 116.59464290179312 4.7495026700198641 4.5216728819068503 7.84707464533858 21.858879451756366 8.4481145259924215
leaf_count=64 501 473 10 44 37 146 41
internal_value=0.0014804 -0.000384657 -0.00807177 0.0110952 -0.00438153 0.0183279 0.00423593
internal_weight=239.039 200.204 75.161 38.8353 12.3687 26.4666 125.043
internal_count=1316 1025 511 291 81 210 514
is_linear=0
shrinkage=0.03


Tree=376
num_leaves=7
num_cat=0
split_feature=17 15 7 19 18 15
split_gain=5.2856 5.11375 7.56704 3.97853 0.818277 0.25693
threshold=10.550000000000002 37.305555555555564 22.376749522599592 13.15 182.50000000000003 36.638888888888893
decision_type=2 2 2 2 2 2
left_child=4 3 -3 -2 -1 -6
right_child=1 2 -4 -5 5 -7
leaf_value=-0.064383128543233276 0.0012270193501709879 -0.04912238945708193 0.015032699386674619 0.011229613015238732 -0.017053049241391109 -0.03869043073077541
leaf_weight=0.81447965581901316 185.700976718741 4.0826738529140121 2.7822621744126081 44.33181160944514 0.91934893035795529 1.0673090519849209
leaf_count=14 1003 46 11 201 22 24
internal_value=0.00190886 0.00239328 -0.0231212 0.00315471 -0.0390595 -0.0286775
internal_weight=239.699 236.898 6.86494 230.033 2.80114 1.98666
internal_count=1321 1261 57 1204 60 46
is_linear=0
shrinkage=0.03


Tree=377
num_leaves=7
num_cat=0
split_feature=19 10 13 22 17 6
split_gain=5.42149 9.40596 9.25404 6.12537 7.99525 3.99771
threshold=10.350000000000003 -0.092429700563408518 0.93619838954138046 10.65 11.450000000000001 8.3925839929185158e-23
decision_type=2 2 2 2 2 2
left_child=1 -1 -3 5 -5 -2
right_child=3 2 -4 4 -6 -7
leaf_value=0.034935765561178625 0.0088727864685631801 -0.01295952481135039 0.0029732787674830209 0.031683312139758411 0.0040510955293697739 -0.049500397951759728
leaf_weight=5.443167306482791 1.65554804727435 68.325709703785833 63.115785743342713 10.642601461615412 82.316969057777897 2.9152874180581421
leaf_count=13 5 578 249 38 401 45
internal_value=0.000142489 -0.00370857 -0.00530889 0.00554748 0.00721461 -0.0283577
internal_weight=234.415 136.885 131.441 97.5304 92.9596 4.57084
internal_count=1329 840 827 489 439 50
is_linear=0
shrinkage=0.03


Tree=378
num_leaves=5
num_cat=0
split_feature=12 15 16 13
split_gain=7.49676 4.32119 6.81503 5.1928
threshold=25.250000000000004 35.394444444444453 16.852396514161224 0.55000000000000016
decision_type=2 2 2 2
left_child=-1 2 -2 -3
right_child=1 3 -4 -5
leaf_value=0.023182839624223239 -0.023163460592176426 0.0096518589294258966 0.018235148605376804 -0.0045270358608763455
leaf_weight=12.067647106945513 4.3595678668934879 26.947352121584117 19.98320200573653 169.2729794177576
leaf_count=25 32 172 69 1038
internal_value=0.000158893 -0.00110081 0.010821 -0.00257982
internal_weight=232.631 220.563 24.3428 196.22
internal_count=1336 1311 101 1210
is_linear=0
shrinkage=0.03


Tree=379
num_leaves=7
num_cat=0
split_feature=11 7 11 23 7 18
split_gain=4.34085 11.898 5.34023 5.23855 4.88584 4.6465
threshold=11.333487071839354 49.500000000000007 11.940915877548681 285.50000000000006 45.500000000000007 423.50000000000006
decision_type=2 2 2 2 2 2
left_child=3 2 -2 4 -1 -5
right_child=1 -3 -4 5 -6 -7
leaf_value=0.0038673270231245269 -0.015868515579195597 -0.061254001845115397 0.0011728713726764323 -0.038253960413853122 0.020431591868518121 0.0054741396952356601
leaf_weight=77.092676897533238 19.568634281633422 3.0670486465096465 107.27850652835332 4.4824143107980472 20.232517212629318 4.2706690337508917
leaf_count=278 116 17 832 33 40 16
internal_value=0.000808767 -0.00286782 -0.00145609 0.00531149 0.0073108 -0.0169188
internal_weight=235.992 129.914 126.847 106.078 97.3252 8.75308
internal_count=1332 965 948 367 318 49
is_linear=0
shrinkage=0.03


Tree=380
num_leaves=4
num_cat=0
split_feature=23 23 18
split_gain=6.11173 8.23992 8.099
threshold=35.000000000000007 58.000000000000007 104.50000000000001
decision_type=2 2 2
left_child=-1 -2 -3
right_child=1 2 -4
leaf_value=-0.033974122263358601 0.027036624478950087 -0.036200027131554305 0.0013518475678904343
leaf_weight=4.4006676804274312 11.013976925052701 5.2970939993392667 213.83841608755756
leaf_count=22 28 30 1250
internal_value=0.00104708 0.00171672 0.000444118
internal_weight=234.55 230.149 219.136
internal_count=1330 1308 1280
is_linear=0
shrinkage=0.03


Tree=381
num_leaves=7
num_cat=0
split_feature=20 23 23 13 23 23
split_gain=4.53162 3.91437 12.0527 4.84425 3.27124 1.20785
threshold=13.950000000000001 231.50000000000003 245.50000000000003 3.3500000000000001 196.50000000000003 214.50000000000003
decision_type=2 2 2 2 2 2
left_child=1 3 -3 -1 -2 -6
right_child=4 2 -4 -5 5 -7
leaf_value=0.0032545406329032994 -0.013494516366821033 -0.046579641960233745 -0.00067160984542018827 -0.028457030002949 0.041135302502648033 0.018173614830616611
leaf_weight=191.3983350462513 1.9719996229978267 6.1069653311278662 32.740413827646989 4.4359209267422548 4.0744304400868696 4.1740167529787868
leaf_count=963 33 60 222 21 12 40
internal_value=0.00166222 0.000810594 -0.00788854 0.00253623 0.0212171 0.0295158
internal_weight=244.902 234.682 38.8474 195.834 10.2204 8.24845
internal_count=1351 1266 282 984 85 52
is_linear=0
shrinkage=0.03


Tree=382
num_leaves=8
num_cat=0
split_feature=18 19 18 21 22 18 22
split_gain=5.8212 10.6582 9.20983 8.68026 4.74708 8.13047 5.74549
threshold=158.50000000000003 10.350000000000003 175.50000000000003 0.20631927964450317 13.843110225581352 133.50000000000003 13.265878525846398
decision_type=2 2 2 2 2 2 2
left_child=4 3 -3 -2 6 -6 -1
right_child=1 2 -4 -5 5 -7 -8
leaf_value=0.0058910596567918142 -0.022918152828741455 -0.040536217816040963 0.0070576532169472767 -0.0028401789911625596 0.0026197399001713956 0.035496590362846504 -0.028378022906427856
leaf_weight=31.741911482531577 30.198858953779563 3.828554719220846 82.747439448488876 54.089335478609428 14.812169100157918 12.468496859073637 5.1123282629996529
leaf_count=140 335 24 424 299 52 23 26
internal_value=0.00045273 -0.00244005 0.00495296 -0.0100337 0.0081595 0.0176459 0.00113734
internal_weight=234.999 170.864 86.576 84.2882 64.1349 27.2807 36.8542
internal_count=1323 1082 448 634 241 75 166
is_linear=0
shrinkage=0.03


Tree=383
num_leaves=8
num_cat=0
split_feature=10 4 0 12 21 18 10
split_gain=6.17698 9.47385 7.26813 4.85833 6.59786 5.94094 2.06812
threshold=0.053760659861331307 6.2308480693022697e-25 87.500000000000014 39.650000000000013 0.37105611154025714 156.50000000000003 0.13657242882375212
decision_type=2 2 2 2 2 2 2
left_child=3 2 -2 5 -5 -1 -3
right_child=1 6 -4 4 -6 -7 -8
leaf_value=0.0082136594037226368 -0.03127879379755865 -0.0021713170061060669 -0.00039869325976082444 -0.00085701288810693607 0.023092244636131961 -0.0045952138476845067 0.021141196828327467
leaf_weight=49.014234886271879 18.622578931739557 6.4303847094997746 10.860140904784201 20.336249101907015 21.088987319963053 97.251599077135324 7.327450729906559
leaf_count=173 198 24 29 256 100 546 18
internal_value=-8.9269e-05 -0.0103115 -0.0199039 0.00226573 0.0113352 -0.000302912 0.010245
internal_weight=230.932 43.2406 29.4827 187.691 41.4252 146.266 13.7578
internal_count=1344 269 227 1075 356 719 42
is_linear=0
shrinkage=0.03


Tree=384
num_leaves=5
num_cat=0
split_feature=13 17 5 14
split_gain=4.5958 4.08886 4.29236 0.879877
threshold=0.35000000000000003 10.550000000000002 13.500000000000002 0.99527657752519316
decision_type=2 2 2 2
left_child=-1 3 -3 -2
right_child=1 2 -4 -5
leaf_value=0.031202861736131765 -0.025770101941578857 0.0026459476699104258 -0.0064361127278174373 -0.062965872434677744
leaf_weight=4.1916910521686068 1.7777115842327469 157.01737835188396 66.742831925861537 0.84416714962571848
leaf_count=10 58 693 566 9
internal_value=7.6863e-05 -0.000499466 -6.30345e-05 -0.037746
internal_weight=230.574 226.382 223.76 2.62188
internal_count=1336 1326 1259 67
is_linear=0
shrinkage=0.03


Tree=385
num_leaves=8
num_cat=0
split_feature=0 22 4 8 22 14 2
split_gain=5.86895 5.97436 3.88319 4.4773 3.12328 2.75833 2.52066
threshold=37.500000000000007 13.423376760875996 0.14399220528502138 1.5000000000000002 12.59946560930455 6.3296804111696325e-11 1.5000000000000002
decision_type=2 2 2 2 2 2 2
left_child=1 4 3 -2 -1 -4 -3
right_child=2 6 5 -5 -6 -7 -8
leaf_value=-0.026472148158666931 -0.027538077527193259 0.032224895572112222 0.0069921753915448007 0.0015300803859658433 -0.073414309609131007 0.036472812237967535 -0.01293035729793738
leaf_weight=4.398370774346402 4.8812828257214269 1.8375259935855863 7.4040000401437265 207.25682735804003 1.796734658302739 4.6504648104310036 2.8202194042969495
leaf_count=151 24 6 39 988 56 10 47
internal_value=0.000759391 -0.0207865 0.0018024 0.000861224 -0.0400865 0.0183654 0.00488383
internal_weight=235.045 10.8529 224.193 212.138 6.19511 12.0545 4.65775
internal_count=1321 260 1061 1012 207 49 53
is_linear=0
shrinkage=0.03


Tree=386
num_leaves=7
num_cat=0
split_feature=0 10 10 10 0 18
split_gain=7.4831 4.95599 4.80941 8.49047 6.94394 4.77808
threshold=48.500000000000007 -0.025629761159788315 -2.3411858341653391e-16 -1.4109437013654834e-16 74.500000000000014 202.50000000000003
decision_type=2 2 2 2 2 2
left_child=1 -1 4 -4 -2 -3
right_child=2 5 3 -5 -6 -7
leaf_value=0.015293722261498629 -0.0049600289218203926 -0.0053386461458595803 -0.032363780671706865 0.0018091009170528147 0.019135245433020816 -0.041090009967972324
leaf_weight=3.279582578456032 16.101038567721844 5.8921808844897878 6.8088909308426073 167.89042904844973 32.475921712815762 7.8424575895187445
leaf_count=19 74 91 64 765 69 268
internal_value=0.00133753 -0.0178407 0.00279896 0.000477216 0.0111488 -0.0257526
internal_weight=240.291 17.0142 223.276 174.699 48.577 13.7346
internal_count=1350 378 972 829 143 359
is_linear=0
shrinkage=0.03


Tree=387
num_leaves=7
num_cat=0
split_feature=17 17 10 12 12 1
split_gain=5.03739 4.02875 6.35084 5.22377 1.06213 0.460693
threshold=10.65 11.750000000000002 0.0098748212224183049 25.250000000000004 33.45000000000001 5.3483935357417165
decision_type=2 2 2 2 2 2
left_child=4 2 -2 -3 -1 -6
right_child=1 3 -4 -5 5 -7
leaf_value=-0.0093273261732033756 0.017040203129995275 0.01683181247238897 -0.013493842427247342 -0.002951275618306058 -0.065987745414773272 -0.038268922740614039
leaf_weight=0.89766498561948482 25.251965190749615 12.856460705399511 8.0962197986664233 183.02220718609169 0.81004186253994759 1.6165978919016193
leaf_count=11 143 27 76 1008 8 57
internal_value=-0.000543506 -1.17872e-05 0.0096272 -0.00165282 -0.0372081 -0.0475218
internal_weight=232.551 229.227 33.3482 195.879 3.3243 2.42664
internal_count=1330 1254 219 1035 76 65
is_linear=0
shrinkage=0.03


Tree=388
num_leaves=7
num_cat=0
split_feature=24 13 5 16 16 6
split_gain=7.31205 17.1394 6.39537 5.44618 7.45345 4.8597
threshold=1.6263049982650313 1.8500000000000003 4.5000000000000009 25.150268336314848 24.043560606060613 0.99999993280445099
decision_type=2 2 2 2 2 2
left_child=3 2 -2 4 -1 -3
right_child=1 5 -4 -5 -6 -7
leaf_value=0.0010919367322383667 -0.0085830527211353466 0.017298527200166842 -0.058137393713734324 0.021723035176947465 -0.042463883658999932 -0.0144601659082413
leaf_weight=184.77669028064702 3.3218161761760729 10.164299920201303 7.9621865712106228 11.275484895333646 3.6049461062066248 7.5629326542839399
leaf_count=1135 15 26 50 29 24 35
internal_value=-0.000574298 -0.0146476 -0.0435494 0.00147063 0.000258435 0.00374938
internal_weight=228.668 29.0112 11.284 199.657 188.382 17.7272
internal_count=1314 126 65 1188 1159 61
is_linear=0
shrinkage=0.03


Tree=389
num_leaves=5
num_cat=0
split_feature=19 10 10 10
split_gain=4.49024 4.54818 6.82485 3.7562
threshold=2.7500000000000004 -0.033894557880960414 -0.058624061897224973 -0.010976170918296927
decision_type=2 2 2 2
left_child=-1 2 -2 -3
right_child=1 3 -4 -5
leaf_value=0.019927938769782948 -0.0021425947397621706 0.013879035124280502 -0.043976440517841039 0.00042405557700733325
leaf_weight=11.299444892443715 11.979527706280352 20.738316891249269 4.9642043388448647 187.5495003243559
leaf_count=29 48 65 30 1173
internal_value=0.00147363 0.000547809 -0.0143991 0.00176371
internal_weight=236.531 225.232 16.9437 208.288
internal_count=1345 1316 78 1238
is_linear=0
shrinkage=0.03


Tree=390
num_leaves=7
num_cat=0
split_feature=14 21 15 15 15 7
split_gain=4.18975 11.8292 17.0693 6.10293 5.18628 4.92075
threshold=0.99999999083309621 0.49169607701043111 36.027777777777786 37.250000000000007 36.638888888888893 20.500000000000004
decision_type=2 2 2 2 2 2
left_child=3 -2 -3 4 -1 -5
right_child=1 2 -4 5 -6 -7
leaf_value=-0.00070118462229041309 0.020958892527745934 0.0083115232535263539 -0.04226154599475513 -0.052303739276857879 0.0094492906135770216 0.0064254955748380008
leaf_weight=132.30389104527421 8.4660266339778882 10.656775995157661 13.764570579864083 3.3099080275860606 68.892735940753482 2.0977872842922807
leaf_count=722 25 35 78 43 431 10
internal_value=0.000346055 -0.00959941 -0.0201929 0.00192918 0.00277449 -0.0295211
internal_weight=239.492 32.8874 24.4213 206.604 201.197 5.4077
internal_count=1344 138 113 1206 1153 53
is_linear=0
shrinkage=0.03


Tree=391
num_leaves=7
num_cat=0
split_feature=10 17 17 10 18 24
split_gain=4.32777 6.90137 8.57825 6.52361 5.899 0.727193
threshold=-5.1120513358430061e-17 27.350000000000005 20.750000000000004 -3.2025431981938042e-17 208.50000000000003 0.75000000000000011
decision_type=2 2 2 2 2 2
left_child=1 2 -1 5 -5 -2
right_child=3 -3 -4 4 -6 -7
leaf_value=-0.0045631026712877922 0.037415818389803929 0.021701764801313021 -0.045270736023651476 0.0078478438297281128 -0.0041793259378731231 0.020502752577818011
leaf_weight=64.112605290603824 4.4867215093690884 8.1283418089151365 5.024058553390204 85.849306062562391 64.111219584010541 4.6687204762129113
leaf_count=377 14 17 30 362 496 26
internal_value=0.00137824 -0.00444698 -0.00752127 0.00420691 0.00270598 0.0287912
internal_weight=236.381 77.265 69.1367 159.116 149.961 9.15544
internal_count=1322 424 407 898 858 40
is_linear=0
shrinkage=0.03


Tree=392
num_leaves=6
num_cat=0
split_feature=3 0 2 23 3
split_gain=3.91068 7.65672 3.93718 3.89679 4.98447
threshold=6.5000000000000009 58.500000000000007 2.5000000000000004 58.000000000000007 61.500000000000007
decision_type=2 2 2 2 2
left_child=1 2 -1 -2 -5
right_child=3 -3 -4 4 -6
leaf_value=0.031610892600282582 0.014859517899631986 0.033757493338680285 -0.03753470644731239 -0.001921293302508794 0.023906929174532642
leaf_weight=1.0270115435123437 14.753009061329065 8.1939483867026848 2.6625624179141596 206.87580488761887 6.9506307020783415
leaf_count=4 38 25 70 1194 14
internal_value=0.000819482 0.0175986 -0.0182877 -5.28405e-05 -0.00108172
internal_weight=240.463 11.8835 3.68957 228.579 213.826
internal_count=1345 99 74 1246 1208
is_linear=0
shrinkage=0.03


Tree=393
num_leaves=8
num_cat=0
split_feature=14 3 19 6 3 14 12
split_gain=3.65363 7.19796 6.09769 6.45123 5.57883 4.60086 2.61942
threshold=1.1825474821923402e-22 10.500000000000002 4.3500000000000005 0.25663270582475639 7.5000000000000009 7.6939561636187029e-24 32.250000000000007
decision_type=2 2 2 2 2 2 2
left_child=1 4 6 -4 -1 -3 -2
right_child=2 5 3 -5 -6 -7 -8
leaf_value=0.0062526444575055923 0.0044016511684986928 0.0057941351396046028 0.0027368865683675835 -0.0093505318916330994 -0.045330144523679436 0.027390614072896183 0.028842580271771411
leaf_weight=3.566947831073775 8.552159942686556 43.951724143058527 73.370706460205838 86.694832435052376 4.0066568392794579 11.125237676315008 7.3281787289306513
leaf_count=43 26 246 288 642 52 29 20
internal_value=0.000164468 0.00638573 -0.00205079 -0.00380991 -0.0210361 0.0101565 0.0156802
internal_weight=238.596 62.6506 175.946 160.066 7.5736 55.077 15.8803
internal_count=1346 370 976 930 95 275 46
is_linear=0
shrinkage=0.03


Tree=394
num_leaves=4
num_cat=0
split_feature=24 13 24
split_gain=5.94663 5.54434 5.78304
threshold=3.5500000000000003 1.8500000000000003 1.6263049982650313
decision_type=2 2 2
left_child=1 2 -1
right_child=-2 -3 -4
leaf_value=0.0020394652158153021 -0.033206312158670162 0.021963156841790708 -0.016319377454189158
leaf_weight=193.76197496696841 4.4851409038528791 11.505529548972843 16.779417369514704
leaf_count=1185 26 28 68
internal_value=0.000993696 0.0016845 0.000576329
internal_weight=226.532 222.047 210.541
internal_count=1307 1281 1253
is_linear=0
shrinkage=0.03


Tree=395
num_leaves=5
num_cat=0
split_feature=19 3 0 19
split_gain=6.41635 4.73156 6.86685 5.96805
threshold=2.7500000000000004 6.5000000000000009 58.500000000000007 7.7500000000000009
decision_type=2 2 2 2
left_child=-1 2 -2 -3
right_child=1 3 -4 -5
leaf_value=0.024146770050251131 -0.021562095553677951 -0.0097800247759932003 0.032726731876450428 0.0015532542897535003
leaf_weight=9.9332780186086875 2.8252109975437625 57.1011068506632 8.1342665595002455 156.24229965347331
leaf_count=23 69 388 25 835
internal_value=0.000552352 -0.000492529 0.0187318 -0.00148008
internal_weight=234.236 224.303 10.9595 213.343
internal_count=1340 1317 94 1223
is_linear=0
shrinkage=0.03


Tree=396
num_leaves=8
num_cat=0
split_feature=14 15 14 0 12 14 13
split_gain=6.99646 9.96718 7.5312 6.58482 6.52663 3.56637 0.304083
threshold=3.9140662874604723e-25 36.69444444444445 7.6939561636187029e-24 71.500000000000014 38.850000000000001 1.0513829913859381e-31 0.75000000000000011
decision_type=2 2 2 2 2 2 2
left_child=1 3 6 -1 -4 -3 -2
right_child=2 5 4 -5 -6 -7 -8
leaf_value=-0.0011159254386236071 -0.052807100009516009 0.0041047629268556179 -0.0053850398721579486 0.024588287565426491 0.007215505118166223 -0.043471088580779985 -0.035714937134928244
leaf_weight=13.508999501587821 1.9458854121621691 2.2843471132218829 124.0987593352329 26.693877526558936 52.709331571939401 3.7393605394754559 1.8064428759971631
leaf_count=115 19 9 600 73 407 64 24
internal_value=0.000144975 0.010559 -0.00252118 0.0159511 -0.00162862 -0.0254291 -0.0445786
internal_weight=226.787 46.2266 180.56 40.2029 176.808 6.02371 3.75233
internal_count=1311 261 1050 188 1007 73 43
is_linear=0
shrinkage=0.03


Tree=397
num_leaves=7
num_cat=0
split_feature=14 6 14 19 3 13
split_gain=4.00611 8.86279 6.48823 5.6276 5.41075 0.21961
threshold=6.6211535279572973e-17 0.99999999999999822 2.4586471907475776e-17 12.550000000000002 10.500000000000002 0.93619838954138046
decision_type=2 2 2 2 2 2
left_child=2 3 4 -2 -1 -3
right_child=1 5 -4 -5 -6 -7
leaf_value=-0.020182208763559702 -0.0035781814886704779 -0.037970100158229138 0.039302870503749414 0.009724472669028936 0.0069145317424488114 -0.051645424929188222
leaf_weight=7.3129685760941348 119.06806546472944 2.7623005933128288 5.1025476889917618 37.678286886774004 71.259713664534502 1.711804133839905
leaf_count=144 612 39 20 167 367 12
internal_value=0.00119538 -0.00156889 0.00652141 -0.000380524 0.00439257 -0.0432023
internal_weight=244.896 161.22 83.6752 156.746 78.5727 4.4741
internal_count=1361 830 531 779 511 51
is_linear=0
shrinkage=0.03


Tree=398
num_leaves=7
num_cat=0
split_feature=20 20 14 23 16 16
split_gain=3.26411 3.12832 14.5856 2.90397 1.47559 2.39279
threshold=14.250000000000002 12.750000000000002 0.88260051715473675 229.50000000000003 17.321290322580648 21.691341991341996
decision_type=2 2 2 2 2 2
left_child=1 3 -3 -1 -2 -6
right_child=4 2 -4 -5 5 -7
leaf_value=0.0041873623780417524 0.041250706780040475 -0.041890302244825574 0.018109446269748725 -0.0049496697311978309 -0.0066778500456735352 0.033429924670344412
leaf_weight=178.1543302864884 2.3631322351284316 7.2643942305585352 7.321593712666072 37.979632119880989 2.7574427184881642 2.6019501904956996
leaf_count=834 16 166 28 242 34 9
internal_value=0.00231646 0.00167429 -0.0117728 0.00258178 0.021502 0.0127942
internal_weight=238.442 230.72 14.586 216.134 7.72253 5.35939
internal_count=1329 1270 194 1076 59 43
is_linear=0
shrinkage=0.03


Tree=399
num_leaves=4
num_cat=0
split_feature=12 12 18
split_gain=5.56536 8.04667 4.08593
threshold=25.250000000000004 26.800000000000001 99.500000000000014
decision_type=2 2 2
left_child=-1 -2 -3
right_child=1 2 -4
leaf_value=0.018310439380103478 -0.044635934471549385 -0.02407694656931959 -0.001124689422453747
leaf_weight=11.959777072072027 4.0436215437948695 7.2283776379190376 203.5001360643073
leaf_count=26 26 47 1244
internal_value=-0.00160725 -0.00271638 -0.00191199
internal_weight=226.732 214.772 210.729
internal_count=1343 1317 1291
is_linear=0
shrinkage=0.03


end of trees

feature_importances:
admission_age=248
wbc_min=150
rr_mean=137
pt_min=123
bun_min=121
motor_slope=120
platelet_min=110
hemoglobin_min=109
pt_max=107
prob_m1=105
temp_min=102
gcs_total_first=89
prob_m2=87
creatinine_min=87
platelet_max=81
bun_max=77
hematocrit_max=75
gcs_eye_first=63
hemoglobin_max=61
motor_last=53
motor_sd=53
creatinine_max=51
motor_max=46
prob_m3=43
gcs_motor_first=5

parameters:
[boosting: gbdt]
[objective: binary]
[metric: binary_logloss]
[tree_learner: serial]
[device_type: cpu]
[data_sample_strategy: bagging]
[data: ]
[valid: ]
[num_iterations: 400]
[learning_rate: 0.03]
[num_leaves: 15]
[num_threads: 4]
[seed: 42]
[deterministic: 0]
[force_col_wise: 0]
[force_row_wise: 0]
[histogram_pool_size: -1]
[max_depth: 3]
[min_data_in_leaf: 20]
[min_sum_hessian_in_leaf: 0.001]
[bagging_fraction: 0.8]
[pos_bagging_fraction: 1]
[neg_bagging_fraction: 1]
[bagging_freq: 1]
[bagging_seed: 400]
[bagging_by_query: 0]
[feature_fraction: 0.8]
[feature_fraction_bynode: 1]
[feature_fraction_seed: 30056]
[extra_trees: 0]
[extra_seed: 12879]
[early_stopping_round: 0]
[early_stopping_min_delta: 0]
[first_metric_only: 0]
[max_delta_step: 0]
[lambda_l1: 0]
[lambda_l2: 0]
[linear_lambda: 0]
[min_gain_to_split: 0]
[drop_rate: 0.1]
[max_drop: 50]
[skip_drop: 0.5]
[xgboost_dart_mode: 0]
[uniform_drop: 0]
[drop_seed: 17869]
[top_rate: 0.2]
[other_rate: 0.1]
[min_data_per_group: 100]
[max_cat_threshold: 32]
[cat_l2: 10]
[cat_smooth: 10]
[max_cat_to_onehot: 4]
[top_k: 20]
[monotone_constraints: ]
[monotone_constraints_method: basic]
[monotone_penalty: 0]
[feature_contri: ]
[forcedsplits_filename: ]
[refit_decay_rate: 0.9]
[cegb_tradeoff: 1]
[cegb_penalty_split: 0]
[cegb_penalty_feature_lazy: ]
[cegb_penalty_feature_coupled: ]
[path_smooth: 0]
[interaction_constraints: ]
[verbosity: -1]
[saved_feature_importance_type: 0]
[use_quantized_grad: 0]
[num_grad_quant_bins: 4]
[quant_train_renew_leaf: 0]
[stochastic_rounding: 1]
[linear_tree: 0]
[max_bin: 255]
[max_bin_by_feature: ]
[min_data_in_bin: 3]
[bin_construct_sample_cnt: 200000]
[data_random_seed: 175]
[is_enable_sparse: 1]
[enable_bundle: 1]
[use_missing: 1]
[zero_as_missing: 0]
[feature_pre_filter: 1]
[pre_partition: 0]
[two_round: 0]
[header: 0]
[label_column: ]
[weight_column: ]
[group_column: ]
[ignore_column: ]
[categorical_feature: ]
[forcedbins_filename: ]
[precise_float_parser: 0]
[parser_config_file: ]
[objective_seed: 16083]
[num_class: 1]
[is_unbalance: 0]
[scale_pos_weight: 5.69758]
[sigmoid: 1]
[boost_from_average: 1]
[reg_sqrt: 0]
[alpha: 0.9]
[fair_c: 1]
[poisson_max_delta_step: 0.7]
[tweedie_variance_power: 1.5]
[lambdarank_truncation_level: 30]
[lambdarank_norm: 1]
[label_gain: ]
[lambdarank_position_bias_regularization: 0]
[eval_at: ]
[multi_error_top_k: 1]
[auc_mu_weights: ]
[num_machines: 1]
[local_listen_port: 12400]
[time_out: 120]
[machine_list_filename: ]
[machines: ]
[gpu_platform_id: -1]
[gpu_device_id: -1]
[gpu_device_id_list: ]
[gpu_use_dp: 0]
[num_gpu: 1]

end of parameters

pandas_categorical:[]
