tree
version=v4
num_class=1
num_tree_per_iteration=1
label_index=0
max_feature_idx=24
objective=binary sigmoid:1
feature_names=admission_age motor_max motor_last bun_min prob_m3 gcs_total_first prob_m2 bun_max gcs_motor_first gcs_eye_first motor_slope hemoglobin_max hematocrit_max creatinine_min prob_m1 temp_min rr_mean pt_max platelet_max wbc_min hemoglobin_min motor_sd pt_min platelet_min creatinine_max
feature_infos=[19:97] [1:6.2240409778719732] [1:6] [2:143] [0:1] [3:15] [0:1] [-5.6512113826988362:154] [1:6] [1:4] [-0.28591935426937609:0.39346855108823675] [6.2000000000000002:17.300000000000001] [21.5:53.399999999999999] [0.10000000000000001:11.9] [0:1] [26.666666666666664:39.166666666666664] [10.4:32.529411764705884] [-1.9782489328256618:150] [14:1775] [0.10000000000000001:155.5] [1.8999999999999999:16.899999999999999] [0:2.8867513459481291] [8.3000000000000007:32.100000000000001] [5:1297] [0.29999999999999999:12.9]
tree_sizes=939 960 968 969 971 970 968 970 971 974 957 980 971 972 974 971 974 974 976 974 962 958 977 972 978 970 973 978 979 871 974 974 976 975 875 981 977 953 979 972 879 958 977 974 989 980 974 982 978 974 977 974 972 858 972 961 981 980 879 987 884 871 868 985 878 980 982 968 977 972 881 871 979 982 979 873 969 880 976 871 864 974 861 991 874 773 977 881 784 980 884 985 989 672 670 677 977 673 985 867 874 675 875 978 981 882 880 967 987 885 986 964 989 656 882 886 677 675 776 675 987 679 678 982 979 676 774 881 878 677 876 565 862 673 984 885 682 978 575 784 666 876 994 869 870 678 668 984 881 663 877 659 979 890 883 872 991 783 792 1001 780 987 767 891 669 768 885 775 891 688 979 880 883 662 885 574 986 873 776 992 976 882 765 671 991 878 891 997 886 987 988 888 975 876 882 883 578 789 556 779 888 981 995 774 981 572 886 681 584 888 578 892 880 573 871 779 885 574 675 658 897 885 876 674 881 982 996 777 779 679 986 565 878 893 983 984 773 972 781 885 679 986 685 978 784 977 990 881 885 692 677 973 558 679 573 784 884 577 661 987 790 990 675 779 999 574 677 988 576 678 576 870 883 982 780 777 989 888 985 870 891 881 983 675 981 669 874 997 575 575 983 676 779 576 995 781 984 889 871 674 884 570 888 576 782 994 674 888 986 885 573 682 989 571 675 888 680 576 886 875 675 784 987 996 871 681 988 993 886 989 571 678 577 786 680 991 887 997 983 668 986 988 784 574 892 886 664 889 873 669 1001 985 987 986 572 882 569 983 888 883 893 779 988 887 982 1003 579 676 579 666 990 876 682 897 870 993 866 885 688 880 576 875 985 999 680 979 894 578 885 779 681 884 883 787 573 678 991 884 882 577

Tree=0
num_leaves=8
num_cat=0
split_feature=9 0 0 2 3 5 0
split_gain=906.267 413.773 158.693 282 131.187 98.3439 41.203
threshold=2.3707490828855233 75.500000000000014 48.500000000000007 4.5000000000000009 63.500000000000007 13.500000000000002 74.500000000000014
decision_type=2 2 2 2 2 2 2
left_child=2 4 3 -1 -2 -3 -4
right_child=1 5 6 -5 -6 -7 -8
leaf_value=-1.5829937664570934 -1.755340029917704 -1.6161464543785617 -1.6024075605008465 -1.7753070303146306 -1.5581694636205072 -1.6855773883822069 -1.5608500046203881
leaf_weight=17.775935888290409 85.604952692985535 35.439709722995758 34.60079687833786 11.177309036254881 3.1487395763397208 38.098315954208374 56.58870929479599
leaf_count=46 627 124 108 88 6 206 112
internal_value=-1.6585 -1.70474 -1.59605 -1.65724 -1.74834 -1.65212 -1.57662
internal_weight=282.434 162.292 120.143 28.9532 88.7537 73.538 91.1895
internal_count=1317 963 354 134 633 330 220
is_linear=0
shrinkage=1


Tree=1
num_leaves=8
num_cat=0
split_feature=2 0 1 0 22 9 2
split_gain=675.867 380.753 140.937 168.724 138.32 110.264 5.06219
threshold=5.2200467558801975 75.500000000000014 4.1551998165223401 59.500000000000007 15.250000000000002 3.0786382888910659 2.5000000000000004
decision_type=2 2 2 2 2 2 2
left_child=2 4 6 -4 -2 -3 -1
right_child=1 5 3 -5 -6 -7 -8
leaf_value=0.16881046664640767 -0.02196942551024331 0.11836722921488398 0.02802085335161076 0.12474748965486047 0.093642654803965233 0.043784582805449224 0.14770333335241337
leaf_weight=38.363743394613266 77.227289915084839 39.860091924667358 21.532135710120201 65.915294110774994 10.59093117713928 32.294007793068886 13.943111956119536
leaf_count=56 582 118 128 183 44 173 28
internal_value=0.0760326 0.0339261 0.124231 0.100931 -0.00802654 0.0849863 0.163184
internal_weight=299.727 159.972 139.754 87.4474 87.8182 72.1541 52.3069
internal_count=1312 917 395 311 626 291 84
is_linear=0
shrinkage=0.03


Tree=2
num_leaves=8
num_cat=0
split_feature=6 0 7 2 11 11 17
split_gain=505.005 267.622 139.399 134.398 105.411 40.6696 39.4407
threshold=0.99998040245852537 78.500000000000014 17.500000000000004 4.5000000000000009 11.450000000000001 12.350000000000003 13.891353689366598
decision_type=2 2 2 2 2 2 2
left_child=2 4 3 -1 -2 -4 -3
right_child=1 6 5 -5 -6 -7 -8
leaf_value=0.11909517248871271 0.044151874813939514 0.053005402429374113 0.14136791279296226 0.023165393061181073 -0.026576670550593869 0.10386497538422344 0.099664569650771598
leaf_weight=24.098435521125793 27.878287211060524 32.540084883570671 64.228469848632812 28.915539167821407 59.311755172908306 43.752185299992561 32.679097846150398
leaf_count=55 152 148 108 165 457 124 106
internal_value=0.0695599 0.0304202 0.106612 0.066772 -0.00396181 0.126172 0.0763847
internal_weight=313.404 152.409 160.995 53.014 87.19 107.981 65.2192
internal_count=1315 863 452 220 609 232 254
is_linear=0
shrinkage=0.03


Tree=3
num_leaves=8
num_cat=0
split_feature=2 0 11 5 0 6 4
split_gain=451.02 318.309 103.905 82.4604 69.7478 133.149 33.5521
threshold=5.4551775035609014 75.500000000000014 11.450000000000001 13.500000000000002 44.500000000000007 3.4435004852380256e-34 0.99999983487871436
decision_type=2 2 2 2 2 2 2
left_child=4 2 -2 -3 5 -1 -6
right_child=1 3 -4 -5 6 -7 -8
leaf_value=0.10607933277003184 0.042176450547594765 0.10553821646591691 -0.02690065320999243 0.045884357218857363 0.10256022026376095 -0.035616260037460337 0.13624071259143489
leaf_weight=17.796220287680629 28.516979642212391 41.830682754516602 62.660820715129375 41.590127900242805 100.11026388406754 8.9803622364997846 36.262180343270302
leaf_count=37 152 98 493 196 248 68 42
internal_value=0.0669609 0.0334493 -0.00529594 0.0757973 0.102824 0.0585573 0.111516
internal_weight=337.748 174.599 91.1778 83.4208 163.149 26.7766 136.372
internal_count=1334 939 645 294 395 105 290
is_linear=0
shrinkage=0.03


Tree=4
num_leaves=8
num_cat=0
split_feature=9 0 3 4 0 23 21
split_gain=372.839 276.125 81.0904 79.1333 165.796 62.5278 16.6669
threshold=2.3707490828855233 66.500000000000014 26.500000000000004 1.0315013628699678e-31 55.500000000000007 77.500000000000014 1.266961168413214
decision_type=2 2 2 2 2 2 2
left_child=3 5 -3 4 -1 -2 -5
right_child=1 2 -4 6 -6 -7 -8
leaf_value=-0.023355695352736145 0.06395341300866357 0.039686037668416933 0.093567712543196596 0.11835338664440803 0.091421606012847947 -0.032085333019418474 0.084917420005922159
leaf_weight=14.004247337579725 6.852563187479972 80.265325985848904 36.600764989852905 69.479917839169502 59.241399571299553 55.652672961354256 16.628600880503654
leaf_count=103 32 365 106 90 137 443 42
internal_value=0.0590058 0.0293395 0.056561 0.0923986 0.0694767 -0.0215564 0.111896
internal_weight=338.725 179.371 116.866 159.354 73.2456 62.5052 86.1085
internal_count=1318 946 471 372 240 475 132
is_linear=0
shrinkage=0.03


Tree=5
num_leaves=8
num_cat=0
split_feature=2 0 22 13 7 4 0
split_gain=360.96 249.664 106.7 57.5257 57.2453 94.7771 23.4103
threshold=5.2200467558801975 75.500000000000014 15.250000000000002 1.0500000000000003 16.500000000000004 6.0203292415027533e-16 65.500000000000014
decision_type=2 2 2 2 2 2 2
left_child=4 2 -2 -3 5 -1 -6
right_child=1 3 -4 -5 6 -7 -8
leaf_value=0.021181784102185512 -0.02353583336516174 0.039224881023044833 0.070387989033819515 0.086992302772811489 0.075368002257199349 0.10384847707905152 0.10585932333623045
leaf_weight=26.25704088062048 73.892910085618496 48.863148048520088 12.766407981514929 42.361610621213913 29.870142728090286 23.792394176125526 93.908177614212036
leaf_count=129 577 200 49 110 78 35 134
internal_value=0.0568094 0.0267661 -0.00969924 0.0614064 0.0875538 0.0604797 0.0985012
internal_weight=351.712 177.884 86.6593 91.2248 173.828 50.0494 123.778
internal_count=1312 936 626 310 376 164 212
is_linear=0
shrinkage=0.03


Tree=6
num_leaves=8
num_cat=0
split_feature=2 0 16 4 0 19 0
split_gain=289.631 168.172 125.384 40.3956 108.693 12.3646 6.85387
threshold=5.2200467558801975 55.500000000000007 18.323055028463003 0.99141910385054011 46.500000000000007 13.927608346548737 38.500000000000007
decision_type=2 2 2 2 2 2 2
left_child=3 5 -3 4 -1 -2 -5
right_child=1 2 -4 6 -6 -7 -8
leaf_value=-0.02065123882746606 -0.034863881287959426 0.012383730507523541 0.069214963504168198 0.082926858355667751 0.079399108527143158 0.0061188670090377593 0.10526224754250675
leaf_weight=10.763653874397276 32.39161778241396 65.36167898029089 75.064797438681126 16.54583115875721 106.12827832996845 8.3292613252997381 48.933743983507156
leaf_count=72 272 344 253 28 232 60 48
internal_value=0.0540656 0.0271972 0.0427628 0.0807537 0.0701863 -0.0264811 0.0996184
internal_weight=363.519 181.147 140.426 182.372 116.892 40.7209 65.4796
internal_count=1309 929 597 380 304 332 76
is_linear=0
shrinkage=0.03


Tree=7
num_leaves=8
num_cat=0
split_feature=2 0 3 5 0 1 4
split_gain=249.357 240.036 92.4875 41.7706 37.2749 83.0888 26.8917
threshold=5.2200467558801975 75.500000000000014 49.500000000000007 13.500000000000002 37.500000000000007 4.1551998165223401 2.6696576854298232e-05
decision_type=2 2 2 2 2 2 2
left_child=4 2 -2 -3 5 -1 -6
right_child=1 3 -4 -5 6 -7 -8
leaf_value=0.080168296455776389 -0.016434049983835283 0.079938549047740143 0.10644102804880212 0.04046835965434218 0.072647336717946473 -0.035792619516886566 0.09771588031532942
leaf_weight=16.787668824195865 82.224200211465359 48.457194805145264 5.9093495309352866 48.068267494440079 117.76668313890696 8.3158356845378858 57.227374032139778
leaf_count=26 627 100 12 192 254 63 54
internal_value=0.0527404 0.0275999 -0.00819528 0.060283 0.0759412 0.0417549 0.0808454
internal_weight=384.757 184.659 88.1335 96.5255 200.098 25.1035 174.994
internal_count=1328 931 639 292 397 89 308
is_linear=0
shrinkage=0.03


Tree=8
num_leaves=8
num_cat=0
split_feature=9 0 11 20 0 4 19
split_gain=260.519 186.976 96.5957 48.7318 45.4615 106.762 6.30172
threshold=2.3707490828855233 75.500000000000014 11.350000000000003 9.0500000000000025 74.500000000000014 0.57697845111028812 9.2500000000000018
decision_type=2 2 2 2 2 2 2
left_child=4 2 -2 -3 5 -1 -6
right_child=1 3 -4 -5 6 -7 -8
leaf_value=0.024493771777994659 0.032797897821676775 0.082275823977470075 -0.032073418150938497 0.036971951689939671 0.074099205539094881 0.087147698934104942 0.092213735484205278
leaf_weight=45.93238477408886 31.927998661994934 29.375398501753807 58.526741310954094 78.402868494391441 23.44230429828167 52.401998654007912 65.795313388109207
leaf_count=203 159 61 485 275 38 60 70
internal_value=0.0466082 0.022628 -0.00917565 0.0493197 0.0719513 0.0578818 0.0874551
internal_weight=385.805 198.233 90.4547 107.778 187.572 98.3344 89.2376
internal_count=1351 980 644 336 371 263 108
is_linear=0
shrinkage=0.03


Tree=9
num_leaves=8
num_cat=0
split_feature=9 11 0 16 0 4 0
split_gain=229.248 160.4 124.925 66.3045 37.8062 106.806 9.0858
threshold=2.3707490828855233 11.350000000000003 81.500000000000014 16.206389452332662 58.500000000000007 0.99141910385054011 80.500000000000014
decision_type=2 2 2 2 2 2 2
left_child=4 3 -3 -2 5 -1 -6
right_child=1 2 -4 -5 6 -7 -8
leaf_value=-0.0047595080325295198 -0.0099542848038524315 -0.023814833150630231 0.041375006019746807 0.065620183038730101 0.069361259905663344 0.080281020693130797 0.084465957495833549
leaf_weight=21.199717856943607 12.183769799768923 71.150742031633854 42.117044553160667 73.339275605976582 66.905892670154572 35.633531540632248 77.192937791347504
leaf_count=130 67 540 136 212 117 41 85
internal_value=0.0466825 0.0238412 0.000425098 0.0548537 0.0692804 0.0485595 0.0774528
internal_weight=399.723 198.791 113.268 85.523 200.932 56.8332 144.099
internal_count=1328 955 676 279 373 171 202
is_linear=0
shrinkage=0.03


Tree=10
num_leaves=8
num_cat=0
split_feature=5 20 0 1 18 3 0
split_gain=190.447 117.308 85.7841 131.185 37.9907 29.1469 21.5617
threshold=13.500000000000002 10.15 55.500000000000007 4.1551998165223401 139.50000000000003 25.500000000000004 84.500000000000014
decision_type=2 2 2 2 2 2 2
left_child=2 4 3 -1 -2 -4 -3
right_child=1 6 5 -5 -6 -7 -8
leaf_value=0.072715763366001496 0.080063070617578086 -0.031664431805588068 0.056808085244288736 -0.010165613639326419 0.023496066875777169 0.08092090849351688 0.011684508919843583
leaf_weight=30.349542558193207 15.776799008250235 43.938504852354527 151.03430339694023 39.631428815424442 33.111586764454842 64.334801323711872 13.499663054943083
leaf_count=37 38 350 341 276 146 81 58
internal_value=0.0418651 0.00759528 0.0546347 0.0257786 0.0417508 0.064011 -0.0214762
internal_weight=391.677 106.327 285.35 69.981 48.8884 215.369 57.4382
internal_count=1327 592 735 313 184 422 408
is_linear=0
shrinkage=0.03


Tree=11
num_leaves=8
num_cat=0
split_feature=1 0 11 21 4 20 16
split_gain=169.175 174.041 117.498 44.0207 24.237 50.4605 7.50607
threshold=5.3376416284434258 75.500000000000014 11.450000000000001 0.24626781251816651 7.2220274591168371e-33 10.350000000000003 20.080540540540543
decision_type=2 2 2 2 2 2 2
left_child=4 2 -2 -3 5 -1 -6
right_child=1 3 -4 -5 6 -7 -8
leaf_value=0.071661233106196945 0.036049072964607055 0.027807083275216495 -0.027964823394044186 0.062021494164664785 0.078607021910440111 0.0096474378864582298 0.062223646444818433
leaf_weight=29.533687330782413 41.453771635890007 60.726006537675858 68.366071276366711 76.452702343463898 65.629026889801025 19.677001491189003 40.823195606470108
leaf_count=47 174 221 558 147 65 74 58
internal_value=0.0397807 0.0243437 -0.00380145 0.0468755 0.0642756 0.0468649 0.0723242
internal_weight=402.661 246.999 109.82 137.179 155.663 49.2107 106.452
internal_count=1344 1100 732 368 244 121 123
is_linear=0
shrinkage=0.03


Tree=12
num_leaves=8
num_cat=0
split_feature=2 3 17 18 3 2 8
split_gain=180.673 104.288 65.1473 33.7343 21.8719 33.9261 1.78017
threshold=5.2200467558801975 13.500000000000002 13.891353689366598 87.500000000000014 22.500000000000004 4.5000000000000009 4.4895117689952846
decision_type=2 2 2 2 2 2 2
left_child=4 3 -3 -2 5 -1 -6
right_child=1 2 -4 -5 6 -7 -8
leaf_value=0.065778463034083565 0.064408115567865395 0.012721109894050156 0.055457283866661815 -0.016440600517265938 0.069422607184254762 0.037804983142039901 0.079267067323440826
leaf_weight=90.944548167288303 5.027494251728057 58.840926289558411 70.648415975272655 61.020349778234959 33.364132076501846 68.341531582176685 32.768588975071907
leaf_count=120 18 275 191 448 34 208 33
internal_value=0.0414928 0.0203905 0.0360376 -0.0102865 0.0597978 0.0537765 0.0743005
internal_weight=420.956 195.537 129.489 66.0478 225.419 159.286 66.1327
internal_count=1327 932 466 466 395 328 67
is_linear=0
shrinkage=0.03


Tree=13
num_leaves=8
num_cat=0
split_feature=2 7 22 5 7 23 1
split_gain=192.445 94.5738 46.0308 38.5266 26.4342 33.4964 8.30916
threshold=5.2200467558801975 21.500000000000004 15.250000000000002 13.500000000000002 17.500000000000004 204.50000000000003 5.9272227177398324
decision_type=2 2 2 2 2 2 2
left_child=4 2 -2 -3 5 -1 -6
right_child=1 3 -4 -5 6 -7 -8
leaf_value=0.053416611106324501 -0.010486528795529224 0.057868141982497595 0.049096764161388216 0.019901511296200814 0.068347650132031201 0.0059094364281119518 0.052789671311529368
leaf_weight=59.068038567900658 90.330425731837749 47.153237693011761 13.40034733712673 49.105009041726589 115.40984463691711 17.260636419057846 42.18958891928196
leaf_count=124 614 99 42 207 122 67 86
internal_value=0.0386917 0.0170839 -0.00278933 0.0384999 0.0571645 0.0426735 0.0641828
internal_weight=433.917 199.989 103.731 96.2582 233.928 76.3287 157.599
internal_count=1361 962 656 306 399 191 208
is_linear=0
shrinkage=0.03


Tree=14
num_leaves=8
num_cat=0
split_feature=6 0 11 7 2 3 12
split_gain=140.271 114.792 80.6629 51.101 62.0115 29.1863 10.9344
threshold=0.99998040245852537 81.500000000000014 10.950000000000001 17.500000000000004 4.5000000000000009 13.500000000000002 32.350000000000001
decision_type=2 2 2 2 2 2 2
left_child=3 2 -2 4 -1 -3 -5
right_child=1 5 -4 6 -6 -7 -8
leaf_value=0.056408277437580805 0.03462015904170581 -0.0042410355553703961 -0.021253142672428803 0.073631739035702332 0.0013567348891031369 0.052010139459213726 0.056682014757015509
leaf_weight=40.88305601477623 34.701943695545197 9.4448355138301832 70.494429491460323 47.553173810243607 33.508638434112072 68.580088645219803 122.48173332214355
leaf_count=61 133 42 549 45 169 157 188
internal_value=0.0374736 0.0176288 -0.00282178 0.0523492 0.0316111 0.045201 0.0614223
internal_weight=427.648 183.221 105.196 244.427 74.3917 78.0249 170.035
internal_count=1344 881 682 463 230 199 233
is_linear=0
shrinkage=0.03


Tree=15
num_leaves=8
num_cat=0
split_feature=5 0 12 7 22 1 22
split_gain=116.75 139.334 58.8595 32.4283 13.9301 16.9133 3.5642
threshold=6.5000000000000009 66.500000000000014 33.650000000000013 64.500000000000014 11.911541278414832 4.1551998165223401 15.250000000000002
decision_type=2 2 2 2 2 2 2
left_child=4 2 -2 -3 5 -1 -6
right_child=1 3 -4 -5 6 -7 -8
leaf_value=0.057926606726624447 0.028187382234047497 0.033946227300615049 -0.024596882483211801 0.077585861143618373 0.059843940879195028 0.011170269266717438 0.074514417978251424
leaf_weight=17.011000171303753 27.855070233345032 176.93522483110428 59.896285563707352 16.778371214866638 89.908856794238091 11.787849567830561 17.866198316216469
leaf_count=18 117 519 478 22 112 37 15
internal_value=0.0345633 0.0235196 -0.00784148 0.037726 0.0573232 0.0387885 0.0622759
internal_weight=418.039 281.465 87.7514 193.714 136.574 28.7988 107.775
internal_count=1318 1136 595 541 182 55 127
is_linear=0
shrinkage=0.03


Tree=16
num_leaves=8
num_cat=0
split_feature=6 0 11 7 2 9 0
split_gain=165.293 99.1164 76.9129 33.0792 63.0736 31.484 11.0241
threshold=0.99998040245852537 79.500000000000014 11.450000000000001 17.500000000000004 4.5000000000000009 3.0786382888910659 74.500000000000014
decision_type=2 2 2 2 2 2 2
left_child=3 2 -2 4 -1 -3 -5
right_child=1 5 -4 6 -6 -7 -8
leaf_value=0.055180155640491418 0.023674861216135365 0.050915653305480695 -0.031774126532320326 0.046033297930574521 -0.00036480850959500307 0.015081201997995831 0.061979871614933416
leaf_weight=46.973793908953667 38.0489342212677 49.910377606749535 55.142990678548813 57.252920292317867 30.246696501970291 39.554026082158089 122.49271142482758
leaf_count=63 159 97 488 106 153 144 130
internal_value=0.0343364 0.0125176 -0.0091351 0.0498455 0.0334236 0.0350725 0.0569005
internal_weight=439.622 182.656 93.1919 256.966 77.2205 89.4644 179.746
internal_count=1340 888 647 452 216 241 236
is_linear=0
shrinkage=0.03


Tree=17
num_leaves=8
num_cat=0
split_feature=9 0 20 20 0 4 4
split_gain=118.661 117.099 53.4318 36.39 23.9533 69.1934 9.45561
threshold=2.3707490828855233 75.500000000000014 10.050000000000002 12.550000000000002 47.500000000000007 0.99141910385054011 2.6696576854298232e-05
decision_type=2 2 2 2 2 2 2
left_child=4 2 -2 -3 5 -1 -6
right_child=1 3 -4 -5 6 -7 -8
leaf_value=-0.02550917372244892 0.018456869588829427 0.04054474932725402 -0.028318695179319772 -0.022499748309340237 0.049696344036185593 0.054654844395001997 0.064678023676841945
leaf_weight=13.984159052371977 38.646661698818207 122.81321436166763 50.96092101931572 8.8326846957206708 118.9737014696002 31.561763480305672 55.649646282196045
leaf_count=95 179 294 444 41 194 35 43
internal_value=0.0338247 0.0183086 -0.00814496 0.0363148 0.0494172 0.0300417 0.0544708
internal_weight=441.423 221.253 89.6076 131.646 220.169 45.5459 174.623
internal_count=1325 958 623 335 367 130 237
is_linear=0
shrinkage=0.03


Tree=18
num_leaves=8
num_cat=0
split_feature=2 16 0 22 20 4 18
split_gain=121.581 99.0872 76.3989 31.1238 22.4445 33.7197 10.9662
threshold=5.2200467558801975 17.754310344827591 55.500000000000007 13.450000000000001 10.350000000000003 7.2220274591168371e-33 252.50000000000003
decision_type=2 2 2 2 2 2 2
left_child=4 3 -3 -2 6 -6 -1
right_child=1 2 -4 -5 5 -7 -8
leaf_value=0.058788051342524239 -0.027010884117843109 -0.025577072956847656 0.039983734800826544 0.014560290777892927 0.016723576822870848 0.051449723982077956 0.038761316606139282
leaf_weight=105.72464956343174 48.94350253790617 18.71401796489954 110.18655373156071 24.234633356332779 46.471500165760517 54.891596741974354 32.073298126459122
leaf_count=120 354 167 309 103 150 67 58
internal_value=0.031769 0.0146372 0.0304655 -0.0132436 0.0462445 0.035529 0.0541267
internal_weight=441.24 202.079 128.901 73.1781 239.161 101.363 137.798
internal_count=1328 933 476 457 395 217 178
is_linear=0
shrinkage=0.03


Tree=19
num_leaves=8
num_cat=0
split_feature=6 22 3 7 4 16 21
split_gain=120.803 70.9768 55.925 32.3873 53.5171 30.1876 13.7019
threshold=0.99998040245852537 13.850000000000003 20.500000000000004 16.500000000000004 1.1162680223507022e-12 20.037749287749293 1.535811910444643
decision_type=2 2 2 2 2 2 2
left_child=3 2 -2 4 -1 -3 -5
right_child=1 5 -4 6 -6 -7 -8
leaf_value=-0.00091464190551056497 -0.016542274720151625 0.020879337151765192 0.026321074729583747 0.052583620241616828 0.05258914255328595 0.064014476798418499 0.025232770413652506
leaf_weight=34.026365108788013 80.351762920618057 37.673073753714561 41.567410111427307 165.68283038586378 33.283587895333767 23.843419924378395 18.3061313778162
leaf_count=164 561 136 131 210 39 49 46
internal_value=0.029837 0.0113272 -0.00192834 0.0433482 0.025542 0.0375983 0.0498623
internal_weight=434.735 183.436 121.919 251.299 67.31 61.5165 183.989
internal_count=1336 877 692 459 203 185 256
is_linear=0
shrinkage=0.03


Tree=20
num_leaves=8
num_cat=0
split_feature=2 0 12 16 20 0 16
split_gain=109.425 112.392 44.1866 35.4668 18.3302 23.7301 6.89245
threshold=5.2200467558801975 78.500000000000014 28.200000000000006 17.321290322580648 10.15 44.500000000000007 19.773504273504276
decision_type=2 2 2 2 2 2 2
left_child=4 2 -2 -3 6 -6 -1
right_child=1 3 -4 -5 5 -7 -8
leaf_value=0.056014050287122891 0.03777752663313038 0.0041885099628718968 -0.018649605380962709 0.044710125198656935 -0.00016947614230617417 0.04054879472746982 0.041012834675323774
leaf_weight=94.542255513370037 14.839442849159239 25.419472590088844 78.882461182773113 82.637799084186554 14.806363955140112 99.080352127552032 38.910262495279312
leaf_count=110 44 93 623 170 65 171 59
internal_value=0.0307208 0.014326 -0.00971522 0.0351778 0.0440957 0.035255 0.0516402
internal_weight=449.118 201.779 93.7219 108.057 247.339 113.887 133.453
internal_count=1335 930 667 263 405 236 169
is_linear=0
shrinkage=0.03


Tree=21
num_leaves=8
num_cat=0
split_feature=9 11 0 0 1 18 19
split_gain=116.2 69.0488 72.7564 29.3168 52.6969 25.9051 15.8588
threshold=2.3707490828855233 11.15 81.500000000000014 47.500000000000007 4.1551998165223401 135.50000000000003 13.050000000000002
decision_type=2 2 2 2 2 2 2
left_child=3 5 -3 4 -1 -2 -5
right_child=1 2 -4 6 -6 -7 -8
leaf_value=0.047680252829406224 0.056074713931985848 -0.021815285958401251 0.024349272535401565 0.042112640150318556 -0.026084102092256197 0.021266608565080478 0.060854954405517678
leaf_weight=22.387343093752861 28.952381834387779 71.323317527770996 53.978834584355354 122.02618223428726 14.273689746856688 57.37814599275589 60.915212847292423
leaf_count=24 59 574 147 189 98 187 55
internal_value=0.0281589 0.0122956 -0.00192809 0.0434465 0.0189607 0.0329401 0.0483534
internal_weight=431.235 211.633 125.302 219.602 36.661 86.3305 182.941
internal_count=1333 967 721 366 122 246 244
is_linear=0
shrinkage=0.03


Tree=22
num_leaves=8
num_cat=0
split_feature=9 0 12 5 6 0 10
split_gain=97.5264 124.914 53.8621 29.4254 20.8947 28.3568 11.9552
threshold=1.5000000000000002 67.500000000000014 25.250000000000004 14.500000000000002 0.00012858615831802704 77.500000000000014 0.0024083538092637834
decision_type=2 2 2 2 2 2 2
left_child=4 2 -2 -3 6 -6 -1
right_child=1 3 -4 -5 5 -7 -8
leaf_value=0.054104727397503542 0.066346972988313463 0.036605464892963506 -0.0259346689068214 0.0089024924064874823 -0.014516326012743061 0.045003632685550549 0.038354764447948865
leaf_weight=99.796315342187881 6.2335151433944693 127.12636609375477 65.574407443404198 47.363920658826828 12.418030798435213 17.157569691538811 76.720118492841721
leaf_count=89 11 283 536 192 67 23 133
internal_value=0.0281218 0.0153801 -0.0179239 0.0290857 0.0433492 0.0200127 0.0472593
internal_weight=452.39 246.298 71.8079 174.49 206.092 29.5756 176.516
internal_count=1334 1022 547 475 312 90 222
is_linear=0
shrinkage=0.03


Tree=23
num_leaves=8
num_cat=0
split_feature=4 3 22 12 15 19 16
split_gain=78.9482 80.0328 34.3156 31.9021 4.65876 5.22765 1.45015
threshold=8.004254916332089e-24 13.500000000000002 13.450000000000001 32.050000000000004 36.361111111111121 13.450000000000001 20.080540540540543
decision_type=2 2 2 2 2 2 2
left_child=1 2 -1 -3 6 -6 -2
right_child=4 3 -4 -5 5 -7 -8
leaf_value=-0.015737993739548557 0.056917738579316327 0.044617833978621846 0.023707111399627598 0.020559470292969763 0.032083787435730544 0.053213840155627856 0.047959538807680759
leaf_weight=67.669345788657665 38.84601779282093 74.668404027819633 28.0886185541749 147.7866277769208 26.203797824680805 17.625929728150368 27.976283960044384
leaf_count=471 30 139 111 472 45 16 29
internal_value=0.026354 0.0187638 -0.00416759 0.0286348 0.0481818 0.0405811 0.0531672
internal_weight=428.865 318.213 95.758 222.455 110.652 43.8297 66.8223
internal_count=1313 1193 582 611 120 61 59
is_linear=0
shrinkage=0.03


Tree=24
num_leaves=8
num_cat=0
split_feature=2 3 0 0 14 3 23
split_gain=92.9232 98.9108 71.8056 16.9098 39.2537 12.4129 7.46749
threshold=5.2200467558801975 26.500000000000004 78.500000000000014 58.500000000000007 1.6914486802666355e-05 57.500000000000007 131.50000000000003
decision_type=2 2 2 2 2 2 2
left_child=3 2 -2 4 -1 -3 -5
right_child=1 5 -4 6 -6 -7 -8
leaf_value=0.042255553018968536 -0.020811549382829215 0.037586229157294003 0.021254472253305144 0.053818160322277292 -0.0050942841631672359 0.070889274567378466 0.040265112768666095
leaf_weight=49.042808309197426 78.305809065699577 45.503070436418056 68.439844101667404 52.034559667110443 23.217095904052258 12.936357118189333 123.2577513307333
leaf_count=64 634 98 190 55 110 15 176
internal_value=0.0268804 0.0119518 -0.00119262 0.0392541 0.0270421 0.0449583 0.0442883
internal_weight=452.737 205.185 146.746 247.552 72.2599 58.4394 175.292
internal_count=1342 937 824 405 174 113 231
is_linear=0
shrinkage=0.03


Tree=25
num_leaves=8
num_cat=0
split_feature=2 0 3 19 22 21 23
split_gain=62.7064 113.995 41.3276 27.1287 6.18287 6.26682 3.545
threshold=4.5000000000000009 55.500000000000007 19.500000000000004 13.927608346548737 11.911541278414832 0.21570930329580143 30.000000000000004
decision_type=2 2 2 2 2 2 2
left_child=4 3 -3 -2 5 -1 -6
right_child=1 2 -4 -5 6 -7 -8
leaf_value=0.052005599368738872 -0.035117573473224466 0.013273279259520218 0.037120351042343611 0.023401695073168971 -0.066216911097254721 0.021196415538431723 0.047396096690980716
leaf_weight=8.7150324583053607 38.632429964840412 120.40403252840042 143.18567561358213 8.7433654963970167 0.24779631197452445 18.673945486545563 98.421281442046165
leaf_count=7 359 448 294 64 1 35 101
internal_value=0.025762 0.0185268 0.0262273 -0.0243176 0.0436103 0.0309997 0.0471108
internal_weight=437.024 310.966 263.59 47.3758 126.058 27.389 98.6691
internal_count=1309 1165 742 423 144 42 102
is_linear=0
shrinkage=0.03


Tree=26
num_leaves=8
num_cat=0
split_feature=9 7 22 20 15 7 10
split_gain=83.9509 68.9233 56.997 28.1819 19.8471 28.8589 7.7173
threshold=2.3707490828855233 21.500000000000004 13.727874724494662 11.750000000000002 36.361111111111121 18.307153456947677 0.051958098489235348
decision_type=2 2 2 2 2 2 2
left_child=4 2 -2 -3 6 -6 -1
right_child=1 3 -4 -5 5 -7 -8
leaf_value=0.051859159994897007 -0.020709237121167616 0.032109716675888342 0.029359250584483076 -0.015482465056048873 0.0087151211290953726 0.040269089465816484 0.0324295510397523
leaf_weight=73.734207332134247 75.445739209651947 100.02041134238243 28.078389696776867 12.609782554209231 41.556273616850376 70.075209200382233 24.515580095350742
leaf_count=74 537 238 100 67 151 90 46
internal_value=0.0236628 0.0105403 -0.00712938 0.0267814 0.0371775 0.0285227 0.047011
internal_weight=426.036 216.154 103.524 112.63 209.881 111.631 98.2498
internal_count=1303 942 637 305 361 241 120
is_linear=0
shrinkage=0.03


Tree=27
num_leaves=8
num_cat=0
split_feature=5 11 7 4 12 16 0
split_gain=82.153 49.4547 40.8216 45.2842 26.614 19.3201 16.3088
threshold=13.500000000000002 12.250000000000002 17.500000000000004 3.3953528489430142e-16 25.550000000000004 20.080540540540543 74.500000000000014
decision_type=2 2 2 2 2 2 2
left_child=2 4 3 -1 -2 -3 -4
right_child=1 5 6 -5 -6 -7 -8
leaf_value=0.00082387519419743619 0.058760929580940362 -0.036098913125818012 0.026876457397601299 0.042289948870572018 0.0086924585824793357 0.012109797752349129 0.044166972885569367
leaf_weight=66.065202966332436 11.389131382107733 31.359339274466038 72.859547719359398 36.96558977663517 59.326490446925163 9.825979605317114 150.53244172781706
leaf_count=335 18 283 171 46 230 51 179
internal_value=0.0237184 0.00153602 0.0313228 0.0157012 0.0167563 -0.0245973 0.0385277
internal_weight=438.324 111.901 326.423 103.031 70.7156 41.1853 223.392
internal_count=1313 582 731 381 248 334 350
is_linear=0
shrinkage=0.03


Tree=28
num_leaves=8
num_cat=0
split_feature=6 0 11 10 0 16 0
split_gain=74.0242 63.1747 52.2147 28.2341 34.5938 21.6409 7.76067
threshold=0.99999581501663115 79.500000000000014 11.450000000000001 0.0024083538092637834 74.500000000000014 17.321290322580648 38.500000000000007
decision_type=2 2 2 2 2 2 2
left_child=3 2 -2 6 -5 -3 -1
right_child=1 5 -4 4 -6 -7 -8
leaf_value=0.025412216219789785 0.016073772438519915 0.002099692259020632 -0.031036247254413587 0.0038329964724598182 0.036623530013078005 0.032922440805056595 0.045073219010959578
leaf_weight=21.050420321524143 38.248392418026924 27.942595273256302 47.433352366089821 50.452655516564846 67.961820602416992 76.979517638683319 127.56875950843096
leaf_count=44 150 91 468 190 95 161 151
internal_value=0.0233873 0.00910615 -0.0100063 0.033581 0.0226525 0.0247138 0.0422884
internal_weight=457.638 190.604 85.6817 267.034 118.414 104.922 148.619
internal_count=1350 870 618 480 285 252 195
is_linear=0
shrinkage=0.03


Tree=29
num_leaves=7
num_cat=0
split_feature=5 3 23 0 4 9
split_gain=83.0169 52.7188 44.4351 40.8483 72.4419 15.0011
threshold=13.500000000000002 57.500000000000007 64.500000000000014 55.500000000000007 0.99141910385054011 1.5000000000000002
decision_type=2 2 2 2 2 2
left_child=3 2 -2 4 -1 -5
right_child=1 -3 -4 5 -6 -7
leaf_value=-0.018896899528870359 0.054310353183645965 0.06601749517288745 -0.01146535969780354 0.042659431938235556 0.041559155399261929 0.02845674532457769
leaf_weight=36.325123086571693 10.255067095160483 10.350786834955214 93.710565567016602 149.56373634934425 35.050681859254837 121.14235107600689
leaf_count=273 20 11 556 174 37 264
internal_value=0.0235841 0.00145092 -0.00497731 0.0309805 0.0107914 0.0363037
internal_weight=456.398 114.316 103.966 342.082 71.3758 270.706
internal_count=1335 587 576 748 310 438
is_linear=0
shrinkage=0.03


Tree=30
num_leaves=8
num_cat=0
split_feature=6 0 12 19 0 1 14
split_gain=75.8635 49.8457 52.1172 20.6565 20.5789 51.7119 14.2974
threshold=0.99998040245852537 79.500000000000014 24.550000000000004 4.2500000000000009 44.500000000000007 4.1551998165223401 0.0086643579531407566
decision_type=2 2 2 2 2 2 2
left_child=4 2 -2 -3 5 -1 -6
right_child=1 3 -4 -5 6 -7 -8
leaf_value=0.03693331748952712 0.065398111915153295 0.060899876997070446 -0.01737489119421624 0.016472704946752417 0.047442401083727374 -0.036396384125581445 0.030518917963738606
leaf_weight=25.269207417964935 7.5047193914651862 10.577355518937109 78.014242865145206 86.00489130616188 64.615759275853634 13.164022646844385 147.45734519511461
leaf_count=29 9 12 609 225 69 103 254
internal_value=0.0213036 0.00656887 -0.0101111 0.0213382 0.0320148 0.0118167 0.0356753
internal_weight=432.608 182.101 85.519 96.5822 250.506 38.4332 212.073
internal_count=1310 855 618 237 455 132 323
is_linear=0
shrinkage=0.03


Tree=31
num_leaves=8
num_cat=0
split_feature=1 22 3 0 14 23 6
split_gain=67.9204 70.0313 44.326 32.6235 11.8504 14.7741 5.1874
threshold=5.3376416284434258 12.505137156758233 33.500000000000007 49.500000000000007 0.99999995453292267 147.50000000000003 4.5705251802074488e-05
decision_type=2 2 2 2 2 2 2
left_child=4 2 -2 -3 6 -6 -1
right_child=1 3 -4 -5 5 -7 -8
leaf_value=0.044705726389966671 -0.014134171766872988 -0.02297198160463975 0.038852402954785377 0.028556070316886104 0.044350930936270246 0.0089545915682474071 0.030983885513065603
leaf_weight=92.129022635519505 94.395521894097328 11.937342025339602 16.727083042263985 150.16073708236217 17.580667905509472 26.77687855809927 33.925821006298065
leaf_count=89 567 108 30 389 23 68 66
internal_value=0.0214565 0.012186 -0.0061582 0.0247614 0.0363198 0.0229836 0.0410127
internal_weight=443.633 273.221 111.123 162.098 170.412 44.3575 126.055
internal_count=1340 1094 597 497 246 91 155
is_linear=0
shrinkage=0.03


Tree=32
num_leaves=8
num_cat=0
split_feature=4 0 13 14 0 0 2
split_gain=61.0588 70.2181 34.7918 9.08783 26.6115 5.51558 0.0366356
threshold=1.0000000180025095e-35 46.500000000000007 0.95000000000000007 0.037184772765884749 74.500000000000014 35.500000000000007 5.4551775035609014
decision_type=2 2 2 2 2 2 2
left_child=1 6 -3 5 -5 -2 -1
right_child=3 2 -4 4 -6 -7 -8
leaf_value=-0.035846957442676484 0.028068048321924461 0.0063913384775349715 0.02798279787296969 -0.010337924427536867 0.038645232446236896 0.046621330964698178 -0.033388113265835608
leaf_weight=7.5557535737752941 18.63240259885788 142.9278786033392 126.71489908546209 13.247103370726107 40.499052360653877 63.800164297223091 19.601886488497257
leaf_count=58 28 577 290 52 45 61 229
internal_value=0.0195381 0.011907 0.0165379 0.0361699 0.0265721 0.0424277 -0.0340722
internal_weight=432.979 296.8 269.643 136.179 53.7462 82.4326 27.1576
internal_count=1340 1154 867 186 97 89 287
is_linear=0
shrinkage=0.03


Tree=33
num_leaves=8
num_cat=0
split_feature=2 0 12 13 0 1 18
split_gain=63.4306 58.8428 29.3866 28.1361 16.7059 32.0957 4.69109
threshold=5.2200467558801975 66.500000000000014 28.200000000000006 1.0500000000000003 74.500000000000014 4.1551998165223401 252.50000000000003
decision_type=2 2 2 2 2 2 2
left_child=4 2 -2 -3 5 -1 -6
right_child=1 3 -4 -5 6 -7 -8
leaf_value=0.040725422436524002 0.025971977330626648 0.0075636360284494488 -0.026951731024928399 0.032953378596723731 0.043382907173119399 0.0098396794380510074 0.028127483715354461
leaf_weight=58.395445629954338 11.926772132515906 82.991779781877995 45.334992669522762 74.583521917462349 96.840372741222382 62.896431654691696 22.323120772838593
leaf_count=57 35 298 462 146 102 199 32
internal_value=0.021963 0.0101165 -0.0159285 0.0195811 0.0325473 0.0247095 0.0405251
internal_weight=455.292 214.837 57.2618 157.575 240.455 121.292 119.163
internal_count=1331 941 497 444 390 256 134
is_linear=0
shrinkage=0.03


Tree=34
num_leaves=7
num_cat=0
split_feature=5 23 3 7 1 17
split_gain=56.1637 45.7673 39.0497 30.7815 23.1995 20.8162
threshold=13.500000000000002 64.500000000000014 57.500000000000007 15.500000000000002 4.1551998165223401 13.891353689366598
decision_type=2 2 2 2 2 2
left_child=3 -2 -3 4 -1 -5
right_child=1 2 -4 5 -6 -7
leaf_value=0.035751312649062568 0.055781768579961373 -0.0094646853900935378 0.053971228416946238 0.022625595525615234 0.00036665694948878727 0.040289425020847182
leaf_weight=23.614543095231056 13.052578985691069 96.788081951439381 9.5997383296489698 110.85012622922659 56.754207946360111 131.00919985026121
leaf_count=26 19 567 12 241 291 180
internal_value=0.0203355 0.00276403 -0.00374065 0.0268487 0.0107636 0.0321937
internal_weight=441.668 119.44 106.388 322.228 80.3688 241.859
internal_count=1336 598 579 738 317 421
is_linear=0
shrinkage=0.03


Tree=35
num_leaves=8
num_cat=0
split_feature=9 3 14 20 14 7 22
split_gain=50.7826 56.4455 27.5326 27.4274 18.8748 23.1293 6.35436
threshold=2.3707490828855233 13.500000000000002 1.0150486447978186e-07 11.450000000000001 4.6382554453868421e-09 19.500000000000004 12.739948218989413
decision_type=2 2 2 2 2 2 2
left_child=4 2 -2 -3 6 -6 -1
right_child=1 3 -4 -5 5 -7 -8
leaf_value=0.02890165153169548 -0.03224383411393849 0.024236681935143677 0.012143155716779801 -0.0049146537519375085 0.0049537076839961175 0.031719701080469544 0.0461219021330498
leaf_weight=29.876908048987389 37.707437209784985 123.51846821606159 18.871503509581089 37.979111589491367 46.704657688736916 76.89379745721817 54.403216645121574
leaf_count=53 344 304 95 189 158 103 54
internal_value=0.0184607 0.0083473 -0.0174389 0.0173812 0.0290702 0.0216055 0.0400174
internal_weight=425.955 218.077 56.5789 161.498 207.879 123.598 84.2801
internal_count=1300 932 439 493 368 261 107
is_linear=0
shrinkage=0.03


Tree=36
num_leaves=8
num_cat=0
split_feature=2 0 16 18 0 16 11
split_gain=48.4208 49.2058 38.4723 15.2717 18.5446 10.8112 0.0190518
threshold=5.2200467558801975 49.500000000000007 18.506410256410259 234.50000000000003 58.500000000000007 19.937254901960788 10.850000000000003
decision_type=2 2 2 2 2 2 2
left_child=3 6 -3 5 -5 -1 -2
right_child=1 2 -4 4 -6 -7 -8
leaf_value=0.040742896505398189 -0.035781189972783518 0.001652101367183215 0.028259264070153844 -0.0029736248026330961 0.028704943885817843 0.02377201300339506 -0.032957427392412614
leaf_weight=109.7707391679287 2.4348667338490513 96.052338942885399 99.652014069259167 23.463104985654354 57.119158163666725 48.804001815617085 18.407491348683834
leaf_count=131 19 417 260 85 89 92 237
internal_value=0.0208104 0.0105335 0.0152004 0.0301157 0.0194811 0.0355198 -0.0332873
internal_weight=455.704 216.547 195.704 239.157 80.5823 158.575 20.8424
internal_count=1330 933 677 397 174 223 256
is_linear=0
shrinkage=0.03


Tree=37
num_leaves=8
num_cat=0
split_feature=9 11 17 18 14 3 17
split_gain=44.0269 39.8062 26.8698 18.9732 18.5482 22.7996 3.29364
threshold=2.3707490828855233 11.15 13.750000000000002 259.50000000000006 4.6382554453868421e-09 16.018963148300589 15.15
decision_type=2 2 2 2 2 2 2
left_child=4 3 -3 -2 6 -6 -1
right_child=1 2 -4 -5 5 -7 -8
leaf_value=0.031558028333769438 0.028014162064647012 -0.01647743650333576 0.011408979224064782 -0.0068207896002121533 0.0051143693820995999 0.031016989071568652 0.044260655798132022
leaf_weight=33.748311311006546 78.128856800496578 69.325139276683331 56.393829092383385 17.163217581808567 55.089657671749592 68.749738693237305 40.318257123231888
leaf_count=58 179 497 212 67 176 89 38
internal_value=0.0163193 0.00711613 -0.00396841 0.02174 0.026597 0.0194943 0.0384727
internal_weight=418.917 221.011 125.719 95.2921 197.906 123.839 74.0666
internal_count=1316 955 709 246 361 265 96
is_linear=0
shrinkage=0.03


Tree=38
num_leaves=8
num_cat=0
split_feature=9 7 18 14 20 0 0
split_gain=48.1832 38.924 43.284 21.3959 18.6803 18.3814 6.48174
threshold=2.3707490828855233 22.106904677394294 133.50000000000003 4.6382554453868421e-09 11.950000000000001 58.500000000000007 47.500000000000007
decision_type=2 2 2 2 2 2 2
left_child=3 2 -2 6 -3 -5 -1
right_child=1 4 -4 5 -6 -7 -8
leaf_value=0.024710296351239679 0.029923094722211933 0.023970123759544958 -0.014857956394088566 -0.0032371665763127428 -0.016902526567940567 0.025214032910169444 0.043146764780251375
leaf_weight=23.338631510734558 24.760281048715115 98.280419163405895 90.168432500213385 26.60685932636261 11.211847662925718 88.135779842734337 64.853293925523758
leaf_count=42 82 222 616 118 54 139 72
internal_value=0.0165635 0.00698451 -0.00521031 0.0271567 0.0197848 0.0186167 0.0382678
internal_weight=427.356 224.421 114.929 202.935 109.492 114.743 88.1919
internal_count=1345 974 698 371 276 257 114
is_linear=0
shrinkage=0.03


Tree=39
num_leaves=8
num_cat=0
split_feature=2 7 19 7 14 15 6
split_gain=45.1672 40.1276 36.7896 11.3042 21.9564 6.55482 5.41297
threshold=5.2200467558801975 42.500000000000007 10.550000000000002 15.500000000000002 0.96809341352631073 37.083333333333336 0.9999999999999899
decision_type=2 2 2 2 2 2 2
left_child=3 2 -2 4 -1 -5 -3
right_child=1 6 -4 5 -6 -7 -8
leaf_value=0.029174676924741336 -0.0082257491877276972 0.027144173812476927 0.020076875975556123 0.033519754919824681 -0.0090042679576864681 0.015634375658876969 0.050712496399539932
leaf_weight=39.697991706430912 111.93606040999293 21.180446848273277 65.534478195011616 147.10968125611544 20.587294735014439 21.085249677300453 14.968657635152338
leaf_count=70 612 38 282 205 80 42 22
internal_value=0.0180107 0.00809379 0.00222555 0.0272826 0.0161366 0.0312776 0.0369034
internal_weight=442.1 213.62 177.471 228.48 60.2853 168.195 36.1491
internal_count=1351 954 894 397 150 247 60
is_linear=0
shrinkage=0.03


Tree=40
num_leaves=7
num_cat=0
split_feature=0 1 11 23 21 14
split_gain=42.3364 65.4181 30.8499 17.8621 23.2348 14.6431
threshold=75.500000000000014 5.3376416284434258 11.450000000000001 60.500000000000007 0.21085756520634263 0.99999995453292267
decision_type=2 2 2 2 2 2
left_child=1 5 -3 -2 -5 -1
right_child=3 2 -4 4 -6 -7
leaf_value=0.032022889466523409 0.066087599201274189 0.0097798703627196646 -0.022095324096874338 0.012195304843165567 0.032180632853088441 0.0032612056893940064
leaf_weight=75.692985117435455 9.8137625604867917 49.298586942255497 61.314405437558889 83.427483558654785 140.57024092972279 20.177947267889977
leaf_count=112 8 182 553 212 203 61
internal_value=0.0177306 0.00783153 -0.00788902 0.0264727 0.0247371 0.0259694
internal_weight=440.295 206.484 110.613 233.811 223.998 95.8709
internal_count=1331 908 735 423 415 173
is_linear=0
shrinkage=0.03


Tree=41
num_leaves=8
num_cat=0
split_feature=5 11 16 0 4 19 24
split_gain=57.566 31.1395 33.9401 26.8374 48.9209 17.9226 6.83287
threshold=13.500000000000002 9.5500000000000025 21.27524038461539 46.500000000000007 0.99141910385054011 13.15 1.2500000000000002
decision_type=2 2 2 2 2 2 2
left_child=3 6 -3 4 -1 -5 -2
right_child=1 2 -4 5 -6 -7 -8
leaf_value=-0.029645237804176668 0.0067675004553556977 -0.020255804972613107 0.025052452052782968 0.022248462868131456 0.031711733221348543 0.039870600946877659 0.039285803681193679
leaf_weight=22.451275553554296 9.0999517440795916 67.850503657013178 19.05985064804554 195.176753513515 24.411664798855782 70.779917739331722 16.112784594297409
leaf_count=198 27 476 63 406 30 96 24
internal_value=0.0166392 -0.00180412 -0.0103195 0.0232498 0.0023166 0.0269383 0.0275491
internal_weight=424.943 112.123 86.9104 312.82 46.8629 265.957 25.2127
internal_count=1320 590 539 730 228 502 51
is_linear=0
shrinkage=0.03


Tree=42
num_leaves=8
num_cat=0
split_feature=9 0 16 10 15 0 18
split_gain=50.5069 53.8043 28.486 21.3209 11.7853 22.9977 3.65531
threshold=1.5000000000000002 66.500000000000014 18.569498069498074 -2.5795803609221989e-16 36.361111111111121 48.500000000000007 235.50000000000003
decision_type=2 2 2 2 2 2 2
left_child=4 2 -2 -3 6 -6 -1
right_child=1 3 -4 -5 5 -7 -8
leaf_value=0.040706978499983511 -0.035995976888075383 0.033040959008651172 0.004617587059726579 0.0095937046397904808 -0.016993101133384338 0.026715618115616336 0.027922861062730162
leaf_weight=55.66510309278965 32.96007376536727 46.021487735211849 29.413090582937002 144.47237934172153 12.589746147394179 77.687853559851646 31.531215950846672
leaf_count=59 338 76 195 432 67 120 52
internal_value=0.01595 0.00733985 -0.016844 0.0152583 0.0282179 0.0206202 0.0360841
internal_weight=430.341 252.867 62.3732 190.494 177.474 90.2776 87.1963
internal_count=1339 1041 533 508 298 187 111
is_linear=0
shrinkage=0.03


Tree=43
num_leaves=8
num_cat=0
split_feature=1 12 16 15 7 16 10
split_gain=52.4341 43.0479 35.6014 12.5258 12.9517 11.2955 3.69519
threshold=5.3376416284434258 28.650000000000002 25.150268336314848 36.361111111111121 15.500000000000002 16.23764705882353 0.041295291697031687
decision_type=2 2 2 2 2 2 2
left_child=3 5 -3 6 -5 -2 -1
right_child=1 2 -4 4 -6 -7 -8
leaf_value=0.039665611351414706 -0.013468828172077741 -0.0027256136027105286 0.056592925222276297 -0.0013533230599433431 0.026239428679587982 0.035174740390734344 0.024652048733332755
leaf_weight=60.863724932074547 4.7362635731697074 202.01407388225198 9.5358622446656209 20.41325019299984 61.242822773754597 46.252013437449932 19.47505022585392
leaf_count=63 17 982 15 64 94 75 33
internal_value=0.014194 0.00591213 -5.17607e-05 0.027616 0.0193415 0.0306563 0.0360261
internal_weight=424.533 262.538 211.55 161.995 81.6561 50.9883 80.3388
internal_count=1343 1089 997 254 158 92 96
is_linear=0
shrinkage=0.03


Tree=44
num_leaves=8
num_cat=0
split_feature=1 0 22 19 10 12 10
split_gain=44.0281 45.1366 27.1476 22.5154 13.3043 13.7294 5.26003
threshold=5.3376416284434258 55.500000000000007 12.450000000000001 13.927608346548737 1.841757257543807e-16 37.750000000000007 3.5225956171022237e-17
decision_type=2 2 2 2 2 2 2
left_child=4 3 -3 -2 6 -6 -1
right_child=1 2 -4 -5 5 -7 -8
leaf_value=0.031154857721622724 -0.034621367430396316 -0.00078704829677040192 0.020617845379221674 0.020880912196210934 0.024543425138627607 -0.0090242115224625514 0.049369472546512631
leaf_weight=80.680837646126747 30.059277549386024 84.956661500036716 143.23627028614283 8.4209049642086011 45.305004090070724 14.468144454061983 17.334634333848953
leaf_count=109 342 337 343 62 72 46 17
internal_value=0.0150126 0.00758045 0.0126488 -0.0224754 0.0275735 0.0164183 0.0343762
internal_weight=424.462 266.673 228.193 38.4802 157.789 59.7731 98.0155
internal_count=1328 1084 680 404 244 118 126
is_linear=0
shrinkage=0.03


Tree=45
num_leaves=8
num_cat=0
split_feature=5 20 19 4 17 14 16
split_gain=52.5233 48.2162 23.4567 19.4985 21.5742 16.1729 1.58567
threshold=13.500000000000002 10.250000000000002 2.6500000000000008 0.57697845111028812 11.050000000000002 2.7680714674619334e-23 20.080540540540543
decision_type=2 2 2 2 2 2 2
left_child=3 2 -2 4 -1 -3 -5
right_child=1 5 -4 6 -6 -7 -8
leaf_value=-0.024193670988599807 0.05465675204268431 -0.0060491705472769646 0.0064973891088965377 0.038904560133046856 0.018600106898469703 -0.039043141547554831 0.029870607105655572
leaf_weight=11.125803884118794 10.924297511577604 24.852285511791706 54.572514146566391 36.711943492293358 225.49592100083828 28.942232463508844 33.390837818384171
leaf_count=55 12 172 182 37 590 240 42
internal_value=0.0141358 -0.00275515 0.01453 0.020705 0.016588 -0.0238004 0.0346016
internal_weight=426.016 119.291 65.4968 306.725 236.622 53.7945 70.1028
internal_count=1330 606 194 724 645 412 79
is_linear=0
shrinkage=0.03


Tree=46
num_leaves=8
num_cat=0
split_feature=2 0 19 15 0 15 6
split_gain=46.8065 66.236 21.5275 6.08528 8.74989 2.02143 0.0905706
threshold=4.5000000000000009 49.500000000000007 10.450000000000001 36.361111111111121 67.500000000000014 35.305555555555564 0.40378004958956903
decision_type=2 2 2 2 2 2 2
left_child=3 6 -3 5 -5 -1 -2
right_child=1 2 -4 4 -6 -7 -8
leaf_value=0.031724535245126029 -0.036569510499119905 0.0060279018484785509 0.023238841538346877 0.0083999640423588328 0.033693369239654214 0.042798458138137305 -0.033083754711356175
leaf_weight=29.007199540734291 10.120850943028929 169.65091064199805 106.44689442962408 20.977702543139458 29.788305684924126 30.365252822637558 19.89848967269063
leaf_count=34 76 574 268 45 34 28 266
internal_value=0.0140962 0.00806198 0.0126634 0.0308676 0.0232415 0.0373881 -0.034259
internal_weight=416.256 306.117 276.098 110.138 50.766 59.3725 30.0193
internal_count=1325 1184 842 141 79 62 342
is_linear=0
shrinkage=0.03


Tree=47
num_leaves=8
num_cat=0
split_feature=0 1 13 5 20 10 15
split_gain=39.0645 63.4913 38.6338 22.5577 25.8831 14.8964 11.1881
threshold=75.500000000000014 5.3376416284434258 0.35000000000000003 14.500000000000002 10.250000000000002 1.841757257543807e-16 36.861111111111121
decision_type=2 2 2 2 2 2 2
left_child=1 5 -3 6 -5 -1 -2
right_child=3 2 -4 4 -6 -7 -8
leaf_value=0.031441328520529083 0.028810307579371842 0.077409742975740575 -0.015496885622013215 0.021458730356186246 -0.030648178456087308 0.0053937919626652151 0.0073560114027455851
leaf_weight=58.611970707774162 172.47945985198021 4.1950178295373908 101.33370258286595 20.937537997961044 14.536139093339441 29.810214892029762 25.053766429424286
leaf_count=84 272 10 734 47 69 77 50
internal_value=0.0138545 0.00390824 -0.0118036 0.0221335 0.000106749 0.0226598 0.0260892
internal_weight=426.958 193.951 105.529 233.007 35.4737 88.4222 197.533
internal_count=1343 905 744 438 116 161 322
is_linear=0
shrinkage=0.03


Tree=48
num_leaves=8
num_cat=0
split_feature=2 0 11 13 14 3 17
split_gain=38.2813 41.8861 22.6495 20.6142 14.5862 20.6126 6.8384
threshold=5.2200467558801975 78.500000000000014 11.450000000000001 0.95000000000000007 0.91813394189600539 17.045973619977513 15.057294170789808
decision_type=2 2 2 2 2 2 2
left_child=4 2 -2 -3 6 -6 -1
right_child=1 3 -4 -5 5 -7 -8
leaf_value=0.024067267506058598 0.0062354534893654754 0.0023335117601720298 -0.02462264927948303 0.027987722717065695 0.0014972715110432944 0.030132856611704679 0.038823175848858055
leaf_weight=64.274698458611965 38.942855089902878 49.604800924658775 47.541183162480593 65.29755611717701 49.874544024467468 41.405702732503414 50.454332619905472
leaf_count=116 158 146 512 118 147 52 56
internal_value=0.0143437 0.00504264 -0.0107276 0.0169125 0.0234361 0.0144867 0.0305565
internal_weight=407.396 201.386 86.484 114.902 206.009 91.2802 114.729
internal_count=1305 934 670 264 371 199 172
is_linear=0
shrinkage=0.03


Tree=49
num_leaves=8
num_cat=0
split_feature=0 2 5 19 19 22 15
split_gain=43.4752 54.3431 30.3636 34.034 25.3718 13.4393 5.73644
threshold=62.500000000000007 4.5000000000000009 12.500000000000002 4.2500000000000009 13.927608346548737 15.350000000000003 36.361111111111121
decision_type=2 2 2 2 2 2 2
left_child=1 6 5 -4 -3 -2 -1
right_child=2 4 3 -5 -6 -7 -8
leaf_value=0.033349472175781776 0.02339750511686662 -0.028841010029889026 0.04935928458599799 0.00096580770626203156 0.016110652065599838 0.046431504150393307 0.0098769798408544548
leaf_weight=25.28956438601017 159.14431993663311 53.602296873927116 15.005945466458796 101.86514067649841 14.319489758461712 26.608858734369278 14.886486664414404
leaf_count=30 259 492 24 375 91 28 32
internal_value=0.0133261 -0.00300488 0.0191595 0.00717941 -0.0193642 0.0266971 0.0246522
internal_weight=410.722 108.098 302.624 116.871 67.9218 185.753 40.1761
internal_count=1331 645 686 399 583 287 62
is_linear=0
shrinkage=0.03


Tree=50
num_leaves=8
num_cat=0
split_feature=1 3 19 21 0 1 4
split_gain=40.1974 40.6993 36.1929 19.0966 11.0002 20.5149 4.20489
threshold=5.3376416284434258 25.500000000000004 11.350000000000003 0.41262122891655761 58.500000000000007 4.1551998165223401 8.2334117962515148e-17
decision_type=2 2 2 2 2 2 2
left_child=4 2 -2 -3 5 -1 -6
right_child=1 3 -4 -5 6 -7 -8
leaf_value=0.027054525641320874 -0.011862347097214237 0.0081854521950989311 0.017941958590083656 0.037383333561293135 0.026016503269167449 -0.015461246579422746 0.039456648106168529
leaf_weight=29.619652658700943 127.2932699508965 41.440723747014999 51.507782779633999 39.25917299836874 65.130427956581116 15.590910792350767 30.88485711812973
leaf_count=39 700 109 241 47 92 71 31
internal_value=0.0117146 0.0047052 -0.00327653 0.0223897 0.0245944 0.0123929 0.0303397
internal_weight=400.727 259.501 178.801 80.6999 141.226 45.2106 96.0153
internal_count=1330 1097 941 156 233 110 123
is_linear=0
shrinkage=0.03


Tree=51
num_leaves=8
num_cat=0
split_feature=1 0 19 13 10 6 10
split_gain=53.8646 49.6387 30.1527 28.4133 7.85854 12.2467 4.25991
threshold=5.3376416284434258 66.500000000000014 11.15 1.9500000000000002 0.0098536326297570098 1.186207745328435e-19 4.3166152212277526e-17
decision_type=2 2 2 2 2 2 2
left_child=4 3 -3 -2 6 -6 -1
right_child=1 2 -4 -5 5 -7 -8
leaf_value=0.02891866239145054 -0.024871771901228749 0.0037363117255398469 0.029060963885628319 0.040026210207356326 0.027602830036934842 -0.0032225629115791494 0.044564311388360527
leaf_weight=75.074194215238094 58.976217351853848 129.62184746563435 62.821115359663963 6.7683966904878607 36.48767601698637 17.006010681390762 19.791268907487392
leaf_count=103 545 391 124 12 56 50 23
internal_value=0.0125924 0.00431477 0.0120033 -0.0181905 0.0269979 0.0178032 0.0321827
internal_weight=406.547 258.188 192.443 65.7446 148.359 53.4937 94.8655
internal_count=1304 1072 515 557 232 106 126
is_linear=0
shrinkage=0.03


Tree=52
num_leaves=8
num_cat=0
split_feature=3 4 0 8 3 0 15
split_gain=32.4819 37.4074 38.2136 8.66455 17.2299 3.60892 3.01827
threshold=22.500000000000004 0.14401864594698063 83.500000000000014 5.0139730737469881 63.500000000000007 38.500000000000007 36.250000000000007
decision_type=2 2 2 2 2 2 2
left_child=1 2 -1 6 -5 -3 -2
right_child=3 5 -4 4 -6 -7 -8
leaf_value=-0.0048853309549111218 0.040374667861535277 0.020338765283301787 0.021188402761562326 0.011477222034759548 0.051167174170203521 0.03823805732364572 0.027738977466027354
leaf_weight=162.45148022472858 30.806618615984917 14.829063355922697 73.467039987444878 56.917474552989006 11.902299076318739 32.046566069126129 38.001054987311363
leaf_count=886 30 23 150 145 11 34 50
internal_value=0.0139151 0.00809785 0.00323425 0.0258682 0.0183416 0.0325756 0.0333962
internal_weight=420.422 282.794 235.919 137.627 68.8198 46.8756 68.8077
internal_count=1329 1093 1036 236 156 57 80
is_linear=0
shrinkage=0.03


Tree=53
num_leaves=7
num_cat=0
split_feature=1 0 22 19 7 22
split_gain=35.0085 45.8299 49.1382 16.1062 4.02053 0.511321
threshold=4.1551998165223401 75.500000000000014 13.196244954755933 11.15 15.500000000000002 12.739948218989413
decision_type=2 2 2 2 2 2
left_child=4 2 -2 -3 -1 -6
right_child=1 3 -4 -5 5 -7
leaf_value=0.020278450998899487 -0.022127887044171148 0.010637283751716102 0.014800677891361268 0.028449488783738902 0.033099755174598691 0.039666159485609337
leaf_weight=17.848498150706291 73.631555136293173 129.2043212801218 57.953537154942751 70.681677937507629 17.472452461719513 27.42527174949646
leaf_count=27 586 299 219 114 20 27
internal_value=0.0117748 0.0078851 -0.00586358 0.0169359 0.0323227 0.0371108
internal_weight=394.217 331.471 131.585 199.886 62.7462 44.8977
internal_count=1292 1218 805 413 74 47
is_linear=0
shrinkage=0.03


Tree=54
num_leaves=8
num_cat=0
split_feature=6 0 19 19 21 0 15
split_gain=34.913 39.7521 30.4063 9.63083 8.48305 14.5951 4.32124
threshold=1.186207745328435e-19 46.500000000000007 11.350000000000003 22.250000000000004 1.1889469391884659 68.500000000000014 36.305555555555564
decision_type=2 2 2 2 2 2 2
left_child=4 3 -3 -2 6 -6 -1
right_child=1 2 -4 -5 5 -7 -8
leaf_value=0.038748789679763952 -0.03383062259792579 0.0036645141213892903 0.024523639732921505 0.041692011547421207 -0.018465280094385233 0.031579983974441103 0.023954550607463661
leaf_weight=43.64224810898304 23.6096530482173 198.10037678480148 92.151919849216938 1.6242253929376591 8.7825516536831874 13.019915550947188 29.972490981221199
leaf_count=46 302 680 212 3 33 16 46
internal_value=0.0119563 0.00714716 0.0102871 -0.0289695 0.0278572 0.0114206 0.0327253
internal_weight=410.903 315.486 290.252 25.2339 95.4172 21.8025 73.6147
internal_count=1338 1197 892 305 141 49 92
is_linear=0
shrinkage=0.03


Tree=55
num_leaves=8
num_cat=0
split_feature=5 18 20 0 5 19 2
split_gain=43.8923 41.6037 27.9132 18.493 35.2526 17.7517 16.7482
threshold=13.500000000000002 158.50000000000003 10.250000000000002 46.500000000000007 3.5000000000000004 13.15 5.4551775035609014
decision_type=2 2 2 2 2 2 2
left_child=3 2 -2 4 -1 -5 -3
right_child=1 6 -4 5 -6 -7 -8
leaf_value=0.031820872383673329 0.033579108613512799 0.02751579227073514 -0.024450073565490626 0.01559751649288945 -0.026011913966016514 0.033825375742828713 -0.02359042437923151
leaf_weight=16.296636588871479 30.422280699014664 6.3492040336132041 9.884203050285576 183.32375423982739 22.698531817644835 65.182142741978168 63.391458693891764
leaf_count=23 58 14 60 403 195 100 452
internal_value=0.0111974 -0.00491466 0.0193488 0.0173646 -0.00184277 0.0203786 -0.0189377
internal_weight=397.548 110.047 40.3065 287.501 38.9952 248.506 69.7407
internal_count=1305 584 118 721 218 503 466
is_linear=0
shrinkage=0.03


Tree=56
num_leaves=8
num_cat=0
split_feature=2 16 11 5 14 0 0
split_gain=37.3426 36.8812 35.7448 17.2001 13.8739 13.1491 5.11009
threshold=5.2200467558801975 17.321290322580648 11.350000000000003 13.500000000000002 5.6246579037056076e-14 38.500000000000007 71.500000000000014
decision_type=2 2 2 2 2 2 2
left_child=4 3 -3 -2 6 -6 -1
right_child=1 2 -4 -5 5 -7 -8
leaf_value=0.025912613703123748 -0.0022079374795383792 0.025328264273884179 -0.0045996943540111117 -0.034469200415206042 -0.016902712459642148 0.017701960759578486 0.044197927726845616
leaf_weight=39.825131751596928 30.865310933440924 71.629042774438858 72.040393464267254 28.706543367356062 10.656467020511625 136.08222928643227 21.012758925557137
leaf_count=60 151 154 389 244 61 245 22
internal_value=0.011233 0.00209227 0.0103214 -0.017754 0.0201829 0.0151889 0.0322282
internal_weight=410.818 203.241 143.669 59.5719 207.577 146.739 60.8379
internal_count=1326 938 543 395 388 306 82
is_linear=0
shrinkage=0.03


Tree=57
num_leaves=8
num_cat=0
split_feature=2 3 22 21 18 0 22
split_gain=40.0908 29.3064 21.7644 21.6658 14.9835 19.1101 9.41857
threshold=5.2200467558801975 20.500000000000004 13.196244954755933 0.2771187801049419 235.50000000000003 58.500000000000007 11.628628565184489
decision_type=2 2 2 2 2 2 2
left_child=4 2 -2 -3 6 -6 -1
right_child=1 3 -4 -5 5 -7 -8
leaf_value=0.0083359670494245284 -0.020922708320462412 -0.0013216379404967667 0.0070014681531332078 0.028708406281344939 -0.01923077822728397 0.017358276535263052 0.02889820692483443
leaf_weight=24.658511959016323 67.048611201345921 45.345283076167107 40.170982044190168 41.330456309020519 17.606108233332634 47.527777418494225 107.24364160001278
leaf_count=58 548 142 189 68 78 84 161
internal_value=0.00971051 2.58841e-05 -0.0104606 0.0129979 0.0192408 0.00746802 0.0250542
internal_weight=390.931 193.895 107.22 86.6757 197.036 65.1339 131.902
internal_count=1328 947 737 210 381 162 219
is_linear=0
shrinkage=0.03


Tree=58
num_leaves=7
num_cat=0
split_feature=7 18 5 22 9 20
split_gain=25.5998 21.7517 29.8016 17.1433 14.6983 14.1488
threshold=13.500000000000002 161.50000000000003 6.5000000000000009 15.250000000000002 2.3707490828855233 10.250000000000002
decision_type=2 2 2 2 2 2
left_child=3 5 -3 4 -1 -2
right_child=1 2 -4 -5 -6 -7
leaf_value=0.00074621960632607518 0.034998158943877894 0.023957701262125194 0.0011366640426757012 0.027796555586646482 -0.03042250660584099 0.0093149477965827742
leaf_weight=27.850204389542341 54.764832928776741 74.833682030439377 165.17195709422231 10.250000692903994 26.643117021769285 29.814251612871885
leaf_count=109 83 116 617 25 275 90
internal_value=0.00942681 0.0128625 0.00825226 -0.00779777 -0.0144929 0.0259448
internal_weight=389.328 324.585 240.006 64.7433 54.4933 84.5791
internal_count=1315 906 733 409 384 173
is_linear=0
shrinkage=0.03


Tree=59
num_leaves=8
num_cat=0
split_feature=9 10 0 5 22 0 10
split_gain=41.9379 40.2084 23.1821 34.4468 21.8573 13.7407 6.15542
threshold=3.0786382888910659 4.4824540198152476e-17 49.500000000000007 3.5000000000000004 13.850000000000003 87.500000000000014 0.0086606572883710323
decision_type=2 2 2 2 2 2 2
left_child=2 4 3 -1 -2 -4 -3
right_child=1 6 5 -5 -6 -7 -8
leaf_value=0.028733396308726948 -0.0044198233242035978 -0.042777945276021315 0.016022499689402732 -0.025585436187659929 0.027766660467533705 0.031719795800839751 -0.017500101022631494
leaf_weight=17.9485839381814 52.629469811916351 18.957972545176744 164.54152840748429 25.343760076910257 29.706674996763468 72.214861869812012 15.976532299071549
leaf_count=28 288 139 371 230 77 96 99
internal_value=0.0108124 -0.00424942 0.0171195 -0.00306538 0.00719298 0.0208105 -0.0312177
internal_weight=397.319 117.271 280.049 43.2923 82.3361 236.756 34.9345
internal_count=1328 603 725 258 365 467 238
is_linear=0
shrinkage=0.03


Tree=60
num_leaves=7
num_cat=0
split_feature=4 0 19 8 0 1
split_gain=32.3738 35.8645 28.7388 8.78479 6.23592 0.0449809
threshold=1.0315013628699678e-31 46.500000000000007 11.350000000000003 4.4895117689952846 47.500000000000007 5.9272227177398324
decision_type=2 2 2 2 2 2
left_child=1 5 -3 4 -2 -1
right_child=3 2 -4 -5 -6 -7
leaf_value=-0.036042470487257589 0.013817577205825746 -1.9374300219743926e-05 0.020830167222984499 0.00038966370909019899 0.032360538374615604 -0.032680350984316549
leaf_weight=4.5319960117340115 22.267053466290236 182.46625229716301 88.290909357368946 12.444752700626848 61.139603659510612 17.072873372584581
leaf_count=35 44 662 214 36 78 266
internal_value=0.00877178 0.00381133 0.00677943 0.023902 0.0274101 -0.0333856
internal_weight=388.213 292.362 270.757 95.8514 83.4067 21.6049
internal_count=1335 1177 876 158 122 301
is_linear=0
shrinkage=0.03


Tree=61
num_leaves=7
num_cat=0
split_feature=9 23 3 0 2 17
split_gain=39.2098 33.8633 30.6384 14.1593 24.2649 4.14125
threshold=2.3707490828855233 60.500000000000007 31.500000000000004 78.500000000000014 4.5000000000000009 13.950000000000001
decision_type=2 2 2 2 2 2
left_child=3 -2 -3 4 -1 -5
right_child=1 2 -4 5 -6 -7
leaf_value=0.025356368287174472 0.038034096908047703 -0.010307842013288092 0.018926492445060998 0.022734037229762361 -0.0026642237163600072 0.036932034982987028
leaf_weight=60.722023412585258 19.300267692655325 143.30236705392599 41.639338284730911 39.283345088362694 51.323214076459408 34.929242923855782
leaf_count=89 38 824 83 57 203 37
internal_value=0.00929846 0.000220409 -0.00372578 0.019253 0.0125213 0.0294165
internal_weight=390.5 204.242 184.942 186.258 112.045 74.2126
internal_count=1331 945 907 386 292 94
is_linear=0
shrinkage=0.03


Tree=62
num_leaves=7
num_cat=0
split_feature=5 23 10 3 22 15
split_gain=26.0538 33.9512 29.8148 17.9789 21.9863 7.5237
threshold=13.500000000000002 64.500000000000014 -2.838194080064456e-16 22.500000000000004 15.250000000000002 36.250000000000007
decision_type=2 2 2 2 2 2
left_child=3 -2 -3 4 -1 -5
right_child=1 2 -4 5 -6 -7
leaf_value=0.006918137837526683 0.03978424156875647 0.0262653339762852 -0.016049601500595433 0.036420032973038016 0.0372898353624656 0.018602515217040826
leaf_weight=177.00394969806075 15.473646529018877 18.483064357191324 79.207112137228251 40.396254397928715 24.409741029143333 45.190017402172089
leaf_count=578 24 46 530 47 39 75
internal_value=0.0106868 -0.00150376 -0.00804358 0.0154936 0.0105989 0.0270123
internal_weight=400.164 113.164 97.6902 287 201.414 85.5863
internal_count=1339 600 576 739 617 122
is_linear=0
shrinkage=0.03


Tree=63
num_leaves=8
num_cat=0
split_feature=9 0 10 20 0 4 4
split_gain=30.1941 36.1382 20.6814 19.8837 12.9967 21.1549 5.83467
threshold=1.5000000000000002 66.500000000000014 -2.5795803609221989e-16 5.9500000000000011 55.500000000000007 2.0570390255740267e-31 3.3953528489430142e-16
decision_type=2 2 2 2 2 2 2
left_child=4 3 -3 -2 5 -1 -6
right_child=1 2 -4 -5 6 -7 -8
leaf_value=-0.037101311080921698 0.0553775267973622 0.02729088171246247 0.0028057061978746878 -0.023403828524187216 0.019754151912943971 0.015933945010653591 0.03480254746486329
leaf_weight=8.6768086887896043 3.0476684011518946 40.29548018425703 135.26520976424217 53.470462214201689 75.733350858092308 30.785498321056366 33.422396212816238
leaf_count=75 4 66 427 531 123 59 41
internal_value=0.00846978 0.00170878 0.00842565 -0.0191556 0.0190276 0.00427277 0.0243618
internal_weight=380.697 232.079 175.561 56.5181 148.618 39.4623 109.156
internal_count=1326 1028 493 535 298 134 164
is_linear=0
shrinkage=0.03


Tree=64
num_leaves=7
num_cat=0
split_feature=17 23 4 3 4 18
split_gain=29.5669 29.2659 27.7192 14.9631 16.1347 10.2695
threshold=13.891353689366598 58.000000000000007 1.1162680223507022e-12 12.263431446663274 0.99999999999998967 212.50000000000003
decision_type=2 2 2 2 2 2
left_child=1 -1 -3 4 -2 -5
right_child=3 2 -4 5 -6 -7
leaf_value=0.049994432789432657 -0.011030825149776713 -0.0078352927385958691 0.027359886692395141 0.027359142698850956 0.0287509682931248 0.01123515018925699
leaf_weight=9.892797686159609 30.038966879248619 148.68738573789597 23.295240599662066 92.286189999431372 13.211005032062529 57.826795522123575
leaf_count=18 154 771 35 158 18 141
internal_value=0.00850118 -0.000181824 -0.00306807 0.0166683 0.0011208 0.0211478
internal_weight=375.238 181.875 171.983 193.363 43.25 150.113
internal_count=1295 824 806 471 172 299
is_linear=0
shrinkage=0.03


Tree=65
num_leaves=8
num_cat=0
split_feature=20 0 9 16 2 3 7
split_gain=30.6108 30.215 22.5305 15.7272 24.5421 15.0302 11.4711
threshold=10.250000000000002 67.500000000000014 2.914165630435424 18.106203007518801 5.2200467558801975 28.500000000000004 19.500000000000004
decision_type=2 2 2 2 2 2 2
left_child=3 5 -3 4 -1 -2 -5
right_child=1 2 -4 6 -6 -7 -8
leaf_value=0.022023449464365182 -0.023903367922575289 0.021904542025755945 -0.0035183364337182436 0.033168544478343678 -0.0097192225632898328 0.036781365764503478 0.014574269109345693
leaf_weight=45.233877845108509 49.851202297955751 54.814168676733971 73.365209773182869 56.582483626902103 42.534659679979086 3.9654166102409354 63.226178381592035
leaf_count=78 482 86 267 112 186 7 128
internal_value=0.00841391 -0.000567059 0.00735341 0.0162881 0.00664022 -0.0194319 0.0233559
internal_weight=389.573 181.996 128.179 207.577 87.7685 53.8166 119.809
internal_count=1346 842 353 504 264 489 240
is_linear=0
shrinkage=0.03


Tree=66
num_leaves=8
num_cat=0
split_feature=1 16 17 11 15 14 16
split_gain=28.3348 27.5435 28.8148 20.0272 7.85369 13.3353 1.89214
threshold=5.3376416284434258 18.402702702702708 13.250000000000002 11.350000000000003 36.361111111111121 0.99999995453292267 20.080540540540543
decision_type=2 2 2 2 2 2 2
left_child=4 2 -2 -3 6 -6 -1
right_child=1 3 -4 -5 5 -7 -8
leaf_value=0.031817698487420103 -0.025547068464750199 0.024758607441957924 0.0045346440508449272 0.001337101786443812 0.02089966422518658 -0.0089774409122652804 0.019566493975660175
leaf_weight=41.867347382009029 47.64726896956563 62.429710261523724 71.910584915429354 69.365001328289509 55.696952432394028 17.723791241645813 15.563494361937044
leaf_count=56 371 123 268 316 102 50 29
internal_value=0.00886657 0.00297296 -0.00745379 0.0124316 0.0201876 0.0136873 0.0284977
internal_weight=382.204 251.353 119.558 131.795 130.852 73.4207 57.4308
internal_count=1315 1078 639 439 237 152 85
is_linear=0
shrinkage=0.03


Tree=67
num_leaves=8
num_cat=0
split_feature=0 1 7 9 6 18 7
split_gain=24.9407 26.9611 24.0853 8.76874 14.1817 5.77126 2.79517
threshold=83.500000000000014 4.1551998165223401 42.500000000000007 3.0786382888910659 0.99999999999998512 185.50000000000003 15.500000000000002
decision_type=2 2 2 2 2 2 2
left_child=1 6 -3 5 -5 -2 -1
right_child=3 2 -4 4 -6 -7 -8
leaf_value=0.01635343917408948 0.014765785872636191 -0.003053576765477468 0.028091428279418153 -0.018786562010598896 0.020847272334466982 0.031422140525474263 0.032266064667234431
leaf_weight=15.310021862387655 26.45872038602829 183.2933879122138 25.44975034147501 11.297560572624205 28.936826333403587 64.027802303433418 28.298477023839951
leaf_count=26 47 947 44 34 70 87 37
internal_value=0.0107349 0.00522553 0.00074359 0.0213706 0.00971834 0.0265517 0.0266795
internal_weight=383.073 252.352 208.743 130.721 40.2344 90.4865 43.6085
internal_count=1292 1054 991 238 104 134 63
is_linear=0
shrinkage=0.03


Tree=68
num_leaves=8
num_cat=0
split_feature=22 16 0 0 19 19 18
split_gain=22.3478 30.537 27.1948 14.5398 9.95102 11.0033 10.7486
threshold=13.850000000000003 18.014705882352946 70.500000000000014 44.500000000000007 5.9500000000000011 3.2500000000000004 161.50000000000003
decision_type=2 2 2 2 2 2 2
left_child=1 2 -1 -3 5 -2 -6
right_child=4 3 -4 -5 6 -7 -8
leaf_value=-0.029830499305955008 0.029378356728149094 -0.0082186871035021935 0.002588797121675025 0.016803579184582727 0.039597401327970703 -0.014611231727055796 0.01768972099583033
leaf_weight=34.27613041177392 8.2848406955599803 24.74027007073164 72.638452552258968 134.64552661776543 29.849274374544621 13.386650264263151 62.065942745655775
leaf_count=350 14 155 213 341 44 50 157
internal_value=0.00935133 0.00459919 -0.00780462 0.0129196 0.0204926 0.00220564 0.0248042
internal_weight=379.887 266.3 106.915 159.386 113.587 21.6715 91.9152
internal_count=1324 1059 563 496 265 64 201
is_linear=0
shrinkage=0.03


Tree=69
num_leaves=8
num_cat=0
split_feature=2 16 15 9 15 7 18
split_gain=24.7587 20.5862 20.2797 14.5691 11.1669 19.2481 5.40869
threshold=5.2200467558801975 17.321290322580648 36.892611356055966 2.914165630435424 36.361111111111121 15.500000000000002 240.50000000000003
decision_type=2 2 2 2 2 2 2
left_child=4 3 -3 -2 6 -6 -1
right_child=1 2 -4 -5 5 -7 -8
leaf_value=0.030890392799856496 0.023930737961445191 0.012600051053672689 -0.027163070202884013 -0.018435606462271995 -0.01066355528831291 0.018359708810730603 0.013885846000055515
leaf_weight=56.145492732524872 8.499316565692423 117.4973899833858 12.801336765289305 51.99610448256135 27.494190625846386 81.605685576796532 24.043996088206768
leaf_count=80 31 437 86 384 101 151 54
internal_value=0.00960542 0.00197891 0.00869348 -0.0124833 0.0172926 0.0110456 0.0257918
internal_weight=380.084 190.794 130.299 60.4954 189.289 109.1 80.1895
internal_count=1324 938 523 415 386 252 134
is_linear=0
shrinkage=0.03


Tree=70
num_leaves=7
num_cat=0
split_feature=22 3 4 17 5 19
split_gain=21.7762 25.0527 27.1633 9.9127 9.77627 9.14213
threshold=13.727874724494662 20.500000000000004 6.6520637287369521e-18 14.350000000000003 13.500000000000002 11.250000000000002
decision_type=2 2 2 2 2 2
left_child=1 2 -1 -2 -3 -5
right_child=3 4 -4 5 -6 -7
leaf_value=-0.0086404031785303533 -0.0088722776057278008 0.024109165047575647 0.019701442467340635 0.016919417567434997 0.0038082312088408622 0.035499863027711638
leaf_weight=129.0708479359746 9.4520006887614709 63.327571392059326 39.825378108769655 70.703218843787909 32.207139551639557 35.951687280088663
leaf_count=762 39 98 74 167 101 61
internal_value=0.00974278 0.00498739 -0.00195746 0.0205731 0.0172652 0.0231826
internal_weight=380.538 264.431 168.896 116.107 95.5347 106.655
internal_count=1302 1035 836 267 199 228
is_linear=0
shrinkage=0.03


Tree=71
num_leaves=7
num_cat=0
split_feature=1 3 18 15 21 2
split_gain=18.4681 25.2198 21.4893 6.78981 9.03018 2.4711
threshold=5.3376416284434258 63.500000000000007 219.50000000000003 36.361111111111121 0.27983997469962729 4.5000000000000009
decision_type=2 2 2 2 2 2
left_child=3 2 -2 5 -5 -1
right_child=1 -3 -4 4 -6 -7
leaf_value=0.030830290478023315 0.0092884835768871632 0.04356744804778747 -0.0095073394518425548 0.023314378950219202 0.002495038846685825 0.01806121728768979
leaf_weight=37.316055431962013 148.95459052920341 14.186239942908285 86.556637607514858 36.267895825207233 38.819452799856663 21.498076386749744
leaf_count=52 530 14 535 67 96 44
internal_value=0.00954086 0.0047205 0.00238052 0.0185298 0.012551 0.0261629
internal_weight=383.599 249.697 235.511 133.901 75.0873 58.8141
internal_count=1338 1079 1065 259 163 96
is_linear=0
shrinkage=0.03


Tree=72
num_leaves=8
num_cat=0
split_feature=0 2 12 16 0 20 15
split_gain=19.8197 27.4743 17.8803 16.608 19.058 14.0287 10.3061
threshold=55.500000000000007 4.5000000000000009 48.550000000000004 18.106203007518801 66.500000000000014 10.250000000000002 36.361111111111121
decision_type=2 2 2 2 2 2 2
left_child=1 6 -3 4 -2 -5 -1
right_child=3 2 -4 5 -6 -7 -8
leaf_value=0.028385938646713269 -0.022906055396852216 -0.027314867749659976 0.077937754793024838 0.025362572989744037 0.0084778990470360267 0.0084900300864680662 -0.0064231655656051588
leaf_weight=19.265045732259754 20.371152952313423 36.662924002856016 1.5125505700707425 97.757393285632133 119.97213932871819 81.18023943901062 12.702498719096182
leaf_count=28 123 445 10 169 330 223 34
internal_value=0.00847611 -0.00596342 -0.0231447 0.0116483 0.00392245 0.0177079 0.0145543
internal_weight=389.424 70.143 38.1755 319.281 140.343 178.938 31.9675
internal_count=1362 517 455 845 453 392 62
is_linear=0
shrinkage=0.03


Tree=73
num_leaves=8
num_cat=0
split_feature=5 0 13 13 21 4 22
split_gain=23.9203 34.9694 20.9904 19.4227 8.16023 12.2191 5.26138
threshold=6.5000000000000009 66.500000000000014 0.95000000000000007 1.9500000000000002 1.3487851865528819 0.99999144859377509 14.171854661461017
decision_type=2 2 2 2 2 2 2
left_child=4 3 -3 -2 6 -6 -1
right_child=1 2 -4 -5 5 -7 -8
leaf_value=0.019754589329550841 -0.020177596942374122 -0.0011434278721488525 0.018074422591732302 0.029253768001238065 -0.025185886706321176 0.026133233859296164 0.037687901069073534
leaf_weight=59.305701903998852 66.303126387298107 95.354562640190125 110.34137415885925 8.019205264747141 8.1427764557302016 8.5707884728908521 19.586631864309311
leaf_count=108 605 310 227 14 35 13 24
internal_value=0.00721657 0.00279296 0.00916559 -0.0148441 0.0201728 0.00113078 0.0242069
internal_weight=375.624 280.018 205.696 74.3223 95.6059 16.7136 78.8923
internal_count=1336 1156 537 619 180 48 132
is_linear=0
shrinkage=0.03


Tree=74
num_leaves=8
num_cat=0
split_feature=2 0 19 15 0 14 1
split_gain=21.0409 34.2603 21.2656 7.56219 8.03311 1.84267 0.0435088
threshold=4.5000000000000009 46.500000000000007 11.350000000000003 36.361111111111121 51.500000000000007 6.3296804111696325e-11 5.9272227177398324
decision_type=2 2 2 2 2 2 2
left_child=3 6 -3 5 -5 -1 -2
right_child=1 2 -4 4 -6 -7 -8
leaf_value=0.02585861067558181 -0.035820358385876577 0.0021707099760897844 0.019821926720185845 -0.011610659413679407 0.020471551802946703 0.038466262824849613 -0.032373741072602963
leaf_weight=25.036723956465721 4.195698283612729 187.76654274389148 91.296597514301538 9.2226810455322248 29.466973885893822 17.887233957648277 15.378427658230066
leaf_count=40 34 666 221 27 49 19 276
internal_value=0.0089434 0.00525424 0.00794537 0.0224426 0.0128239 0.0311125 -0.0331125
internal_weight=380.251 298.637 279.063 81.6136 38.6897 42.924 19.5741
internal_count=1332 1197 887 135 76 59 310
is_linear=0
shrinkage=0.03


Tree=75
num_leaves=7
num_cat=0
split_feature=4 11 5 18 16 17
split_gain=25.2756 23.439 22.9893 11.906 2.89851 1.80556
threshold=0.57697845111028812 12.450000000000001 13.500000000000002 158.50000000000003 20.080540540540543 16.587117301012182
decision_type=2 2 2 2 2 2
left_child=1 3 -3 -1 -2 -6
right_child=4 2 -4 -5 5 -7
leaf_value=0.020518117933884444 0.034262920643116285 0.001142432545898303 -0.028766235931737921 0.0050433856913307947 0.010897872707499458 0.02718191940203013
leaf_weight=64.22236268222332 24.265929400920868 84.849908698350191 31.798067085444927 147.55864215455949 11.391836747527124 13.26271767914295
leaf_count=144 34 355 333 445 22 20
internal_value=0.00678474 0.00378816 -0.00701063 0.00973608 0.0269023 0.0196577
internal_weight=377.349 328.429 116.648 211.781 48.9205 24.6546
internal_count=1353 1277 688 589 76 42
is_linear=0
shrinkage=0.03


Tree=76
num_leaves=8
num_cat=0
split_feature=0 1 0 19 3 7 0
split_gain=22.6322 23.2052 28.3363 13.5292 17.6711 9.3009 4.23143
threshold=86.500000000000014 4.1551998165223401 46.500000000000007 9.3500000000000032 19.500000000000004 16.500000000000004 35.500000000000007
decision_type=2 2 2 2 2 2 2
left_child=1 6 -3 4 -2 -5 -1
right_child=3 2 -4 5 -6 -7 -8
leaf_value=0.007628348791012235 -0.022666021947250377 -0.034525524183880545 0.0019176022595345024 0.052260533474059873 0.018867652432743322 0.022396779760904796 0.029300291313017739
leaf_weight=11.239448919892309 13.048836082220076 21.109585896134377 212.53153070062399 12.025838568806646 31.416045293211937 42.757206559181213 29.106273576617241
leaf_count=22 44 307 773 16 57 69 44
internal_value=0.0066992 0.002253 -0.00137505 0.0189735 0.00667902 0.0289524 0.023263
internal_weight=373.235 273.987 233.641 99.2479 44.4649 54.783 40.3457
internal_count=1332 1146 1080 186 101 85 66
is_linear=0
shrinkage=0.03


Tree=77
num_leaves=7
num_cat=0
split_feature=19 9 19 14 22 18
split_gain=20.8101 24.9073 24.6718 13.8597 13.5895 10.8233
threshold=11.350000000000003 3.0786382888910659 4.1500000000000012 1.1825474821923402e-22 15.734198745463264 182.50000000000003
decision_type=2 2 2 2 2 2
left_child=1 3 -3 -1 5 -2
right_child=4 2 -4 -5 -6 -7
leaf_value=0.026751230999234581 -0.010330528167762795 0.026417838671787895 -0.017394234633078574 0.0049819833109745193 0.043427264307294655 0.01742427077998495
leaf_weight=33.419295532628894 14.566594604402779 13.753692876547573 72.790142588317394 123.93211082741618 15.900410577654837 95.87000298127532
leaf_count=86 46 32 440 385 19 314
internal_value=0.00761453 0.00249553 -0.0104315 0.00960548 0.0174968 0.0137634
internal_weight=370.232 243.895 86.5438 157.351 126.337 110.437
internal_count=1322 943 472 471 379 360
is_linear=0
shrinkage=0.03


Tree=78
num_leaves=8
num_cat=0
split_feature=0 2 0 9 23 15 22
split_gain=23.4865 27.2805 23.8346 18.2266 12.2795 6.23378 5.25875
threshold=87.500000000000014 4.5000000000000009 66.500000000000014 3.0786382888910659 148.50000000000003 36.361111111111121 11.350000000000003
decision_type=2 2 2 2 2 2 2
left_child=1 5 -3 6 -5 -1 -2
right_child=3 2 -4 4 -6 -7 -8
leaf_value=0.025878541377594929 0.04271862119456054 -0.018151603112483886 0.003406452303175427 0.020500399236269281 -0.021552674742312476 0.0079523278075248807 0.022890434379756009
leaf_weight=38.988880470395088 15.984569475054739 68.967342467978597 139.55085495486856 11.527848914265634 13.647661089897154 31.616471126675606 48.758848026394844
leaf_count=61 18 614 409 22 46 68 76
internal_value=0.00602922 0.00173366 -0.00372387 0.0193634 -0.0022966 0.0178513 0.0277858
internal_weight=369.042 279.124 208.518 89.9189 25.1755 70.6054 64.7434
internal_count=1314 1152 1023 162 68 129 94
is_linear=0
shrinkage=0.03


Tree=79
num_leaves=7
num_cat=0
split_feature=9 23 22 20 22 10
split_gain=25.5859 22.1882 21.1464 20.389 9.86164 6.59662
threshold=1.5000000000000002 213.30350190972868 11.426274497301995 14.65 10.705512089049128 0.017793126704734308
decision_type=2 2 2 2 2 2
left_child=4 3 -3 -2 -1 -6
right_child=1 2 -4 -5 5 -7
leaf_value=-0.011291898442744468 0.0038624876880765427 0.0091925962643516559 -0.029358525331575187 0.067752044934418623 0.024609162364925458 0.010906573709101627
leaf_weight=10.612853739410637 170.47979329526424 19.555874647572637 37.099595258012414 4.6172715015709391 74.447269722819328 54.964864369481802
leaf_count=37 693 102 244 19 131 138
internal_value=0.00638449 0.000267033 -0.0160518 0.00554724 0.0165094 0.0187893
internal_weight=371.778 231.753 56.6555 175.097 140.025 129.412
internal_count=1364 1058 346 712 306 269
is_linear=0
shrinkage=0.03


Tree=80
num_leaves=7
num_cat=0
split_feature=19 0 22 9 0 4
split_gain=27.6869 23.129 19.5228 18.783 14.5956 12.964
threshold=11.15 55.500000000000007 15.250000000000002 3.0786382888910659 37.500000000000007 0.99999999974956799
decision_type=2 2 2 2 2 2
left_child=1 5 4 -3 -2 -1
right_child=2 3 -4 -5 -6 -7
leaf_value=-0.037209678706226434 -0.020413816494083074 0.0096289633756902887 0.042168961465201688 -0.010031826546124032 0.014503161512365047 0.0086632722348995075
leaf_weight=22.925329681485895 12.120114024728535 115.37605065852404 21.06820160895586 70.427889581769705 97.035716166719794 7.3133123666048041
leaf_count=297 104 268 29 321 271 16
internal_value=0.00480288 -0.00178324 0.0157293 0.00217666 0.0106262 -0.0261152
internal_weight=346.267 216.043 130.224 185.804 109.156 30.2386
internal_count=1306 902 404 589 375 313
is_linear=0
shrinkage=0.03


Tree=81
num_leaves=8
num_cat=0
split_feature=4 3 20 21 3 3 0
split_gain=23.8871 28.2918 23.7327 7.20793 6.52863 5.26009 2.76276
threshold=1.7892960410815497e-22 37.500000000000007 9.9500000000000011 1.266961168413214 63.500000000000007 16.018963148300589 34.500000000000007
decision_type=2 2 2 2 2 2 2
left_child=1 2 -1 6 -3 -5 -2
right_child=3 4 -4 5 -6 -7 -8
leaf_value=0.0082043425346301681 0.013126316956674367 0.016299599596885806 -0.010211745778209822 -0.010490700101552529 0.041722944213695261 0.022647212099430502 0.031497659758232974
leaf_weight=110.37527232803404 9.1834715232253057 30.69569556415081 146.66328341327608 9.1189528927207011 12.915856689214705 8.1766830235719663 37.251074485480785
leaf_count=327 18 57 817 28 13 13 59
internal_value=0.0050235 0.00148706 -0.00230367 0.0217069 0.0238289 0.00517558 0.0278643
internal_weight=364.38 300.65 257.039 63.7302 43.6116 17.2956 46.4345
internal_count=1332 1214 1144 118 70 41 77
is_linear=0
shrinkage=0.03


Tree=82
num_leaves=7
num_cat=0
split_feature=9 3 19 15 20 3
split_gain=19.9576 26.5909 22.9152 13.622 20.4368 5.13468
threshold=3.0786382888910659 57.500000000000007 4.1500000000000012 36.361111111111121 11.15 20.500000000000004
decision_type=2 2 2 2 2 2
left_child=3 2 -2 5 -5 -1
right_child=1 -3 -4 4 -6 -7
leaf_value=0.015697049599585192 0.029412708582287936 0.039235165942428249 -0.012540349892933202 0.014773946849830369 -0.009260218664672552 0.029207977830648667
leaf_weight=72.235836369916797 13.419011566787956 12.386596664786337 92.418061021715403 91.038459595292807 48.969275729730725 38.974149487912655
leaf_count=196 31 14 557 233 233 57
internal_value=0.00781044 -0.0023538 -0.00722115 0.0125938 0.00636773 0.020432
internal_weight=369.441 118.224 105.837 251.218 140.008 111.21
internal_count=1321 602 588 719 466 253
is_linear=0
shrinkage=0.03


Tree=83
num_leaves=8
num_cat=0
split_feature=1 0 13 15 10 6 10
split_gain=22.6259 27.8906 31.5343 16.8505 10.1806 8.15452 6.89418
threshold=5.3376416284434258 75.500000000000014 0.35000000000000003 36.750000000000007 0.0098536326297570098 4.9945788262936104e-19 4.4824540198152476e-17
decision_type=2 2 2 2 2 2 2
left_child=4 2 -2 -3 6 -6 -1
right_child=1 3 -4 -5 5 -7 -8
leaf_value=0.017826000633077373 0.06379352476008987 0.012025461998877062 -0.017090819157342538 -0.017246680084988315 0.012978023451112744 -0.015689104062505944 0.039750400033567744
leaf_weight=56.947819754481316 4.5649556666612616 127.68274082988501 87.285441672429442 20.547051563858986 29.665926687419415 12.776619307696818 16.691843919456005
leaf_count=114 11 289 737 60 61 45 22
internal_value=0.00517663 -8.11794e-05 -0.0130709 0.00796787 0.0160508 0.00434826 0.0227956
internal_weight=356.162 240.08 91.8504 148.23 116.082 42.4425 73.6397
internal_count=1339 1097 748 349 242 106 136
is_linear=0
shrinkage=0.03


Tree=84
num_leaves=7
num_cat=0
split_feature=9 3 18 0 0 22
split_gain=20.1231 18.4003 15.987 11.817 13.6561 6.93864
threshold=1.5000000000000002 61.500000000000007 81.000000000000014 37.500000000000007 26.500000000000004 11.850000000000003
decision_type=2 2 2 2 2 2
left_child=3 2 -2 4 -1 -5
right_child=1 -3 -4 5 -6 -7
leaf_value=0.011092162480551764 0.032339439578429954 0.039113033886161719 -0.0033271418425537326 0.0062506655913000678 -0.046281924455507051 0.023026159976405912
leaf_weight=11.021113596856596 11.974054016172884 10.610719904303549 204.13794429786503 29.95909109711647 5.6466155163943759 85.575401850044727
leaf_count=38 26 12 984 73 37 146
internal_value=0.005967 0.000542759 -0.00135097 0.0152694 -0.00834476 0.0186761
internal_weight=358.925 226.723 216.112 132.202 16.6677 115.534
internal_count=1316 1022 1010 294 75 219
is_linear=0
shrinkage=0.03


Tree=85
num_leaves=6
num_cat=0
split_feature=4 21 20 15 16
split_gain=14.7895 17.9039 15.4815 14.7168 6.72216
threshold=0.14401864594698063 1.5295978612857304 9.9500000000000011 35.510222504801781 20.080540540540543
decision_type=2 2 2 2 2
left_child=1 2 -1 -3 -2
right_child=4 3 -4 -5 -6
leaf_value=0.012444027205406985 0.032200460657620195 0.0040699175104299129 -0.0012595823967250697 -0.05441263602783012 0.00791670403389029
leaf_weight=135.47426460124552 24.884931892156601 7.0641373991966239 164.03654379956424 8.5716715008020383 17.45593173801899
leaf_count=359 39 19 818 58 38
internal_value=0.00554165 0.00330504 0.00493881 -0.0279907 0.022189
internal_weight=357.487 315.147 299.511 15.6358 42.3409
internal_count=1331 1254 1177 77 77
is_linear=0
shrinkage=0.03


Tree=86
num_leaves=8
num_cat=0
split_feature=0 2 16 18 19 13 2
split_gain=18.3035 25.3725 16.214 16.157 23.1795 12.2863 5.38498
threshold=66.500000000000014 5.4551775035609014 23.27524038461539 161.50000000000003 11.350000000000003 0.51643594767341361 5.4551775035609014
decision_type=2 2 2 2 2 2 2
left_child=1 5 -3 6 -5 -1 -2
right_child=3 2 -4 4 -6 -7 -8
leaf_value=0.028727775572982964 0.0313823427974756 -0.032207532688603178 0.029967612759524989 -0.0040491220506589437 0.01812002715204165 -0.0017075895407849774 0.01438376718074226
leaf_weight=15.278425190597771 27.894097834825516 34.316492589190602 4.2414163127541533 114.14915359392762 67.575553767383099 54.588544189929962 42.068103171885014
leaf_count=34 37 468 20 359 133 182 95
internal_value=0.00447167 -0.00583302 -0.0253682 0.00891086 0.00419463 0.00494798 0.0211611
internal_weight=360.112 108.425 38.5579 251.687 181.725 69.867 69.9622
internal_count=1328 704 488 624 492 216 132
is_linear=0
shrinkage=0.03


Tree=87
num_leaves=7
num_cat=0
split_feature=4 3 6 15 0 13
split_gain=21.6833 25.7839 21.8795 18.6894 4.65842 0.842395
threshold=0.14401864594698063 13.500000000000002 2.9150706066625686e-08 36.861111111111121 37.500000000000007 0.81002590309704026
decision_type=2 2 2 2 2 2
left_child=1 2 -1 -3 -2 -6
right_child=4 3 -4 -5 5 -7
leaf_value=-0.051106988293279726 0.0097649198610904511 0.0097372011622571773 -0.0068465726586368373 -0.016278140569212562 0.036590661846649185 0.026336461585274588
leaf_weight=11.890874568372963 14.791384115815161 195.97944460250437 64.997229397296906 28.462418079376221 11.72929008305073 18.714890986680984
leaf_count=75 30 536 516 106 16 34
internal_value=0.0042092 0.00130177 -0.0136915 0.00643809 0.0235767 0.0302871
internal_weight=346.566 301.33 76.8881 224.442 45.2356 30.4442
internal_count=1313 1233 591 642 80 50
is_linear=0
shrinkage=0.03


Tree=88
num_leaves=6
num_cat=0
split_feature=22 19 18 22 10
split_gain=22.5793 20.9191 18.7194 18.0418 1.85518
threshold=10.111014907548933 11.350000000000003 158.50000000000003 15.250000000000002 -5.4055363967338567e-18
decision_type=2 2 2 2 2
left_child=4 2 -2 -3 -1
right_child=1 3 -4 -5 -6
leaf_value=-0.02775424933414504 0.012223071339690078 0.0095197192261825131 -0.006546800309588703 0.040552310706279335 -0.058615208989382557
leaf_weight=2.7332977969199419 69.306515811011195 97.217891030013561 154.25050526298583 20.399114146828651 4.8886412978172293
leaf_count=21 202 340 706 27 37
internal_value=0.00351954 0.00466041 -0.000727818 0.0149019 -0.0475482
internal_weight=348.796 341.174 223.557 117.617 7.62194
internal_count=1333 1275 908 367 58
is_linear=0
shrinkage=0.03


Tree=89
num_leaves=8
num_cat=0
split_feature=20 5 16 2 3 13 16
split_gain=21.1841 26.3166 20.1367 35.9074 19.1076 16.2235 11.204
threshold=10.250000000000002 13.500000000000002 17.754310344827591 5.2200467558801975 25.500000000000004 0.45000000000000007 25.699095022624437
decision_type=2 2 2 2 2 2 2
left_child=2 4 3 -1 -2 -4 -3
right_child=1 6 5 -5 -6 -7 -8
leaf_value=0.017780562294979631 -0.0017424782831672971 -0.026985081378302238 0.052949185940734882 -0.028062755532248584 0.026089346018231416 0.015672968726440216 0.026758546821630071
leaf_weight=36.23958982527256 100.77341771125793 40.641981696709991 11.607689864933489 26.71101931296289 28.473440408706665 110.92503594234586 3.8191441707313052
leaf_count=72 410 396 22 150 43 249 8
internal_value=0.00506873 -0.00245973 0.0121192 -0.00167154 0.00438895 0.0192042 -0.0223686
internal_weight=359.191 173.708 185.483 62.9506 129.247 122.533 44.4611
internal_count=1350 857 493 222 453 271 404
is_linear=0
shrinkage=0.03


Tree=90
num_leaves=7
num_cat=0
split_feature=22 10 23 19 3 23
split_gain=15.5647 16.5056 20.8196 9.28915 9.02735 5.69827
threshold=15.250000000000002 -2.5795803609221989e-16 58.000000000000007 6.0500000000000007 20.500000000000004 153.50000000000003
decision_type=2 2 2 2 2 2
left_child=1 4 -3 -2 -1 -5
right_child=3 2 -4 5 -6 -7
leaf_value=0.007732205619329564 -0.0016784316384072476 0.032417642362146525 -0.0029377823547433583 0.039577503851797251 0.029425468225976855 0.016748716173586947
leaf_weight=45.659627860412002 11.99608366563916 16.135952178388834 211.08187857456505 20.231545399874449 27.761379823088646 19.159832518547773
leaf_count=130 35 32 1016 27 41 43
internal_value=0.00617681 0.00356879 -0.000427005 0.0214348 0.0159347 0.0284737
internal_weight=352.026 300.639 227.218 51.3875 73.421 39.3914
internal_count=1324 1219 1048 105 171 70
is_linear=0
shrinkage=0.03


Tree=91
num_leaves=8
num_cat=0
split_feature=9 11 0 16 14 0 19
split_gain=24.5546 25.0755 27.6227 17.5774 11.2038 19.0092 6.60534
threshold=2.3707490828855233 11.350000000000003 76.500000000000014 17.321290322580648 0.037184772765884749 58.500000000000007 13.350000000000003
decision_type=2 2 2 2 2 2 2
left_child=4 3 -3 -2 6 -6 -1
right_child=1 2 -4 -5 5 -7 -8
leaf_value=0.014819292187656661 -0.01161335631395405 -0.035522769075267455 -0.0025550270576325429 0.015719345004333626 -0.026843375769008658 0.011755590295195408 0.034837160599406024
leaf_weight=42.107855409383774 30.846619538962841 35.314696686342359 64.925930254161358 67.540161080658436 13.854506794363258 67.083210542798042 22.905641615390778
leaf_count=113 121 498 193 159 86 126 45
internal_value=0.00325548 -0.00360932 -0.0141695 0.00714989 0.0125979 0.00514842 0.021872
internal_weight=344.579 198.627 100.241 98.3868 145.951 80.9377 65.0135
internal_count=1341 971 691 280 370 212 158
is_linear=0
shrinkage=0.03


Tree=92
num_leaves=8
num_cat=0
split_feature=22 0 24 23 12 22 6
split_gain=22.5126 33.2942 17.0627 10.7041 15.7511 8.31993 7.70298
threshold=13.727874724494662 58.500000000000007 0.55000000000000016 213.30350190972868 32.850000000000001 14.704137237679953 2.2516155625402111e-12
decision_type=2 2 2 2 2 2 2
left_child=1 6 -3 5 -5 -2 -1
right_child=3 2 -4 4 -6 -7 -8
leaf_value=-0.0096694056704073796 0.030169515046857678 0.040031681803076653 0.0027390228496252341 0.016807842919207453 -0.039159871765833243 0.011946994883273096 -0.034871892150979453
leaf_weight=19.451373394578695 41.946099199354649 11.727014426141976 188.99663991853595 12.035717591643335 7.2527485303580752 48.766408804804087 24.870222030207515
leaf_count=72 87 28 578 27 46 115 388
internal_value=0.00478289 -0.000278466 0.0049178 0.0160579 -0.00423685 0.0203732 -0.0238113
internal_weight=355.046 245.045 200.724 110.001 19.2885 90.7125 44.3216
internal_count=1341 1066 606 275 73 202 460
is_linear=0
shrinkage=0.03


Tree=93
num_leaves=5
num_cat=0
split_feature=1 17 8 16
split_gain=17.8954 18.0309 17.4565 3.05889
threshold=4.1551998165223401 29.700000000000006 1.5000000000000002 19.812812812812815
decision_type=2 2 2 2
left_child=3 2 -2 -1
right_child=1 -3 -4 -5
leaf_value=0.030205518647016198 -0.049394247921663713 0.028812427593113241 0.00061034273300020745 0.013329222434561571
leaf_weight=22.323914274573326 6.4268389940261832 20.203616715967655 281.07996995188296 17.047599494457245
leaf_count=38 31 35 1195 36
internal_value=0.0038543 0.00141764 -0.000507445 0.0228982
internal_weight=347.082 307.71 287.507 39.3715
internal_count=1335 1261 1226 74
is_linear=0
shrinkage=0.03


Tree=94
num_leaves=5
num_cat=0
split_feature=3 4 0 0
split_gain=14.5215 15.5221 20.7002 5.98243
threshold=61.500000000000007 0.57697845111028812 46.500000000000007 37.500000000000007
decision_type=2 2 2 2
left_child=1 2 -1 -3
right_child=-2 3 -4 -5
leaf_value=-0.02864284313895606 0.034658326903809253 0.0039790154971886841 0.0038544950595614785 0.029823705532974504
leaf_weight=18.819303633645177 14.612813398241995 11.512224659323691 281.73957358300686 26.886690303683281
leaf_count=306 17 26 937 48
internal_value=0.00537672 0.00411436 0.00181969 0.0220753
internal_weight=353.571 338.958 300.559 38.3989
internal_count=1334 1317 1243 74
is_linear=0
shrinkage=0.03


Tree=95
num_leaves=5
num_cat=0
split_feature=17 6 23 18
split_gain=16.9914 19.3726 18.6686 8.46598
threshold=29.700000000000006 1.186207745328435e-19 77.500000000000014 198.50000000000003
decision_type=2 2 2 2
left_child=1 3 -3 -1
right_child=-2 2 -4 -5
leaf_value=0.027822499184773388 0.029537948999113627 0.020503523932385644 -0.0048922681037629244 0.0069004757073194319
leaf_weight=30.274695552885532 21.466856807470322 29.500056866556406 222.84195417352021 40.95206955820322
leaf_count=50 36 71 1078 99
internal_value=0.00369135 0.00197658 -0.00192337 0.0157933
internal_weight=345.036 323.569 252.342 71.2268
internal_count=1334 1298 1149 149
is_linear=0
shrinkage=0.03


Tree=96
num_leaves=8
num_cat=0
split_feature=0 1 11 9 11 19 7
split_gain=24.0059 20.6419 23.9553 15.4651 19.9666 6.72176 3.81759
threshold=86.500000000000014 4.1551998165223401 11.614741212380062 3.0786382888910659 12.050000000000002 7.4500000000000011 15.500000000000002
decision_type=2 2 2 2 2 2 2
left_child=1 6 -3 5 -5 -2 -1
right_child=3 2 -4 4 -6 -7 -8
leaf_value=0.0075505313216949832 0.0034167563703464158 0.0055964757017899431 -0.014562607672813165 0.011989049023283179 -0.048639642500565725 0.028678203559394929 0.028141632130821
leaf_weight=13.050651788711546 11.439092934131621 103.80719036608934 108.5055088698864 20.212320372462276 6.4482757598161689 55.353840216994286 21.377202600240707
leaf_count=29 25 317 746 49 31 81 39
internal_value=0.00369253 -0.00121196 -0.00470612 0.0166416 -0.00267493 0.0243519 0.0203361
internal_weight=340.194 246.741 212.313 93.4535 26.6606 66.7929 34.4279
internal_count=1317 1131 1063 186 80 106 68
is_linear=0
shrinkage=0.03


Tree=97
num_leaves=5
num_cat=0
split_feature=13 0 2 19
split_gain=15.921 15.665 21.4186 11.3751
threshold=0.35000000000000003 86.500000000000014 4.5000000000000009 6.9456295930750729
decision_type=2 2 2 2
left_child=-1 2 -2 -3
right_child=1 3 -4 -5
leaf_value=0.054182489151462718 0.01595156152023108 -0.0060963713033789467 -0.0048805065653197552 0.019791085000807253
leaf_weight=5.7781205326318732 58.051953166723251 19.253209911286831 189.14524786546826 73.957485035061836
leaf_count=13 119 51 1011 139
internal_value=0.00480173 0.00396354 1.171e-05 0.0144439
internal_weight=346.186 340.408 247.197 93.2107
internal_count=1333 1320 1130 190
is_linear=0
shrinkage=0.03


Tree=98
num_leaves=8
num_cat=0
split_feature=9 18 19 11 15 0 10
split_gain=15.7658 16.7241 23.4709 16.446 14.2538 13.597 7.56781
threshold=2.3707490828855233 158.50000000000003 9.3500000000000032 11.850000000000003 36.361111111111121 55.500000000000007 0.056307663669775972
decision_type=2 2 2 2 2 2 2
left_child=4 3 -3 -2 6 -6 -1
right_child=1 2 -4 -5 5 -7 -8
leaf_value=0.027715503190299935 0.019824466824236522 -0.022041517611303116 0.0033677617551199366 -0.017633298753560973 -0.021569358472740996 0.0086598525329104371 0.0034992884971415429
leaf_weight=46.905419755727053 45.069085799157619 59.951082533225417 72.025908853858709 13.772943878546355 16.519703317433596 70.720634452998638 15.436896972358225
leaf_count=87 100 382 377 77 106 149 42
internal_value=0.00347207 -0.00224421 -0.00817451 0.0110569 0.0107642 0.00293569 0.0217192
internal_weight=340.402 190.819 131.977 58.842 149.583 87.2403 62.3423
internal_count=1320 936 759 177 384 255 129
is_linear=0
shrinkage=0.03


Tree=99
num_leaves=7
num_cat=0
split_feature=4 0 12 0 19 5
split_gain=15.6332 21.54 13.3519 5.15094 4.48035 1.06945
threshold=0.14401864594698063 46.500000000000007 25.350000000000005 37.500000000000007 2.7500000000000004 3.5000000000000004
decision_type=2 2 2 2 2 2
left_child=1 4 -3 -2 -1 -5
right_child=3 2 -4 5 -6 -7
leaf_value=0.015731642756111348 0.006742960233780057 0.030219463829191964 0.0031887721136527217 0.024920211733460883 -0.033266636768447974 0.036928362502472147
leaf_weight=1.8656150847673441 12.218367859721182 17.526578366756439 266.86736228317022 15.160874702036383 16.840187553316355 11.925481826066969
leaf_count=7 27 25 910 30 319 20
internal_value=0.00511192 0.00280355 0.00485461 0.022913 -0.0283798 0.0302071
internal_weight=342.404 303.1 284.394 39.3047 18.7058 27.0864
internal_count=1338 1261 935 77 326 50
is_linear=0
shrinkage=0.03


Tree=100
num_leaves=7
num_cat=0
split_feature=22 15 16 5 12 9
split_gain=12.2837 17.5078 13.0136 12.675 9.33622 8.70507
threshold=12.739948218989413 37.250000000000007 14.946969696969699 14.500000000000002 43.45000000000001 1.5000000000000002
decision_type=2 2 2 2 2 2
left_child=1 3 5 -1 -4 -2
right_child=2 -3 4 -5 -6 -7
leaf_value=0.0043054985625654678 0.015920856683990989 -0.057099097360395097 0.01007450172386045 -0.017601598733617736 0.037274517556966362 -0.046292406741817616
leaf_weight=136.54019861854613 3.079657416790722 4.8913459833711377 152.00289960764349 28.779696730896831 12.274427236989139 5.9061191864311695
leaf_count=523 8 34 427 237 41 51
internal_value=0.00456079 -0.00116318 0.0101839 0.000491804 0.0121068 -0.0249703
internal_weight=343.474 170.211 173.263 165.32 164.277 8.98578
internal_count=1321 794 527 760 468 59
is_linear=0
shrinkage=0.03


Tree=101
num_leaves=5
num_cat=0
split_feature=3 6 0 22
split_gain=15.8099 18.9293 21.6721 6.17816
threshold=61.500000000000007 1.186207745328435e-19 74.500000000000014 13.196244954755933
decision_type=2 2 2 2
left_child=1 3 -3 -1
right_child=-2 2 -4 -5
leaf_value=0.0075726031387475575 0.03466889698731393 -0.013405352688128275 0.0046396550051779348 0.025660455731936507
leaf_weight=39.853480365127325 13.412078991532324 98.231009922921658 153.50784347206354 29.631383582949638
leaf_count=96 16 764 378 58
internal_value=0.00275683 0.0014244 -0.00240169 0.0152861
internal_weight=334.636 321.224 251.739 69.4849
internal_count=1312 1296 1142 154
is_linear=0
shrinkage=0.03


Tree=102
num_leaves=7
num_cat=0
split_feature=22 7 19 16 9 3
split_gain=16.1513 14.7631 16.4301 13.397 13.8241 8.63607
threshold=12.739948218989413 40.500000000000007 7.3500000000000005 15.078600405679515 1.5000000000000002 61.500000000000007
decision_type=2 2 2 2 2 2
left_child=1 2 -1 4 -2 -5
right_child=3 -3 -4 5 -6 -7
leaf_value=-0.026170552616339719 0.025430673836817311 0.020707744773265774 -0.001638669606392184 0.010036194988552826 -0.045987625379262008 0.040607201168314684
leaf_weight=31.678570898249745 3.6386624202132207 19.495005082339048 109.51067302562296 149.75248723290861 7.4001910090446472 8.8054794669151288
leaf_count=216 9 36 542 442 65 9
internal_value=0.00305173 -0.0037639 -0.00714288 0.00950918 -0.0224465 0.0117339
internal_weight=330.281 160.684 141.189 169.597 11.0389 158.558
internal_count=1319 794 758 525 74 451
is_linear=0
shrinkage=0.03


Tree=103
num_leaves=8
num_cat=0
split_feature=22 0 13 12 17 11 19
split_gain=14.3558 16.1116 16.5181 14.6627 13.8472 10.2749 8.29895
threshold=12.644704822452217 86.500000000000014 0.51643594767341361 43.45000000000001 11.450000000000001 8.3500000000000032 11.450000000000001
decision_type=2 2 2 2 2 2 2
left_child=1 2 -1 5 -3 -2 -5
right_child=3 4 -4 6 -6 -7 -8
leaf_value=0.01758225340420317 0.030471878005848246 0.04120706338526519 -0.012954662965493474 0.014210465155812228 0.0034976874393070809 0.0056306298313249367 0.06011245666276905
leaf_weight=19.172414869070053 16.611980572342873 11.844013765454291 94.626642130315304 6.3971507437527162 33.702412031590939 153.06366422958672 7.9505935721099377
leaf_count=100 24 21 567 28 80 496 16
internal_value=0.00481714 -0.00177491 -0.00780992 0.0105252 0.0133037 0.0080627 0.0396464
internal_weight=343.369 159.345 113.799 184.023 45.5464 169.676 14.3477
internal_count=1332 768 667 564 101 520 44
is_linear=0
shrinkage=0.03


Tree=104
num_leaves=8
num_cat=0
split_feature=0 22 18 19 3 19 17
split_gain=18.6023 22.2712 27.2184 16.227 20.6823 15.2043 10.5957
threshold=86.500000000000014 15.250000000000002 219.50000000000003 7.1500000000000012 37.500000000000007 11.250000000000002 11.450000000000001
decision_type=2 2 2 2 2 2 2
left_child=1 2 -1 4 -2 -3 -5
right_child=3 5 -4 6 -6 -7 -8
leaf_value=0.0024707793751377253 -0.036235267959245594 0.0013727588456645316 -0.020395654921769181 0.047418406152351253 0.025907138459550002 0.037214873094219759 0.015453096571860697
leaf_weight=114.90544873662293 11.461982548236849 24.541715670377016 79.101512938737869 11.227021574974058 8.3183827698230726 18.820248141884804 55.316384792327881
leaf_count=489 44 70 554 17 12 28 108
internal_value=0.00182895 -0.00250807 -0.00685244 0.0137547 -0.0101021 0.0169292 0.0208462
internal_weight=323.693 237.369 194.007 86.3238 19.7804 43.362 66.5434
internal_count=1322 1141 1043 181 56 98 125
is_linear=0
shrinkage=0.03


Tree=105
num_leaves=7
num_cat=0
split_feature=5 20 19 22 17 0
split_gain=18.3588 21.9847 15.1736 14.7246 13.0553 0.44037
threshold=13.500000000000002 11.750000000000002 4.1500000000000012 10.111014907548933 29.350000000000005 78.500000000000014
decision_type=2 2 2 2 2 2
left_child=3 2 -2 -1 -5 -3
right_child=1 5 -4 4 -6 -7
leaf_value=-0.035982110405692581 0.026829929449570588 -0.03307251808629804 -0.007292399973992619 0.0065310309103111938 0.03630399150980429 -0.042238214899048034
leaf_weight=6.9263277798891059 14.164500866085289 11.746162604540588 68.207610752433538 206.78377559408545 14.163042940199373 7.8843329921364775
leaf_count=37 28 228 304 670 20 42
internal_value=0.00235423 -0.00822391 -0.00142481 0.00708931 0.00843953 -0.0367538
internal_weight=329.876 102.003 82.3721 227.873 220.947 19.6305
internal_count=1329 602 332 727 690 270
is_linear=0
shrinkage=0.03


Tree=106
num_leaves=7
num_cat=0
split_feature=0 22 23 14 12 0
split_gain=14.47 18.8256 15.9764 8.59617 8.94546 1.68022
threshold=86.500000000000014 10.111014907548933 352.50000000000006 1.3650074059751963e-25 37.650000000000013 65.500000000000014
decision_type=2 2 2 2 2 2
left_child=1 5 -3 -2 -5 -1
right_child=3 2 -4 4 -6 -7
leaf_value=-0.034715423269336035 0.034124895238731134 0.00251819054131902 -0.054054176110273772 0.0014136397412662725 0.022635940119153142 -0.064320917028714647
leaf_weight=3.65592729859054 15.863975793123243 242.79886853322387 4.5774476006627074 45.176806315779686 29.579683646559715 3.2670983485877514
leaf_count=36 30 1065 33 107 50 21
internal_value=0.00377394 0.000105875 0.00147138 0.0140673 0.00981089 -0.0486868
internal_weight=344.92 254.299 247.376 90.6205 74.7565 6.92303
internal_count=1342 1155 1098 187 157 57
is_linear=0
shrinkage=0.03


Tree=107
num_leaves=8
num_cat=0
split_feature=5 12 16 3 22 17 23
split_gain=12.36 24.9965 20.4795 15.0725 22.881 10.6511 4.5806
threshold=13.500000000000002 37.750000000000007 17.321290322580648 20.500000000000004 11.15 41.250000000000007 114.50000000000001
decision_type=2 2 2 2 2 2 2
left_child=3 2 -2 4 -1 -3 -5
right_child=1 5 -4 6 -6 -7 -8
leaf_value=-0.026630689262920556 -0.020483851043474995 -0.037586831680813913 0.013158089995400765 -0.00047957154465698838 0.0068891510717426245 0.041571732683201031 0.02100300114057586
leaf_weight=21.125751800835133 22.934395486488938 21.600199405103925 56.174117013812065 10.213213726878164 138.38925501704216 1.6464281231164921 71.258766740560532
leaf_count=125 133 289 163 26 475 2 124
internal_value=0.00410221 -0.00463171 0.00340494 0.0078118 0.00244987 -0.0319805 0.01831
internal_weight=343.342 102.355 79.1085 240.987 159.515 23.2466 81.472
internal_count=1337 587 296 750 600 291 150
is_linear=0
shrinkage=0.03


Tree=108
num_leaves=8
num_cat=0
split_feature=16 0 1 14 0 10 23
split_gain=15.0949 15.5044 16.2788 14.8747 10.7107 10.2237 9.39314
threshold=18.106203007518801 84.500000000000014 4.1551998165223401 1.1825474821923402e-22 34.500000000000007 -0.025124898255208489 60.500000000000007
decision_type=2 2 2 2 2 2 2
left_child=1 2 -1 -3 5 -2 -6
right_child=4 3 -4 -5 6 -7 -8
leaf_value=0.024807242873228261 0.022156950598609747 0.039298940698648019 -0.015057497680807937 0.00046890119446857376 0.031291389051453178 -0.031276494091541422 0.0087890576402784373
leaf_weight=10.341995052993296 4.6260313764214507 11.915596425533293 84.905366089195013 34.837912797927856 18.622878924012184 10.623889787122605 161.31250631995499
leaf_count=21 10 22 576 88 34 103 486
internal_value=0.00365804 -0.00378378 -0.010729 0.0103651 0.0090721 -0.0150676 0.011118
internal_weight=337.186 142.001 95.2474 46.7535 195.185 15.2499 179.935
internal_count=1340 707 597 110 633 113 520
is_linear=0
shrinkage=0.03


Tree=109
num_leaves=7
num_cat=0
split_feature=10 1 15 24 0 20
split_gain=15.0823 15.7629 29.2238 11.8717 10.4894 7.51823
threshold=-2.5795803609221989e-16 5.3376416284434258 36.861111111111121 0.75000000000000011 58.500000000000007 10.350000000000003
decision_type=2 2 2 2 2 2
left_child=3 5 -3 -1 -5 -2
right_child=1 2 -4 4 -6 -7
leaf_value=-0.014256664642405457 0.01985231185438744 0.00065478414411243937 -0.038060307523394343 -0.0062814899762718215 0.025876268941975266 0.0018714800998968447
leaf_weight=9.9411714319139701 48.63813704252243 164.08914195932448 19.648883249610662 10.834223343059419 57.999372761696577 36.73542970046401
leaf_count=38 95 774 184 47 98 106
internal_value=0.0048434 0.00146381 -0.00348539 0.0163888 0.0208147 0.0121153
internal_weight=347.886 269.112 183.738 78.7748 68.8336 85.3736
internal_count=1342 1159 958 183 145 201
is_linear=0
shrinkage=0.03


Tree=110
num_leaves=8
num_cat=0
split_feature=3 19 2 15 15 3 14
split_gain=16.3683 17.0935 38.6684 26.4053 12.4449 11.7689 2.40549
threshold=19.500000000000004 10.250000000000002 5.2200467558801975 36.922222222222224 35.583333333333336 63.500000000000007 4.5733545977212686e-21
decision_type=2 2 2 2 2 2 2
left_child=1 2 -1 -3 6 -6 -2
right_child=4 3 -4 -5 5 -7 -8
leaf_value=0.0042807133989098776 0.039878710060249518 0.012258864275851053 -0.032069330007812646 -0.037128578867462257 0.001264634052672748 0.033074044743086187 0.020609217777842852
leaf_weight=55.674719654023647 9.3317398130893725 69.980021109804511 49.985157512128353 11.319127274677156 104.39983397163451 11.634635597467421 15.539815746247767
leaf_count=153 13 287 463 85 288 14 29
internal_value=0.000860667 -0.00495858 -0.0129156 0.00538274 0.00858184 0.00445413 0.0278391
internal_weight=327.865 186.959 105.66 81.2991 140.906 116.034 24.8716
internal_count=1332 988 616 372 344 302 42
is_linear=0
shrinkage=0.03


Tree=111
num_leaves=8
num_cat=0
split_feature=0 19 2 22 3 9 21
split_gain=15.5533 19.4253 24.0468 13.6974 11.9036 10.2101 5.28138
threshold=75.500000000000014 13.15 5.4551775035609014 13.450000000000001 11.500000000000002 2.914165630435424 0.51697347450054409
decision_type=2 2 2 2 2 2 2
left_child=1 2 -1 -3 6 -6 -2
right_child=4 3 -4 -5 5 -7 -8
leaf_value=0.0018573705902946186 -0.033887559883130115 -0.00099918942606931323 -0.027066389059008562 0.035986223700340769 0.022206912038785845 0.0065423117195709153 0.005383539636401093
leaf_weight=61.607990875840187 7.8396605327725393 20.79393308609724 44.595770321786404 15.90508761256933 54.240816190838814 120.96261811256409 5.0787260830402374
leaf_count=196 36 130 516 36 91 289 11
internal_value=0.00367507 -0.003786 -0.0102879 0.01503 0.00934273 0.0113919 -0.0184485
internal_weight=331.025 142.903 106.204 36.699 188.122 175.203 12.9184
internal_count=1305 878 712 166 427 380 47
is_linear=0
shrinkage=0.03


Tree=112
num_leaves=8
num_cat=0
split_feature=10 17 23 3 0 22 14
split_gain=22.6035 18.3003 27.6189 25.79 6.71316 10.8444 5.20695
threshold=-2.838194080064456e-16 13.395122025559912 66.500000000000014 12.263431446663274 58.500000000000007 13.450000000000001 1.2551356729263047e-24
decision_type=2 2 2 2 2 2 2
left_child=4 2 -2 -3 5 -1 -6
right_child=1 3 -4 -5 6 -7 -8
leaf_value=-0.032678722335363571 0.04729695102987317 -0.021387952426865944 -0.015695443257771665 0.011130677846554738 0.038597929415111011 0.024528743919348815 0.016670624745910679
leaf_weight=5.9107293579727394 6.7106922641396514 26.928374033421278 94.171435588039458 118.72029122337699 11.907476998865603 6.0191747769713402 53.709936805069447
leaf_count=44 15 179 620 306 18 13 106
internal_value=0.00275951 -0.00168406 -0.0115052 0.00511844 0.0168861 -0.00381498 0.0206497
internal_weight=324.078 246.531 100.882 145.649 77.5473 11.9299 65.6174
internal_count=1301 1120 635 485 181 57 124
is_linear=0
shrinkage=0.03


Tree=113
num_leaves=5
num_cat=0
split_feature=3 5 23 20
split_gain=13.5574 15.1954 21.7041 13.897
threshold=61.500000000000007 14.500000000000002 64.500000000000014 14.65
decision_type=2 2 2 2
left_child=1 3 -3 -1
right_child=-2 2 -4 -5
leaf_value=0.0026162921430433932 0.0310464390831687 0.02731543901135914 -0.021980561448007817 0.047377402218989326
leaf_weight=264.70776831917465 13.834987998008726 9.717163220047949 46.523313466459513 6.3933099973946801
leaf_count=952 18 15 379 22
internal_value=0.00195734 0.000727898 -0.0134633 0.00367188
internal_weight=341.177 327.342 56.2405 271.101
internal_count=1386 1368 394 974
is_linear=0
shrinkage=0.03


Tree=114
num_leaves=7
num_cat=0
split_feature=22 14 13 18 19 17
split_gain=15.7151 11.9948 13.7854 10.383 21.6962 6.62449
threshold=11.050000000000002 0.99999999999999867 1.2500000000000002 156.50000000000003 11.350000000000003 17.450000000000003
decision_type=2 2 2 2 2 2
left_child=1 2 -1 5 -5 -2
right_child=3 -3 -4 4 -6 -7
leaf_value=-0.035233163557275522 0.020251787176944556 0.01721088394037314 0.0096061790394022933 -0.0054090272211806756 0.014536968904585569 0.0010110741197405029
leaf_weight=22.954240407794718 56.19205497764051 8.3848714269697648 8.4396715983748418 132.67582897655666 77.898552734404802 22.574597306549549
leaf_count=210 143 17 22 606 267 60
internal_value=0.00301474 -0.0146653 -0.0231789 0.00544539 0.00196967 0.0147374
internal_weight=329.12 39.7788 31.3939 289.341 210.574 78.7667
internal_count=1325 249 232 1076 873 203
is_linear=0
shrinkage=0.03


Tree=115
num_leaves=7
num_cat=0
split_feature=22 2 24 0 6 10
split_gain=22.8384 16.9883 16.4407 11.1752 2.50848 0.118902
threshold=10.111014907548933 5.2200467558801975 0.55000000000000016 47.500000000000007 1.4367507842049112e-12 0.019133758447761402
decision_type=2 2 2 2 2 2
left_child=4 3 -3 -2 -1 -6
right_child=1 2 -4 -5 5 -7
leaf_value=-0.081188901462823759 -0.008961917738922711 0.035405290378243498 -0.0055953077345686194 0.013876864761022824 -0.036539467074403906 -0.046873290577472249
leaf_weight=2.1485693305730811 22.694948855787516 9.3083175104111415 161.83282828889787 128.22001484781504 2.2664823271334171 1.7963109165430067
leaf_count=11 108 41 868 264 28 16
internal_value=0.002006 0.00310493 -0.0033653 0.0104423 -0.0549726 -0.0411084
internal_weight=328.267 322.056 171.141 150.915 6.21136 4.06279
internal_count=1336 1281 909 372 55 44
is_linear=0
shrinkage=0.03


Tree=116
num_leaves=5
num_cat=0
split_feature=17 21 13 0
split_gain=14.8876 14.3759 12.5704 8.17959
threshold=29.350000000000005 1.7348986462441494 0.35000000000000003 76.500000000000014
decision_type=2 2 2 2
left_child=1 2 -1 -3
right_child=-2 3 -4 -5
leaf_value=0.049499995524900448 0.028369109946752246 -0.052269757159057822 0.0028438610750858196 -0.0043356419220863199
leaf_weight=5.2906269915401927 21.106664426624775 6.5359812062233669 294.48596767894924 6.2847112119197845
leaf_count=14 36 47 1220 15
internal_value=0.00398335 0.00233681 0.00366727 -0.0287724
internal_weight=333.704 312.597 299.777 12.8207
internal_count=1332 1296 1234 62
is_linear=0
shrinkage=0.03


Tree=117
num_leaves=5
num_cat=0
split_feature=13 18 0 19
split_gain=14.5097 18.1475 16.2603 12.9558
threshold=0.35000000000000003 219.50000000000003 88.500000000000014 11.350000000000003
decision_type=2 2 2 2
left_child=-1 3 -3 -2
right_child=1 2 -4 -5
leaf_value=0.050540505567090971 0.0031555118960372715 -0.012683774538786779 0.01341310333614131 0.02086338281810176
leaf_weight=5.6491789296269408 140.79981235321611 96.753367589786649 27.622691437602043 50.530768670141697
leaf_count=12 525 594 59 121
internal_value=0.00288577 0.00203305 -0.00688792 0.00783219
internal_weight=321.356 315.707 124.376 191.331
internal_count=1311 1299 653 646
is_linear=0
shrinkage=0.03


Tree=118
num_leaves=6
num_cat=0
split_feature=24 3 15 12 16
split_gain=13.3291 12.3324 15.1288 9.87176 6.3401
threshold=0.55000000000000016 9.2483663560960583 37.083333333333336 43.650000000000013 17.754310344827591
decision_type=2 2 2 2 2
left_child=4 3 -3 -2 -1
right_child=1 2 -4 -5 -6
leaf_value=0.0039899236702312432 -0.023005404613251578 0.0066065803278070922 -0.021483477982901636 0.0233647770189515 0.046281691899239322
leaf_weight=4.7534997072070828 25.102187911979858 271.17395902890712 18.428790432401001 4.9461651109158984 9.7009852901101095
leaf_count=27 230 924 83 49 26
internal_value=0.00419521 0.00292099 0.00481908 -0.0153726 0.0323736
internal_weight=334.106 319.651 289.603 30.0484 14.4545
internal_count=1339 1286 1007 279 53
is_linear=0
shrinkage=0.03


Tree=119
num_leaves=5
num_cat=0
split_feature=13 18 0 17
split_gain=10.5497 13.4635 19.3991 11.6974
threshold=0.35000000000000003 218.50000000000003 88.500000000000014 12.780966952827081
decision_type=2 2 2 2
left_child=-1 3 -3 -2
right_child=1 2 -4 -5
leaf_value=0.042136627752195434 -0.0041048352905523585 -0.011071949545619495 0.017343159689962372 0.01225714752594495
leaf_weight=6.1072775349020949 55.734854788519442 102.78893033321947 27.384216383099556 133.55678828246891
leaf_count=16 273 617 53 363
internal_value=0.003079 0.00233233 -0.00509433 0.00743954
internal_weight=325.572 319.465 130.173 189.292
internal_count=1322 1306 670 636
is_linear=0
shrinkage=0.03


Tree=120
num_leaves=8
num_cat=0
split_feature=10 19 3 17 0 3 21
split_gain=16.7052 19.5843 20.4795 11.7597 10.3651 9.76418 4.27851
threshold=-2.5795803609221989e-16 11.350000000000003 31.500000000000004 11.750000000000002 74.500000000000014 13.500000000000002 0.43241096079147801
decision_type=2 2 2 2 2 2 2
left_child=4 2 -2 -3 5 -1 -6
right_child=1 3 -4 -5 6 -7 -8
leaf_value=0.015400601700169348 -0.011694441723358404 0.032975539470400252 0.015669043595548705 0.0054532089092954004 0.034603876453240971 -0.019968269818016381 0.016422078492638707
leaf_weight=17.936018958687786 131.27354122325778 17.830675285309553 30.297386974096298 64.570770433172584 20.322519883513451 11.547547075897453 27.290248870849609
leaf_count=64 753 67 58 245 26 44 52
internal_value=0.00335347 -0.000493276 -0.00656331 0.0114087 0.0155266 0.00154801 0.0241826
internal_weight=321.069 243.972 161.571 82.4014 77.0963 29.4836 47.6128
internal_count=1309 1123 811 312 186 108 78
is_linear=0
shrinkage=0.03


Tree=121
num_leaves=5
num_cat=0
split_feature=12 6 16 7
split_gain=14.2779 13.2218 17.8581 6.79313
threshold=25.350000000000005 1.186207745328435e-19 25.150268336314848 15.500000000000002
decision_type=2 2 2 2
left_child=-1 3 -3 -2
right_child=1 2 -4 -5
leaf_value=0.027898967849024438 -0.00011810082394798986 -0.0036179142299813411 0.032249852413274376 0.021253220894903217
leaf_weight=19.473038196563721 20.203979808837175 231.83062933851033 13.204653702676294 39.666981972754002
leaf_count=31 60 1123 25 81
internal_value=0.00299356 0.00140296 -0.00168504 0.0140413
internal_weight=324.379 304.906 245.035 59.871
internal_count=1320 1289 1148 141
is_linear=0
shrinkage=0.03


Tree=122
num_leaves=5
num_cat=0
split_feature=7 10 24 22
split_gain=14.8004 16.533 18.3213 8.60125
threshold=64.500000000000014 -0.011489929088274143 0.55000000000000016 12.350000000000003
decision_type=2 2 2 2
left_child=1 3 -3 -1
right_child=-2 2 -4 -5
leaf_value=-0.0023292491207277696 0.030578183741068455 0.031069045139240272 -0.0048471873930617526 0.02235493322333159
leaf_weight=18.399406660348177 15.464643985033034 13.51722388807684 235.19323662109673 41.049114149063826
leaf_count=59 21 52 1133 77
internal_value=0.00193934 0.000502127 -0.00289517 0.0147151
internal_weight=323.624 308.159 248.71 59.4485
internal_count=1342 1321 1185 136
is_linear=0
shrinkage=0.03


Tree=123
num_leaves=8
num_cat=0
split_feature=16 19 0 7 0 5 5
split_gain=14.3929 13.6571 16.0847 15.9037 10.3168 9.87672 9.69797
threshold=18.106203007518801 11.350000000000003 87.500000000000014 12.500000000000002 46.500000000000007 13.500000000000002 3.5000000000000004
decision_type=2 2 2 2 2 2 2
left_child=1 2 -1 -3 6 -6 -2
right_child=4 3 -4 -5 5 -7 -8
leaf_value=-0.018569823738599955 0.013742486179069594 0.048357442793911666 0.0089085962030699007 0.0011428661328952876 0.01668055402977954 0.0010450097032959538 -0.026812207326193362
leaf_weight=66.225471403449774 8.8649768084287661 7.8856620062142602 26.98401315510273 34.564248712733388 106.16730179637671 55.299600847065449 13.222201280295847
leaf_count=467 20 43 64 124 242 199 144
internal_value=0.00321871 -0.00419118 -0.0106149 0.00991363 0.00869514 0.0113257 -0.0105351
internal_weight=319.213 135.659 93.2095 42.4499 183.554 161.467 22.0872
internal_count=1303 698 531 167 605 441 164
is_linear=0
shrinkage=0.03


Tree=124
num_leaves=8
num_cat=0
split_feature=20 5 22 20 16 18 10
split_gain=13.149 15.8401 16.6747 14.876 13.329 9.27538 8.79914
threshold=10.250000000000002 12.500000000000002 9.8500000000000032 13.950000000000001 16.206389452332662 139.50000000000003 -0.025124898255208489
decision_type=2 2 2 2 2 2 2
left_child=4 3 -3 -2 6 -6 -1
right_child=1 2 -4 -5 5 -7 -8
leaf_value=0.02331224936074176 0.00076221517834745975 0.056451490143494744 -0.018640817890015666 0.040074060961462703 0.025654916443529494 0.0082939789182356789 -0.019534306527174493
leaf_weight=5.466114982962611 92.422847144305706 2.7937046447768799 56.192435926757753 9.559348061680792 37.656518410891294 104.71695429645479 20.460905065760016
leaf_count=10 354 10 463 29 67 302 105
internal_value=0.00341999 -0.00271007 -0.0150843 0.00444713 0.009283 0.0128858 -0.0105011
internal_weight=329.269 160.968 58.9861 101.982 168.3 142.373 25.927
internal_count=1340 856 473 383 484 369 115
is_linear=0
shrinkage=0.03


Tree=125
num_leaves=5
num_cat=0
split_feature=17 18 19 16
split_gain=16.4562 14.4597 14.8742 10.038
threshold=30.700000000000006 158.50000000000003 10.350000000000003 22.215277777777782
decision_type=2 2 2 2
left_child=1 3 -3 -1
right_child=-2 2 -4 -5
leaf_value=0.01453627180428781 0.028216560827937311 -0.011714644134858792 0.0037545399003657059 -0.019642120795049751
leaf_weight=71.872620658949018 19.750996638089418 111.66775750834495 112.10213858541101 8.6661508940160257
leaf_count=204 35 600 456 30
internal_value=0.00168052 -4.17922e-05 -0.00396504 0.0108586
internal_weight=324.06 304.309 223.77 80.5388
internal_count=1325 1290 1056 234
is_linear=0
shrinkage=0.03


Tree=126
num_leaves=6
num_cat=0
split_feature=22 9 23 19 0
split_gain=13.586 14.33 19.851 10.2374 9.8294
threshold=10.349755041905548 1.5000000000000002 215.50000000000003 8.5500000000000025 37.500000000000007
decision_type=2 2 2 2 2
left_child=3 4 -3 -1 -2
right_child=1 2 -4 -5 -6
leaf_value=-0.0024191318419279962 -0.0086524431010531252 0.0051135638465473528 -0.017635916665122455 -0.062845929623362204 0.017333440205447442
leaf_weight=5.4663415495306236 15.215935718268154 163.09496037941426 43.789443448185921 4.6868106983602047 94.239556243643165
leaf_count=38 77 681 285 36 198
internal_value=0.00384633 0.00494269 0.000298377 -0.0303128 0.013721
internal_weight=326.493 316.34 206.884 10.1532 109.455
internal_count=1315 1241 966 74 275
is_linear=0
shrinkage=0.03


Tree=127
num_leaves=7
num_cat=0
split_feature=0 23 23 5 14 11
split_gain=10.6804 18.8299 22.6878 8.7202 11.717 6.84359
threshold=86.500000000000014 35.000000000000007 58.000000000000007 14.500000000000002 4.8818200686813086e-25 10.350000000000003
decision_type=2 2 2 2 2 2
left_child=1 -1 -3 4 -2 -5
right_child=3 2 -4 5 -6 -7
leaf_value=-0.062535134673394888 0.049330579566342479 0.03627545414735097 -0.0028331071593796181 0.012921948588651113 0.011021965701198684 -0.026675124197997474
leaf_weight=4.4736044444143763 8.1858127713203412 14.242006305605171 213.23125693388283 7.0916976928710929 58.81016431003809 8.806243844330309
leaf_count=22 10 25 1069 14 121 39
internal_value=0.00171997 -0.00158325 -0.000384536 0.0109628 0.0157027 -0.0090118
internal_weight=314.841 231.947 227.473 82.8939 66.996 15.8979
internal_count=1300 1116 1094 184 131 53
is_linear=0
shrinkage=0.03


Tree=128
num_leaves=7
num_cat=0
split_feature=21 5 19 15 5 0
split_gain=13.0194 12.8061 25.1442 11.3887 9.30695 2.00962
threshold=1.700145145719514 13.500000000000002 4.1500000000000012 36.892611356055966 4.5000000000000009 70.500000000000014
decision_type=2 2 2 2 2 2
left_child=1 3 -3 -1 -2 -6
right_child=4 2 -4 -5 5 -7
leaf_value=0.010563590740299136 0.0014940106789538667 0.028312328392488442 -0.012347109419883713 -0.0092053270612251319 -0.039375674265280332 -0.073651114748307156
leaf_weight=176.42745733447373 4.9619699716567975 16.445122044533491 81.663187286816537 30.806790929287672 3.7962396256625652 2.589825414121151
leaf_count=525 17 32 539 146 35 12
internal_value=0.0022249 0.00339755 -0.00553169 0.00762481 -0.0293275 -0.0532758
internal_weight=316.691 305.343 98.1083 207.234 11.348 6.38607
internal_count=1306 1242 571 671 64 47
is_linear=0
shrinkage=0.03


Tree=129
num_leaves=5
num_cat=0
split_feature=7 5 10 0
split_gain=17.7754 16.6317 15.1534 14.5901
threshold=64.500000000000014 13.500000000000002 -0.011489929088274143 77.500000000000014
decision_type=2 2 2 2
left_child=1 3 -3 -1
right_child=-2 2 -4 -5
leaf_value=-0.0027172687010795509 0.032422078790686031 0.017055455945775164 -0.016403074193640295 0.012851781434120359
leaf_weight=112.77441057562828 16.358614072203636 14.650892956182359 72.309310056269169 104.24884005635977
leaf_count=540 21 37 547 201
internal_value=0.00195887 0.000319516 -0.010766 0.00476145
internal_weight=320.342 303.983 86.9602 217.023
internal_count=1346 1325 584 741
is_linear=0
shrinkage=0.03


Tree=130
num_leaves=7
num_cat=0
split_feature=4 0 19 19 0 18
split_gain=13.7926 14.1789 14.9242 5.45542 3.80185 0.316411
threshold=0.14401864594698063 46.500000000000007 11.350000000000003 2.7500000000000004 47.500000000000007 218.50000000000003
decision_type=2 2 2 2 2 2
left_child=1 3 -3 -1 -2 -6
right_child=4 2 -4 -5 5 -7
leaf_value=0.026876535652696685 0.0090123455614838262 -0.0027122651672129377 0.012374057888590622 -0.033238067595948419 0.02671735749636452 0.034628997247570403
leaf_weight=1.506203070282935 12.295268826186659 178.40260573476553 88.187948243692517 13.86984963249415 9.2574743777513522 8.9457328915595991
leaf_count=5 28 694 236 302 24 16
internal_value=0.00273556 0.000662639 0.00227828 -0.0273494 0.0219003 0.0306054
internal_weight=312.465 281.967 266.591 15.3761 30.4985 18.2032
internal_count=1305 1237 930 307 68 40
is_linear=0
shrinkage=0.03


Tree=131
num_leaves=4
num_cat=0
split_feature=3 12 5
split_gain=12.663 11.7467 13.9262
threshold=61.500000000000007 25.350000000000005 14.500000000000002
decision_type=2 2 2
left_child=1 -1 -3
right_child=-2 2 -4
leaf_value=0.028454739422998154 0.033953587595147522 0.0054159873315249773 -0.01177850694198109
leaf_weight=16.490613982081413 13.068386092782019 244.90457519888878 51.267775245010853
leaf_count=26 16 894 377
internal_value=0.005021 0.0038117 0.0024396
internal_weight=325.731 312.663 296.172
internal_count=1313 1297 1271
is_linear=0
shrinkage=0.03


Tree=132
num_leaves=7
num_cat=0
split_feature=1 0 20 16 15 2
split_gain=13.2197 20.3105 13.0908 2.44317 0.961942 0.257631
threshold=4.1551998165223401 46.500000000000007 14.65 19.773504273504276 36.472222222222229 4.5000000000000009
decision_type=2 2 2 2 2 2
left_child=3 5 -3 4 -1 -2
right_child=1 2 -4 -5 -6 -7
leaf_value=0.032019518773120557 -0.045864718375255298 0.0011335515077485854 0.044419203627076242 0.010438477387945037 0.018946554571184583 -0.032557254315775587
leaf_weight=11.720722861588003 1.4509943798184384 264.09628023765981 6.4414800424128762 14.930650942027567 8.9217623174190503 13.411328359507023
leaf_count=25 8 934 21 37 20 309
internal_value=0.00243786 0.000288391 0.00216418 0.0196829 0.0263693 -0.0338564
internal_weight=320.973 285.4 270.538 35.5731 20.6425 14.8623
internal_count=1354 1272 955 82 45 317
is_linear=0
shrinkage=0.03


Tree=133
num_leaves=5
num_cat=0
split_feature=3 1 0 16
split_gain=13.0718 13.5427 14.9843 9.46841
threshold=63.500000000000007 5.3376416284434258 75.500000000000014 21.202941176470592
decision_type=2 2 2 2
left_child=1 3 -3 -1
right_child=-2 2 -4 -5
leaf_value=0.014821274124748946 0.033620358118252029 -0.013687949919767543 0.0028131930566513458 -0.008350553855553302
leaf_weight=80.909895990043879 11.591830983757971 76.787614153698087 139.51669207960367 19.743598476052284
leaf_count=192 14 736 367 61
internal_value=0.00232982 0.00118546 -0.00304468 0.010276
internal_weight=328.55 316.958 216.304 100.653
internal_count=1370 1356 1103 253
is_linear=0
shrinkage=0.03


Tree=134
num_leaves=8
num_cat=0
split_feature=22 1 3 13 23 9 18
split_gain=15.1659 25.8191 19.7426 16.0579 9.83545 15.9002 7.7207
threshold=12.505137156758233 5.9272227177398324 14.234266647065395 0.51643594767341361 213.30350190972868 1.5000000000000002 257.50000000000006
decision_type=2 2 2 2 2 2 2
left_child=1 3 -3 -1 6 -6 -2
right_child=4 2 -4 -5 5 -7 -8
leaf_value=0.042491370765953697 0.013317876288779642 -0.038942619118657672 -0.0067424857400273904 0.0025860421565101015 0.016980003815031685 -0.022264583917455442 -0.014793112295178441
leaf_weight=11.324085362255571 134.10443561244756 23.521355126053095 63.13432838767767 45.70478230714798 16.094438666477799 21.981945602223277 9.4102284722030145
leaf_count=17 382 345 261 123 38 141 46
internal_value=0.0021162 -0.00516614 -0.0154827 0.0105099 0.00787839 -0.00567636 0.0114746
internal_weight=325.276 143.685 86.6557 57.0289 181.591 38.0764 143.515
internal_count=1353 746 606 140 607 179 428
is_linear=0
shrinkage=0.03


Tree=135
num_leaves=7
num_cat=0
split_feature=6 16 3 10 0 10
split_gain=17.9054 17.2109 16.2256 13.71 11.3637 9.56666
threshold=0.99998964238358712 25.150268336314848 83.000000000000014 0.0024083538092637834 75.500000000000014 4.3166152212277526e-17
decision_type=2 2 2 2 2 2
left_child=3 2 -2 5 -5 -1
right_child=1 -3 -4 4 -6 -7
leaf_value=0.010878535589808258 -0.012463501390589739 0.03449765306754083 0.041389343126221001 -0.014428597694464428 0.0084313140433150847 0.039274682532812348
leaf_weight=64.103707641363144 134.44603767804801 8.1137133873999101 5.2312252670526496 36.597126678563654 42.067592136561871 12.811958234757183
leaf_count=163 851 13 5 188 87 22
internal_value=-0.000501258 -0.00797916 -0.0104466 0.00660225 -0.00220379 0.0156085
internal_weight=303.371 147.791 139.677 155.58 78.6647 76.9157
internal_count=1329 869 856 460 275 185
is_linear=0
shrinkage=0.03


Tree=136
num_leaves=5
num_cat=0
split_feature=13 4 18 0
split_gain=12.6512 13.0579 14.7765 7.16897
threshold=0.35000000000000003 0.14401864594698063 158.50000000000003 38.500000000000007
decision_type=2 2 2 2
left_child=-1 2 -2 -3
right_child=1 3 -4 -5
leaf_value=0.046352249017110027 0.0086203060185401723 -0.00061468883733883407 -0.0068564486599995396 0.028783189746085729
leaf_weight=5.315204754471778 77.571638785302639 11.905117489397528 195.31402303092182 20.020237550139427
leaf_count=12 228 30 1037 45
internal_value=0.000467006 -0.000333128 -0.00245696 0.0178206
internal_weight=310.126 304.811 272.886 31.9254
internal_count=1352 1340 1265 75
is_linear=0
shrinkage=0.03


Tree=137
num_leaves=8
num_cat=0
split_feature=5 6 17 22 0 19 0
split_gain=14.0957 16.843 15.3623 11.4928 13.6275 9.51116 6.24927
threshold=13.500000000000002 0.99999996131792745 11.450000000000001 15.250000000000002 87.500000000000014 4.3500000000000005 67.500000000000014
decision_type=2 2 2 2 2 2 2
left_child=3 5 -3 4 -1 -2 -5
right_child=1 2 -4 6 -6 -7 -8
leaf_value=-0.0013869306315532817 0.055150874718592056 0.011651621767341596 -0.019250648351757084 0.0049956698110518259 0.01723402805275975 0.00066349427245552823 0.034311273790824152
leaf_weight=142.66537969745696 5.3983015120029432 18.517277832143009 66.378632868640125 10.252235498279335 47.032371155917645 6.1886517582461238 18.095886781811714
leaf_count=590 5 121 440 32 85 37 25
internal_value=0.00166774 -0.00787962 -0.0125103 0.00589234 0.00322982 0.0260489 0.0237091
internal_weight=314.529 96.4829 84.8959 218.046 189.698 11.587 28.3481
internal_count=1335 603 561 732 675 42 57
is_linear=0
shrinkage=0.03


Tree=138
num_leaves=4
num_cat=0
split_feature=7 17 21
split_gain=12.9569 8.87611 13.3626
threshold=64.500000000000014 29.700000000000006 1.7348986462441494
decision_type=2 2 2
left_child=1 2 -1
right_child=-2 -3 -4
leaf_value=0.0005123817120734279 0.027671427979143261 0.020613139552448895 -0.035687289427647477
leaf_weight=273.27069849334657 16.827253803610802 18.746118117123842 9.4964542938396317
leaf_count=1227 25 39 57
internal_value=0.00205179 0.000621971 -0.000703348
internal_weight=318.341 301.513 282.767
internal_count=1348 1323 1284
is_linear=0
shrinkage=0.03


Tree=139
num_leaves=6
num_cat=0
split_feature=17 13 14 6 0
split_gain=11.7284 10.8639 11.4461 4.63705 0.887656
threshold=10.750000000000002 0.35000000000000003 4.2315990594125236e-29 1.4678134900740033e-11 82.500000000000014
decision_type=2 2 2 2 2
left_child=3 -2 -3 -1 -5
right_child=1 2 -4 4 -6
leaf_value=0.007985295532947214 0.046525453180960262 0.015899133778668504 -0.0014958493325882239 -0.036027490224547411 -0.058301992623535956
leaf_weight=2.0544749051332456 4.7649068906903258 39.37076753936708 251.66417492739856 5.286815358325839 2.315332368016243
leaf_count=6 10 119 1093 68 11
internal_value=0.000530829 0.00159297 0.000857318 -0.0320043 -0.0428115
internal_weight=305.456 295.8 291.035 9.65662 7.60215
internal_count=1307 1222 1212 85 79
is_linear=0
shrinkage=0.03


Tree=140
num_leaves=5
num_cat=0
split_feature=23 17 13 5
split_gain=9.43336 13.1123 13.0452 15.9799
threshold=60.500000000000007 14.65 0.35000000000000003 13.500000000000002
decision_type=2 2 2 2
left_child=1 -1 -2 -4
right_child=2 -3 3 -5
leaf_value=0.040160840939316267 0.048601615204680142 -0.0045551755881194809 0.0038874093817449083 -0.011673569542509874
leaf_weight=12.920896258205177 4.9019530415534964 10.864592105150221 198.89597042277455 84.681167628616095
leaf_count=23 11 31 686 581
internal_value=0.00157663 0.0197357 7.93867e-05 -0.000759375
internal_weight=312.265 23.7855 288.479 283.577
internal_count=1332 54 1278 1267
is_linear=0
shrinkage=0.03


Tree=141
num_leaves=7
num_cat=0
split_feature=14 19 9 19 19 10
split_gain=12.6361 14.2262 14.2667 11.536 16.6219 13.2216
threshold=1.1825474821923402e-22 2.7500000000000004 1.5000000000000002 10.65 11.750000000000002 2.0871217111945779e-16
decision_type=2 2 2 2 2 2
left_child=3 -2 -3 5 -5 -1
right_child=1 2 -4 4 -6 -7
leaf_value=-0.0070326405015263722 0.030181952117956441 0.0064022462581950247 -0.009484609965069335 0.050527389406271994 0.0074639788477079434 0.029112789836639816
leaf_weight=34.452719706110656 11.897160518914459 81.526471987366676 135.30387806519866 13.974949457682667 19.081601943820715 12.380909436382352
leaf_count=201 22 244 706 33 79 41
internal_value=0.00182886 -0.00175874 -0.00351128 0.0121003 0.0256694 0.00252274
internal_weight=308.618 228.728 216.83 79.8902 33.0566 46.8336
internal_count=1326 972 950 354 112 242
is_linear=0
shrinkage=0.03


Tree=142
num_leaves=8
num_cat=0
split_feature=10 19 5 10 0 3 21
split_gain=12.5109 15.2814 21.7243 17.6417 13.5425 15.9137 2.65112
threshold=-2.5795803609221989e-16 12.550000000000002 13.500000000000002 -3.4321628000018565e-17 74.500000000000014 13.500000000000002 0.45799763885632377
decision_type=2 2 2 2 2 2 2
left_child=4 3 -3 -2 5 -1 -6
right_child=1 2 -4 -5 6 -7 -8
leaf_value=0.01542462253571448 -0.025938612275333641 0.019001722161701054 -0.030915630902214837 -0.0021636900849653158 0.031664759947260687 -0.028902401814969204 0.016065471508540902
leaf_weight=17.436940887011591 34.468223546631634 49.084231212735176 9.3397025261074287 151.78516392968595 19.152294829487801 12.524911880493162 20.091505348682404
leaf_count=57 231 151 76 709 27 52 40
internal_value=0.000820875 -0.00236447 0.0110219 -0.0065635 0.0120827 -0.00310534 0.0236784
internal_weight=313.883 244.677 58.4239 186.253 69.2057 29.9619 39.2438
internal_count=1343 1167 227 940 176 109 67
is_linear=0
shrinkage=0.03


Tree=143
num_leaves=7
num_cat=0
split_feature=15 14 3 13 17 16
split_gain=11.9049 14.4777 9.51952 9.74118 9.48166 5.11388
threshold=37.083333333333336 0.93354450623268803 61.500000000000007 0.35000000000000003 15.15 17.533936651583716
decision_type=2 2 2 2 2 2
left_child=2 4 3 -1 -2 -3
right_child=1 5 -4 -5 -6 -7
leaf_value=0.043274324876785564 -0.024794284203196119 -0.025167770822467711 0.028174208764450329 0.00027630137905176394 0.021718679914862225 -0.071857770541880764
leaf_weight=4.826113447546958 8.2905493611469883 3.798787593841551 12.13432991504669 271.92228161357343 7.5241174995899192 4.7527335695922375
leaf_count=10 68 16 17 1212 17 25
internal_value=0.000467942 -0.0196696 0.00216647 0.00102613 -0.00266489 -0.051117
internal_weight=313.249 24.3662 288.883 276.748 15.8147 8.55152
internal_count=1365 126 1239 1222 85 41
is_linear=0
shrinkage=0.03


Tree=144
num_leaves=7
num_cat=0
split_feature=0 22 16 16 20 6
split_gain=10.5591 16.4124 12.5873 11.5478 8.71164 2.24994
threshold=86.500000000000014 10.111014907548933 18.106203007518801 21.468269230769234 10.65 1.4678134900740033e-11
decision_type=2 2 2 2 2 2
left_child=1 5 -3 4 -2 -1
right_child=3 2 -4 -5 -6 -7
leaf_value=-0.07948512679550096 0.0068521144373563849 -0.0080875962670705921 0.0066302346308356342 -0.019456073921466966 0.027330533845664008 -0.038233393799455638
leaf_weight=1.8812249451875676 41.877360321581364 85.23853837326169 135.33110484760255 9.284677676856516 33.774645045399666 3.238305514678359
leaf_count=10 93 558 525 28 65 42
internal_value=0.00310324 -0.000289951 0.000942569 0.0121194 0.0159947 -0.0533918
internal_weight=310.626 225.689 220.57 84.9367 75.652 5.11953
internal_count=1321 1135 1083 186 158 52
is_linear=0
shrinkage=0.03


Tree=145
num_leaves=5
num_cat=0
split_feature=13 19 18 18
split_gain=9.32267 9.31203 21.8332 12.2814
threshold=0.35000000000000003 10.350000000000003 180.50000000000003 182.50000000000003
decision_type=2 2 2 2
left_child=-1 2 -2 -3
right_child=1 3 -4 -5
leaf_value=0.042996234221035191 0.009236882590484552 -0.012520656346754677 -0.011894077162802422 0.012004877698086665
leaf_weight=5.1050473153591147 79.979860340245068 21.914717257022858 97.842415378428996 113.80454949475825
leaf_count=13 262 74 554 439
internal_value=0.00278158 0.00212681 -0.00238992 0.00804472
internal_weight=318.647 313.542 177.822 135.719
internal_count=1342 1329 816 513
is_linear=0
shrinkage=0.03


Tree=146
num_leaves=5
num_cat=0
split_feature=3 10 19 15
split_gain=13.3533 12.646 13.1892 7.03341
threshold=63.500000000000007 -0.011489929088274143 11.15 35.972222222222229
decision_type=2 2 2 2
left_child=1 3 -3 -1
right_child=-2 2 -4 -5
leaf_value=0.02668142840668725 0.032074348251468474 -0.0097789402501673433 0.0049458166372749928 0.0039174200393006144
leaf_weight=18.448693290352821 11.133345648646353 150.15285373385996 86.164193269796669 36.154731271788478
leaf_count=34 14 819 358 104
internal_value=-0.000169566 -0.00140352 -0.00441011 0.0116086
internal_weight=302.054 290.92 236.317 54.6034
internal_count=1329 1315 1177 138
is_linear=0
shrinkage=0.03


Tree=147
num_leaves=8
num_cat=0
split_feature=0 9 19 22 2 15 13
split_gain=14.2582 12.4522 14.0374 11.3676 10.69 6.89186 6.21915
threshold=55.500000000000007 2.3707490828855233 2.4500000000000006 13.450000000000001 4.5000000000000009 37.083333333333336 0.51643594767341361
decision_type=2 2 2 2 2 2 2
left_child=3 5 -3 6 -5 -2 -1
right_child=1 2 -4 4 -6 -7 -8
leaf_value=-0.0014328393343067476 0.014875747107256497 0.033617955689863185 -0.0038021668384889285 0.023786980091061893 -0.023385259006389082 -0.0089993642131658141 -0.034418390749554488
leaf_weight=6.7537048291415003 85.161671333014965 9.5703436285257322 157.56657237187028 10.33324381709099 7.4342200625687829 12.475539550185202 21.587544010952115
leaf_count=71 178 12 620 21 74 35 334
internal_value=0.000631983 0.00331306 -0.00165947 -0.0147638 0.00404928 0.0118251 -0.026558
internal_weight=310.883 264.774 167.137 46.1087 17.7675 97.6372 28.3412
internal_count=1345 845 632 500 95 213 405
is_linear=0
shrinkage=0.03


Tree=148
num_leaves=7
num_cat=0
split_feature=22 17 0 18 22 18
split_gain=8.63243 11.2711 11.4779 7.75901 12.7526 11.1734
threshold=13.727874724494662 22.350000000000005 44.500000000000007 210.50000000000003 15.250000000000002 122.50000000000001
decision_type=2 2 2 2 2 2
left_child=1 2 -1 5 -5 -2
right_child=3 -3 -4 4 -6 -7
leaf_value=-0.021514624195037198 -0.0037870198499511242 -0.034003126139920507 0.0039349142193641686 -0.021444538070135362 0.016036479760641896 0.024800294414816567
leaf_weight=17.424182734452188 16.66437105089426 8.2389651741832477 188.44035961199552 14.67813893035054 18.425815189257264 47.037974154576659
leaf_count=285 50 38 730 81 47 95
internal_value=0.0037652 0.000403876 0.00178089 0.0111993 -0.000582429 0.0173219
internal_weight=310.91 214.104 205.865 96.8063 33.104 63.7023
internal_count=1326 1053 1015 273 128 145
is_linear=0
shrinkage=0.03


Tree=149
num_leaves=5
num_cat=0
split_feature=20 3 24 15
split_gain=13.2614 12.5985 10.2041 8.93389
threshold=14.65 11.500000000000002 0.32952791091726036 36.861111111111121
decision_type=2 2 2 2
left_child=1 2 -1 -3
right_child=-2 3 -4 -5
leaf_value=0.045608724836328433 0.048578158595349079 0.0060234840942928764 -0.014041851869489971 -0.010538488822060314
leaf_weight=2.7009588032960883 5.3325720019638529 219.54337771330029 58.116421700455248 33.82977148797363
leaf_count=3 31 720 470 138
internal_value=0.00166521 0.000868984 -0.0113927 0.00381217
internal_weight=319.523 314.191 60.8174 253.373
internal_count=1362 1331 473 858
is_linear=0
shrinkage=0.03


Tree=150
num_leaves=7
num_cat=0
split_feature=21 24 15 0 5 10
split_gain=11.2873 13.3672 10.4191 11.7674 8.49152 3.97937
threshold=1.700145145719514 0.75000000000000011 37.250000000000007 87.500000000000014 13.500000000000002 0.13657242882375212
decision_type=2 2 2 2 2 2
left_child=2 -2 4 -4 -1 -3
right_child=1 5 3 -5 -6 -7
leaf_value=0.007976965187506518 0.021512732469834029 -0.068853669234773984 -0.044450312229393926 0.022551919815629002 -0.0030484716597419721 -0.027981082283333857
leaf_weight=184.44992949441075 3.6970187425613394 3.9469198994338495 8.1199962040409428 3.3251498192548743 95.378290667198598 4.6928399177268147
leaf_count=610 12 23 60 6 584 29
internal_value=0.00188105 -0.0262255 0.0030715 -0.0249842 0.00421899 -0.046653
internal_weight=303.61 12.3368 291.273 11.4451 279.828 8.63976
internal_count=1324 64 1260 66 1194 52
is_linear=0
shrinkage=0.03


Tree=151
num_leaves=5
num_cat=0
split_feature=20 16 0 16
split_gain=9.89787 9.70757 17.2542 7.03087
threshold=15.15 18.126054590570721 84.500000000000014 18.609126984126988
decision_type=2 2 2 2
left_child=1 2 -1 -3
right_child=-2 3 -4 -5
leaf_value=-0.014858508041221029 0.045427333084765098 0.018428234939883565 0.007989987318233676 0.0020827989293596832
leaf_weight=78.302426253445446 4.4077994767576447 28.340883199125528 47.967283450067043 144.14344367664307
leaf_count=578 15 90 122 532
internal_value=0.0008 0.000141571 -0.00617883 0.00476852
internal_weight=303.162 298.754 126.27 172.484
internal_count=1337 1322 700 622
is_linear=0
shrinkage=0.03


Tree=152
num_leaves=8
num_cat=0
split_feature=23 6 3 3 22 15 18
split_gain=14.8667 15.396 17.1106 15.7792 14.0602 19.0727 10.4448
threshold=213.30350190972868 0.53950155217037166 63.500000000000007 14.234266647065395 12.739948218989413 36.69444444444445 258.50000000000006
decision_type=2 2 2 2 2 2 2
left_child=4 3 -3 -2 5 -1 -6
right_child=1 2 -4 -5 6 -7 -8
leaf_value=0.0042467573668454415 -0.027534042127079338 -0.032117556632381701 0.03564578656013738 0.017118029209282418 0.013379850378914669 -0.02411843632308704 -0.025730012606901689
leaf_weight=80.249686868861318 10.288317531347273 31.819028619676828 3.7487635761499396 23.148976750671864 120.45202710665762 29.060237525962293 6.4761161953210822
leaf_count=349 61 295 4 51 337 195 39
internal_value=0.0010142 -0.0112359 -0.0249755 0.00337904 0.00459246 -0.00329418 0.0113844
internal_weight=305.243 69.0051 35.5678 33.4373 236.238 109.31 126.928
internal_count=1331 411 299 112 920 544 376
is_linear=0
shrinkage=0.03


Tree=153
num_leaves=7
num_cat=0
split_feature=4 20 10 6 20 23
split_gain=9.67377 9.68962 18.2776 8.28537 4.11506 5.67369
threshold=8.004254916332089e-24 9.1500000000000004 0.0024083538092637834 0.99999999929803052 8.3500000000000032 210.50000000000003
decision_type=2 2 2 2 2 2
left_child=1 3 -3 -1 -2 -6
right_child=4 2 -4 -5 5 -7
leaf_value=0.01613866757247906 -0.0037411577026042436 0.0017867657880292044 -0.019891254582995718 -0.0025343809487467766 0.026367133342374036 0.00031271231067078417
leaf_weight=47.561449509114027 8.9238909222185594 118.48831117153168 49.681537286378443 38.857974054291844 26.449294853955507 10.511769726872442
leaf_count=115 30 610 332 134 58 30
internal_value=0.0018633 -0.000421933 -0.00461746 0.00774244 0.0145428 0.0189572
internal_weight=300.474 254.589 168.17 86.4194 45.885 36.9611
internal_count=1309 1191 942 249 118 88
is_linear=0
shrinkage=0.03


Tree=154
num_leaves=7
num_cat=0
split_feature=3 14 3 7 15 6
split_gain=12.2393 14.1005 13.8309 10.2555 8.00809 7.63775
threshold=24.500000000000004 1.1997379389259054e-21 11.500000000000002 26.500000000000004 35.510222504801781 0.99999999905862469
decision_type=2 2 2 2 2 2
left_child=1 2 -1 -3 -2 -6
right_child=4 3 -4 -5 5 -7
leaf_value=-0.018681809466345657 0.038261412323846986 -0.00486288925792739 0.017332272594376516 -0.040341046591476394 0.017744808244612716 -0.0016234751635568099
leaf_weight=11.903510709293185 9.1366512402892095 146.96536975726485 49.536819073371589 7.7180030457675448 38.30399227514863 35.130066744983196
leaf_count=121 14 758 195 40 75 100
internal_value=0.0019499 -0.0018037 0.0103549 -0.00663309 0.0117747 0.00847923
internal_weight=298.694 216.124 61.4403 154.683 82.5707 73.4341
internal_count=1303 1114 316 798 189 175
is_linear=0
shrinkage=0.03


Tree=155
num_leaves=7
num_cat=0
split_feature=3 7 1 23 15 3
split_gain=10.9808 13.0275 14.4679 12.8355 9.9624 7.5065
threshold=24.500000000000004 24.500000000000004 5.9272227177398324 88.500000000000014 35.583333333333336 63.500000000000007
decision_type=2 2 2 2 2 2
left_child=1 3 -3 -1 -2 -6
right_child=4 2 -4 -5 5 -7
leaf_value=0.020047158329139506 0.03483980731057746 0.018053801174325985 -0.035025639740347482 -0.001766663129687232 0.0032858331867108921 0.032299869360694622
leaf_weight=28.511583786457777 13.846906676888464 6.168444216251376 18.430457431823015 163.45067774038762 62.131357265636325 9.2157168537378293
leaf_count=76 22 14 95 929 163 11
internal_value=0.00242873 -0.00116069 -0.0217154 0.00147328 0.011553 0.0070335
internal_weight=301.755 216.561 24.5989 191.962 85.194 71.3471
internal_count=1310 1114 109 1005 196 174
is_linear=0
shrinkage=0.03


Tree=156
num_leaves=8
num_cat=0
split_feature=15 23 21 20 12 16 4
split_gain=13.1427 18.1375 15.3166 11.1174 14.625 10.1609 9.85719
threshold=37.027777777777779 150.50000000000003 0.29751877346368455 10.250000000000002 38.850000000000001 16.206389452332662 5.1910388223691674e-35
decision_type=2 2 2 2 2 2 2
left_child=3 6 -3 5 -5 -1 -2
right_child=1 2 -4 4 -6 -7 -8
leaf_value=-0.009207713291701853 -0.016620438395061436 -0.0067388212947627063 -0.067912125799908796 -0.013884103867768099 0.006910519322667375 0.012555529546378308 0.034179597457560981
leaf_weight=22.725139596499503 7.3076783902943152 6.6818364644423118 8.2095588333904725 57.563074017874897 64.600066281855106 128.38341866526753 6.4914021901786327
leaf_count=105 41 40 62 313 384 342 12
internal_value=0.00181395 -0.017502 -0.0404634 0.0038419 -0.00288787 0.00928257 0.00727706
internal_weight=301.962 28.6905 14.8914 273.272 122.163 151.109 13.7991
internal_count=1299 155 102 1144 697 447 53
is_linear=0
shrinkage=0.03


Tree=157
num_leaves=6
num_cat=0
split_feature=16 16 22 10 14
split_gain=9.96249 12.9264 11.1225 7.20738 1.1572
threshold=14.439613526570051 14.757688723205966 10.349755041905548 -0.022728302455295783 3.0682008744854222e-05
decision_type=2 2 2 2 2
left_child=3 -2 -3 -1 -5
right_child=1 2 -4 4 -6
leaf_value=0.0095507423929860231 0.042695606182616405 -0.029024213081085031 0.0033068197237158996 -0.035674749290059996 -0.062848424252016755
leaf_weight=3.5162512604147196 7.2761256769299498 9.9101802911609393 284.43506675492972 5.5956339146941882 1.885768476873636
leaf_count=10 22 78 1155 73 12
internal_value=0.0021721 0.00319473 0.00221828 -0.0258744 -0.0425242
internal_weight=312.619 301.621 294.345 10.9977 7.4814
internal_count=1350 1255 1233 95 85
is_linear=0
shrinkage=0.03


Tree=158
num_leaves=6
num_cat=0
split_feature=17 14 14 14 19
split_gain=11.4284 9.90025 13.0341 8.93147 3.96609
threshold=29.700000000000006 4.2315990594125236e-29 9.2740327277142025e-28 7.0669422449243774e-30 10.550000000000002
decision_type=2 2 2 2 2
left_child=1 3 -3 -1 -2
right_child=4 2 -4 -5 -6
leaf_value=0.0063585279277547707 0.0097402220049404124 -0.044795384185751505 -0.0015116924802452626 0.042613939148863661 0.035834968386912622
leaf_weight=28.412169239483774 10.792050674557688 6.4243966322392216 246.88130496069789 7.7925779493525615 10.19313110411167
leaf_count=103 28 56 1147 18 14
internal_value=0.00103746 -0.000512106 -0.00260946 0.014162 0.0224152
internal_weight=310.496 289.51 253.306 36.2047 20.9852
internal_count=1366 1324 1203 121 42
is_linear=0
shrinkage=0.03


Tree=159
num_leaves=8
num_cat=0
split_feature=13 20 4 21 15 18 14
split_gain=11.7449 21.4663 25.8331 11.9274 6.33414 10.5944 9.72307
threshold=0.95000000000000007 10.250000000000002 2.0570390255740267e-31 0.42168909459621701 36.250000000000007 234.50000000000003 4.2315990594125236e-29
decision_type=2 2 2 2 2 2 2
left_child=1 3 -3 -1 5 -2 -6
right_child=4 2 -4 -5 6 -7 -8
leaf_value=0.013349997030861618 0.02252869057489305 -0.027026810362911113 0.014761551834894995 -0.0091088082310961833 0.024264250305566053 -0.0062079745213421541 -0.0038661518610496374
leaf_weight=52.750550400465727 38.906087431125343 58.313901706598699 17.253201816231012 35.675037519074976 13.255832277238367 16.419239733368158 66.710577982477844
leaf_count=174 78 554 47 143 33 61 244
internal_value=-0.000346792 -0.00574472 -0.0174858 0.00428906 0.00619626 0.0140003 0.000796955
internal_weight=299.284 163.993 75.5671 88.4256 135.292 55.3253 79.9664
internal_count=1334 918 601 317 416 139 277
is_linear=0
shrinkage=0.03


Tree=160
num_leaves=6
num_cat=0
split_feature=21 19 19 22 16
split_gain=11.7622 10.9606 16.1508 5.81348 2.98107
threshold=1.7348986462441494 4.3500000000000005 7.8500000000000005 13.450000000000001 18.126054590570721
decision_type=2 2 2 2 2
left_child=1 3 -3 -1 -2
right_child=4 2 -4 -5 -6
leaf_value=0.031736927953565877 -0.050025871790437916 -0.012559661623387588 0.0043029874554187681 0.0023216972011369549 -0.015067707211411855
leaf_weight=15.78481229953468 4.6370621332898718 69.137947903014719 196.14499885682017 9.8018661141395551 4.1694328105077147
leaf_count=37 35 387 824 27 24
internal_value=0.000682676 0.00171685 -9.17502e-05 0.0204684 -0.0334749
internal_weight=299.676 290.87 265.283 25.5867 8.80649
internal_count=1334 1275 1211 64 59
is_linear=0
shrinkage=0.03


Tree=161
num_leaves=8
num_cat=0
split_feature=6 17 19 20 15 21 16
split_gain=10.8353 12.9717 15.9641 8.80587 6.12857 6.72789 2.27967
threshold=1.186207745328435e-19 13.497759178938445 4.1500000000000012 11.050000000000002 36.07777777777779 0.50212800782729261 20.080540540540543
decision_type=2 2 2 2 2 2 2
left_child=4 2 -2 -3 6 -6 -1
right_child=1 3 -4 -5 5 -7 -8
leaf_value=0.028795913797448912 0.028160343809955777 -0.0019015359251589518 -0.013926267374420482 0.013850291958121404 0.025063988884476113 -0.0059078321399681525 0.010259754955338658
leaf_weight=17.725885091349486 8.8563444800674898 92.813827065750957 96.439452152233571 48.701746637001634 8.836397089064123 22.098239693790674 9.0049052573740465
leaf_count=37 23 295 682 185 21 66 26
internal_value=0.000322338 -0.00241318 -0.0103864 0.00351936 0.0120305 0.00293919 0.0225516
internal_weight=304.477 246.811 105.296 141.516 57.6654 30.9346 26.7308
internal_count=1335 1185 705 480 150 87 63
is_linear=0
shrinkage=0.03


Tree=162
num_leaves=6
num_cat=0
split_feature=0 20 2 15 18
split_gain=10.6889 15.519 15.1931 11.1551 13.0641
threshold=81.500000000000014 14.65 5.2200467558801975 35.394444444444453 183.50000000000003
decision_type=2 2 2 2 2
left_child=1 2 -1 -2 -5
right_child=3 -3 -4 4 -6
leaf_value=0.0034725336198460962 0.035752058730600438 0.044078082707557302 -0.014676465961015682 -0.0090255468263870531 0.012573222301646226
leaf_weight=96.362624444067478 12.415759071707724 6.1735788751393548 72.932144297752529 36.589361399412155 80.994352385401726
leaf_count=298 16 31 694 105 190
internal_value=0.00218801 -0.00264232 -0.00434605 0.0087078 0.00585218
internal_weight=305.468 175.468 169.295 129.999 117.584
internal_count=1334 1023 992 311 295
is_linear=0
shrinkage=0.03


Tree=163
num_leaves=7
num_cat=0
split_feature=13 14 16 16 6 16
split_gain=12.1413 10.0031 14.1213 13.9557 8.54521 7.58584
threshold=0.65000000000000002 6.6211535279572973e-17 20.876893939393941 20.969444444444445 1.186207745328435e-19 20.037749287749293
decision_type=2 2 2 2 2 2
left_child=4 2 -2 -3 -1 -6
right_child=1 3 -4 -5 5 -7
leaf_value=0.013230378053865744 0.0021313461169616041 0.0026658856724298434 0.027436438256621173 -0.021679007661869969 -0.025392057412324729 0.0037788849594915723
leaf_weight=9.4022821411490423 54.451116914395243 123.68721019756049 31.230870373547077 25.574203556403518 33.011348810978234 10.599215319380162
leaf_count=24 309 485 68 116 256 57
internal_value=0.000258558 0.00318473 0.011355 -0.00150533 -0.0127097 -0.0183023
internal_weight=287.956 234.943 85.682 149.261 53.0128 43.6106
internal_count=1315 978 377 601 337 313
is_linear=0
shrinkage=0.03


Tree=164
num_leaves=5
num_cat=0
split_feature=13 19 0 5
split_gain=9.86882 9.34253 17.8708 9.82899
threshold=0.35000000000000003 13.15 77.500000000000014 12.500000000000002
decision_type=2 2 2 2
left_child=-1 2 -2 -3
right_child=1 3 -4 -5
leaf_value=0.03951433834151382 -0.013194552184197338 0.017104708539604361 0.0037441382827381568 -0.0090057673114692424
leaf_weight=5.5457154735922805 100.07437695143744 43.968147920444608 127.44510373100638 18.407736798748374
leaf_count=14 750 142 331 95
internal_value=-0.000128089 -0.000886451 -0.00370634 0.00939925
internal_weight=295.441 289.895 227.519 62.3759
internal_count=1332 1318 1081 237
is_linear=0
shrinkage=0.03


Tree=165
num_leaves=6
num_cat=0
split_feature=1 13 5 16 18
split_gain=10.5341 8.7142 7.56684 2.4234 0.479224
threshold=4.1551998165223401 0.35000000000000003 3.5000000000000004 19.812812812812815 211.50000000000003
decision_type=2 2 2 2 2
left_child=3 -2 -3 4 -1
right_child=1 2 -4 -5 -6
leaf_value=0.023155002320683352 0.0424385033353432 -0.028949329940574014 0.0023393838672152644 0.011562066919422739 0.033441730175062495
leaf_weight=7.5743991881609025 4.7676564231514922 7.1405942868441334 269.60679638385773 13.598973125219343 8.8246482461690885
leaf_count=22 11 29 1208 35 19
internal_value=0.0040257 0.00222486 0.00153208 0.0209257 0.0286905
internal_weight=311.513 281.515 276.747 29.998 16.399
internal_count=1324 1248 1237 76 41
is_linear=0
shrinkage=0.03


Tree=166
num_leaves=7
num_cat=0
split_feature=0 24 10 19 11 11
split_gain=10.6536 9.25116 12.1968 8.79362 6.05478 4.35466
threshold=46.500000000000007 0.55000000000000016 -0.011489929088274143 22.250000000000004 12.701686840023852 10.850000000000003
decision_type=2 2 2 2 2 2
left_child=3 5 -3 4 -1 -2
right_child=1 2 -4 -5 -6 -7
leaf_value=-0.047166486140099488 0.0082385373945779317 0.014235969435801115 -0.0021825367786037189 0.030095719039010035 -0.013486266992792402 0.04268274532329544
leaf_weight=7.4174867775291267 6.1627756822854263 50.628264676779509 208.09772741235793 2.9326301552355281 13.633449183776973 7.1198785277083516
leaf_count=102 20 114 823 9 232 23
internal_value=0.000593827 0.00228386 0.00103028 -0.0185736 -0.0253538 0.0267016
internal_weight=295.992 272.009 258.726 23.9836 21.0509 13.2827
internal_count=1323 980 937 343 334 43
is_linear=0
shrinkage=0.03


Tree=167
num_leaves=6
num_cat=0
split_feature=5 3 21 22 18
split_gain=16.0987 15.0729 13.5469 12.3599 8.6855
threshold=13.500000000000002 63.500000000000007 0.33969849393903739 10.111014907548933 234.50000000000003
decision_type=2 2 2 2 2
left_child=3 2 -2 -1 -5
right_child=1 -3 -4 4 -6
leaf_value=-0.035516987696510759 -0.02035565294039287 0.03341448067201977 0.0099574522481547054 0.011264457343289208 -0.0019203291750515062
leaf_weight=6.3908254196867338 60.479397505056113 6.6329609453678122 16.997545130550861 134.55172190349549 67.537563593126833
leaf_count=38 493 8 83 386 308
internal_value=0.00108946 -0.00998941 -0.0137053 0.00555916 0.00685815
internal_weight=292.59 84.1099 77.4769 208.48 202.089
internal_count=1316 584 576 732 694
is_linear=0
shrinkage=0.03


Tree=168
num_leaves=7
num_cat=0
split_feature=15 16 4 9 19 10
split_gain=9.07719 20.737 11.2687 9.6987 21.5088 10.4171
threshold=37.027777777777779 23.947916666666668 5.1910388223691674e-35 3.0786382888910659 10.550000000000002 0.053798539445588982
decision_type=2 2 2 2 2 2
left_child=3 2 -2 5 -5 -1
right_child=1 -3 -4 4 -6 -7
leaf_value=0.010319418632220526 -0.043116052235526489 0.040333942900691061 0.00080340402045412133 -0.016878646722316901 0.012239256048584002 -0.0069269174593527315
leaf_weight=124.56886619329453 15.33164650574327 4.8136962279677382 8.0018986798822862 60.880856052041054 36.532097063027322 42.198714162223041
leaf_count=415 119 11 24 420 161 172
internal_value=-0.000163329 -0.0163588 -0.0280545 0.00156223 -0.00595876 0.00595542
internal_weight=292.328 28.1472 23.3335 264.181 97.413 166.768
internal_count=1322 154 143 1168 581 587
is_linear=0
shrinkage=0.03


Tree=169
num_leaves=5
num_cat=0
split_feature=13 6 14 10
split_gain=9.01942 7.9479 15.2632 9.50213
threshold=0.35000000000000003 0.25663270582475639 6.6211535279572973e-17 0.0098536326297570098
decision_type=2 2 2 2
left_child=-1 3 -3 -2
right_child=1 2 -4 -5
leaf_value=0.041860625636102114 0.014666038365465402 0.0055715890266850431 -0.012482382495066066 -0.0021933707666447165
leaf_weight=4.8063830062746993 60.736559171229601 81.401013873051852 87.390102662146091 59.621698640286922
leaf_count=11 155 446 497 207
internal_value=0.00110182 0.000424308 -0.00377569 0.00631442
internal_weight=293.956 289.149 168.791 120.358
internal_count=1316 1305 943 362
is_linear=0
shrinkage=0.03


Tree=170
num_leaves=8
num_cat=0
split_feature=13 19 0 18 10 19 17
split_gain=10.4643 15.2612 15.6845 15.0129 12.8473 11.4884 6.09533
threshold=0.95000000000000007 6.9456295930750729 88.500000000000014 115.50000000000001 0.0098536326297570098 5.4500000000000011 14.65
decision_type=2 2 2 2 2 2 2
left_child=3 5 -3 6 -5 -2 -1
right_child=1 2 -4 4 -6 -7 -8
leaf_value=0.02934187633643268 -0.00088984717695141341 0.004143109464991827 0.030166570159526625 -0.0019463695419222214 -0.020892945323260283 -0.044029630400466077 -0.0023164551061098659
leaf_weight=14.315802264958622 18.151128292083744 72.836956819519401 29.200460880994797 88.523100609891117 50.63378535117954 8.0064286496490222 8.8616180941462499
leaf_count=37 52 251 44 513 333 45 32
internal_value=-5.74304e-05 0.00634953 0.0115903 -0.00511699 -0.00884029 -0.0140943 0.0172377
internal_weight=290.529 128.195 102.037 162.334 139.157 26.1576 23.1774
internal_count=1307 392 295 915 846 97 69
is_linear=0
shrinkage=0.03


Tree=171
num_leaves=7
num_cat=0
split_feature=13 2 16 16 24 16
split_gain=9.86498 10.1936 11.6919 8.0634 4.82218 4.59177
threshold=1.8500000000000003 4.5000000000000009 25.150268336314848 21.468269230769234 3.0500000000000003 19.04248658318426
decision_type=2 2 2 2 2 2
left_child=1 3 -3 -1 -2 -6
right_child=4 2 -4 -5 5 -7
leaf_value=0.01875748217761929 0.031324454987966238 -0.0041663772470255404 0.027071487784673932 -0.0088922765343023534 -0.0083365159785362269 0.024798929696284815
leaf_weight=40.162722814828157 14.137976557016374 203.62505445862189 11.386657701805232 12.430360876023768 8.1524517089128476 6.9920215755701056
leaf_count=92 22 1100 25 39 27 13
internal_value=0.00219271 0.000383746 -0.00251207 0.0122225 0.0187244 0.00696172
internal_weight=296.887 267.605 215.012 52.5931 29.2824 15.1445
internal_count=1318 1256 1125 131 62 40
is_linear=0
shrinkage=0.03


Tree=172
num_leaves=7
num_cat=0
split_feature=4 0 16 16 0 1
split_gain=10.6902 13.4992 10.2463 4.37123 3.22738 0.0508429
threshold=0.14401864594698063 46.500000000000007 25.150268336314848 20.160256410256412 38.500000000000007 5.9272227177398324
decision_type=2 2 2 2 2 2
left_child=1 5 -3 -2 -5 -1
right_child=3 2 -4 4 -6 -7
leaf_value=-0.035618998133099412 0.028541904946770294 -0.0011308038395985596 0.027870846574232354 -0.0089068701798682808 0.018556929189441292 -0.031444839262701356
leaf_weight=4.0136443562805653 15.606088884174826 238.57299367431551 11.49200753867626 7.0662546083331099 8.4633805304765684 7.5975293070077878
leaf_count=42 39 917 19 20 22 277
internal_value=0.000711007 -0.00126627 0.000201998 0.0173288 0.00606042 -0.0328877
internal_weight=292.812 261.676 250.065 31.1357 15.5296 11.6112
internal_count=1336 1255 936 81 42 319
is_linear=0
shrinkage=0.03


Tree=173
num_leaves=5
num_cat=0
split_feature=20 21 13 6
split_gain=9.03955 10.0635 12.0463 9.37188
threshold=14.65 1.644504125348863 0.75000000000000011 0.99999581501663115
decision_type=2 2 2 2
left_child=1 3 -3 -1
right_child=-2 2 -4 -5
leaf_value=0.0085238388232404694 0.036874611440840602 0.010658650962458001 -0.046680644563550512 -0.0026413867112769157
leaf_weight=129.65116625279188 6.6259100018069139 5.5128493737429372 8.2060113903135044 141.50875954516232
leaf_count=394 39 24 52 806
internal_value=0.00223452 0.00142883 -0.0236392 0.0026971
internal_weight=291.505 284.879 13.7189 271.16
internal_count=1315 1276 76 1200
is_linear=0
shrinkage=0.03


Tree=174
num_leaves=7
num_cat=0
split_feature=0 3 14 18 19 19
split_gain=9.10598 13.3501 12.2408 9.73329 16.3519 9.67964
threshold=55.500000000000007 6.5000000000000009 1.1825474821923402e-22 239.50000000000003 12.350000000000003 22.250000000000004
decision_type=2 2 2 2 2 2
left_child=3 -2 -3 4 -1 -5
right_child=1 2 -4 5 -6 -7
leaf_value=-0.01652258264382794 0.039851699075303705 0.014124007679831747 -0.0012710576973760624 -0.037169323978247237 0.032339699888480504 0.024726504387447671
leaf_weight=17.590711228549484 8.9667095486074668 62.036262459121644 185.39371136948466 15.213362934533508 9.4891161452978832 2.6735547129064789
leaf_count=209 27 219 602 255 37 10
internal_value=0.00170811 0.00389199 0.00258883 -0.0107442 0.000599383 -0.0279178
internal_weight=301.363 256.397 247.43 44.9667 27.0798 17.8869
internal_count=1359 848 821 511 246 265
is_linear=0
shrinkage=0.03


Tree=175
num_leaves=4
num_cat=0
split_feature=23 23 19
split_gain=8.16376 13.312 9.54835
threshold=35.000000000000007 58.000000000000007 11.350000000000003
decision_type=2 2 2
left_child=-1 -2 -3
right_child=1 2 -4
leaf_value=-0.032699933332470232 0.031443705193254713 -0.0034783161671211736 0.0081370137508718059
leaf_weight=6.2311099655926219 13.198392387479542 180.91853730473667 98.305317955091596
leaf_count=26 29 894 381
internal_value=0.00127864 0.00200267 0.00061105
internal_weight=298.653 292.422 279.224
internal_count=1330 1304 1275
is_linear=0
shrinkage=0.03


Tree=176
num_leaves=8
num_cat=0
split_feature=0 22 17 13 0 14 7
split_gain=11.3538 14.3826 11.4494 8.44634 9.31581 9.27345 1.3883
threshold=86.500000000000014 10.111014907548933 29.700000000000006 0.81002590309704026 88.500000000000014 1.379830466595552e-28 19.500000000000004
decision_type=2 2 2 2 2 2 2
left_child=1 6 -3 4 -2 -5 -1
right_child=3 2 -4 5 -6 -7 -8
leaf_value=-0.037300855887625377 0.019372521069026712 -0.0016327335269774035 0.025002516340624521 0.050655170048612384 -0.015665201294691816 0.014386098908754068 -0.069014848942949514
leaf_weight=2.9502925965934983 11.817056186497213 195.20182945439592 15.692563492804764 7.4053666442632666 16.181393697857857 44.297413431107998 2.1458565527573228
leaf_count=46 25 1030 34 8 54 88 12
internal_value=0.00271676 -0.00085422 0.000349184 0.0123941 -0.000877142 0.0195809 -0.0506548
internal_weight=295.692 215.991 210.894 79.7012 27.9984 51.7028 5.09615
internal_count=1297 1122 1064 175 79 96 58
is_linear=0
shrinkage=0.03


Tree=177
num_leaves=7
num_cat=0
split_feature=0 20 17 11 5 20
split_gain=7.75856 13.9506 10.1798 10.3418 9.57031 8.29432
threshold=86.500000000000014 10.15 11.450000000000001 12.550000000000002 11.016643669071472 7.4500000000000011
decision_type=2 2 2 2 2 2
left_child=1 5 -2 -4 -3 -1
right_child=2 4 3 -5 -6 -7
leaf_value=-0.012437472898943079 0.033800395488267541 -0.0041834412451090333 -0.0058270854724583139 0.017831978468528766 -0.023757533797795449 0.0083633989977862817
leaf_weight=21.357791619375348 11.783110260963438 63.04956394340843 41.564673468470573 27.716151170432568 34.937529771588743 89.764937083236873
leaf_count=78 24 327 114 54 429 309
internal_value=0.000143418 -0.00291087 0.00802215 0.00363785 -0.0111626 0.00436547
internal_weight=290.174 209.11 81.0639 69.2808 97.9871 111.123
internal_count=1335 1143 192 168 756 387
is_linear=0
shrinkage=0.03


Tree=178
num_leaves=6
num_cat=0
split_feature=16 16 22 10 2
split_gain=14.1672 11.8043 11.2134 2.77271 1.06466
threshold=14.439613526570051 14.65686274509804 15.250000000000002 -0.029019261379651915 5.4551775035609014
decision_type=2 2 2 2 2
left_child=3 -2 -3 -1 -5
right_child=1 2 -4 4 -6
leaf_value=-0.0016233054627906801 0.047795318638942548 -0.0010046678238748727 0.01516362175350763 -0.067107528164560712 -0.038905938529473154
leaf_weight=1.6123469620943067 5.0743121774867168 236.87697798106819 46.122540049254894 1.5628501176834104 5.2583899367600662
leaf_count=6 13 1122 107 10 78
internal_value=0.00132156 0.00244358 0.0016304 -0.0370043 -0.0453674
internal_weight=296.507 288.074 283 8.43359 6.82124
internal_count=1336 1242 1229 94 88
is_linear=0
shrinkage=0.03


Tree=179
num_leaves=8
num_cat=0
split_feature=20 13 4 15 7 3 15
split_gain=10.8316 16.5935 18.8658 13.4397 5.73398 11.2384 5.54899
threshold=10.250000000000002 0.95000000000000007 1.0315013628699678e-31 36.472222222222229 13.500000000000002 6.5000000000000009 36.861111111111121
decision_type=2 2 2 2 2 2 2
left_child=4 2 -2 -3 5 -1 -6
right_child=1 3 -4 -5 6 -7 -8
leaf_value=0.018970402596965183 -0.022892256327878627 0.017364531373087751 0.014040016582000553 -0.011125940540237697 0.011499832455141379 -0.021623790379421037 -0.0070679471606718619
leaf_weight=9.8931604009121674 56.259667706210166 38.573527852073312 15.985053440555928 24.282354434020817 115.88363828603178 16.170091337524354 16.554982581175864
leaf_count=36 548 110 47 127 305 95 61
internal_value=0.00132771 -0.00491362 -0.0147205 0.00635815 0.00664756 -0.00621494 0.00917884
internal_weight=293.602 135.101 72.2447 62.8559 158.502 26.0633 132.439
internal_count=1329 832 595 237 497 131 366
is_linear=0
shrinkage=0.03


Tree=180
num_leaves=8
num_cat=0
split_feature=19 13 23 17 22 0 17
split_gain=11.6574 18.5047 26.9765 13.3615 10.0668 9.41152 8.00524
threshold=11.350000000000003 0.95000000000000007 88.500000000000014 11.750000000000002 12.007165129536551 88.500000000000014 11.15
decision_type=2 2 2 2 2 2 2
left_child=1 2 -1 6 -5 -3 -2
right_child=3 5 -4 4 -6 -7 -8
leaf_value=0.014468965239764695 0.0029297030499254111 -0.00037703115993536714 -0.021279710898448819 -0.019327354587507381 0.0077713887953893132 0.021641827824841531 0.042246497006329008
leaf_weight=24.838837020099163 6.9353450499475029 61.544154675677419 80.791974199470133 15.325196382589636 63.291204417124391 24.396279990673065 14.211309938691555
leaf_count=74 42 225 617 80 230 42 36
internal_value=-0.000132837 -0.00446341 -0.0128735 0.00818301 0.00248886 0.00587356 0.029352
internal_weight=291.334 191.571 105.631 99.7631 78.6164 85.9404 21.1467
internal_count=1346 958 691 388 310 267 78
is_linear=0
shrinkage=0.03


Tree=181
num_leaves=7
num_cat=0
split_feature=0 16 6 22 7 7
split_gain=8.94651 8.08568 8.96576 7.54015 9.18186 6.46412
threshold=44.500000000000007 25.150268336314848 0.0031980800249093665 13.450000000000001 19.500000000000004 14.129346529544881
decision_type=2 2 2 2 2 2
left_child=3 2 -2 4 -1 -5
right_child=1 -3 -4 5 -6 -7
leaf_value=-0.019890120075810151 0.011522788788747164 0.032474190194704711 -0.00037905019196179365 -0.02782318179226189 -0.096064487046100849 0.025065508994113538
leaf_weight=12.769385513849558 84.426772786304355 8.9630070999264699 175.12125939503312 3.2064433740451914 1.6029203245416273 5.9193261815235019
leaf_count=238 215 17 754 38 19 24
internal_value=0.00290644 0.00445985 0.00349243 -0.0148442 -0.0283857 0.00648246
internal_weight=292.009 268.511 259.548 23.4981 14.3723 9.12577
internal_count=1305 986 969 319 257 62
is_linear=0
shrinkage=0.03


Tree=182
num_leaves=6
num_cat=0
split_feature=15 7 20 0 1
split_gain=12.7953 10.6822 7.26427 7.4739 0.96165
threshold=37.250000000000007 22.106904677394294 15.15 55.500000000000007 5.9272227177398324
decision_type=2 2 2 2 2
left_child=2 4 3 -1 -2
right_child=1 -3 -4 -5 -6
leaf_value=-0.011173150783745896 -0.070201276421137271 0.00089624723732717741 0.039517866041629233 0.0029909784830998514 -0.045618123076870049
leaf_weight=38.931015179492533 3.2337867841124535 4.8827966265380383 4.4829671699553719 241.59181288257241 2.5705461171455664
leaf_count=460 18 15 15 804 38
internal_value=0.000422289 -0.0318049 0.00163074 0.00102528 -0.0593142
internal_weight=295.693 10.6871 285.006 280.523 5.80433
internal_count=1350 71 1279 1264 56
is_linear=0
shrinkage=0.03


Tree=183
num_leaves=5
num_cat=0
split_feature=13 9 16 0
split_gain=9.99851 9.68002 21.7979 10.681
threshold=0.35000000000000003 3.0786382888910659 20.012500000000003 87.500000000000014
decision_type=2 2 2 2
left_child=-1 3 -3 -2
right_child=1 2 -4 -5
leaf_value=0.044664658945803806 0.0014622814766546892 -0.017380983247777954 0.011610845348398296 0.017524119586642847
leaf_weight=4.9533457681536666 148.0022053308785 59.590896889567375 38.368146582040936 49.799402043223381
leaf_count=10 636 482 133 97
internal_value=0.0023946 0.00168667 -0.0060256 0.00550608
internal_weight=300.714 295.761 97.959 197.802
internal_count=1358 1348 615 733
is_linear=0
shrinkage=0.03


Tree=184
num_leaves=8
num_cat=0
split_feature=20 5 14 12 3 18 3
split_gain=8.40077 12.6072 15.3261 8.93963 8.4811 6.79221 6.77258
threshold=9.1500000000000004 13.500000000000002 7.1487534796832093e-16 37.850000000000001 9.2483663560960583 314.50000000000006 6.5000000000000009
decision_type=2 2 2 2 2 2 2
left_child=4 3 -3 -2 6 -6 -1
right_child=1 2 -4 -5 5 -7 -8
leaf_value=0.0045738111414603639 -0.0071287568906058269 -0.0060856270148545201 -0.041780800881078835 0.008415675758783471 0.013077386967027269 -0.014694770568498612 -0.048206129619404729
leaf_weight=4.5427854470908624 62.536376932635903 38.785820029675961 15.017161048948763 71.217206407338381 75.445959098637104 8.8559649465605599 4.2212496604770422
leaf_count=22 241 320 166 303 185 38 34
internal_value=-0.000128797 -0.00378516 -0.0160486 0.00114789 0.00723989 0.0101599 -0.020848
internal_weight=280.623 187.557 53.803 133.754 93.066 84.3019 8.76404
internal_count=1309 1030 486 544 279 223 56
is_linear=0
shrinkage=0.03


Tree=185
num_leaves=7
num_cat=0
split_feature=0 4 10 17 12 8
split_gain=9.37751 8.17983 9.49693 6.32952 6.5046 4.33542
threshold=34.500000000000007 0.14401864594698063 0.048841682866861018 19.650000000000002 37.350000000000001 1.5000000000000002
decision_type=2 2 2 2 2 2
left_child=3 2 -2 4 -1 -3
right_child=1 5 -4 -5 -6 -7
leaf_value=-0.069663481407818931 0.0034478817787411049 0.0078723124265397942 -0.011365806216695641 0.01274070257978174 -0.01904363749086219 0.036258439340413229
leaf_weight=3.19900099840015 207.3736601001583 10.621535986661913 47.956583115737885 3.4941290561109772 7.9933469616807997 8.8999417722225171
leaf_count=50 836 34 199 13 175 22
internal_value=0.00084856 0.00209658 0.000665548 -0.0225077 -0.0335118 0.0208137
internal_weight=289.538 274.852 255.33 14.6865 11.1923 19.5215
internal_count=1329 1091 1035 238 225 56
is_linear=0
shrinkage=0.03


Tree=186
num_leaves=7
num_cat=0
split_feature=10 13 15 14 14 22
split_gain=10.0119 9.67098 8.7768 5.7849 13.7953 2.26393
threshold=-0.011489929088274143 0.35000000000000003 37.250000000000007 3.0481613709416339e-14 9.5050906922080325e-06 13.450000000000001
decision_type=2 2 2 2 2 2
left_child=3 -2 -3 5 -5 -1
right_child=1 2 -4 4 -6 -7
leaf_value=0.016342628778940518 0.038779479903755236 -0.0026053982979305679 -0.031281564027081099 -0.028587482151960664 0.015496420858966221 0.037300732207044794
leaf_weight=11.945541633293034 4.8852039091289035 215.11005430994555 10.054867438040672 8.6773440213873965 24.222984777763486 7.5836961716413489
leaf_count=37 13 1109 65 36 55 12
internal_value=-0.000283661 -0.00297993 -0.00388595 0.011547 0.00386945 0.0244812
internal_weight=282.48 230.05 225.165 52.4296 32.9003 19.5292
internal_count=1327 1187 1174 140 91 49
is_linear=0
shrinkage=0.03


Tree=187
num_leaves=8
num_cat=0
split_feature=16 17 14 14 13 16 3
split_gain=7.83957 10.5821 13.1796 9.37184 7.74062 9.79447 8.26502
threshold=18.106203007518801 13.250000000000002 9.7802267002412801e-24 6.4121212745962259e-20 0.51643594767341361 21.081666666666667 12.263431446663274
decision_type=2 2 2 2 2 2 2
left_child=1 2 -1 -3 5 -2 -6
right_child=4 3 -4 -5 6 -7 -8
leaf_value=0.0089377835449158897 0.002429982416291279 -0.018960465028584519 -0.025475286428483186 0.0075093183937794787 -0.014203790442818847 0.045212825259572272 0.0053168854994731542
leaf_weight=13.845007006078957 10.277968973852696 15.227852130308746 36.216667814180255 57.475292942486703 23.075757709797472 9.0623417068272811 126.71087086107582
leaf_count=109 52 94 302 202 186 21 374
internal_value=0.000427008 -0.00534366 -0.015958 0.00196516 0.00461578 0.0224769 0.00230958
internal_weight=291.892 122.765 50.0617 72.7031 169.127 19.3403 149.787
internal_count=1340 707 411 296 633 73 560
is_linear=0
shrinkage=0.03


Tree=188
num_leaves=7
num_cat=0
split_feature=19 14 0 18 22 15
split_gain=7.85574 10.4684 19.4024 9.99373 8.52254 8.39057
threshold=8.4500000000000011 0.99999995453292267 80.500000000000014 81.000000000000014 16.538115468363277 36.750000000000007
decision_type=2 2 2 2 2 2
left_child=3 4 -3 -1 -2 -5
right_child=1 2 -4 5 -6 -7
leaf_value=0.021039925344515532 0.0057176991424260767 -0.033507494952897177 0.014981259573932074 -0.0045523729740615977 0.031021882940542145 -0.027800896290264623
leaf_weight=11.581405526027082 138.12439403776079 16.361993093043569 13.600633222609757 85.067090196534991 13.116765245795248 16.717159321531653
leaf_count=30 655 82 29 408 20 122
internal_value=0.000827745 0.0047028 -0.0114975 -0.00536615 0.00791227 -0.00837074
internal_weight=294.569 181.204 29.9626 113.366 151.241 101.784
internal_count=1346 786 111 560 675 530
is_linear=0
shrinkage=0.03


Tree=189
num_leaves=8
num_cat=0
split_feature=14 6 13 17 19 17 17
split_gain=8.46589 15.888 13.5402 13.121 12.5425 10.6843 7.65366
threshold=1.1825474821923402e-22 0.99999581501663115 0.35000000000000003 11.680438721790862 9.3500000000000032 12.850000000000003 30.700000000000006
decision_type=2 2 2 2 2 2 2
left_child=3 6 -3 4 -1 -5 -2
right_child=1 2 -4 5 -6 -7 -8
leaf_value=0.0036158464756212917 0.0040285930083988203 0.040175394764128618 -0.013517719809104274 -0.026309155276431982 0.056522307563105056 0.0095622811507541025 0.03740414539551444
leaf_weight=6.9375179908238378 126.78699135081843 4.4533003568649283 83.177867494989187 8.8188344924710673 9.6318894019350392 48.965639977250248 6.5008544623851767
leaf_count=54 423 9 551 82 27 184 10
internal_value=0.00208004 -0.000866969 -0.0107891 0.0108361 0.0343707 0.00408773 0.00565642
internal_weight=295.273 220.919 87.6312 74.3539 16.5694 57.7845 133.288
internal_count=1340 993 560 347 81 266 433
is_linear=0
shrinkage=0.03


Tree=190
num_leaves=8
num_cat=0
split_feature=20 19 15 18 18 11 19
split_gain=10.3213 14.0731 18.7467 14.9435 8.90502 8.79214 7.09969
threshold=10.250000000000002 8.4500000000000011 36.305555555555564 218.50000000000003 125.50000000000001 9.0500000000000025 10.350000000000003
decision_type=2 2 2 2 2 2 2
left_child=4 2 -2 -3 5 -1 -6
right_child=1 3 -4 -5 6 -7 -8
leaf_value=-0.0035133492460595753 0.004380396316185301 0.010980009366227244 -0.038947729051437389 -0.012972334291260006 -0.0042676251500931737 0.029180699927193035 0.01033784296145563
leaf_weight=10.682008706033228 15.186208275146781 53.562578769866377 22.016945650335401 41.687072834931314 70.389696926809847 24.11526956781745 52.142501777969301
leaf_count=27 75 205 235 330 283 46 146
internal_value=0.000556161 -0.00561445 -0.0212613 0.000496999 0.00575108 0.0191443 0.0019476
internal_weight=289.782 132.453 37.2032 95.2497 157.329 34.7973 122.532
internal_count=1347 845 310 535 502 73 429
is_linear=0
shrinkage=0.03


Tree=191
num_leaves=7
num_cat=0
split_feature=6 6 23 14 21 13
split_gain=6.82994 12.9389 10.9464 8.33908 20.5651 6.43448
threshold=0.99999581501663115 0.99999951272527454 224.50000000000003 0.99999999083309621 0.42709703232885982 0.51643594767341361
decision_type=2 2 2 2 2 2
left_child=3 -2 -3 5 -5 -1
right_child=1 2 -4 4 -6 -7
leaf_value=0.029858138176341403 -0.05696290432036074 0.003635065611106244 -0.017858364954166681 0.034447819632218137 -0.016072583452881529 0.0086586508543753729
leaf_weight=15.088376233354209 3.7627743333578101 109.11857662349939 26.505769351497293 9.4556600563228113 31.111801819875836 88.26309125777334
leaf_count=41 31 580 226 18 127 286
internal_value=0.00264518 -0.00208796 -0.000565507 0.00722928 -0.00429704 0.0117536
internal_weight=283.306 139.387 135.624 143.919 40.5675 103.351
internal_count=1309 837 806 472 145 327
is_linear=0
shrinkage=0.03


Tree=192
num_leaves=8
num_cat=0
split_feature=17 19 4 24 0 22 3
split_gain=8.48364 15.9301 15.1292 10.416 7.87855 10.6562 6.72502
threshold=12.950000000000001 11.350000000000003 1.7087722769326193e-29 0.82181823741434878 48.500000000000007 13.65 63.500000000000007
decision_type=2 2 2 2 2 2 2
left_child=1 2 -1 -3 5 -2 -6
right_child=4 3 -4 -5 6 -7 -8
leaf_value=-0.022831049088323594 -0.038108047095725621 -0.019346030137255707 0.018558495660561818 0.017141915472049258 0.0050286614555090882 0.010291605165480024 0.032601581303284201
leaf_weight=49.823998474050313 8.7114991382695752 9.2330644177272898 9.4569996204227191 29.659578326158226 160.58981950394809 7.7242448115721336 8.376297250390051
leaf_count=421 130 65 26 117 493 52 11
internal_value=0.000690897 -0.00643989 -0.0162282 0.00847972 0.00446678 -0.0153618 0.00639556
internal_weight=283.576 98.1736 59.281 38.8926 185.402 16.4357 168.966
internal_count=1315 629 447 182 686 182 504
is_linear=0
shrinkage=0.03


Tree=193
num_leaves=7
num_cat=0
split_feature=0 5 5 6 0 11
split_gain=9.58582 9.30081 8.15291 14.3999 9.75513 6.41115
threshold=44.500000000000007 3.5000000000000004 14.500000000000002 0.99999999939033168 87.500000000000014 16.450000000000003
decision_type=2 2 2 2 2 2
left_child=1 -1 4 -4 -2 -3
right_child=2 5 3 -5 -6 -7
leaf_value=0.008570210465446846 0.002964491114423067 -0.038294970921924937 0.017932565841409134 -0.017502777171990423 0.01689913260896338 0.031664233461116367
leaf_weight=8.4591006655246037 158.41034713480622 12.210961272940038 14.887945633381603 33.647194324061275 63.276103675365448 1.3049177937209595
leaf_count=26 564 304 51 255 125 6
internal_value=0.00295409 -0.0161003 0.00450363 -0.00663314 0.00694186 -0.0315406
internal_weight=292.197 21.975 270.222 48.5351 221.686 13.5159
internal_count=1331 336 995 306 689 310
is_linear=0
shrinkage=0.03


Tree=194
num_leaves=7
num_cat=0
split_feature=14 20 11 20 19 15
split_gain=12.258 11.7909 8.86521 16.5819 13.343 8.19213
threshold=1.1825474821923402e-22 7.2500000000000009 13.92933761438915 11.550000000000002 7.8500000000000005 36.69444444444445
decision_type=2 2 2 2 2 2
left_child=1 -1 3 -2 -4 -3
right_child=2 5 4 -5 -6 -7
leaf_value=-0.039169832695704072 -0.0020868888730126789 0.018525341690065547 -0.0459173288047229 -0.028653296980643457 0.016571147009841362 -0.010008931285361461
leaf_weight=3.9553822800517073 144.78604513918981 58.268166691996157 3.4031539009883991 24.761506620794535 31.928818055428565 10.721581301651893
leaf_count=19 534 241 51 181 193 86
internal_value=0.000642048 0.0112029 -0.00311802 -0.00596677 0.0105523 0.0140909
internal_weight=277.825 72.9451 204.88 169.548 35.332 68.9897
internal_count=1305 346 959 715 244 327
is_linear=0
shrinkage=0.03


Tree=195
num_leaves=7
num_cat=0
split_feature=16 7 19 15 7 24
split_gain=9.40262 11.6506 12.4734 6.14312 7.96682 6.5897
threshold=18.106203007518801 65.500000000000014 10.350000000000003 37.250000000000007 19.500000000000004 1.0500000000000003
decision_type=2 2 2 2 2 2
left_child=1 2 -1 4 -2 -5
right_child=3 -3 -4 5 -6 -7
leaf_value=-0.016942390940545549 0.013780947068899254 0.030908014516584512 0.0033613900168507713 -0.049260591963965025 0.00022079163645158032 0.0057824588960139669
leaf_weight=61.646175129339099 76.655484299641103 7.4007954597473136 48.779652146622539 3.7221979303285471 79.367740315385163 4.1288986150175333
leaf_count=448 351 10 229 26 241 14
internal_value=0.000932564 -0.0055312 -0.00797337 0.00558005 0.00688301 -0.0203134
internal_weight=281.701 117.827 110.426 163.874 156.023 7.8511
internal_count=1319 687 677 632 592 40
is_linear=0
shrinkage=0.03


Tree=196
num_leaves=4
num_cat=0
split_feature=24 13 10
split_gain=16.4813 9.25968 11.2954
threshold=5.0500000000000007 1.8500000000000003 -0.011489929088274143
decision_type=2 2 2
left_child=1 2 -1
right_child=-2 -3 -4
leaf_value=0.014716767268066895 -0.055439818929163949 0.02373854776513552 -0.00089863873595300134
leaf_weight=51.776260942220688 4.3206814788281909 19.157641939818859 214.02228752523661
leaf_count=133 23 37 1134
internal_value=0.00271327 0.00359503 0.00214317
internal_weight=289.277 284.956 265.799
internal_count=1327 1304 1267
is_linear=0
shrinkage=0.03


Tree=197
num_leaves=6
num_cat=0
split_feature=14 14 14 13 6
split_gain=8.6874 16.2271 12.8859 9.26978 11.6191
threshold=1.1825474821923402e-22 7.6939561636187029e-24 3.9140662874604723e-25 0.35000000000000003 0.99999581501663115
decision_type=2 2 2 2 2
left_child=1 2 -1 -2 -5
right_child=3 -3 -4 4 -6
leaf_value=0.008270647891080618 0.042514951932376692 0.042684249264051989 -0.045097938694103945 0.0035088087303719617 -0.010759116553446954
leaf_weight=56.107345961034298 4.264238402247428 11.927162163425235 4.3904234389774492 129.42057339707389 85.174046785570681
leaf_count=276 7 39 41 440 541
internal_value=0.00169647 0.0107028 0.0043976 -0.00128389 -0.00215423
internal_weight=291.284 72.4249 60.4978 218.859 214.595
internal_count=1344 356 317 988 981
is_linear=0
shrinkage=0.03


Tree=198
num_leaves=4
num_cat=0
split_feature=7 24 20
split_gain=8.27178 10.2193 6.83423
threshold=81.000000000000014 3.5500000000000003 15.15
decision_type=2 2 2
left_child=1 2 -1
right_child=-2 -3 -4
leaf_value=0.0008687664307112041 0.033694593892085276 -0.042349025836254307 0.038673268882808469
leaf_weight=274.1847130083479 7.0112064480781546 4.875599291175603 4.3723617959767571
leaf_count=1300 9 23 15
internal_value=0.0015048 0.000708525 0.00146216
internal_weight=290.444 283.433 278.557
internal_count=1347 1338 1315
is_linear=0
shrinkage=0.03


Tree=199
num_leaves=6
num_cat=0
split_feature=22 20 24 7 20
split_gain=12.7582 22.593 13.8069 10.7847 7.84788
threshold=13.850000000000003 7.1500000000000012 2.2500000000000004 44.500000000000007 6.8500000000000005
decision_type=2 2 2 2 2
left_child=1 -1 -3 4 -2
right_child=3 2 -4 -5 -6
leaf_value=-0.06258291336972939 0.038479714670595473 -0.0063895398019825 0.022936476286906596 -0.024610777117772657 0.0082292712078578471
leaf_weight=6.0967622678726903 8.6924425959587079 169.49855108791962 15.795246727764605 8.1739208698272687 68.885138398036361
leaf_count=34 13 1001 34 27 221
internal_value=-0.00145085 -0.00575934 -0.00388966 0.00816535 0.0116188
internal_weight=277.142 191.391 185.294 85.7515 77.5776
internal_count=1330 1069 1035 261 234
is_linear=0
shrinkage=0.03


Tree=200
num_leaves=7
num_cat=0
split_feature=1 0 13 13 13 16
split_gain=7.44618 13.2228 14.4412 13.5895 7.22983 7.99622
threshold=5.3376416284434258 75.500000000000014 0.95000000000000007 0.35000000000000003 0.51643594767341361 21.202941176470592
decision_type=2 2 2 2 2 2
left_child=4 3 -3 -2 -1 -6
right_child=1 2 -4 -5 5 -7
leaf_value=0.028019882995060492 0.035576976524442812 -0.0080735728330548016 0.011646197778794797 -0.017193467206828923 0.008694988530593287 -0.016986225650718386
leaf_weight=13.269074771553276 4.7149078026413909 61.840541567653418 72.731540687382221 64.136267207562923 58.748262798413634 13.400840565562246
leaf_count=29 11 209 162 726 164 51
internal_value=0.000234637 -0.00288665 0.00258428 -0.0135798 0.00766797 0.00392501
internal_weight=288.841 203.423 134.572 68.8512 85.4182 72.1491
internal_count=1352 1108 371 737 244 215
is_linear=0
shrinkage=0.03


Tree=201
num_leaves=8
num_cat=0
split_feature=18 5 6 23 16 23 3
split_gain=6.99229 10.3745 11.9827 10.3339 5.21063 10.1068 6.8053
threshold=125.50000000000001 14.500000000000002 0.99999962631438533 108.50000000000001 19.849906191369609 53.500000000000007 13.500000000000002
decision_type=2 2 2 2 2 2 2
left_child=4 3 -3 -2 6 -6 -1
right_child=1 2 -4 -5 5 -7 -8
leaf_value=-0.005230408314118481 -0.025794964589094551 0.026266472636174994 -0.024857459652766676 0.0018137933517983411 0.017860403011504593 -0.03399450038902297 0.028577253158251284
leaf_weight=7.527650365605953 13.056904164608566 4.7884818650782099 29.832545123528689 186.25388820003718 8.0595173835754377 5.8296680301427832 18.598170280456543
leaf_count=42 66 18 329 790 18 27 32
internal_value=-0.000645671 -0.00262795 -0.0177864 5.13612e-06 0.0109429 -0.00390451 0.0188362
internal_weight=273.947 233.932 34.621 199.311 40.015 13.8892 26.1258
internal_count=1322 1203 347 856 119 45 74
is_linear=0
shrinkage=0.03


Tree=202
num_leaves=8
num_cat=0
split_feature=10 10 24 4 22 17 12
split_gain=11.2489 14.4945 13.6134 12.7 4.36407 8.47625 2.38023
threshold=-2.5795803609221989e-16 -7.0719194357924098e-17 0.55000000000000016 7.2220274591168371e-33 13.210077444757712 13.589876908913498 37.850000000000001
decision_type=2 2 2 2 2 2 2
left_child=4 3 -3 -2 5 -1 -6
right_child=1 2 -4 -5 6 -7 -8
leaf_value=0.010505906650299747 -0.034720188304206069 0.031303935168848877 -0.0031089943271728647 0.036388396884587913 0.011281429277226014 -0.025996835474357556 0.028260504770892286
leaf_weight=29.121019654907286 19.858886297326539 10.984549038577823 177.93402290344238 2.5508403666317454 16.82746283616871 7.1263154689222565 13.306907854042946
leaf_count=89 171 44 904 4 38 31 26
internal_value=-0.000430091 -0.00381406 -0.00110808 -0.0266261 0.0103429 0.00332938 0.0187791
internal_weight=277.71 211.328 188.919 22.4097 66.3817 36.2473 30.1344
internal_count=1307 1123 948 175 184 120 64
is_linear=0
shrinkage=0.03


Tree=203
num_leaves=6
num_cat=0
split_feature=0 5 3 5 12
split_gain=13.511 12.5875 11.9192 7.80335 6.14954
threshold=55.500000000000007 3.5000000000000004 6.5000000000000009 13.500000000000002 25.350000000000005
decision_type=2 2 2 2 2
left_child=1 -1 -2 -4 -3
right_child=2 4 3 -5 -6
leaf_value=0.0098117720947095196 0.034713262830329723 0.016529879966723397 0.0052108772102611514 -0.0062644701942873703 -0.033584075699784117
leaf_weight=10.963772183284162 10.007829157635568 2.4409696385264423 156.07817113958299 81.015963331796229 22.67916327691637
leaf_count=36 29 6 408 406 454
internal_value=0.00013931 -0.0170086 0.00264339 0.00128971 -0.0287144
internal_weight=283.186 36.0839 247.102 237.094 25.1201
internal_count=1339 496 843 814 460
is_linear=0
shrinkage=0.03


Tree=204
num_leaves=8
num_cat=0
split_feature=9 17 13 0 13 17 23
split_gain=11.0568 13.8509 10.311 8.01868 8.33462 7.74875 4.27587
threshold=1.5000000000000002 11.750000000000002 0.35000000000000003 74.500000000000014 1.9500000000000002 11.680438721790862 245.50000000000003
decision_type=2 2 2 2 2 2 2
left_child=3 5 -3 4 -1 -2 -5
right_child=1 2 -4 6 -6 -7 -8
leaf_value=-0.0045834974497851334 0.006875658528527338 0.043590355436080003 -0.01022335046396501 0.012390721863929342 0.037667473784038966 0.052895454353888323 0.035497898048157853
leaf_weight=43.219448748975992 34.053916041739285 3.2767713628709307 145.24061834183522 32.557869907468557 4.6545202657580367 3.6454541902057818 9.256388768553732
leaf_count=194 230 6 805 75 7 11 15
internal_value=-0.000745958 -0.00491384 -0.00903605 0.00790768 -0.00047567 0.0113257 0.0175059
internal_weight=275.905 186.217 148.517 89.6882 47.874 37.6994 41.8143
internal_count=1343 1052 811 291 201 241 90
is_linear=0
shrinkage=0.03


Tree=205
num_leaves=4
num_cat=0
split_feature=23 23 1
split_gain=7.54607 13.072 7.26464
threshold=35.000000000000007 60.500000000000007 5.3376416284434258
decision_type=2 2 2
left_child=-1 -2 -3
right_child=1 2 -4
leaf_value=-0.028503357100238012 0.030649711838712141 0.0096150909533146214 -0.0011903487826319915
leaf_weight=6.7135516703128806 15.29099336452782 80.714731564745307 182.86546664522029
leaf_count=27 33 231 1031
internal_value=0.00292632 0.00368296 0.00211854
internal_weight=285.585 278.871 263.58
internal_count=1322 1295 1262
is_linear=0
shrinkage=0.03


Tree=206
num_leaves=7
num_cat=0
split_feature=10 3 9 0 7 6
split_gain=9.69199 12.8099 8.74341 6.78314 9.90435 9.8897
threshold=0.053798539445588982 28.500000000000004 1.5000000000000002 44.500000000000007 22.106904677394294 2.2139248614110257e-19
decision_type=2 2 2 2 2 2
left_child=3 2 -2 4 -1 -5
right_child=1 -3 -4 5 -6 -7
leaf_value=-0.0091203286823790166 -0.0076554571241511642 0.016535692438191977 -0.036988592704754845 0.023614867531277416 -0.097043240472381609 0.0022918800984244024
leaf_weight=13.132666651392354 21.686520910821855 11.20073004812002 15.814774918835608 21.748863659799099 1.2640846008434881 195.96687052957714
leaf_count=226 94 21 145 61 10 808
internal_value=0.000550218 -0.0116171 -0.0200256 0.00310317 -0.0168403 0.00442195
internal_weight=280.815 48.702 37.5013 232.112 14.3968 217.716
internal_count=1365 260 239 1105 236 869
is_linear=0
shrinkage=0.03


Tree=207
num_leaves=5
num_cat=0
split_feature=3 6 15 23
split_gain=7.17604 8.02211 15.2233 7.30961
threshold=61.500000000000007 1.186207745328435e-19 37.250000000000007 204.50000000000003
decision_type=2 2 2 2
left_child=1 3 -3 -1
right_child=-2 2 -4 -5
leaf_value=0.016785316311938633 0.027546398423691623 -0.00067490291083751068 -0.050083463121309853 -0.011793977577651568
leaf_weight=41.276191715151072 9.1196020841598493 219.58628093078732 5.7596038223709902 10.007158344611524
leaf_count=105 14 1131 60 39
internal_value=0.0013626 0.000499403 -0.00193773 0.0112085
internal_weight=285.749 276.629 225.346 51.2834
internal_count=1349 1335 1191 144
is_linear=0
shrinkage=0.03


Tree=208
num_leaves=4
num_cat=0
split_feature=12 20 10
split_gain=7.7283 8.36446 8.00084
threshold=25.350000000000005 6.6500000000000012 -2.5795803609221989e-16
decision_type=2 2 2
left_child=-1 -2 -3
right_child=1 2 -4
leaf_value=0.021037330313410957 -0.038791347327569607 0.0090391295773470173 -0.0031551524916446877
leaf_weight=15.082250930368899 5.1769263017922631 63.271387391723692 206.36632452066988
leaf_count=28 25 188 1124
internal_value=0.000128568 -0.00101894 -0.000293724
internal_weight=289.897 274.815 269.638
internal_count=1365 1337 1312
is_linear=0
shrinkage=0.03


Tree=209
num_leaves=7
num_cat=0
split_feature=19 9 20 10 20 19
split_gain=11.9532 11.6331 11.9795 11.8443 8.10391 9.01611
threshold=11.350000000000003 2.3707490828855233 11.950000000000001 0.016666306776561068 13.950000000000001 11.550000000000002
decision_type=2 2 2 2 2 2
left_child=1 3 -3 -1 5 -2
right_child=4 2 -4 -5 -6 -7
leaf_value=0.016921873695501643 0.040995754285248494 -0.0051440982118851905 -0.034020055441986254 -0.0079690242859660892 0.036156004502663382 0.0044911205739930921
leaf_weight=41.31214177981019 6.5648249853402367 97.804676464758813 14.900195468682794 29.485836864449084 9.5751585904508811 84.061346298083663
leaf_count=110 15 472 239 122 38 335
internal_value=0.00157538 -0.00297498 -0.00896166 0.00655535 0.00990864 0.00713546
internal_weight=283.704 183.503 112.705 70.798 100.201 90.6262
internal_count=1331 943 711 232 388 350
is_linear=0
shrinkage=0.03


Tree=210
num_leaves=4
num_cat=0
split_feature=24 13 7
split_gain=8.91028 8.70378 8.70007
threshold=5.0500000000000007 1.8500000000000003 48.500000000000007
decision_type=2 2 2
left_child=1 2 -1
right_child=-2 -3 -4
leaf_value=-2.9297593455648495e-05 -0.04240329032557965 0.020278145518954224 -0.034278036576143769
leaf_weight=250.08665431919508 4.4280709549784651 18.656720586121082 6.8584463670849791
leaf_count=1266 21 39 24
internal_value=-0.000185202 0.000493112 -0.000943474
internal_weight=280.03 275.602 256.945
internal_count=1350 1329 1290
is_linear=0
shrinkage=0.03


Tree=211
num_leaves=7
num_cat=0
split_feature=10 19 10 23 24 0
split_gain=11.6681 10.8313 12.0065 9.08733 7.47896 5.63653
threshold=-2.5795803609221989e-16 11.350000000000003 -7.0719194357924098e-17 103.50000000000001 0.75000000000000011 62.500000000000007
decision_type=2 2 2 2 2 2
left_child=4 2 -2 -3 -1 -6
right_child=1 3 -4 -5 5 -7
leaf_value=-0.014069007945397852 -0.030621347003966678 -0.034467129919371516 -0.0047631314578352466 0.0089179716178114654 -0.0049184109571455492 0.019906607556668437
leaf_weight=9.0175822032615525 18.755344543606043 4.6474753618240348 116.81797718186863 66.778939072974026 10.060167272575198 45.282285768538713
leaf_count=38 148 18 666 289 52 87
internal_value=0.000109384 -0.00335936 -0.00834038 0.00609505 0.0112658 0.0153939
internal_weight=271.36 207 135.573 71.4264 64.36 55.3425
internal_count=1298 1121 814 307 177 139
is_linear=0
shrinkage=0.03


Tree=212
num_leaves=7
num_cat=0
split_feature=16 16 14 23 5 20
split_gain=8.62955 10.9333 9.321 7.6245 7.62464 2.5034
threshold=18.106203007518801 17.879807692307697 2.4900598935984365e-29 60.500000000000007 7.5000000000000009 10.250000000000002
decision_type=2 2 2 2 2 2
left_child=1 2 -1 -2 -5 -3
right_child=3 5 -4 4 -6 -7
leaf_value=0.027064443359537085 0.023919507829942982 -0.061613193288051323 -0.0056423399100844363 0.012078709232472526 -0.0020861186671637965 -0.025866290140191303
leaf_weight=8.5311320032924396 17.718847405165434 3.0903963102027765 97.0869451968465 53.904632331803441 93.566281830891967 4.1055082594975829
leaf_count=45 38 21 618 162 437 27
internal_value=0.000957625 -0.00543825 -0.0030005 0.0053256 0.00309151 -0.0412184
internal_weight=278.004 112.814 105.618 165.19 147.471 7.1959
internal_count=1348 711 663 637 599 48
is_linear=0
shrinkage=0.03


Tree=213
num_leaves=4
num_cat=0
split_feature=23 23 22
split_gain=10.6458 13.855 7.13843
threshold=35.000000000000007 58.000000000000007 15.250000000000002
decision_type=2 2 2
left_child=-1 -2 -3
right_child=1 2 -4
leaf_value=-0.041166614428331631 0.033364780990709941 0.00039188893284074276 0.014367778471796081
leaf_weight=4.7936234809458247 13.681358822621403 227.87081545335241 38.440303512848914
leaf_count=22 26 1179 99
internal_value=0.00316287 0.00392181 0.00240922
internal_weight=284.786 279.992 266.311
internal_count=1326 1304 1278
is_linear=0
shrinkage=0.03


Tree=214
num_leaves=7
num_cat=0
split_feature=18 11 24 18 20 3
split_gain=6.97677 11.1847 10.4558 9.98236 8.62357 3.86113
threshold=158.50000000000003 11.705176344207684 0.82181823741434878 166.50000000000003 14.65 16.018963148300589
decision_type=2 2 2 2 2 2
left_child=1 5 -3 -2 -5 -1
right_child=3 2 -4 4 -6 -7
leaf_value=0.026122829799514708 -0.041648962327882753 -0.049703818766055008 0.0028600411523190287 0.00018767882576211181 0.038119661929375832 0.0099982152535527478
leaf_weight=27.306437440216541 5.0104721323586991 4.2051378833130029 17.918469402939081 200.77034489065409 5.5430199671536675 26.178463861346245
leaf_count=63 33 41 78 1022 35 58
internal_value=0.00298883 0.0108096 -0.00713102 0.00019069 0.0012068 0.0182306
internal_weight=286.932 75.6085 22.1236 211.324 206.313 53.4849
internal_count=1330 240 119 1090 1057 121
is_linear=0
shrinkage=0.03


Tree=215
num_leaves=6
num_cat=0
split_feature=20 19 13 0 6
split_gain=7.48754 8.36039 7.52347 9.92489 3.52355
threshold=13.950000000000001 11.950000000000001 0.35000000000000003 75.500000000000014 0.99948075107332401
decision_type=2 2 2 2 2
left_child=2 4 -1 -4 -2
right_child=1 -3 3 -5 -6
leaf_value=0.037089258843861606 0.024504509280254404 0.039262914212204597 -0.0074076112280602553 0.0043107536539974799 -0.038416295286592399
leaf_weight=4.896533489227294 1.2572044432163232 8.9955554371699673 109.29029035032727 160.68623048812151 2.2074206359684467
leaf_count=12 4 33 823 438 46
internal_value=0.00126649 0.0240123 0.000235409 -0.000433005 -0.0155843
internal_weight=287.333 12.4602 274.873 269.977 3.46463
internal_count=1356 83 1273 1261 50
is_linear=0
shrinkage=0.03


Tree=216
num_leaves=7
num_cat=0
split_feature=10 15 10 22 3 3
split_gain=11.7399 16.2574 21.7114 12.4566 8.06348 15.577
threshold=0.0098536326297570098 36.861111111111121 0.13657242882375212 11.850000000000003 63.500000000000007 45.500000000000007
decision_type=2 2 2 2 2 2
left_child=4 3 -3 -2 5 -1
right_child=1 2 -4 -5 -6 -7
leaf_value=0.0041143703016478812 -0.026138460157676478 -0.0562450822269683 0.028128423061627831 0.0036235030590508273 0.033526039124900674 -0.0529586890825905
leaf_weight=170.89927459997125 16.482607000973076 12.082365293987094 3.5517119178548446 54.526894138660282 7.9725425243377677 4.4150977954268447
leaf_count=819 129 115 13 211 10 20
internal_value=-0.000282696 -0.00938236 -0.0370773 -0.00328479 0.00401891 0.00267705
internal_weight=269.93 86.6436 15.6341 71.0095 183.287 175.314
internal_count=1317 468 128 340 849 839
is_linear=0
shrinkage=0.03


Tree=217
num_leaves=4
num_cat=0
split_feature=17 22 18
split_gain=5.97896 6.38683 6.4716
threshold=30.700000000000006 18.050000000000001 158.50000000000003
decision_type=2 2 2
left_child=1 2 -1
right_child=-2 -3 -4
leaf_value=0.0093004246427864212 0.019308204785879052 -0.028198674371874916 -0.0012958697534138127
leaf_weight=70.574074655771255 16.640006015077233 6.675070494413375 195.76614734251052
leaf_count=238 38 25 1054
internal_value=0.00184958 0.000785499 0.00151191
internal_weight=289.655 273.015 266.34
internal_count=1355 1317 1292
is_linear=0
shrinkage=0.03


Tree=218
num_leaves=5
num_cat=0
split_feature=3 17 22 5
split_gain=6.11805 7.5252 10.4293 8.44613
threshold=63.500000000000007 11.750000000000002 11.050000000000002 13.500000000000002
decision_type=2 2 2 2
left_child=1 2 -1 -3
right_child=-2 3 -4 -5
leaf_value=-0.001877908262967132 0.025662319249479155 0.0027916212235063564 0.026613565571457051 -0.010027021243277152
leaf_weight=23.070063367020339 9.6656639426946622 161.64304600888863 23.181820957455784 64.808980025118217
leaf_count=178 15 596 100 440
internal_value=0.0022066 0.00137524 0.0124023 -0.000876984
internal_weight=282.37 272.704 46.2519 226.452
internal_count=1329 1314 278 1036
is_linear=0
shrinkage=0.03


Tree=219
num_leaves=5
num_cat=0
split_feature=20 0 15 3
split_gain=9.06079 6.2402 15.3466 9.5563
threshold=14.65 75.500000000000014 36.750000000000007 11.500000000000002
decision_type=2 2 2 2
left_child=1 2 -1 -3
right_child=-2 3 -4 -5
leaf_value=-0.012542229261090535 0.038416567982767567 -0.02169607011787868 0.01009247277297368 0.0071630824290592572
leaf_weight=72.611468473915011 5.9976417063735417 11.129316106438635 42.879304020432755 143.20919144153595
leaf_count=584 31 48 288 368
internal_value=0.0019462 0.00113555 -0.00413844 0.00508206
internal_weight=275.827 269.829 115.491 154.339
internal_count=1319 1288 872 416
is_linear=0
shrinkage=0.03


Tree=220
num_leaves=7
num_cat=0
split_feature=10 10 20 22 20 6
split_gain=7.41639 9.12095 9.12567 6.01495 8.23637 4.95802
threshold=-2.5795803609221989e-16 -1.4072942146751597e-16 13.950000000000001 13.850000000000003 11.450000000000001 0.99999999993009903
decision_type=2 2 2 2 2 2
left_child=3 5 -3 4 -1 -2
right_child=1 2 -4 -5 -6 -7
leaf_value=0.01087474360314381 0.0052777903600967251 -0.0028812894696062601 0.026337752206334913 0.022628436617926875 -0.017684889647125397 -0.044825657280208896
leaf_weight=31.945549663156271 2.3977424297481758 195.54494649753906 10.117756699677555 19.763869516551495 12.701526070944963 6.8718683156184852
leaf_count=92 10 1029 71 37 62 64
internal_value=-7.99154e-05 -0.00275586 -0.00144383 0.00884943 0.00274989 -0.0318655
internal_weight=279.343 214.932 205.663 64.4109 44.6471 9.26961
internal_count=1365 1174 1100 191 154 74
is_linear=0
shrinkage=0.03


Tree=221
num_leaves=7
num_cat=0
split_feature=17 0 16 7 20 0
split_gain=8.62721 6.87202 9.25699 6.83213 0.710262 0.0320468
threshold=10.550000000000002 86.500000000000014 19.812812812812815 13.500000000000002 9.9500000000000011 76.500000000000014
decision_type=2 2 2 2 2 2
left_child=4 2 -2 -3 -1 -6
right_child=1 3 -4 -5 5 -7
leaf_value=-0.06268550073711647 -0.0082798417794666679 0.034176703415280937 0.0049660195726105045 0.0044734302579085925 -0.032595155856685529 -0.038977987044840082
leaf_weight=1.2618595687672485 121.02652040938847 7.732565611600875 78.144246987998486 70.607113748788834 1.487132821697742 1.3511626496911047
leaf_count=11 824 15 295 176 39 9
internal_value=-0.000760356 -0.000122103 -0.00308285 0.00740531 -0.0439591 -0.0356337
internal_weight=281.611 277.51 199.171 78.3397 4.10016 2.8383
internal_count=1369 1310 1119 191 59 48
is_linear=0
shrinkage=0.03


Tree=222
num_leaves=7
num_cat=0
split_feature=0 4 5 21 17 5
split_gain=9.66236 7.88013 7.08974 6.12114 2.62261 1.98603
threshold=44.500000000000007 0.14401864594698063 3.5000000000000004 1.7348986462441494 21.769459048353898 3.5000000000000004
decision_type=2 2 2 2 2 2
left_child=2 3 -1 -2 -4 -3
right_child=1 5 4 -5 -6 -7
leaf_value=0.0041126271227281148 0.0024593097328065271 0.014520592016519809 -0.038824067302146464 -0.025634735999485434 0.016654325876909609 0.036986009251650659
leaf_weight=6.8636645413935211 240.19065876817331 7.9589431881904584 10.264877780107778 7.1887505901977411 0.82880203565582711 6.3810431361198425
leaf_count=22 921 29 296 34 5 17
internal_value=0.00143561 0.00289623 -0.0198522 0.00164291 -0.0346793 0.0245173
internal_weight=279.677 261.719 17.9573 247.379 11.0937 14.34
internal_count=1324 1001 323 955 301 46
is_linear=0
shrinkage=0.03


Tree=223
num_leaves=5
num_cat=0
split_feature=24 13 17 14
split_gain=11.3786 9.33751 8.076 2.93724
threshold=5.0500000000000007 1.8500000000000003 10.750000000000002 2.4378407524736273e-07
decision_type=2 2 2 2
left_child=1 2 -1 -3
right_child=-2 3 -4 -5
leaf_value=-0.029984911423207354 -0.043632359036253669 0.010943317515069573 0.0020510239709451124 0.033655830085590192
leaf_weight=7.2881587701849631 4.8547523543238631 10.356369853019716 250.53138658893295 10.143834069371222
leaf_count=81 23 25 1207 15
internal_value=0.00190066 0.0026949 0.00114542 0.0221818
internal_weight=283.175 278.32 257.82 20.5002
internal_count=1351 1328 1288 40
is_linear=0
shrinkage=0.03


Tree=224
num_leaves=7
num_cat=0
split_feature=19 19 6 15 17 14
split_gain=7.31195 8.9586 13.0283 6.78829 6.50231 2.11501
threshold=4.3500000000000005 6.9456295930750729 0.0016735848058594166 36.305555555555564 11.450000000000001 1.0150486447978186e-07
decision_type=2 2 2 2 2 2
left_child=3 2 -2 -1 -3 -5
right_child=1 4 -4 5 -6 -7
leaf_value=-0.0075538547000811506 0.01309343638366357 0.016203945271652399 -0.022818830658151382 0.018595437633166362 0.001514724232514498 0.039226397906729486
leaf_weight=6.6836471762508181 13.301797637715934 31.845869393087924 28.724930697353557 9.9937676917761582 182.81711633317173 8.0942997895181161
leaf_count=25 41 171 219 33 824 10
internal_value=0.0027162 0.00121409 -0.0114523 0.0182814 0.00369391 0.0278277
internal_weight=281.461 256.69 42.0267 24.7717 214.663 18.0881
internal_count=1323 1255 260 68 995 43
is_linear=0
shrinkage=0.03


Tree=225
num_leaves=8
num_cat=0
split_feature=14 15 0 6 8 21 0
split_gain=11.8296 19.5502 17.4485 10.5202 10.5675 6.55925 3.63221
threshold=0.99999999083309621 36.189499505510121 87.500000000000014 7.4249287699784271e-05 4.4895117689952846 1.0026246899500348 59.500000000000007
decision_type=2 2 2 2 2 2 2
left_child=3 5 -3 6 -5 -2 -1
right_child=1 2 -4 4 -6 -7 -8
leaf_value=0.0060558640724124955 0.025576284757259163 -0.050132919312597543 0.013308940128485608 -0.040128038939690629 0.0022253120704226058 -0.011009057748944827 0.024375744301526378
leaf_weight=15.434377242811022 9.7403279803693312 15.293998187407853 5.2379018142819396 5.4527030885219565 191.84628475224599 8.060056343674658 26.401383012533188
leaf_count=61 21 86 12 31 1029 30 62
internal_value=0.00147224 -0.0139995 -0.0339482 0.0039523 0.0010548 0.00901035 0.017617
internal_weight=277.467 38.3323 20.5319 239.135 197.299 17.8004 41.8358
internal_count=1332 149 98 1183 1060 51 123
is_linear=0
shrinkage=0.03


Tree=226
num_leaves=8
num_cat=0
split_feature=14 17 19 6 13 10 12
split_gain=7.41403 16.301 16.3768 12.0475 10.2564 8.96427 8.47418
threshold=1.1825474821923402e-22 11.888106082400304 5.0500000000000007 0.99999999929803052 1.7500000000000002 0.036922910984343887 37.150000000000013
decision_type=2 2 2 2 2 2 2
left_child=1 6 -3 5 -5 -2 -1
right_child=3 2 -4 4 -6 -7 -8
leaf_value=0.045544437929078307 0.0088367822369456051 -0.065106189244188553 0.0058522600716186656 -0.0088938984051382206 -0.057760991050563253 -0.0064359147801970615 -0.0011608398504151013
leaf_weight=14.292492722161116 100.20750879077241 3.1171953724697223 48.047529967036098 56.42266574408859 4.1497766971588126 52.819406777154654 4.6285549821332088
leaf_count=35 338 23 226 379 23 260 62
internal_value=0.00186075 0.0103275 0.00152914 -0.000917334 -0.0122417 0.00356519 0.0341192
internal_weight=283.685 70.0858 51.1647 213.599 60.5724 153.027 18.921
internal_count=1346 346 249 1000 402 598 97
is_linear=0
shrinkage=0.03


Tree=227
num_leaves=6
num_cat=0
split_feature=24 3 24 7 5
split_gain=8.54557 7.30206 11.913 2.44408 0.948589
threshold=0.55000000000000016 57.500000000000007 3.2000000000000006 13.500000000000002 10.500000000000002
decision_type=2 2 2 2 2
left_child=3 2 -2 4 -1
right_child=1 -3 -4 -5 -6
leaf_value=0.02407643658097056 -0.00047078872284675905 0.023126968753617576 -0.047400687071725629 0.040285939405126703 0.0011618030222614326
leaf_weight=3.400415785610674 246.40473642013967 11.42278343439102 4.9662548881024113 5.4933920344337821 3.1156460796482861
leaf_count=12 1207 19 28 10 28
internal_value=0.000798979 -0.000331949 -0.00139797 0.0255462 0.0131198
internal_weight=274.803 262.794 251.371 12.0095 6.51606
internal_count=1304 1254 1235 50 40
is_linear=0
shrinkage=0.03


Tree=228
num_leaves=6
num_cat=0
split_feature=23 0 3 24 24
split_gain=6.62356 11.5369 6.7211 12.1163 5.0253
threshold=283.50000000000006 87.500000000000014 70.000000000000014 3.3500000000000001 0.65000000000000002
decision_type=2 2 2 2 2
left_child=2 4 3 -1 -2
right_child=1 -3 -4 -5 -6
leaf_value=0.0010277823748538343 0.0025633416491554445 0.020375541045890181 0.031722871683753699 -0.048982834264708848 -0.045274564865628988
leaf_weight=248.39715430885553 2.5242984136566546 4.8039671927690497 6.2173274457454673 4.4379130601882926 9.1043259818106872
leaf_count=1195 20 9 9 24 81
internal_value=-0.00026387 -0.0187335 0.000907724 0.000149966 -0.0348901
internal_weight=275.485 16.4326 259.052 252.835 11.6286
internal_count=1338 110 1228 1219 101
is_linear=0
shrinkage=0.03


Tree=229
num_leaves=5
num_cat=0
split_feature=23 23 23 12
split_gain=7.29395 7.53069 11.1874 5.76299
threshold=23.500000000000004 231.50000000000003 245.50000000000003 25.350000000000005
decision_type=2 2 2 2
left_child=-1 3 -3 -2
right_child=1 2 -4 -5
leaf_value=-0.054221685932345214 0.02131154581015874 -0.046516322769889262 -0.0055366237174585371 0.00036317426633668926
leaf_weight=2.3195797689259043 12.543424516916273 7.0422697635367504 40.34191741514951 204.72207209002227
leaf_count=11 23 58 246 964
internal_value=-0.00125498 -0.000790739 -0.0116271 0.00157259
internal_weight=266.969 264.65 47.3842 217.265
internal_count=1302 1291 304 987
is_linear=0
shrinkage=0.03


Tree=230
num_leaves=8
num_cat=0
split_feature=6 9 16 5 14 15 0
split_gain=6.52264 8.56121 16.6435 8.12204 6.78568 10.2316 6.80306
threshold=0.99998964238358712 2.914165630435424 17.321290322580648 10.500000000000002 0.99999999083309621 36.027777777777786 37.500000000000007
decision_type=2 2 2 2 2 2 2
left_child=4 3 -3 -2 6 -6 -1
right_child=1 2 -4 -5 5 -7 -8
leaf_value=-0.0085386631252747681 -0.00036983162728139647 -0.024164712553647653 0.0014641849099762314 0.040160614938453715 0.01738090319774439 -0.013268534289884917 0.014736178360056433
leaf_weight=13.081053592730312 10.248809399083258 30.288880132138729 92.294674206292257 7.8644432071596375 14.949981354176996 28.470627091825008 83.127280411310494
leaf_count=85 54 345 437 13 43 113 228
internal_value=0.00253501 -0.00202375 -0.0048684 0.0172277 0.00712864 -0.00271575 0.0115716
internal_weight=280.326 140.697 122.584 18.1133 139.629 43.4206 96.2083
internal_count=1318 849 782 67 469 156 313
is_linear=0
shrinkage=0.03


Tree=231
num_leaves=4
num_cat=0
split_feature=20 19 19
split_gain=8.38907 8.19161 9.34271
threshold=14.65 2.4500000000000006 7.3500000000000005
decision_type=2 2 2
left_child=1 -1 -3
right_child=-2 2 -4
leaf_value=0.026093185296881843 0.035011532655263404 -0.012023860726685967 0.0013540991127389801
leaf_weight=9.7463989630341512 5.9890246908180407 62.292372459545732 191.15979450102895
leaf_count=19 29 364 888
internal_value=-9.71292e-05 -0.000896019 -0.00193388
internal_weight=269.188 263.199 253.452
internal_count=1300 1271 1252
is_linear=0
shrinkage=0.03


Tree=232
num_leaves=7
num_cat=0
split_feature=9 3 23 0 21 12
split_gain=9.67217 12.7633 14.2546 11.1422 7.66185 6.65484
threshold=3.0786382888910659 57.500000000000007 53.500000000000007 87.500000000000014 1.700145145719514 35.850000000000001
decision_type=2 2 2 2 2 2
left_child=3 2 -2 4 -1 -5
right_child=1 -3 -4 5 -6 -7
leaf_value=0.0015066705950061469 0.020337780511455225 0.02864233149893352 -0.016529441173329166 0.0032368814125527099 -0.028646940530708979 0.027830874845092616
leaf_weight=134.26559173641726 10.868498771451412 7.7257676422595969 71.752969133667648 16.961098596453667 8.0380100328475219 23.791686981916428
leaf_count=591 24 13 570 44 53 40
internal_value=-0.000199841 -0.0082317 -0.0116797 0.00376427 -0.000196554 0.017595
internal_weight=273.404 90.3472 82.6215 183.056 142.304 40.7528
internal_count=1335 607 594 728 644 84
is_linear=0
shrinkage=0.03


Tree=233
num_leaves=7
num_cat=0
split_feature=17 23 23 18 19 10
split_gain=9.41027 10.8338 12.7736 9.08455 13.0467 8.36763
threshold=13.395122025559912 58.000000000000007 199.50000000000003 218.50000000000003 7.7500000000000009 -0.058349766537548788
decision_type=2 2 2 2 2 2
left_child=1 -1 -3 4 -2 -5
right_child=3 2 -4 5 -6 -7
leaf_value=0.031850630353158937 -0.0016914136907675652 -0.018682141834949068 0.0021489763980174444 0.029866842913101686 0.020070954071332147 -0.0076299833862476518
leaf_weight=6.3260691165924063 44.049920713528991 54.537122226785868 51.520334423985332 5.9226965755224219 56.714239292312413 55.997956881765276
leaf_count=15 156 390 329 11 144 289
internal_value=0.000388144 -0.00628798 -0.00856285 0.00500004 0.0105573 -0.00404342
internal_weight=275.068 112.384 106.057 162.685 100.764 61.9207
internal_count=1334 734 719 600 300 300
is_linear=0
shrinkage=0.03


Tree=234
num_leaves=8
num_cat=0
split_feature=17 17 19 10 15 14 3
split_gain=6.40121 13.6668 11.07 8.10645 7.35437 12.1853 0.725057
threshold=11.050000000000002 11.750000000000002 11.15 -3.6391133999896209e-16 36.577777777777783 1.6914486802666355e-05 15.500000000000002
decision_type=2 2 2 2 2 2 2
left_child=4 2 -2 -3 5 -1 -6
right_child=1 3 -4 -5 6 -7 -8
leaf_value=-0.033358616181017792 0.0021514129115930117 0.010668256875204446 0.038035166263376358 -0.0025849913948985015 -0.035906679319735298 0.039426849818935454 -0.058269009432135629
leaf_weight=4.5972782555036229 14.260081069078298 54.010703265666962 16.915729834698141 179.84239289583638 2.9577568918466559 3.7657768689095974 2.3351292107254267
leaf_count=46 106 150 48 902 57 6 18
internal_value=0.00193131 0.00296338 0.0216216 0.000475978 -0.0180987 -0.000584251 -0.0457726
internal_weight=278.685 265.029 31.1758 233.853 13.6559 8.36306 5.29289
internal_count=1333 1206 154 1052 127 52 75
is_linear=0
shrinkage=0.03


Tree=235
num_leaves=8
num_cat=0
split_feature=20 20 5 15 18 18 23
split_gain=6.5117 12.7508 10.4761 10.3528 7.19687 5.52382 5.13214
threshold=11.64977454245494 11.850000000000003 12.500000000000002 36.361111111111121 356.00000000000006 462.00000000000006 35.000000000000007
decision_type=2 2 2 2 2 2 2
left_child=4 3 -3 -2 6 -6 -1
right_child=1 2 -4 -5 5 -7 -8
leaf_value=-0.021470900160347701 0.0004198646979919277 0.0056992865698945235 -0.022139818931308859 -0.07518294679755276 -0.044374392747812415 0.0037316271837734617 0.0054072610485993598
leaf_weight=6.6109423842281094 2.6477921437472096 39.322678274940699 17.615426007192582 4.2414141860790551 4.9048155311029387 3.822399128228426 194.43188428133726
leaf_count=24 10 189 276 39 45 16 728
internal_value=0.00081271 -0.00757766 -0.00291353 -0.0461258 0.00336567 -0.0233046 0.00452342
internal_weight=273.597 63.8273 56.9381 6.88921 209.77 8.72721 201.043
internal_count=1327 514 465 49 813 61 752
is_linear=0
shrinkage=0.03


Tree=236
num_leaves=6
num_cat=0
split_feature=16 16 23 15 0
split_gain=8.50431 11.4751 8.32262 2.31834 0.257244
threshold=14.439613526570051 14.65686274509804 213.30350190972868 35.510222504801781 73.500000000000014
decision_type=2 2 2 2 2
left_child=3 -2 -3 -1 -5
right_child=1 2 -4 4 -6
leaf_value=0.0007096506887924 0.049103218698171691 0.0029720920677776021 -0.010295553813864825 -0.035842317525446053 -0.048899694535520906
leaf_weight=1.47894460055977 4.3690676074475041 193.75603078864515 54.526235819328576 3.0834707112517208 2.4265509061515331
leaf_count=10 15 814 376 67 13
internal_value=3.4334e-06 0.00090646 5.83327e-05 -0.032641 -0.0415926
internal_weight=259.64 252.651 248.282 6.98897 5.51002
internal_count=1295 1205 1190 90 80
is_linear=0
shrinkage=0.03


Tree=237
num_leaves=8
num_cat=0
split_feature=18 19 15 20 15 21 5
split_gain=6.60326 10.1792 11.5129 7.42074 6.47053 5.6525 5.28593
threshold=135.50000000000003 13.15 36.472222222222229 10.250000000000002 36.577777777777783 0.51566321501937995 7.5000000000000009
decision_type=2 2 2 2 2 2 2
left_child=3 2 -2 4 -1 -3 -5
right_child=1 5 -4 6 -6 -7 -8
leaf_value=0.0057884657569951788 0.003022131550630663 0.018045895666080534 -0.012895723441210793 0.015913019334235126 0.029895290635462406 -0.0028432282350199381 -0.02612508287179589
leaf_weight=20.480119466781616 91.691123412922025 34.993130281567574 73.814519560197368 4.3862235732376558 19.621444370597601 17.483354895375669 6.9694939414039254
leaf_count=54 418 148 514 12 33 73 58
internal_value=0.00185511 -0.000426713 -0.00407714 0.0115213 0.0175838 0.0110864 -0.00988758
internal_weight=269.439 217.982 165.506 51.4573 40.1016 52.4765 11.3557
internal_count=1310 1153 932 157 87 221 70
is_linear=0
shrinkage=0.03


Tree=238
num_leaves=6
num_cat=0
split_feature=13 1 16 16 13
split_gain=6.05644 7.07163 9.99406 6.60317 5.6788
threshold=1.8500000000000003 5.9272227177398324 21.89181286549708 25.150268336314848 2.8500000000000001
decision_type=2 2 2 2 2
left_child=1 2 -1 -3 -2
right_child=4 3 -4 -5 -6
leaf_value=0.010761324802903826 0.026541787166889354 -0.0060497083627775294 -0.019710815679646023 0.020126044071658539 -0.0013644378660992514
leaf_weight=65.846807373687625 14.411191903054716 162.55651946552098 11.357578676193951 9.1624319022521359 12.050971802324055
leaf_count=190 27 1016 43 24 38
internal_value=0.000187997 -0.00126257 0.00627855 -0.00465305 0.0138332
internal_weight=275.386 248.923 77.2044 171.719 26.4622
internal_count=1338 1273 233 1040 65
is_linear=0
shrinkage=0.03


Tree=239
num_leaves=7
num_cat=0
split_feature=19 15 0 4 16 18
split_gain=10.1088 12.2104 10.5828 8.02729 12.6066 8.00236
threshold=10.550000000000002 36.922222222222224 87.500000000000014 0.14401864594698063 22.045000000000005 218.50000000000003
decision_type=2 2 2 2 2 2
left_child=3 5 -3 4 -1 -2
right_child=1 2 -4 -5 -6 -7
leaf_value=-0.0057363664778804814 0.018430248582513374 -0.037234391613701859 0.017363132645674146 0.017126190300797466 -0.038519889556792489 0.0011661852806150791
leaf_weight=128.12674921681173 45.952120447997004 10.085168432909994 4.6769453734159461 12.005674943327902 11.504639549646525 50.964397855103016
leaf_count=759 126 96 11 37 65 261
internal_value=-0.00136906 0.00548032 -0.0199368 -0.00641352 -0.0084375 0.00935179
internal_weight=263.316 111.679 14.7621 151.637 139.631 96.9165
internal_count=1355 494 107 861 824 387
is_linear=0
shrinkage=0.03


Tree=240
num_leaves=5
num_cat=0
split_feature=3 9 22 15
split_gain=9.35859 9.55598 11.5357 9.28182
threshold=63.500000000000007 2.3707490828855233 10.850000000000003 36.361111111111121
decision_type=2 2 2 2
left_child=1 3 -3 -1
right_child=-2 2 -4 -5
leaf_value=0.016304428955680392 0.030171260049743492 -0.039322224915480118 -0.0042134592275109364 -0.00173361693651019
leaf_weight=42.528402993455529 8.7249971330165845 8.9572995305061323 141.13630718551576 64.78392844600603
leaf_count=129 13 142 805 254
internal_value=-0.000385367 -0.00142111 -0.00630868 0.00541495
internal_weight=266.131 257.406 150.094 107.312
internal_count=1343 1330 947 383
is_linear=0
shrinkage=0.03


Tree=241
num_leaves=8
num_cat=0
split_feature=16 20 14 7 19 20 3
split_gain=10.0982 11.1637 9.843 7.53668 15.6347 8.04034 7.2795
threshold=18.106203007518801 8.8500000000000032 4.2315990594125236e-29 18.307153456947677 7.8500000000000005 9.8500000000000032 17.045973619977513
decision_type=2 2 2 2 2 2 2
left_child=1 6 -3 5 -5 -2 -1
right_child=3 2 -4 4 -6 -7 -8
leaf_value=-0.011841583691858375 0.024386023607708099 0.02045074656863204 -0.016141619948240316 -0.022404451134814166 0.0068781528362002386 0.0043241753485296882 0.017526243366511894
leaf_weight=11.265388773288576 30.758370000869036 7.3234203383326522 68.480462388833985 21.747995068319142 66.860807358287275 43.275534561835229 23.32303786277771
leaf_count=68 76 40 534 93 194 276 52
internal_value=0.000840849 -0.00616212 -0.0126064 0.00559406 -0.00030892 0.0126591 0.00796119
internal_weight=273.035 110.392 75.8039 162.643 88.6088 74.0339 34.5884
internal_count=1333 694 574 639 287 352 120
is_linear=0
shrinkage=0.03


Tree=242
num_leaves=5
num_cat=0
split_feature=19 10 10 5
split_gain=7.21865 6.21271 11.7169 9.35818
threshold=2.7500000000000004 0.053798539445588982 0.10445997352406296 12.500000000000002
decision_type=2 2 2 2
left_child=-1 3 -3 -2
right_child=1 2 -4 -5
leaf_value=0.023832106555497962 0.0079678912576009592 -0.028061791920759933 0.0022845087171994359 -0.0048367184363368705
leaf_weight=11.734146647155283 110.49528084043413 19.257767404429615 28.247162630781531 95.99855019338429
leaf_count=25 405 136 119 658
internal_value=0.000827407 -0.000235356 -0.0100174 0.00201505
internal_weight=265.733 253.999 47.5049 206.494
internal_count=1343 1318 255 1063
is_linear=0
shrinkage=0.03


Tree=243
num_leaves=8
num_cat=0
split_feature=0 0 5 4 3 15 11
split_gain=10.481 7.3441 7.22801 6.70024 5.51134 5.13957 0.862468
threshold=47.500000000000007 26.500000000000004 5.5000000000000009 0.14401864594698063 5.5000000000000009 33.650000000000013 12.250000000000002
decision_type=2 2 2 2 2 2 2
left_child=1 2 -1 4 -2 -3 -5
right_child=3 5 -4 6 -6 -7 -8
leaf_value=0.016962751393735633 0.028141525647226304 0.03005242830017326 -0.034197462023321738 0.017288874583661341 0.00046511317275541454 -0.044295048166013026 0.03397210073120694
leaf_weight=6.6320180566981453 6.6640157410874954 0.91810741648077865 3.9751062192954123 6.0571281611919385 229.03483925992623 9.4526273587252927 5.1686016172170639
leaf_count=19 26 3 120 24 901 216 17
internal_value=0.000596551 -0.0197615 -0.00220996 0.0023261 0.00124762 -0.0377132 0.0249702
internal_weight=267.902 20.9779 10.6071 246.925 235.699 10.3707 11.2257
internal_count=1326 358 139 968 927 219 41
is_linear=0
shrinkage=0.03


Tree=244
num_leaves=6
num_cat=0
split_feature=21 17 0 9 21
split_gain=8.67815 7.52618 14.9901 9.53857 5.88435
threshold=1.700145145719514 11.450000000000001 67.500000000000014 1.5000000000000002 1.9562385687196022
decision_type=2 2 2 2 2
left_child=1 2 -1 -3 -2
right_child=4 3 -4 -5 -6
leaf_value=-0.030056154389212535 -0.056708434740646629 0.0073277103023927804 0.022969615226640424 -0.0059766365009770849 -0.0099497464337480954
leaf_weight=5.8095646810252211 3.8941250843927246 72.616803796961904 27.559840055182576 146.03240036196075 6.4084174893796444
leaf_count=127 28 238 88 819 35
internal_value=-0.000635991 0.000467259 0.0137379 -0.00155806 -0.0276235
internal_weight=262.321 252.019 33.3694 218.649 10.3025
internal_count=1335 1272 215 1057 63
is_linear=0
shrinkage=0.03


Tree=245
num_leaves=8
num_cat=0
split_feature=14 14 12 17 22 12 24
split_gain=7.90147 14.6579 12.4922 10.3322 10.4551 8.85107 7.20155
threshold=1.1825474821923402e-22 9.4137545867743948e-10 47.45000000000001 11.680438721790862 13.65 37.150000000000013 0.55000000000000016
decision_type=2 2 2 2 2 2 2
left_child=3 2 -2 5 -5 -1 -3
right_child=1 6 -4 4 -6 -7 -8
leaf_value=0.044435351605770272 -0.018467980466404962 0.039014725737325555 0.042215011795370745 -0.009099632593166063 0.018213735894325851 -0.0065745368310010073 0.0017952509187883553
leaf_weight=11.621708797290919 53.536884402390569 4.8492495231330386 3.2377852597273877 27.975132001331076 22.969022286124527 4.1563643538393071 133.05336653906852
leaf_count=33 396 11 12 190 78 52 541
internal_value=0.000875664 -0.00217785 -0.0150073 0.009785 0.00321506 0.030998 0.00310405
internal_weight=261.4 194.677 56.7747 66.7222 50.9442 15.7781 137.903
internal_count=1313 960 408 353 268 85 552
is_linear=0
shrinkage=0.03


Tree=246
num_leaves=8
num_cat=0
split_feature=23 9 22 0 22 20 10
split_gain=15.6988 11.0053 14.6071 11.6935 9.05551 9.34638 5.37875
threshold=213.30350190972868 1.5000000000000002 11.426274497301995 78.500000000000014 10.349755041905548 6.5500000000000007 -5.4055363967338567e-18
decision_type=2 2 2 2 2 2 2
left_child=4 3 -3 -2 6 -6 -1
right_child=1 2 -4 -5 5 -7 -8
leaf_value=0.0018791442103928779 -0.015770522744632146 0.0029196558786143511 -0.038816131489100257 0.029382809212220536 -0.034073114138407003 0.0050491100346505245 -0.055956564460845959
leaf_weight=2.3836889625526965 13.27564279176295 11.103796805487944 23.563043744536117 8.4457403868436796 5.6533750146627417 197.30720567656681 3.6836918052285901
leaf_count=18 68 94 240 17 24 842 38
internal_value=-0.000909745 -0.0149572 -0.0254481 0.00178606 0.00287976 0.00395938 -0.0332347
internal_weight=265.416 56.3882 34.6668 21.7214 209.028 202.961 6.06738
internal_count=1341 419 334 85 922 866 56
is_linear=0
shrinkage=0.03


Tree=247
num_leaves=7
num_cat=0
split_feature=10 17 0 0 7 0
split_gain=8.54457 10.0104 9.14445 13.229 6.49754 0.674025
threshold=0.052814121218044116 10.750000000000002 87.500000000000014 81.500000000000014 65.500000000000014 82.500000000000014
decision_type=2 2 2 2 2 2
left_child=1 5 3 -2 -3 -1
right_child=2 4 -4 -5 -6 -7
leaf_value=-0.033619496395790149 -0.014038859795486991 0.0021288255578494958 0.0065346979930968451 -0.075470215793913678 0.026758530948778596 -0.058157210455749106
leaf_weight=2.4984566783532491 29.234448117436841 195.47252230369486 16.834693491458893 3.5365744456648818 10.139969199895857 1.6883423551917074
leaf_count=55 204 955 39 18 16 9
internal_value=-0.000239175 0.00240836 -0.0114365 -0.0206684 0.00334346 -0.0435144
internal_weight=259.405 209.799 49.6057 32.771 205.612 4.1868
internal_count=1296 1035 261 222 971 64
is_linear=0
shrinkage=0.03


Tree=248
num_leaves=7
num_cat=0
split_feature=5 24 0 17 24 10
split_gain=9.87981 10.0047 8.7271 8.60994 8.29856 7.40922
threshold=13.500000000000002 1.2500000000000002 85.500000000000014 30.200000000000006 1.5500000000000003 0.053798539445588982
decision_type=2 2 2 2 2 2
left_child=3 2 -2 5 -3 -1
right_child=1 4 -4 -5 -6 -7
leaf_value=0.0056203175809359796 -0.011832984393540209 0.019723167205213079 -0.044835872213992684 0.031456462302842034 -0.010698225802963585 -0.0085189272359217864
leaf_weight=130.69188931211829 33.250243385788053 14.782213727477936 9.2082866951823217 9.4173852130770666 17.77369069494307 44.785154108889401
leaf_count=484 403 51 55 19 66 221
internal_value=-0.000214152 -0.00939694 -0.0189906 0.00351144 0.0031148 0.00201171
internal_weight=259.909 75.0144 42.4585 184.894 32.5559 175.477
internal_count=1299 575 458 724 117 705
is_linear=0
shrinkage=0.03


Tree=249
num_leaves=5
num_cat=0
split_feature=17 14 14 14
split_gain=8.37377 7.46765 9.73438 7.80964
threshold=29.700000000000006 4.2315990594125236e-29 9.2740327277142025e-28 1.1083948002433674e-29
decision_type=2 2 2 2
left_child=1 3 -3 -1
right_child=-2 2 -4 -5
leaf_value=0.0072872240944929587 0.022339236370244004 -0.044097397205736119 -0.00034532214922885986 0.046446827969348188
leaf_weight=24.077398455236111 17.086465857923031 4.6760247389320275 215.49227845016867 5.6611897898837915
leaf_count=105 39 48 1102 13
internal_value=0.0020206 0.000631383 -0.00127455 0.0147418
internal_weight=266.993 249.907 220.168 29.7386
internal_count=1307 1268 1150 118
is_linear=0
shrinkage=0.03


Tree=250
num_leaves=5
num_cat=0
split_feature=13 0 23 15
split_gain=5.40946 5.71816 8.1371 7.12717
threshold=0.35000000000000003 81.500000000000014 352.50000000000006 35.394444444444453
decision_type=2 2 2 2
left_child=-1 2 -2 -3
right_child=1 3 -4 -5
leaf_value=0.03050614728284784 -0.0031174516828429187 0.029126521686873939 -0.051409027526411626 0.0024689059335267789
leaf_weight=5.2444659285247317 143.88094471557997 9.8872271701693517 3.210357343312352 103.68151035532355
leaf_count=15 980 17 28 292
internal_value=0.000339842 -0.000267102 -0.00417144 0.0047897
internal_weight=265.905 260.66 147.091 113.569
internal_count=1332 1317 1008 309
is_linear=0
shrinkage=0.03


Tree=251
num_leaves=8
num_cat=0
split_feature=19 19 6 14 0 17 22
split_gain=8.34414 12.4514 10.4597 8.52838 15.2551 8.41082 7.39012
threshold=8.3500000000000032 4.1500000000000012 7.4249287699784271e-05 0.99999995453292267 87.500000000000014 14.65 11.050000000000002
decision_type=2 2 2 2 2 2 2
left_child=1 5 -3 6 -5 -1 -2
right_child=3 2 -4 4 -6 -7 -8
leaf_value=0.027377693435345556 -0.014040942457441903 0.005129123450259127 -0.021333759694170753 -0.026631827114016467 0.021551333086080302 -0.011337708330967242 0.0082815310015497967
leaf_weight=12.580945575609805 14.946171125862746 18.132969489321113 51.970990505302325 19.739207363687459 8.4434257894754392 8.4370794966816884 124.81238901778124
leaf_count=32 123 59 410 97 18 31 554
internal_value=-0.00110743 -0.00841674 -0.0144889 0.00285847 -0.0121963 0.0118365 0.0058943
internal_weight=259.063 91.122 70.104 167.941 28.1826 21.018 139.759
internal_count=1324 532 469 792 115 63 677
is_linear=0
shrinkage=0.03


Tree=252
num_leaves=4
num_cat=0
split_feature=13 20 0
split_gain=5.96921 5.56244 5.86208
threshold=0.35000000000000003 15.15 75.500000000000014
decision_type=2 2 2
left_child=-1 2 -2
right_child=1 -3 -4
leaf_value=0.03645247483395779 -0.0038754551636594431 0.036995629451268358 0.0052223988897318972
leaf_weight=4.5927714928984633 109.5058853183873 4.0161829758435479 152.51706179231405
leaf_count=9 861 14 430
internal_value=0.00254264 0.00195723 0.00142018
internal_weight=270.632 266.039 262.023
internal_count=1314 1305 1291
is_linear=0
shrinkage=0.03


Tree=253
num_leaves=5
num_cat=0
split_feature=4 5 17 16
split_gain=7.28237 7.57356 7.3264 5.95923
threshold=0.14401864594698063 4.5000000000000009 11.450000000000001 20.080540540540543
decision_type=2 2 2 2
left_child=1 -1 -3 -2
right_child=3 2 -4 -5
leaf_value=-0.042348529692136989 0.030133381951014622 0.012155369120479468 -0.003309146850620517 -0.00035702595723542218
leaf_weight=4.0789055954664937 12.285779096186163 32.163747122744098 193.10960144153796 10.876281127333639
leaf_count=25 36 215 1001 37
internal_value=-0.00021572 -0.00183474 -0.00110118 0.0158159
internal_weight=252.514 229.352 225.273 23.1621
internal_count=1314 1241 1216 73
is_linear=0
shrinkage=0.03


Tree=254
num_leaves=4
num_cat=0
split_feature=23 17 21
split_gain=6.44956 6.01183 6.89988
threshold=352.50000000000006 29.700000000000006 1.5466120692768743
decision_type=2 2 2
left_child=1 2 -1
right_child=-2 -3 -4
leaf_value=0.0027243986624009781 -0.032038352756926868 0.020075517014580678 -0.019109553069364842
leaf_weight=230.86995576950721 4.9053125772625199 16.740048015490174 13.805163073353468
leaf_count=1173 36 38 84
internal_value=0.00204295 0.00268246 0.00149247
internal_weight=266.32 261.415 244.675
internal_count=1331 1295 1257
is_linear=0
shrinkage=0.03


Tree=255
num_leaves=6
num_cat=0
split_feature=0 23 16 23 17
split_gain=9.91541 14.0004 10.2805 10.0245 7.37058
threshold=86.500000000000014 35.000000000000007 21.246621621621625 77.500000000000014 17.250000000000004
decision_type=2 2 2 2 2
left_child=1 -1 4 -3 -2
right_child=2 3 -4 -5 -6
leaf_value=-0.05897419460050634 0.017692780155496864 0.017119975851574654 -0.019942371182264815 -0.0058149974623595288 -0.010572895603988806
leaf_weight=4.1714593395590773 51.308786250650883 19.184974988922477 9.8232600390911085 161.84428517194465 9.9057801440358144
leaf_count=21 117 59 32 1065 33
internal_value=-0.000981597 -0.00463652 0.00854704 -0.00338441 0.0131188
internal_weight=256.239 185.201 71.0378 181.029 61.2146
internal_count=1327 1145 182 1124 150
is_linear=0
shrinkage=0.03


Tree=256
num_leaves=7
num_cat=0
split_feature=20 24 23 7 18 17
split_gain=9.74192 14.1168 11.1807 11.07 7.35809 5.77435
threshold=10.250000000000002 2.1500000000000008 125.50000000000001 13.500000000000002 140.50000000000003 13.395122025559912
decision_type=2 2 2 2 2 2
left_child=3 2 -2 5 -5 -1
right_child=1 -3 -4 4 -6 -7
leaf_value=-0.00014358632330654456 -0.035242717497844044 0.025581396153906671 -0.0060361477871471725 0.021082248163813516 0.0043206509517094852 -0.033257824350268118
leaf_weight=9.8756675105541962 13.56426683347672 11.215798936784266 90.513755036285147 31.526726925745606 93.405577409313992 9.1122970832511765
leaf_count=73 103 22 702 62 310 58
internal_value=0.000101359 -0.00639653 -0.00984258 0.00530679 0.00855045 -0.0160351
internal_weight=259.214 115.294 104.078 143.92 124.932 18.988
internal_count=1330 827 805 503 372 131
is_linear=0
shrinkage=0.03


Tree=257
num_leaves=4
num_cat=0
split_feature=12 23 23
split_gain=8.03532 6.61563 12.4495
threshold=25.350000000000005 39.500000000000007 58.000000000000007
decision_type=2 2 2
left_child=-1 -2 -3
right_child=1 2 -4
leaf_value=0.021995724375864351 -0.038628635342521117 0.03701482834051037 -0.0011472080166628821
leaf_weight=15.070803537964819 4.0410103294998398 7.9461076268926254 242.15642609307542
leaf_count=28 22 18 1269
internal_value=0.000712126 -0.000549999 6.52533e-05
internal_weight=269.214 254.144 250.103
internal_count=1337 1309 1287
is_linear=0
shrinkage=0.03


Tree=258
num_leaves=5
num_cat=0
split_feature=19 7 20 18
split_gain=5.38607 5.19622 5.14872 1.60752
threshold=2.4500000000000006 7.5000000000000009 15.15 249.50000000000003
decision_type=2 2 2 2
left_child=-1 3 -3 -2
right_child=1 2 -4 -5
leaf_value=0.022686781267637811 0.011402182431866793 -0.00073875602287373592 0.032790217781928373 0.037935830471225819
leaf_weight=10.288720354437826 4.3239744612947089 252.18019703542814 4.1904268385842434 3.916088460944593
leaf_count=20 37 1276 13 14
internal_value=0.001391 0.000562971 -0.000190719 0.0240123
internal_weight=274.899 264.611 256.371 8.24006
internal_count=1360 1340 1289 51
is_linear=0
shrinkage=0.03


Tree=259
num_leaves=8
num_cat=0
split_feature=6 6 0 14 21 3 22
split_gain=7.47403 13.3715 8.5121 6.82611 10.6421 4.96126 1.30793
threshold=0.99998040245852537 0.99999951272527454 55.500000000000007 0.99999999083309621 0.46923772462617885 29.500000000000004 13.517961942690929
decision_type=2 2 2 2 2 2 2
left_child=3 6 -3 5 -5 -1 -2
right_child=1 2 -4 4 -6 -7 -8
leaf_value=0.0065496176146069311 -0.03983961763136664 -0.035223759157382455 -0.0013475250951007658 0.027167272450961011 -0.012868425068251733 0.026091585813088292 -0.070749113898209065
leaf_weight=75.772022062214091 2.8426519772037855 7.079614746849983 116.97154445806518 7.3427992425858966 32.091024442575872 13.825668253004549 2.174648005515337
leaf_count=283 30 288 535 16 132 25 16
internal_value=-0.000118416 -0.00522279 -0.00328085 0.00498742 -0.00541355 0.00956511 -0.0532367
internal_weight=258.1 129.068 124.051 129.032 39.4338 89.5977 5.0173
internal_count=1325 869 823 456 148 308 46
is_linear=0
shrinkage=0.03


Tree=260
num_leaves=6
num_cat=0
split_feature=24 3 15 14 10
split_gain=6.13374 8.28269 11.1708 5.73167 2.28576
threshold=0.55000000000000016 11.500000000000002 36.861111111111121 1.1825474821923402e-22 1.2472185168165369e-16
decision_type=2 2 2 2 2
left_child=4 2 -2 -3 -1
right_child=1 3 -4 -5 -6
leaf_value=0.0066846054442269353 -0.023406112586691077 0.010895390601650821 0.0086411756840503486 -0.00033833504408999375 0.032732278998101771
leaf_weight=5.2388847526162845 27.256091336486861 55.46643590554595 15.275395789649336 155.40262806043029 7.1978453220799565
leaf_count=30 332 228 127 597 23
internal_value=0.00119024 0.000180696 -0.0118962 0.00261655 0.0217599
internal_weight=265.837 253.401 42.5315 210.869 12.4367
internal_count=1337 1284 459 825 53
is_linear=0
shrinkage=0.03


Tree=261
num_leaves=8
num_cat=0
split_feature=18 10 19 6 23 24 18
split_gain=7.31552 13.4609 14.6375 9.44698 8.39175 8.46813 2.53052
threshold=245.50000000000003 0.051958098489235348 16.250000000000004 0.99998452943294203 215.50000000000003 3.2000000000000006 229.50000000000003
decision_type=2 2 2 2 2 2 2
left_child=4 3 -3 -2 5 -1 -6
right_child=1 2 -4 -5 6 -7 -8
leaf_value=0.0054752676069663242 0.0089441313719055213 -0.056658565183663294 0.01883549261005886 -0.014289232193834158 -0.011096703801265458 -0.031832049767203267 -0.051610359927834762
leaf_weight=181.37424830556847 32.723422460258007 8.8463499147910607 3.1290326667949548 30.368907710304484 2.5703198248520485 5.6461876127868882 3.015356139279902
leaf_count=756 103 92 16 305 14 27 30
internal_value=0.000170531 -0.00777365 -0.0369328 -0.00223903 0.00326676 0.00434895 -0.0329675
internal_weight=267.674 75.0677 11.9754 63.0923 192.606 187.02 5.58568
internal_count=1343 516 108 408 827 783 44
is_linear=0
shrinkage=0.03


Tree=262
num_leaves=5
num_cat=0
split_feature=7 23 22 7
split_gain=6.14423 6.56581 10.0378 9.94482
threshold=66.500000000000014 231.50000000000003 11.426274497301995 51.500000000000007
decision_type=2 2 2 2
left_child=1 3 -3 -1
right_child=-2 2 -4 -5
leaf_value=0.003643668244656268 0.024979494909419208 0.013134523061479764 -0.020082819129508524 -0.041350821410916269
leaf_weight=217.8435258611571 9.7456833571195585 11.511662466684355 28.353680138476193 4.5125840827822676
leaf_count=1022 17 81 211 19
internal_value=0.00158979 0.000720493 -0.0104909 0.00273053
internal_weight=271.967 262.221 39.8653 222.356
internal_count=1350 1333 292 1041
is_linear=0
shrinkage=0.03


Tree=263
num_leaves=6
num_cat=0
split_feature=22 3 9 19 11
split_gain=7.81078 6.67846 8.46642 6.37926 7.45743
threshold=15.250000000000002 63.500000000000007 3.0786382888910659 5.1500000000000012 11.614741212380062
decision_type=2 2 2 2 2
left_child=1 2 -1 -2 -5
right_child=3 -3 -4 4 -6
leaf_value=0.00094064147386748419 -0.012472105494018759 0.031355549320719857 -0.012039257469587379 0.026882673904744966 -0.0036355437748462668
leaf_weight=148.89377771969885 7.8180661313235751 5.2160085737705222 64.958757613785565 23.643299484625459 10.365714686922727
leaf_count=668 29 7 532 47 42
internal_value=8.41472e-05 -0.00218401 -0.00300207 0.0119636 0.0175809
internal_weight=260.896 219.069 213.853 41.8271 34.009
internal_count=1325 1207 1200 118 89
is_linear=0
shrinkage=0.03


Tree=264
num_leaves=8
num_cat=0
split_feature=10 10 15 14 0 7 22
split_gain=6.61499 12.6673 12.7347 8.18045 6.56679 11.9186 4.29299
threshold=-3.6391133999896209e-16 -8.990038321089747e-17 35.472222222222229 1.1825474821923402e-22 74.500000000000014 16.500000000000004 13.210077444757712
decision_type=2 2 2 2 2 2 2
left_child=4 2 -2 -3 5 -1 -6
right_child=1 3 -4 -5 6 -7 -8
leaf_value=0.015191660837975577 0.028103768122519544 0.011553570291778791 -0.035710763166268221 -0.0030874769026821578 0.0075545251800020509 -0.027482464328384193 0.028600867814066719
leaf_weight=14.237901712767782 3.4002407221123603 45.828658737475052 16.336211404530331 137.07825362076983 17.828477472066879 10.046746366657315 17.078325554728508
leaf_count=54 8 234 153 737 45 49 28
internal_value=0.00069421 -0.00188292 -0.0247167 0.000580944 0.00951706 -0.00246295 0.0178516
internal_weight=261.835 202.643 19.7365 182.907 59.1915 24.2846 34.9068
internal_count=1308 1132 161 971 176 103 73
is_linear=0
shrinkage=0.03


Tree=265
num_leaves=4
num_cat=0
split_feature=23 23 16
split_gain=6.42568 12.9437 6.78713
threshold=35.000000000000007 58.000000000000007 25.150268336314848
decision_type=2 2 2
left_child=-1 -2 -3
right_child=1 2 -4
leaf_value=-0.032062665393026463 0.031336920767424864 -0.00095431407829197604 0.021570576909505222
leaf_weight=5.170396987348794 12.629260694608091 234.82557709794492 12.689971201121805
leaf_count=23 27 1255 31
internal_value=0.00105391 0.0017121 0.000200523
internal_weight=265.315 260.145 247.516
internal_count=1336 1313 1286
is_linear=0
shrinkage=0.03


Tree=266
num_leaves=5
num_cat=0
split_feature=7 18 22 23
split_gain=7.75056 4.97957 10.0553 8.52572
threshold=66.500000000000014 220.50000000000003 12.239060744827265 189.50000000000003
decision_type=2 2 2 2
left_child=1 3 -3 -1
right_child=-2 2 -4 -5
leaf_value=0.001310483450024207 0.029261701317501776 0.0048247892687340588 -0.014025412843992759 0.022767339455434722
leaf_weight=138.56648762198165 8.7460254132747632 50.830050457967445 51.044560866663232 18.945033921860158
leaf_count=584 15 340 331 69
internal_value=0.00148495 0.000548373 -0.00462016 0.00389125
internal_weight=268.132 259.386 101.875 157.512
internal_count=1339 1324 671 653
is_linear=0
shrinkage=0.03


Tree=267
num_leaves=8
num_cat=0
split_feature=21 5 15 20 24 18 21
split_gain=6.28833 9.02127 9.56788 8.67548 9.37146 3.1548 1.95988
threshold=0.57987149727372234 6.5000000000000009 36.892611356055966 8.0500000000000025 2.2500000000000004 240.50000000000003 1.0304742106306157
decision_type=2 2 2 2 2 2 2
left_child=1 5 -3 6 -5 -1 -2
right_child=3 2 -4 4 -6 -7 -8
leaf_value=0.030924758669626351 -0.057038026655638022 0.0029898874191075361 -0.021763211583842729 -0.0086465904084155644 0.027240038874672481 0.0071069975226987396 -0.024813795965896644
leaf_weight=12.802263375371696 3.1596599761396638 159.97639458510093 15.40752663114108 50.230280120391399 7.5310624018311492 8.2179263681173307 3.6736276913434267
leaf_count=37 17 839 129 258 13 24 25
internal_value=0.000370708 0.00304121 0.000815321 -0.00774912 -0.00396761 0.0216131 -0.039714
internal_weight=260.999 196.404 175.384 64.5946 57.7613 21.0202 6.83329
internal_count=1342 1029 968 313 271 61 42
is_linear=0
shrinkage=0.03


Tree=268
num_leaves=4
num_cat=0
split_feature=3 24 13
split_gain=6.08034 9.24416 6.733
threshold=63.500000000000007 3.2000000000000006 1.9500000000000002
decision_type=2 2 2
left_child=1 2 -1
right_child=-2 -3 -4
leaf_value=-0.00032596199764319016 0.025738397275079202 -0.039547405099182878 0.024658765688019942
leaf_weight=241.96489901188761 8.4366013258695585 5.2492188196629277 10.113109037280081
leaf_count=1279 14 28 22
internal_value=0.000677508 -0.000144126 0.000676399
internal_weight=265.764 257.327 252.078
internal_count=1343 1329 1301
is_linear=0
shrinkage=0.03


Tree=269
num_leaves=5
num_cat=0
split_feature=12 12 17 1
split_gain=6.27066 7.4013 8.25082 6.88932
threshold=25.350000000000005 27.950000000000003 19.750000000000004 4.1551998165223401
decision_type=2 2 2 2
left_child=-1 2 -2 -3
right_child=1 3 -4 -5
leaf_value=0.019499506840366231 -0.039467983599008195 0.016491324274002163 0.0091919200374491594 -0.0012504806947864679
leaf_weight=14.420568965375422 8.8704582713544351 21.732373401522636 4.8513461388647547 210.4314024837222
leaf_count=30 44 70 12 1185
internal_value=0.000272538 -0.000855075 -0.0222643 0.000410293
internal_weight=260.306 245.886 13.7218 232.164
internal_count=1341 1311 56 1255
is_linear=0
shrinkage=0.03


Tree=270
num_leaves=4
num_cat=0
split_feature=24 13 15
split_gain=6.83143 7.63202 6.94943
threshold=5.0500000000000007 1.8500000000000003 37.083333333333336
decision_type=2 2 2
left_child=1 2 -1
right_child=-2 -3 -4
leaf_value=0.0021052156961216088 -0.038466280076905814 0.021925448287611688 -0.016137816995188348
leaf_weight=219.48532263375819 3.8332633562386027 16.026702718809247 20.552868050057441
leaf_count=1139 20 35 132
internal_value=0.00128638 0.00188147 0.000543187
internal_weight=259.898 256.065 240.038
internal_count=1326 1306 1271
is_linear=0
shrinkage=0.03


Tree=271
num_leaves=7
num_cat=0
split_feature=21 11 22 7 7 10
split_gain=5.90031 8.56892 5.37966 11.3423 7.23638 4.3212
threshold=1.700145145719514 10.65 13.196244954755933 45.500000000000007 44.500000000000007 0.19718104981085643
decision_type=2 2 2 2 2 2
left_child=2 -2 3 -1 -4 -3
right_child=1 5 4 -5 -6 -7
leaf_value=-0.0052649547164029323 0.019953001677863041 -0.054239367440243505 0.0088434438494730885 0.022601797466486932 -0.018347906645839265 -0.0088099884159858078
leaf_weight=127.00864179758355 3.3213163241744033 5.0560674578882736 100.45856714993715 14.662885634228585 9.6550992615520936 3.0039851637557149
leaf_count=852 10 38 371 28 35 19
internal_value=0.000530192 -0.0205979 0.00148524 -0.00238077 0.00645922 -0.0373078
internal_weight=263.167 11.3814 251.785 141.672 110.114 8.06005
internal_count=1353 67 1286 880 406 57
is_linear=0
shrinkage=0.03


Tree=272
num_leaves=7
num_cat=0
split_feature=6 6 0 11 11 18
split_gain=6.52179 7.71933 8.06229 5.65995 7.58895 5.25441
threshold=0.99999581501663115 0.99999951272527454 55.500000000000007 10.750000000000002 11.614741212380062 205.50000000000003
decision_type=2 2 2 2 2 2
left_child=3 -2 -3 5 -5 -1
right_child=1 2 -4 4 -6 -7
leaf_value=0.024493029392792375 -0.0526777860380531 -0.034969957130591471 -0.0014569687156902422 -0.020226283422331653 0.0046493619563649701 0.0007672773075566528
leaf_weight=21.814322220161557 2.9092399962246409 6.8268494757357976 120.43504177127033 12.746342278085647 82.336340288631618 13.662468581460415
leaf_count=43 27 295 541 54 325 47
internal_value=0.000392455 -0.00435932 -0.00325474 0.00513009 0.00131465 0.015356
internal_weight=260.731 130.171 127.262 130.559 95.0827 35.4768
internal_count=1332 863 836 469 379 90
is_linear=0
shrinkage=0.03


Tree=273
num_leaves=8
num_cat=0
split_feature=5 17 17 12 19 10 11
split_gain=5.64936 13.099 10.7727 8.85586 7.8121 9.81295 6.41178
threshold=13.500000000000002 11.450000000000001 11.350000000000003 30.850000000000005 13.550000000000002 0.029313036372943298 13.92933761438915
decision_type=2 2 2 2 2 2 2
left_child=4 2 -2 -3 5 -1 -6
right_child=1 3 -4 -5 6 -7 -8
leaf_value=0.0072042190231383493 0.0042041741178566227 0.0024258932827701607 0.059204101565019422 -0.021043294554190174 0.0074991395174451988 -0.0094308025042588242 0.033736011653452636
leaf_weight=93.366403114981949 12.35831919917837 24.255564406514168 4.327403907198458 35.868706879671663 22.766184609383345 48.490223150001839 13.268783863633869
leaf_count=320 113 76 10 380 84 259 45
internal_value=0.00175066 -0.00504879 0.0184683 -0.0115753 0.00468652 0.00151794 0.0171601
internal_weight=254.702 76.81 16.6857 60.1243 177.892 141.857 36.035
internal_count=1287 579 123 456 708 579 129
is_linear=0
shrinkage=0.03


Tree=274
num_leaves=6
num_cat=0
split_feature=22 20 0 23 19
split_gain=8.66439 6.70346 6.12409 4.5977 0.530618
threshold=10.111014907548933 13.950000000000001 37.500000000000007 196.50000000000003 9.1500000000000004
decision_type=2 2 2 2 2
left_child=4 2 -2 -3 -1
right_child=1 3 -4 -5 -6
leaf_value=-0.029404936845003934 -0.019227452138121989 -0.012904548795701798 0.0015286260442891094 0.033496392011977558 -0.049701273489768653
leaf_weight=2.2384775239042929 13.543658541748298 2.4334291508421293 231.01897960295901 9.1426661568693799 2.4045951869338751
leaf_count=32 229 32 964 50 25
internal_value=0.000698829 0.00143506 0.000379173 0.0237424 -0.0399162
internal_weight=260.782 256.139 244.563 11.5761 4.64307
internal_count=1332 1275 1193 82 57
is_linear=0
shrinkage=0.03


Tree=275
num_leaves=6
num_cat=0
split_feature=16 16 22 15 9
split_gain=5.20206 11.6526 8.33796 7.05963 0.316581
threshold=14.507142857142858 14.757688723205966 12.739948218989413 35.583333333333336 2.914165630435424
decision_type=2 2 2 2 2
left_child=3 -2 -3 -1 -5
right_child=1 2 -4 4 -6
leaf_value=0.01654079878198603 0.044607576982064044 -0.0047533150840277805 0.0061957820769180253 -0.052706018530430804 -0.037053139870381606
leaf_weight=2.8251286540180427 5.6758849951438597 116.27543096709996 135.58910504262894 1.6707673221826551 3.8255892782472074
leaf_count=13 17 722 494 11 74
internal_value=0.00134466 0.00209899 0.00114104 -0.0220008 -0.0418113
internal_weight=265.862 257.54 251.865 8.32149 5.49636
internal_count=1331 1233 1216 98 85
is_linear=0
shrinkage=0.03


Tree=276
num_leaves=8
num_cat=0
split_feature=9 12 16 0 12 12 1
split_gain=7.25734 11.5947 9.52851 8.13639 6.21116 5.37959 0.47467
threshold=3.0786382888910659 39.45000000000001 17.321290322580648 87.500000000000014 33.250000000000007 35.850000000000001 5.9272227177398324
decision_type=2 2 2 2 2 2 2
left_child=3 2 -2 4 -1 -5 -3
right_child=1 6 -4 5 -6 -7 -8
leaf_value=0.0093195545800461629 -0.020652741033031771 -0.056609130091208403 0.0040097254548068723 0.0034709713564852933 -0.0041626867181895214 0.024245811607254638 -0.035568940152484158
leaf_weight=47.811097986996174 19.031016673427075 1.0950143560767163 54.406450958224013 19.701984129846096 86.197869156720117 26.051140531897545 8.1287123472429794
leaf_count=145 185 5 221 51 485 48 191
internal_value=0.000993716 -0.00636339 -0.00238145 0.00437678 0.000647445 0.0152999 -0.0380668
internal_weight=262.423 82.6612 73.4375 179.762 134.009 45.7531 9.22373
internal_count=1331 602 406 729 630 99 196
is_linear=0
shrinkage=0.03


Tree=277
num_leaves=7
num_cat=0
split_feature=20 21 20 15 13 13
split_gain=6.66556 7.49505 6.74573 6.13177 6.10331 3.15118
threshold=13.950000000000001 0.37105611154025714 13.050000000000002 37.638888888888893 0.65000000000000002 0.51643594767341361
decision_type=2 2 2 2 2 2
left_child=2 4 3 -1 -2 -4
right_child=1 -3 5 -5 -6 -7
leaf_value=-0.0014321212053067813 0.037115869383682658 0.039936241826014171 0.012465741190335325 0.030206908688116017 -0.037181625543907484 -0.038091154183482058
leaf_weight=224.57680923072621 1.5714088845998029 7.392151185311377 1.3451745728962112 5.6516592563129953 2.7131995200179517 6.3350563389249146
leaf_count=1101 6 26 10 14 47 106
internal_value=-0.000491957 0.0216377 -0.0015781 -0.000655445 -0.00993252 -0.0292362
internal_weight=249.585 11.6768 237.909 230.228 4.28461 7.68023
internal_count=1310 79 1231 1115 53 116
is_linear=0
shrinkage=0.03


Tree=278
num_leaves=8
num_cat=0
split_feature=0 13 18 21 17 5 19
split_gain=6.94698 11.3438 7.90559 7.60068 16.5073 11.7492 5.25877
threshold=88.500000000000014 0.81002590309704026 240.50000000000003 0.6574760077359324 17.550000000000004 12.500000000000002 6.9456295930750729
decision_type=2 2 2 2 2 2 2
left_child=3 2 -2 5 -5 -1 -3
right_child=1 6 -4 4 -6 -7 -8
leaf_value=0.0098375302366354271 -0.036275429344765624 -0.00058895354997474275 0.0082005786122199258 -0.024088038157313519 0.011074629704305622 -0.0064299315143700004 0.025932455916926132
leaf_weight=86.947201306466013 6.3695110678672782 8.7115417942404729 8.2630086913704854 32.044458421878517 19.224534255452454 73.93892989854794 29.563046984374523
leaf_count=352 28 24 25 210 58 588 53
internal_value=0.00158135 0.0113069 -0.0111598 -0.000844005 -0.010903 0.00236144 0.019896
internal_weight=265.062 52.9071 14.6325 212.155 51.269 160.886 38.2746
internal_count=1338 130 53 1208 268 940 77
is_linear=0
shrinkage=0.03


Tree=279
num_leaves=7
num_cat=0
split_feature=17 17 19 23 4 0
split_gain=5.91293 5.86771 8.7712 7.26925 4.66652 0.490626
threshold=10.750000000000002 11.450000000000001 11.15 213.30350190972868 3.3953528489430142e-16 79.500000000000014
decision_type=2 2 2 2 2 2
left_child=4 2 -2 -3 5 -1
right_child=1 3 -4 -5 -6 -7
leaf_value=-0.033774124201519741 -0.0017000377537500372 0.0029715791117943926 0.033289199006896149 -0.010151814719143934 0.018435572895614059 -0.05313289106076962
leaf_weight=2.7536420568358144 13.27039848547429 180.69847671338357 12.542584249284117 48.099044288275763 1.5070421751588581 2.0594751909375191
leaf_count=65 103 777 42 327 5 14
internal_value=0.00103091 0.00174242 0.0153013 0.000212709 -0.0276329 -0.0420575
internal_weight=260.931 254.611 25.813 228.798 6.32016 4.81312
internal_count=1333 1249 145 1104 84 79
is_linear=0
shrinkage=0.03


Tree=280
num_leaves=7
num_cat=0
split_feature=14 16 6 6 13 16
split_gain=7.53975 8.25433 7.78725 10.6512 7.60809 7.08471
threshold=0.99999995453292267 20.876893939393941 0.0047234224748068506 0.081866058103994749 0.51643594767341361 18.288690476190478
decision_type=2 2 2 2 2 2
left_child=2 5 4 -4 -1 -2
right_child=1 -3 3 -5 -6 -7
leaf_value=0.040538077548835191 -0.01846911044565833 -0.049704947085115803 -0.041489076950693107 -0.00037341107661060537 0.0069330737459516343 0.012435120775796641
leaf_weight=7.0477911457419387 19.351945019327108 4.9396031834185115 5.8727143707219502 164.74593779281713 43.406984901987016 10.19246258959174
leaf_count=17 80 29 32 978 149 38
internal_value=-0.000761923 -0.013809 0.00127323 -0.00178862 0.0116272 -0.00780753
internal_weight=255.557 34.484 221.073 170.619 50.4548 29.5444
internal_count=1323 147 1176 1010 166 118
is_linear=0
shrinkage=0.03


Tree=281
num_leaves=7
num_cat=0
split_feature=22 11 17 19 6 0
split_gain=7.10919 8.21202 7.51864 7.2983 5.01589 2.7663
threshold=15.250000000000002 16.450000000000003 11.750000000000002 6.0500000000000007 0.99999993280445099 80.500000000000014
decision_type=2 2 2 2 2 2
left_child=1 2 -1 4 -2 -5
right_child=3 -3 -4 5 -6 -7
leaf_value=0.0074792633698686955 0.0092315565387029591 0.0420886707341721 -0.0068551733174280075 0.025721193433460333 -0.031898664503770102 0.0042070903257614501
leaf_weight=40.798342795809731 5.7338151112198812 3.5233412748202673 170.80458317417651 18.545864922925833 4.9915719851851463 7.5763154402375212
leaf_count=292 15 14 924 47 25 20
internal_value=-0.00124956 -0.00333507 -0.00409141 0.0109262 -0.00991036 0.0194814
internal_weight=251.974 215.126 211.603 36.8476 10.7254 26.1222
internal_count=1337 1230 1216 107 40 67
is_linear=0
shrinkage=0.03


Tree=282
num_leaves=8
num_cat=0
split_feature=9 3 16 15 6 9 17
split_gain=10.2873 10.6819 22.3568 13.1104 6.08527 7.10233 3.81399
threshold=2.3707490828855233 15.500000000000002 17.261208576998055 36.750000000000007 0.99999999536174466 1.5000000000000002 14.350000000000003
decision_type=2 2 2 2 2 2 2
left_child=4 2 -2 -3 5 -1 -6
right_child=1 3 -4 -5 6 -7 -8
leaf_value=0.007582851875087805 -0.030446338141063633 -0.0069505961698274697 0.014671372999375085 -0.04048615309282768 0.0089783360899149279 -0.017882521008563163 0.039411513558306729
leaf_weight=77.060748393647373 12.57183873769827 80.445466560311615 46.243183102225885 12.065285203978418 7.0106845330446941 11.302716341335325 7.8628897909075022
leaf_count=264 252 323 310 79 34 53 10
internal_value=1.22384e-05 -0.00496899 0.00502736 -0.0113243 0.00731377 0.00432553 0.0250668
internal_weight=254.563 151.326 58.815 92.5108 103.237 88.3635 14.8736
internal_count=1325 964 562 402 361 317 44
is_linear=0
shrinkage=0.03


Tree=283
num_leaves=5
num_cat=0
split_feature=24 3 11 14
split_gain=5.18557 5.07353 5.05811 4.06334
threshold=0.55000000000000016 77.000000000000014 8.3500000000000032 4.04856460158355e-14
decision_type=2 2 2 2
left_child=3 2 -2 -1
right_child=1 -3 -4 -5
leaf_value=-0.0021126682775124668 0.018604148375792662 0.029639899124525346 -0.00075066329692714795 0.034284524149427183
leaf_weight=4.336924154777078 12.794062625616787 5.3871886879205695 242.20591640064958 7.5945633389055729
leaf_count=36 28 8 1277 21
internal_value=0.00171526 0.000829086 0.000220422 0.0210547
internal_weight=272.319 260.387 255 11.9315
internal_count=1370 1313 1305 57
is_linear=0
shrinkage=0.03


Tree=284
num_leaves=8
num_cat=0
split_feature=15 7 23 13 9 16 22
split_gain=6.03093 12.0654 10.4711 10.1188 9.69723 5.3037 2.75587
threshold=36.305555555555564 36.500000000000007 77.500000000000014 1.0500000000000003 2.3707490828855233 20.012500000000003 14.7861610132616
decision_type=2 2 2 2 2 2 2
left_child=3 2 -2 4 -1 -3 -5
right_child=1 5 -4 6 -6 -7 -8
leaf_value=0.012083254964531151 0.020137065140262568 -0.044265263526901397 -0.0030983423982951811 0.022400457836266964 -0.013483131167871535 -0.0057761351898852446 0.0013826817138165009
leaf_weight=25.346069226041436 20.061330419965088 8.411235945299266 134.39165885339025 32.073748989030719 28.216371235903352 5.2229320853948584 6.806167744100093
leaf_count=78 61 39 842 80 202 14 19
internal_value=0.000916543 -0.00246842 -8.03808e-05 0.00707138 -0.00138496 -0.029521 0.0187212
internal_weight=260.53 168.087 154.453 92.4424 53.5624 13.6342 38.8799
internal_count=1335 956 903 379 280 53 99
is_linear=0
shrinkage=0.03


Tree=285
num_leaves=5
num_cat=0
split_feature=12 0 5 4
split_gain=7.43032 4.72095 7.4939 7.03791
threshold=25.350000000000005 46.500000000000007 3.5000000000000004 0.14401864594698063
decision_type=2 2 2 2
left_child=-1 2 -2 -3
right_child=1 3 -4 -5
leaf_value=0.024649852262894591 0.010611951361718698 0.0019906982895070272 -0.027652493664271863 0.026483284158766645
leaf_weight=13.777892004698513 7.6976417414844063 206.1599366767332 11.47045465314295 11.128848865628241
leaf_count=26 24 870 322 41
internal_value=0.00323398 0.00198612 -0.012286 0.00324513
internal_weight=250.235 236.457 19.1681 217.289
internal_count=1283 1257 346 911
is_linear=0
shrinkage=0.03


Tree=286
num_leaves=7
num_cat=0
split_feature=21 11 16 16 20 24
split_gain=7.4903 6.12398 5.80394 11.0056 7.55813 4.23198
threshold=1.5466120692768743 10.550000000000002 14.439613526570051 14.757688723205966 7.7500000000000009 1.5500000000000003
decision_type=2 2 2 2 2 2
left_child=2 -2 4 -4 -1 -3
right_child=1 5 3 -5 -6 -7
leaf_value=0.038057135107426379 0.013882055516868231 -0.045573657831280152 0.044828182493175973 0.00289088858534627 -0.039480112792042631 -0.0013129466583843607
leaf_weight=1.4183677583932865 3.4528831262141457 6.7325463781598938 5.7696271506138137 235.94771563936956 5.5933200290892273 2.7336739227175713
leaf_count=2 13 61 23 1152 92 9
internal_value=0.00195458 -0.0203174 0.0031114 0.0038919 -0.0237954 -0.032792
internal_weight=261.648 12.9191 248.729 241.717 7.01169 9.46622
internal_count=1352 83 1269 1175 94 70
is_linear=0
shrinkage=0.03


Tree=287
num_leaves=8
num_cat=0
split_feature=0 10 14 23 14 9 14
split_gain=10.2117 9.79766 15.202 11.3202 6.94062 7.96915 7.64697
threshold=75.500000000000014 0.016666306776561068 7.0196956821333398e-10 156.50000000000003 3.9140662874604723e-25 2.914165630435424 3.4304487432260913e-26
decision_type=2 2 2 2 2 2 2
left_child=1 2 -1 -3 6 -6 -2
right_child=4 3 -4 -5 5 -7 -8
leaf_value=-0.016019796487378078 0.010623447215028958 -0.0024102437149826211 0.011482467654211622 -0.037609380865433431 0.013717446928607791 -0.0020623974808990542 0.045879219347451844
leaf_weight=30.444149873335846 22.290846988558773 17.131512491498142 44.57102549332194 15.813396299257873 43.552749939262867 85.055301643908024 7.3668603748083106
leaf_count=407 70 113 178 203 101 271 9
internal_value=0.00144561 -0.00566827 0.000320952 -0.0193057 0.00629831 0.0032814 0.0193808
internal_weight=266.226 107.96 75.0152 32.9449 158.266 128.608 29.6577
internal_count=1352 901 585 316 451 372 79
is_linear=0
shrinkage=0.03


Tree=288
num_leaves=4
num_cat=0
split_feature=3 7 20
split_gain=6.00258 11.6761 5.40004
threshold=63.500000000000007 54.500000000000007 13.950000000000001
decision_type=2 2 2
left_child=1 2 -1
right_child=-2 -3 -4
leaf_value=-0.001424010815586241 0.024791099130838819 -0.04776016593349551 0.019412312382061307
leaf_weight=222.98338611598592 8.1930919140577299 4.7759114876389495 11.786000739084555
leaf_count=1189 14 22 90
internal_value=-0.000459032 -0.00132265 -0.000377976
internal_weight=247.738 239.545 234.769
internal_count=1315 1301 1279
is_linear=0
shrinkage=0.03


Tree=289
num_leaves=4
num_cat=0
split_feature=3 13 5
split_gain=5.93479 5.16112 5.57852
threshold=61.500000000000007 0.35000000000000003 14.500000000000002
decision_type=2 2 2
left_child=1 -1 -3
right_child=-2 2 -4
leaf_value=0.032515876392096778 0.024683680364162741 0.00046682342972808618 -0.011703783180955343
leaf_weight=4.062811989337205 8.3608208373188955 201.6373108541593 40.744160558097064
leaf_count=11 15 921 387
internal_value=-0.000173662 -0.00101697 -0.00157905
internal_weight=254.805 246.444 242.381
internal_count=1334 1319 1308
is_linear=0
shrinkage=0.03


Tree=290
num_leaves=8
num_cat=0
split_feature=4 20 14 16 21 11 16
split_gain=5.58646 8.03227 11.9343 7.67247 5.27056 3.96126 3.60825
threshold=1.7892960410815497e-22 9.1500000000000004 1.1825474821923402e-22 20.098599137931036 0.21570930329580143 12.15 16.537500000000005
decision_type=2 2 2 2 2 2 2
left_child=1 4 -3 6 -1 -5 -2
right_child=3 2 -4 5 -6 -7 -8
leaf_value=-0.0033301574456565093 0.002557312003955529 0.0086561613932965263 -0.011116378643375804 -0.026476235994634546 0.01306523843722225 0.007580564691109873 0.029378918205365253
leaf_weight=30.471695603104308 6.3409334104508188 36.873405858175829 107.77280548342969 5.6206447482109052 41.926069392357022 6.7833322733640671 15.668218424543737
leaf_count=124 27 256 705 25 120 23 43
internal_value=-0.000212456 -0.00199297 -0.00607594 0.0110173 0.00616453 -0.00785168 0.0216515
internal_weight=251.457 217.044 144.646 34.4131 72.3978 12.404 22.0092
internal_count=1323 1205 961 118 244 48 70
is_linear=0
shrinkage=0.03


Tree=291
num_leaves=5
num_cat=0
split_feature=23 19 22 15
split_gain=5.54721 8.26682 9.96094 3.99637
threshold=35.000000000000007 4.3500000000000005 15.250000000000002 36.422222222222224
decision_type=2 2 2 2
left_child=-1 3 -3 -2
right_child=1 2 -4 -5
leaf_value=-0.026432902262579855 0.0056038978572038184 -0.00093517276070001194 0.016576959964863625 0.034471196090232664
leaf_weight=5.8662382643669835 7.271896678023043 202.79893615713809 34.155800280161202 10.618826242163776
leaf_count=23 27 1176 95 23
internal_value=0.00240987 0.00307379 0.00158911 0.0227377
internal_weight=260.712 254.845 236.955 17.8907
internal_count=1344 1321 1271 50
is_linear=0
shrinkage=0.03


Tree=292
num_leaves=6
num_cat=0
split_feature=16 16 21 15 3
split_gain=7.313 11.0148 6.61362 1.01166 0.251907
threshold=14.439613526570051 14.65686274509804 1.644504125348863 35.583333333333336 21.500000000000004
decision_type=2 2 2 2 2
left_child=3 -2 -3 -1 -5
right_child=1 2 -4 4 -6
leaf_value=-0.012046421123547604 0.044267296003168706 0.00023533453910450371 -0.02350959446754982 -0.035386296256954879 -0.050460465816403489
leaf_weight=1.5311945425346483 4.9677735134027889 227.43448147189338 11.070878482889382 3.1176794820930809 1.4673178624361751
leaf_count=13 18 1162 74 70 10
internal_value=-0.000759844 5.40562e-05 -0.000866851 -0.0331595 -0.0402104
internal_weight=249.589 243.473 238.505 6.11619 4.585
internal_count=1347 1254 1236 93 80
is_linear=0
shrinkage=0.03


Tree=293
num_leaves=4
num_cat=0
split_feature=19 22 13
split_gain=5.86785 7.03014 5.04167
threshold=2.7500000000000004 18.050000000000001 1.8500000000000003
decision_type=2 2 2
left_child=-1 2 -2
right_child=1 -3 -4
leaf_value=0.020495270602315374 -0.0012421513726701351 -0.031507883894457273 0.013752112752906458
leaf_weight=12.362707892432807 217.69979071326088 6.484570847824215 22.244310995563865
leaf_count=29 1222 30 57
internal_value=0.000326719 -0.000685086 0.00014791
internal_weight=258.791 246.429 239.944
internal_count=1338 1309 1279
is_linear=0
shrinkage=0.03


Tree=294
num_leaves=8
num_cat=0
split_feature=20 15 19 24 6 20 10
split_gain=5.62049 8.89828 10.5729 10.3595 6.16113 12.7218 4.68413
threshold=10.250000000000002 36.472222222222229 11.850000000000003 0.95000000000000007 0.99999999939033168 9.8500000000000032 0.039568621722024473
decision_type=2 2 2 2 2 2 2
left_child=4 3 -3 -2 6 -6 -1
right_child=1 2 -4 -5 5 -7 -8
leaf_value=0.016841662994972584 -0.014231058290072793 -0.021681490503437907 0.0050740118934450729 0.012380012959701642 -0.010660463414973067 0.022670450495152782 0.0016055314620455785
leaf_weight=51.967102530179545 18.329581718193367 34.633646191214211 21.572044753935188 46.737342811655253 38.396475625690073 14.087438530288635 27.915492862462997
leaf_count=147 161 354 145 181 174 46 112
internal_value=0.00199647 -0.00266913 -0.0114126 0.00488358 0.00627104 -0.00171397 0.0115173
internal_weight=253.639 121.273 56.2057 65.0669 132.367 52.4839 79.8826
internal_count=1320 841 499 342 479 220 259
is_linear=0
shrinkage=0.03


Tree=295
num_leaves=6
num_cat=0
split_feature=15 15 3 13 11
split_gain=7.70973 16.4681 9.76028 8.74873 7.86081
threshold=37.083333333333336 37.638888888888893 8.5000000000000018 3.3500000000000001 11.350000000000003
decision_type=2 2 2 2 2
left_child=3 2 -2 4 -1
right_child=1 -3 -4 -5 -6
leaf_value=0.0077610594043566331 0.015083300715573017 0.019324609434241167 -0.055950333840733092 -0.038851512178736301 -0.0034111535091944033
leaf_weight=101.84351728484035 2.1657110124360797 6.1233210032805792 8.875524817965923 4.9290089830756179 127.81398547859862
leaf_count=325 27 18 69 26 885
internal_value=-0.000725601 -0.020134 -0.0420173 0.000694503 0.00154326
internal_weight=251.751 17.1646 11.0412 234.587 229.658
internal_count=1350 114 96 1236 1210
is_linear=0
shrinkage=0.03


Tree=296
num_leaves=8
num_cat=0
split_feature=1 19 0 22 15 19 21
split_gain=5.75523 7.74854 7.65817 14.0867 9.882 6.94608 3.34392
threshold=5.3376416284434258 13.450000000000001 81.500000000000014 13.210077444757712 35.394444444444453 8.8500000000000032 0.37674914055431635
decision_type=2 2 2 2 2 2 2
left_child=1 5 3 -2 -4 -1 -3
right_child=2 6 4 -5 -6 -7 -8
leaf_value=0.011747877607117705 -0.021530070972249252 0.034571361155427346 0.03154937550404463 0.0026628829855415135 0.00073561486756083111 -0.010030541538120814 0.010428341058057466
leaf_weight=29.775437518022954 39.071328168967739 11.436500180512668 10.572614736855028 48.609327639685944 82.139528758823872 23.648885457776487 9.4125726185739023
leaf_count=78 604 27 15 234 243 96 35
internal_value=0.00113221 0.00816066 -0.00176163 -0.00811773 0.00424952 0.00210741 0.0236717
internal_weight=254.666 74.2734 180.393 87.6807 92.7121 53.4243 20.8491
internal_count=1332 236 1096 838 258 174 62
is_linear=0
shrinkage=0.03


Tree=297
num_leaves=7
num_cat=0
split_feature=0 16 22 14 13 19
split_gain=6.18109 12.0151 8.89974 8.16005 6.21155 0.616264
threshold=86.500000000000014 21.246621621621625 10.111014907548933 1.3650074059751963e-25 0.35000000000000003 10.250000000000002
decision_type=2 2 2 2 2 2
left_child=2 3 5 -2 -4 -1
right_child=1 -3 4 -5 -6 -7
leaf_value=-0.030292247098302711 0.039212751398645405 -0.020099690734187887 0.03594918596634375 0.010173919992989357 -4.1111328574380581e-05 -0.052013733549095387
leaf_weight=2.3909172832500181 10.565093386918305 10.091340616345404 4.4208240099251261 49.578350514173508 181.84899215702899 2.3124706703238189
leaf_count=33 20 32 10 126 1103 22
internal_value=0.00258262 0.0101924 -0.000216038 0.015275 0.000813062 -0.0409718
internal_weight=261.208 70.2348 190.973 60.1434 186.27 4.70339
internal_count=1346 178 1168 146 1113 55
is_linear=0
shrinkage=0.03


Tree=298
num_leaves=7
num_cat=0
split_feature=0 5 4 20 23 5
split_gain=6.54833 8.7053 6.48948 5.58517 5.12909 1.85307
threshold=48.500000000000007 3.5000000000000004 0.14401864594698063 6.8500000000000005 320.50000000000006 3.5000000000000004
decision_type=2 2 2 2 2 2
left_child=1 -1 4 -3 -2 -4
right_child=2 3 5 -5 -6 -7
leaf_value=0.0093574199071780138 0.002978686677327072 0.013326468493445794 0.012520228052318628 -0.038790917064760413 -0.027594298832424754 0.036629296534718449
leaf_weight=8.6394006293267029 223.93728181393817 2.2451830352656534 5.3821649849414808 10.530086287297307 5.0500100203789762 6.1455176994204521
leaf_count=30 887 12 24 341 35 19
internal_value=0.0019947 -0.0139021 0.0034101 -0.0296316 0.00230444 0.025373
internal_weight=261.93 21.4147 240.515 12.7753 228.987 11.5277
internal_count=1348 383 965 353 922 43
is_linear=0
shrinkage=0.03


Tree=299
num_leaves=5
num_cat=0
split_feature=17 11 21 19
split_gain=5.51651 5.40954 6.99383 4.496
threshold=30.200000000000006 16.450000000000003 1.700145145719514 10.550000000000002
decision_type=2 2 2 2
left_child=1 2 -1 -2
right_child=3 -3 -4 -5
leaf_value=-0.00017747980065166159 0.0018784263673696225 0.032356853825093415 -0.028141062395280927 0.034098763629330481
leaf_weight=223.7628917414695 7.855518024414776 4.4100520871579638 8.3499304219149035 7.7361950539052486
leaf_count=1194 26 15 58 14
internal_value=0.00058131 -0.00055806 -0.00118343 0.0178653
internal_weight=252.115 236.523 232.113 15.5917
internal_count=1307 1267 1252 40
is_linear=0
shrinkage=0.03


Tree=300
num_leaves=7
num_cat=0
split_feature=0 5 5 14 17 11
split_gain=5.61329 6.80381 6.59815 17.5011 6.73898 5.05219
threshold=47.500000000000007 3.5000000000000004 13.500000000000002 1.3650074059751963e-25 11.050000000000002 16.450000000000003
decision_type=2 2 2 2 2 2
left_child=1 -1 4 -4 -2 -3
right_child=2 5 3 -5 -6 -7
leaf_value=0.0048650422497936727 -0.025772524923221532 -0.038521505531531074 0.013942137107891517 -0.018307198280919829 0.004826909123110526 0.028548242268907977
leaf_weight=7.6351128844544318 6.7750057457014909 10.127101005986331 22.569089871831238 46.03961274260655 147.52937124017626 1.1228857319802035
leaf_count=27 44 313 119 339 460 7
internal_value=-0.00128869 -0.0169927 4.17512e-05 -0.00769866 0.00348339 -0.0318271
internal_weight=241.798 18.8851 222.913 68.6087 154.304 11.25
internal_count=1309 347 962 458 504 320
is_linear=0
shrinkage=0.03


Tree=301
num_leaves=4
num_cat=0
split_feature=23 23 7
split_gain=6.74784 9.70956 7.0311
threshold=35.000000000000007 58.000000000000007 65.500000000000014
decision_type=2 2 2
left_child=-1 -2 -3
right_child=1 2 -4
leaf_value=-0.033246834192906943 0.030670072134483799 0.00095569139214829056 0.027130413908773333
leaf_weight=4.6455064937472335 11.106273926328866 234.1865412305342 9.6156145036220533
leaf_count=21 24 1258 18
internal_value=0.00258469 0.0032377 0.00198803
internal_weight=259.554 254.908 243.802
internal_count=1321 1300 1276
is_linear=0
shrinkage=0.03


Tree=302
num_leaves=7
num_cat=0
split_feature=10 23 17 22 17 18
split_gain=6.40487 10.0295 9.80844 5.27764 10.9437 3.11031
threshold=-2.5795803609221989e-16 35.000000000000007 13.395122025559912 13.210077444757712 13.497759178938445 208.50000000000003
decision_type=2 2 2 2 2 2
left_child=3 -2 -3 4 -1 -5
right_child=1 2 -4 5 -6 -7
leaf_value=0.0095968228367221062 -0.046967063683798833 -0.0090248833823951408 0.0047305237414717247 0.0072316801952372577 -0.033251100101016194 0.027142032958612155
leaf_weight=25.998326689004898 4.3882695361971846 80.93282094062306 110.15466872649267 12.60787818208337 6.7595085152424863 16.051249615848064
leaf_count=88 24 688 463 33 34 37
internal_value=0.00053001 -0.0021252 -0.00109541 0.00898091 0.000755247 0.018383
internal_weight=256.893 195.476 191.087 61.417 32.7578 28.6591
internal_count=1367 1175 1151 192 122 70
is_linear=0
shrinkage=0.03


Tree=303
num_leaves=4
num_cat=0
split_feature=23 19 3
split_gain=6.49655 5.73656 4.92413
threshold=35.000000000000007 2.7500000000000004 7.5000000000000009
decision_type=2 2 2
left_child=-1 -2 -3
right_child=1 2 -4
leaf_value=-0.030518844287766807 0.028221272667354271 0.015961979569805482 -0.00057243258017656673
leaf_weight=5.8609613310545674 6.9935689130797973 17.506732093635947 218.92641580011696
leaf_count=26 17 154 1125
internal_value=0.00069245 0.00144392 0.000651861
internal_weight=249.288 243.427 236.433
internal_count=1322 1296 1279
is_linear=0
shrinkage=0.03


Tree=304
num_leaves=6
num_cat=0
split_feature=3 23 18 14 17
split_gain=6.1463 8.59401 11.3006 7.31428 5.58223
threshold=40.500000000000007 216.50000000000003 275.50000000000006 3.1497611784300649e-16 13.891353689366598
decision_type=2 2 2 2 2
left_child=1 4 -3 -2 -1
right_child=3 2 -4 -5 -6
leaf_value=-0.0026492554025995779 0.03399454118205858 -0.035127345036648161 -0.0021338864677374306 0.00081770110329540543 0.00785058859212516
leaf_weight=86.967691894853488 10.95165551826358 13.187893068185074 32.046332887723111 13.175738107413052 95.735476043075323
leaf_count=548 15 120 250 38 332
internal_value=0.00147824 -4.58841e-05 -0.011753 0.015877 0.00285261
internal_weight=252.065 227.937 45.2342 24.1274 182.703
internal_count=1303 1250 370 53 880
is_linear=0
shrinkage=0.03


Tree=305
num_leaves=8
num_cat=0
split_feature=6 16 14 16 15 20 3
split_gain=5.86827 9.50647 8.43704 7.32297 6.43862 10.6034 7.51717
threshold=0.99998964238358712 20.160256410256412 9.2740327277142025e-28 20.037749287749293 36.361111111111121 12.350000000000003 20.500000000000004
decision_type=2 2 2 2 2 2 2
left_child=4 3 -3 -2 6 -6 -1
right_child=1 2 -4 -5 5 -7 -8
leaf_value=0.0040636860922841677 -0.0081074493024910297 -0.03506916654907237 0.012275755052845663 -0.059900716975825351 -0.0069902626373474072 0.018893346979392794 0.026657888227720226
leaf_weight=34.737993405200541 84.980998512473889 3.7289820276200762 36.997483394574374 2.5300212586298576 58.318714121356606 18.847719427431002 21.427194703370333
leaf_count=137 686 28 140 17 234 68 48
internal_value=0.00054927 -0.00403259 0.00794078 -0.00960484 0.00495607 -0.000668252 0.0126834
internal_weight=261.569 128.237 40.7265 87.511 133.332 77.1664 56.1652
internal_count=1358 871 168 703 487 302 185
is_linear=0
shrinkage=0.03


Tree=306
num_leaves=5
num_cat=0
split_feature=24 13 24 21
split_gain=5.22007 5.7038 7.33514 4.5895
threshold=5.0500000000000007 1.8500000000000003 1.8500000000000003 0.50406756714742407
decision_type=2 2 2 2
left_child=1 2 -1 -3
right_child=-2 3 -4 -5
leaf_value=0.0017533353590871053 -0.030088538653563469 0.0038504320630608577 -0.029186717394694753 0.034490861143930025
leaf_weight=222.93147908872925 4.6316295303404322 9.2016294747591036 7.1163164023309937 8.430686876177786
leaf_count=1232 23 28 33 15
internal_value=0.00146654 0.00205662 0.000796233 0.0185008
internal_weight=252.312 247.68 230.048 17.6323
internal_count=1331 1308 1265 43
is_linear=0
shrinkage=0.03


Tree=307
num_leaves=7
num_cat=0
split_feature=0 4 24 24 14 5
split_gain=6.05717 8.41442 6.51915 6.46932 5.20561 1.85274
threshold=37.500000000000007 0.14401864594698063 1.5500000000000003 0.95000000000000007 2.9182612675413271e-30 3.5000000000000004
decision_type=2 2 2 2 2 2
left_child=2 4 3 -1 -2 -3
right_child=1 5 -4 -5 -6 -7
leaf_value=-0.045450458174136253 -0.034103896549687908 0.014443164470720572 -0.085879421325138122 0.0018746246010924131 0.00083382708650046812 0.036339553269271622
leaf_weight=3.7357403042260549 3.9073746255598953 7.8716547191143018 1.1963269468396891 8.5484943706542236 216.72446828661487 6.2307419627904892
leaf_count=134 31 31 9 110 978 20
internal_value=0.00052802 0.00165109 -0.0190278 -0.0125173 0.000215082 0.0241175
internal_weight=248.215 234.734 13.4806 12.2842 220.632 14.1024
internal_count=1313 1060 253 244 1009 51
is_linear=0
shrinkage=0.03


Tree=308
num_leaves=8
num_cat=0
split_feature=17 0 17 20 18 3 19
split_gain=5.14939 11.6272 9.38567 15.2253 6.94355 6.50838 0.427413
threshold=11.450000000000001 67.500000000000014 13.250000000000002 9.7500000000000018 191.50000000000003 57.500000000000007 13.350000000000003
decision_type=2 2 2 2 2 2 2
left_child=1 6 3 -2 -3 -4 -1
right_child=2 4 5 -5 -6 -7 -8
leaf_value=-0.034921832652381163 0.0066062685986461008 -0.0057127037414498013 0.0012509259291504518 -0.022486247819662065 0.028138348710630753 0.028416530948452808 -0.01143691729831019
leaf_weight=4.114876879611983 27.18175823520869 7.4796259459108141 139.81552794692107 40.036465431912802 20.13279780652374 8.4151029065251333 0.83978846762329329
leaf_count=109 100 27 605 383 62 16 16
internal_value=0.000257234 0.0113756 -0.00142341 -0.0107218 0.0189688 0.00279313 -0.0309413
internal_weight=248.016 32.5671 215.449 67.2182 27.6124 148.231 4.95467
internal_count=1318 214 1104 483 89 621 125
is_linear=0
shrinkage=0.03


Tree=309
num_leaves=7
num_cat=0
split_feature=4 16 16 20 23 5
split_gain=7.4552 12.238 11.3768 6.40412 5.22711 4.57635
threshold=1.0000000180025095e-35 20.62145593869732 25.150268336314848 9.1500000000000004 205.06808011004441 3.5000000000000004
decision_type=2 2 2 2 2 2
left_child=2 4 3 -1 -2 -3
right_child=1 5 -4 -5 -6 -7
leaf_value=0.0026321212626032988 0.023854248393471424 0.0035408034695669083 0.030904483161369033 -0.0093626830953677936 -0.0004268059364578937 -0.032096464960639927
leaf_weight=59.150131904287264 28.619185754563659 5.820657975971697 8.0698815528303367 124.12887017498724 11.064226494170724 7.3233198057860136
leaf_count=217 81 21 18 910 45 36
internal_value=-0.00120228 0.00877431 -0.00395661 -0.00549157 0.0170844 -0.0163149
internal_weight=244.176 52.8274 191.349 183.279 39.6834 13.144
internal_count=1328 183 1145 1127 126 57
is_linear=0
shrinkage=0.03


Tree=310
num_leaves=4
num_cat=0
split_feature=11 13 7
split_gain=4.35114 4.34149 5.36384
threshold=16.450000000000003 0.35000000000000003 15.500000000000002
decision_type=2 2 2
left_child=1 -1 -3
right_child=-2 2 -4
leaf_value=0.031722099710272428 0.032137619265889698 -0.007179145047962264 0.0035494776648133703
leaf_weight=4.2837622649967662 4.3202594006434074 53.298742487677373 196.79943276871927
leaf_count=11 17 527 781
internal_value=0.00228304 0.00177601 0.00126309
internal_weight=258.702 254.382 250.098
internal_count=1336 1319 1308
is_linear=0
shrinkage=0.03


Tree=311
num_leaves=5
num_cat=0
split_feature=19 2 14 16
split_gain=5.62174 5.17775 11.7391 10.8284
threshold=2.4500000000000006 5.2200467558801975 0.99999995453292267 19.516835016835021
decision_type=2 2 2 2
left_child=-1 2 -2 -3
right_child=1 3 -4 -5
leaf_value=0.021236385596780011 0.0086494050399365148 -0.013183673509822519 -0.013040836481307432 0.0048621558357293251
leaf_weight=9.8951926156878454 83.124366695526987 75.703375424374826 30.76962620858103 49.490641398588195
leaf_count=21 263 689 130 235
internal_value=-0.000922008 -0.00183908 0.00278956 -0.00604995
internal_weight=248.983 239.088 113.894 125.194
internal_count=1338 1317 393 924
is_linear=0
shrinkage=0.03


Tree=312
num_leaves=8
num_cat=0
split_feature=12 22 5 14 20 22 23
split_gain=7.11155 13.7904 8.9072 8.1198 9.61677 8.41028 2.26523
threshold=38.850000000000001 10.644299773621634 14.500000000000002 4.2315990594125236e-29 9.1500000000000004 11.911541278414832 190.50000000000003
decision_type=2 2 2 2 2 2 2
left_child=3 6 -3 5 -5 -1 -2
right_child=1 2 -4 4 -6 -7 -8
leaf_value=0.040845916143101721 -0.064800085836449639 0.014911017982792952 -0.023167935975437533 0.0029053904663039463 -0.011847336781104344 0.00089457095346876143 -0.022169779077424567
leaf_weight=7.2203328250907388 2.1671917722560456 62.219970888458192 6.0677332386840126 72.255042287288234 88.445654742186889 13.817933375015853 2.325621027732268
leaf_count=19 31 319 139 248 510 57 39
internal_value=0.000253652 0.00817792 0.0115275 -0.00291976 -0.00521414 0.0146059 -0.0427333
internal_weight=254.519 72.7805 68.2877 181.739 160.701 21.0383 4.49281
internal_count=1362 528 458 834 758 76 70
is_linear=0
shrinkage=0.03


Tree=313
num_leaves=4
num_cat=0
split_feature=23 18 7
split_gain=4.88075 7.40005 6.41308
threshold=352.50000000000006 407.50000000000006 66.500000000000014
decision_type=2 2 2
left_child=1 2 -1
right_child=-2 -3 -4
leaf_value=0.00092010714555269347 -0.02775830403919418 0.036467048856862541 0.029391737664200182
leaf_weight=237.56857460318133 4.8726214047055683 5.6611181318294248 7.3400580435991278
leaf_count=1275 33 16 12
internal_value=0.00197898 0.00255725 0.00177342
internal_weight=255.442 250.57 244.909
internal_count=1336 1303 1287
is_linear=0
shrinkage=0.03


Tree=314
num_leaves=5
num_cat=0
split_feature=13 17 15 3
split_gain=4.64987 4.81743 11.7119 5.6363
threshold=0.35000000000000003 11.550000000000002 36.750000000000007 57.500000000000007
decision_type=2 2 2 2
left_child=-1 2 -2 -3
right_child=1 3 -4 -5
leaf_value=0.03360170315465761 0.02100428770731368 -2.6312773762413118e-05 -0.027413296604717006 0.023129035692423687
leaf_weight=4.4400229416787615 28.058471727417782 209.72385256213602 5.3544427221640936 9.9078985527157766
leaf_count=12 158 1069 71 19
internal_value=0.00316679 0.00263276 0.0132453 0.00101826
internal_weight=257.485 253.045 33.4129 219.632
internal_count=1329 1317 229 1088
is_linear=0
shrinkage=0.03


Tree=315
num_leaves=7
num_cat=0
split_feature=17 10 14 3 13 7
split_gain=5.75793 8.02604 7.52132 7.04191 6.96653 7.10241
threshold=11.750000000000002 -4.0447500017867857e-17 2.068982525310773e-22 19.500000000000004 0.35000000000000003 81.000000000000014
decision_type=2 2 2 2 2 2
left_child=1 3 -3 -1 -2 -6
right_child=4 2 -4 -5 5 -7
leaf_value=-0.033617476931189515 0.038054814213655246 0.038447388147702377 0.0078648142383511664 0.010877941400873172 -0.0024300948702139827 0.033507910173914988
leaf_weight=5.6423511082539317 4.0880331210792056 11.839426014106722 18.619993950240314 7.3986901119351387 193.20689785957802 5.0793758034706107
leaf_count=76 8 56 133 24 991 8
internal_value=0.00141819 0.0113203 0.0197521 -0.00837349 -0.00071028 -0.00150949
internal_weight=245.875 43.5005 30.4594 13.041 202.374 198.286
internal_count=1296 289 189 100 1007 999
is_linear=0
shrinkage=0.03


Tree=316
num_leaves=5
num_cat=0
split_feature=23 13 0 0
split_gain=6.54506 6.30641 7.34985 6.80978
threshold=35.000000000000007 0.51643594767341361 72.500000000000014 83.500000000000014
decision_type=2 2 2 2
left_child=-1 2 -2 -3
right_child=1 3 -4 -5
leaf_value=-0.034862888666195767 0.025141226620611579 -0.0039551878017383127 -0.0095087061317473773 0.0068411264110325382
leaf_weight=4.4251442486420265 19.816898861667145 134.65229135297704 7.6312039531767359 86.266858980059624
leaf_count=22 117 929 31 232
internal_value=0.00130135 0.00194569 0.0155077 0.000260672
internal_weight=252.792 248.367 27.4481 220.919
internal_count=1331 1309 148 1161
is_linear=0
shrinkage=0.03


Tree=317
num_leaves=4
num_cat=0
split_feature=24 11 19
split_gain=8.29428 6.17272 5.94743
threshold=4.7500000000000009 8.4500000000000011 13.350000000000003
decision_type=2 2 2
left_child=1 -1 -3
right_child=-2 2 -4
leaf_value=0.01975718322832886 -0.038072341678366643 -0.0026295315734145455 0.009365842727644803
leaf_weight=14.854249302297829 4.9857122879475346 183.39545187377371 46.665815623477101
leaf_count=34 26 1050 211
internal_value=0.000234016 0.00101381 -0.00019638
internal_weight=249.901 244.916 230.061
internal_count=1321 1295 1261
is_linear=0
shrinkage=0.03


Tree=318
num_leaves=7
num_cat=0
split_feature=0 21 6 16 16 17
split_gain=6.52248 7.47281 10.93 6.52179 5.89509 4.55575
threshold=75.500000000000014 0.92460030832459517 0.12931437274662674 19.641737891737893 14.65686274509804 13.497759178938445
decision_type=2 2 2 2 2 2
left_child=1 2 -1 -3 -2 -6
right_child=4 3 -4 -5 5 -7
leaf_value=0.01056627233716385 0.025894267902996617 -0.045285265668199709 -0.011586640998930699 -0.0086273014549203535 -0.0040798693356763208 0.0070616050542350083
leaf_weight=35.911294010467827 10.502944849431513 7.1874994137324419 45.367778709856793 11.134301776066421 55.299277169629931 82.024405259639025
leaf_count=131 28 95 624 62 201 209
internal_value=0.000233676 -0.00570034 -0.00179888 -0.0230079 0.00423182 0.00257501
internal_weight=247.428 99.6009 81.2791 18.3218 147.827 137.324
internal_count=1350 912 755 157 438 410
is_linear=0
shrinkage=0.03


Tree=319
num_leaves=7
num_cat=0
split_feature=13 11 10 18 15 22
split_gain=5.91904 9.77113 9.54059 8.59367 5.02488 1.74366
threshold=0.95000000000000007 15.15 0.0098536326297570098 124.50000000000001 36.305555555555564 12.144934836374608
decision_type=2 2 2 2 2 2
left_child=1 2 -1 -2 -5 -3
right_child=3 5 -4 4 -6 -7
leaf_value=0.0032316248401321659 -0.02156974016136563 -0.059376071485877306 -0.01387940934794913 0.015784381801176216 0.0023845549709036943 -0.022207586822405277
leaf_weight=91.963085137191229 9.6501335166394693 3.0483967707259572 43.057890079682693 43.542969993781298 59.744931492954493 1.8106539713917298
leaf_count=542 39 52 310 126 241 45
internal_value=0.000395435 -0.0037292 -0.00222505 0.00550402 0.00803351 -0.0455258
internal_weight=252.818 139.88 135.021 112.938 103.288 4.85905
internal_count=1355 949 852 406 367 97
is_linear=0
shrinkage=0.03


Tree=320
num_leaves=5
num_cat=0
split_feature=19 9 16 15
split_gain=5.65737 5.47934 13.9063 6.79355
threshold=1.6500000000000001 2.3707490828855233 25.150268336314848 36.361111111111121
decision_type=2 2 2 2
left_child=-1 3 -3 -2
right_child=1 2 -4 -5
leaf_value=0.034527352424001442 0.016497376293157208 -0.004854916306477856 0.035176475741100645 0.00028025347031334854
leaf_weight=4.613224782049655 37.678196961060166 140.66754023591056 8.2691604709252697 60.704335258807987
leaf_count=6 120 943 16 240
internal_value=0.0016109 0.000996909 -0.00263232 0.00649103
internal_weight=251.932 247.319 148.937 98.3825
internal_count=1325 1319 959 360
is_linear=0
shrinkage=0.03


Tree=321
num_leaves=6
num_cat=0
split_feature=17 16 16 12 23
split_gain=5.60414 6.39114 11.8531 5.88458 6.9289
threshold=11.750000000000002 14.757688723205966 17.422649572649576 25.250000000000004 181.50000000000003
decision_type=2 2 2 2 2
left_child=1 -1 -3 -2 -5
right_child=3 2 -4 4 -6
leaf_value=0.051493326990162958 0.017086838265014889 -0.027651964799577756 0.014546886116668326 -0.0093474903024705486 0.0021190063800750596
leaf_weight=3.0681783836334935 13.258449688553808 7.3979071865323922 31.492149512865581 94.393798287259415 95.327261381433345
leaf_count=21 28 101 166 509 498
internal_value=-0.000172551 0.00980825 0.00651956 -0.0022357 -0.00358603
internal_weight=244.938 41.9582 38.8901 202.98 189.721
internal_count=1323 288 267 1035 1007
is_linear=0
shrinkage=0.03


Tree=322
num_leaves=8
num_cat=0
split_feature=0 9 19 22 19 19 19
split_gain=8.47051 10.4504 6.60969 6.3967 5.00326 4.97416 0.599943
threshold=87.500000000000014 3.0786382888910659 7.7500000000000009 10.349755041905548 8.1500000000000004 11.350000000000003 10.250000000000002
decision_type=2 2 2 2 2 2 2
left_child=3 2 -2 6 -3 -5 -1
right_child=1 4 -4 5 -6 -7 -8
leaf_value=-0.029076865039216492 -0.0065676639706654218 0.0014847976326714785 0.022147563996983533 -0.0082579168646680773 -0.030214326092638973 0.0026191506265930771 -0.05026610158310256
leaf_weight=2.4185808326583347 9.251148045063017 11.258925687521698 32.768286377191544 110.30745216552168 7.4442022219300261 57.596185263246298 2.3919734782539308
leaf_count=46 24 39 66 780 29 314 24
internal_value=-0.00211553 0.00752233 0.0158255 -0.00550399 -0.0111321 -0.00452674 -0.0396129
internal_weight=233.437 60.7226 42.0194 172.714 18.7031 167.904 4.81055
internal_count=1322 158 90 1164 68 1094 70
is_linear=0
shrinkage=0.03


Tree=323
num_leaves=8
num_cat=0
split_feature=6 17 15 10 23 16 16
split_gain=5.20944 12.0534 10.6564 5.64129 12.0149 10.6896 4.09011
threshold=0.99999581501663115 23.750000000000004 36.861111111111121 0.0024083538092637834 100.50000000000001 20.654509283819632 20.349294354838715
decision_type=2 2 2 2 2 2 2
left_child=3 2 -2 5 -5 -1 -3
right_child=1 6 -4 4 -6 -7 -8
leaf_value=0.016919616245725716 -0.00030906995886476122 -0.048886140024040001 -0.039769650009390312 -0.051057258411977169 0.00033639502671073689 -0.012087816769614757 -0.010414426832067577
leaf_weight=45.245655599515885 101.32786963274702 7.2273306995630247 6.5578735475428394 4.3916350803337982 60.39856284414418 15.300078847445546 3.7920483015477657
leaf_count=135 667 46 128 31 268 57 13
internal_value=-0.00126204 -0.00576031 -0.0027077 0.00300542 -0.00314719 0.00958936 -0.035647
internal_weight=244.241 118.905 107.886 125.336 64.7902 60.5457 11.0194
internal_count=1345 854 795 491 299 192 59
is_linear=0
shrinkage=0.03


Tree=324
num_leaves=7
num_cat=0
split_feature=22 9 11 18 18 1
split_gain=5.28166 9.39972 6.76211 4.63074 5.3607 0.411996
threshold=11.050000000000002 3.0786382888910659 14.15 407.50000000000006 257.50000000000006 5.9272227177398324
decision_type=2 2 2 2 2 2
left_child=1 2 -1 4 -2 -3
right_child=3 5 -4 -5 -6 -7
leaf_value=0.008961544711408467 0.0062378718563764245 -0.055591717972338694 -0.035571205253649887 0.027001123976787066 -0.0054058215752864121 -0.037125791145669822
leaf_weight=16.353332912549384 174.21502726431936 1.3887346461415289 3.7776772358920416 8.0690394743578491 44.72134489484597 5.0116119040176264
leaf_count=81 730 7 46 31 323 104
internal_value=0.00320175 -0.00946381 0.000604768 0.00468204 0.00385946 -0.0411325
internal_weight=253.537 26.5314 20.131 227.005 218.936 6.40035
internal_count=1322 238 127 1084 1053 111
is_linear=0
shrinkage=0.03


Tree=325
num_leaves=5
num_cat=0
split_feature=23 20 23 6
split_gain=4.95382 5.14524 8.51706 5.25396
threshold=35.000000000000007 10.250000000000002 123.50000000000001 0.99999999939033168
decision_type=2 2 2 2
left_child=-1 3 -3 -2
right_child=1 2 -4 -5
leaf_value=-0.027185472030409823 0.011149834330248628 -0.023896270222215403 0.00041247048288946828 -0.0011198787343392872
leaf_weight=5.3916859887540332 75.106619145954028 14.845393445808439 102.7952632906381 53.986611783853732
leaf_count=23 247 107 741 224
internal_value=0.00126145 0.00188307 -0.00265512 0.00601866
internal_weight=252.126 246.734 117.641 129.093
internal_count=1342 1319 848 471
is_linear=0
shrinkage=0.03


Tree=326
num_leaves=8
num_cat=0
split_feature=17 19 14 22 18 10 15
split_gain=4.31938 9.99101 7.57528 6.63981 11.3285 6.22823 4.10762
threshold=11.450000000000001 7.7500000000000009 1.4623626260190281e-21 12.505137156758233 128.50000000000003 0.036922910984343887 36.361111111111121
decision_type=2 2 2 2 2 2 2
left_child=1 6 -3 4 -2 -5 -1
right_child=3 2 -4 5 -6 -7 -8
leaf_value=0.010797305718226454 0.022200122854797884 0.038808988404427869 0.0063521668471177668 0.007468531740468071 -0.011059212704007417 -0.0082689617742287853 -0.03956425487744869
leaf_weight=2.2368749417364588 10.583793660160152 10.96499385405332 15.793890243978238 105.05176904879045 71.368830677471124 28.847730584675446 4.1838553755078465
leaf_count=14 30 51 103 419 498 150 66
internal_value=0.00151068 0.011588 0.019652 -3.8359e-05 -0.00676393 0.004078 -0.0220191
internal_weight=249.032 33.1796 26.7589 215.852 81.9526 133.899 6.42073
internal_count=1331 234 154 1097 528 569 80
is_linear=0
shrinkage=0.03


Tree=327
num_leaves=8
num_cat=0
split_feature=6 15 19 14 21 10 23
split_gain=9.43932 8.76731 11.4486 9.08725 5.38628 5.12156 4.68527
threshold=0.99999581501663115 36.638888888888893 7.1500000000000012 6.0409769525552099e-26 1.6553825291283657 0.13657242882375212 226.50000000000003
decision_type=2 2 2 2 2 2 2
left_child=4 2 -2 -3 6 -6 -1
right_child=1 3 -4 -5 5 -7 -8
leaf_value=0.0044780868147107017 -0.031325533874687284 -0.027238951261737695 -0.0050879727840312831 0.011205721301238555 -0.03767843094164381 0.0020639073875116749 0.01890231725461676
leaf_weight=90.600455104606226 20.304541841032915 6.5756658172467715 56.943360702833161 34.915635983226821 4.7229089280590397 7.6379785549361259 26.107237920165062
leaf_count=324 164 78 351 268 30 40 84
internal_value=9.43475e-05 -0.00601011 -0.0119845 0.00511289 0.00571027 -0.013121 0.00770475
internal_weight=247.808 118.739 77.2479 41.4913 129.069 12.3609 116.708
internal_count=1339 861 515 346 478 70 408
is_linear=0
shrinkage=0.03


Tree=328
num_leaves=7
num_cat=0
split_feature=15 14 9 0 24 12
split_gain=4.74395 8.17776 10.6406 6.86442 5.16312 5.44457
threshold=36.638888888888893 0.99961218692855558 1.5000000000000002 46.500000000000007 0.55000000000000016 39.150000000000013
decision_type=2 2 2 2 2 2
left_child=4 3 -3 -2 -1 -6
right_child=1 2 -4 -5 5 -7
leaf_value=0.021232420466714676 -0.026141188442311936 0.0026290574504715522 -0.044876502537615395 0.01342031764759428 -0.0071737308943978636 0.0062278747203313774
leaf_weight=7.8257852187380186 4.1965801161713889 16.027240956202153 5.7715858765877774 66.453916852595285 107.94692717422731 36.51095613266807
leaf_count=31 160 59 35 276 518 268
internal_value=0.000753559 0.00611424 -0.00994879 0.0110704 -0.00250083 -0.00378655
internal_weight=244.733 92.4493 21.7988 70.6505 152.284 144.458
internal_count=1347 530 94 436 817 786
is_linear=0
shrinkage=0.03


Tree=329
num_leaves=8
num_cat=0
split_feature=19 7 10 10 3 14 19
split_gain=6.07012 12.8388 10.0816 8.0995 5.0026 7.22938 4.81327
threshold=7.8500000000000005 25.500000000000004 0.069136123488339987 5.7198652335745582e-17 26.500000000000004 7.610657649873673e-23 9.6500000000000004
decision_type=2 2 2 2 2 2 2
left_child=1 3 -3 -1 5 -2 -6
right_child=4 2 -4 -5 6 -7 -8
leaf_value=0.010959663148814431 0.014744265190343176 -0.035249832795321748 0.012144775258780544 -0.012548916182695916 0.026908549322856318 -0.0020432036566934968 0.0054728276340043139
leaf_weight=36.036107870633714 30.242822270956822 17.50243137776852 5.25135414302349 20.805366970365867 15.896495865657924 97.578718647360802 23.167794976383448
leaf_count=197 181 90 12 170 30 575 68
internal_value=0.00154883 -0.00526818 -0.0243116 0.00235495 0.00480017 0.00192874 0.0141957
internal_weight=246.481 79.5953 22.7538 56.8415 166.886 127.822 39.0643
internal_count=1323 469 102 367 854 756 98
is_linear=0
shrinkage=0.03


Tree=330
num_leaves=4
num_cat=0
split_feature=19 23 11
split_gain=5.25314 7.70085 5.90078
threshold=2.4500000000000006 39.500000000000007 9.4500000000000011
decision_type=2 2 2
left_child=-1 -2 -3
right_child=1 2 -4
leaf_value=0.02322143392343572 -0.043903851212037215 -0.013341566792616846 0.0028163552947873976
leaf_weight=9.6268754899501783 3.4460352994501582 22.49360933015123 212.5972318360582
leaf_count=22 18 91 1201
internal_value=0.0014946 0.000617746 0.00127036
internal_weight=248.164 238.537 235.091
internal_count=1332 1310 1292
is_linear=0
shrinkage=0.03


Tree=331
num_leaves=5
num_cat=0
split_feature=19 5 15 3
split_gain=4.90038 7.85651 15.6176 5.91308
threshold=2.7500000000000004 13.500000000000002 36.07777777777779 12.263431446663274
decision_type=2 2 2 2
left_child=-1 3 -3 -2
right_child=1 2 -4 -5
leaf_value=0.021653607285620827 -0.004866883227664388 -0.039150644458569389 -0.00061466195182687054 0.008129005079948284
leaf_weight=11.407293472439049 41.734557103831321 11.411352745490147 55.496125241159461 128.61214133980684
leaf_count=26 318 102 471 389
internal_value=0.00244713 0.00152368 -0.00718714 0.00494504
internal_weight=248.661 237.254 66.9075 170.347
internal_count=1306 1280 573 707
is_linear=0
shrinkage=0.03


Tree=332
num_leaves=4
num_cat=0
split_feature=23 23 5
split_gain=4.78975 11.7803 6.75285
threshold=35.000000000000007 58.000000000000007 14.500000000000002
decision_type=2 2 2
left_child=-1 -2 -3
right_child=1 2 -4
leaf_value=-0.031334250070185754 0.028242827479618288 1.2903274175906941e-06 -0.013735685896098504
leaf_weight=4.7183745456859461 11.934964990243314 189.7304394611856 38.791660649934784
leaf_count=23 30 925 389
internal_value=-0.00140045 -0.000813069 -0.00233056
internal_weight=245.175 240.457 228.522
internal_count=1367 1344 1314
is_linear=0
shrinkage=0.03


Tree=333
num_leaves=6
num_cat=0
split_feature=23 10 16 16 0
split_gain=5.36624 6.48901 7.40161 6.42002 4.14344
threshold=60.500000000000007 -2.5795803609221989e-16 24.896521739130439 22.045000000000005 65.500000000000014
decision_type=2 2 2 2 2
left_child=4 3 -3 -2 -1
right_child=1 2 -4 -5 -6
leaf_value=0.00071930377751803533 0.012225941163668265 -0.0053637440476885737 0.020799240096658698 -0.01812565467171591 0.028358514242358523
leaf_weight=9.2059888197109121 46.452282117446885 163.29639351053629 10.348551612347363 7.251229226589202 10.391708768904207
leaf_count=37 151 1097 28 24 19
internal_value=0.000312485 -0.000985925 -0.00380453 0.00812777 0.015375
internal_weight=246.946 227.348 173.645 53.7035 19.5977
internal_count=1356 1300 1125 175 56
is_linear=0
shrinkage=0.03


Tree=334
num_leaves=5
num_cat=0
split_feature=19 19 9 15
split_gain=6.10146 7.54405 12.4774 5.90322
threshold=1.6500000000000001 10.350000000000003 3.0786382888910659 36.922222222222224
decision_type=2 2 2 2
left_child=-1 2 -2 -3
right_child=1 3 -4 -5
leaf_value=0.035390282461274868 0.0008745221691503931 0.0079346162083216484 -0.019031152321553033 -0.013126300415668663
leaf_weight=4.3595243096351615 92.414834013674408 97.630138520733453 40.876283465884626 13.65279597789049
leaf_count=5 415 411 413 100
internal_value=0.000211413 -0.000415649 -0.00522994 0.00535075
internal_weight=248.934 244.574 133.291 111.283
internal_count=1344 1339 828 511
is_linear=0
shrinkage=0.03


Tree=335
num_leaves=8
num_cat=0
split_feature=17 19 15 12 22 10 14
split_gain=6.7449 9.88344 7.75098 6.88276 12.1556 10.0201 5.36933
threshold=11.450000000000001 8.3500000000000032 36.638888888888893 38.850000000000001 11.050000000000002 -0.031468602089813412 7.610657649873673e-23
decision_type=2 2 2 2 2 2 2
left_child=1 2 -1 5 -5 -2 -3
right_child=3 6 -4 4 -6 -7 -8
leaf_value=0.0033459967477240467 -0.032567067644456202 0.043358417740077815 -0.060023077406359711 -0.038372979596248517 0.01109907065566248 -0.0028676770816957382 0.012874542266435841
leaf_weight=6.5745255050715077 11.068126913160084 8.1413737337570655 2.3610309544019401 4.8719585018698117 54.166736226063222 134.04835300147533 14.394723113044163
leaf_count=54 49 31 40 47 358 629 81
internal_value=0.000373428 0.013301 -0.0133979 -0.00161943 0.00701657 -0.00513287 0.0238871
internal_weight=235.627 31.4717 8.93556 204.155 59.0387 145.116 22.5361
internal_count=1289 206 94 1083 405 678 112
is_linear=0
shrinkage=0.03


Tree=336
num_leaves=7
num_cat=0
split_feature=17 7 19 17 13 20
split_gain=3.95597 7.57602 6.57042 12.2677 6.51511 6.48203
threshold=11.750000000000002 65.500000000000014 9.3500000000000032 11.350000000000003 0.35000000000000003 10.700185191285511
decision_type=2 2 2 2 2 2
left_child=2 4 3 -1 -2 -4
right_child=1 -3 5 -5 -6 -7
leaf_value=-0.033319447850028425 0.035306117909314913 0.027701484939881244 -0.0036123345832652252 0.019635334403741708 -0.0029117963498582282 0.028633265401669536
leaf_weight=7.6588450269773594 4.1000311858952037 7.9813730120658866 8.1979973921552318 8.1027817744761688 192.4125015498139 17.777243671473116
leaf_count=112 9 15 35 48 1030 96
internal_value=0.000767187 -0.000950708 0.00918418 -0.0060963 -0.00211442 0.0184563
internal_weight=246.231 204.494 41.7369 15.7616 196.513 25.9752
internal_count=1345 1054 291 160 1039 131
is_linear=0
shrinkage=0.03


Tree=337
num_leaves=8
num_cat=0
split_feature=10 10 23 0 0 15 21
split_gain=6.24976 8.17061 13.0482 7.37628 6.54463 9.37097 4.54001
threshold=-2.5795803609221989e-16 -8.990038321089747e-17 208.50000000000003 34.500000000000007 62.500000000000007 36.361111111111121 0.43241096079147801
decision_type=2 2 2 2 2 2 2
left_child=4 2 -2 -3 5 -1 -6
right_child=1 3 -4 -5 6 -7 -8
leaf_value=0.009854921565915312 -0.045903595722396127 -0.028369799366379324 0.0058350568823952896 0.00037906889764479241 0.024064089857911641 -0.048748444489736496 0.0047057823281639617
leaf_weight=6.3060110090300423 9.6709489949280414 8.4462437146576104 8.0291611686116067 163.8827085342491 20.121004447340965 4.0220262859947979 23.801271591335535
leaf_count=29 93 199 66 796 37 43 70
internal_value=-0.000459724 -0.00302362 -0.0224338 -0.00102998 0.00852115 -0.0129669 0.0135739
internal_weight=244.279 190.029 17.7001 172.329 54.2503 10.328 43.9223
internal_count=1333 1154 159 995 179 72 107
is_linear=0
shrinkage=0.03


Tree=338
num_leaves=8
num_cat=0
split_feature=16 12 17 16 16 1 15
split_gain=4.72255 8.61884 7.57424 6.89067 10.3433 7.34707 6.49815
threshold=15.699677938808376 36.95000000000001 22.150000000000002 17.261208576998055 17.471405228758172 4.1551998165223401 36.69444444444445
decision_type=2 2 2 2 2 2 2
left_child=1 2 -1 5 -5 -2 -3
right_child=3 6 -4 4 -6 -7 -8
leaf_value=-0.014522871537018285 0.020705135148360049 0.03433610864650917 0.029402429868994665 0.0284073255892624 -0.0017769955295078329 -0.018891566609459037 -0.018052818772663536
leaf_weight=14.698903804877775 4.8232476934790602 13.244029715191571 4.6509905345737925 10.91076758969575 160.76614714669995 33.571479168604128 2.53942302300129
leaf_count=100 18 89 10 37 775 281 33
internal_value=-0.000725524 0.00945497 -0.00396487 -0.00242816 0.000141341 -0.0139173 0.0259072
internal_weight=245.205 35.1333 19.3499 210.072 171.677 38.3947 15.7835
internal_count=1343 232 110 1111 812 299 122
is_linear=0
shrinkage=0.03


Tree=339
num_leaves=5
num_cat=0
split_feature=20 16 13 10
split_gain=4.90038 5.80193 10.8435 6.78294
threshold=15.15 21.246621621621625 0.51643594767341361 -0.092429700563408518
decision_type=2 2 2 2
left_child=1 3 -3 -1
right_child=-2 2 -4 -5
leaf_value=0.02949416710537224 0.034169837008570493 0.024516444607658134 -0.01568573581959562 0.0015599698676485789
leaf_weight=8.1561938505619747 3.9559692144393912 7.1913196905516079 37.658535448252223 191.65558412065729
leaf_count=21 15 23 185 1106
internal_value=0.00104705 0.000511485 -0.00923963 0.00270023
internal_weight=248.618 244.662 44.8499 199.812
internal_count=1350 1335 208 1127
is_linear=0
shrinkage=0.03


Tree=340
num_leaves=8
num_cat=0
split_feature=5 16 20 20 24 19 3
split_gain=4.71002 9.87951 6.74712 5.7005 4.25649 3.99123 0.194731
threshold=13.500000000000002 16.23764705882353 11.64977454245494 7.4500000000000011 2.1500000000000008 5.9500000000000011 29.500000000000004
decision_type=2 2 2 2 2 2 2
left_child=3 6 -3 5 -5 -1 -2
right_child=1 2 -4 4 -6 -7 -8
leaf_value=-0.0022228753715985345 -0.033971440582987039 0.0022712006214643254 -0.025585732657997767 0.0033431692298449955 0.020542728893575116 -0.039643080378203001 -0.044227956794012632
leaf_weight=6.1009018365293723 5.6950991837074962 54.79926078976132 9.1287343786098045 152.23503325833008 14.153666891157625 4.4265549248084426 2.3548939004540443
leaf_count=21 158 238 183 658 36 27 15
internal_value=0.000819346 -0.00565073 -0.00170669 0.00345168 0.00480623 -0.0179572 -0.0369718
internal_weight=248.894 71.978 63.928 176.916 166.389 10.5275 8.04999
internal_count=1336 594 421 742 694 48 173
is_linear=0
shrinkage=0.03


Tree=341
num_leaves=8
num_cat=0
split_feature=22 15 16 18 18 23 18
split_gain=4.85783 12.566 5.66052 3.63624 8.09259 6.17801 0.969447
threshold=11.050000000000002 36.577777777777783 18.106203007518801 158.50000000000003 165.50000000000003 133.50000000000003 278.50000000000006
decision_type=2 2 2 2 2 2 2
left_child=1 2 -1 5 -5 -2 -3
right_child=3 6 -4 4 -6 -7 -8
leaf_value=-0.024625069078510333 0.0033956560659915047 -0.047798033254129631 0.012893844425529653 -0.044277851025002833 0.0004142146081297854 0.027355791984261531 -0.024501461458974822
leaf_weight=5.0217387231532546 52.45760419848375 6.3292341770138574 12.956919707125051 3.7354520913213483 153.03016307484359 11.878400513902305 2.1549771591089666
leaf_count=63 186 90 48 28 858 36 43
internal_value=0.000360065 -0.0117871 0.00241419 0.00181392 -0.00065072 0.00781943 -0.0418807
internal_weight=247.564 26.4629 17.9787 221.102 156.766 64.336 8.48421
internal_count=1352 244 111 1108 886 222 133
is_linear=0
shrinkage=0.03


Tree=342
num_leaves=6
num_cat=0
split_feature=16 10 16 7 0
split_gain=5.84599 9.04456 6.30306 5.92766 6.07083
threshold=22.505102040816329 -2.838194080064456e-16 23.571070234113716 51.500000000000007 75.500000000000014
decision_type=2 2 2 2 2
left_child=3 -2 -3 4 -1
right_child=1 2 -4 -5 -6
leaf_value=-0.0028370485391466288 -0.05177910022784319 -0.032180064373846788 0.0043521926284139515 -0.020818407047572214 0.0077160060471826719
leaf_weight=79.630730633973144 4.3495834525674608 5.6303673966322121 17.343806177843362 9.2990310788154584 127.79694516211748
leaf_count=786 22 38 65 34 371
internal_value=0.0009656 -0.0121111 -0.00460091 0.00261424 0.00366473
internal_weight=244.05 27.3238 22.9742 216.727 207.428
internal_count=1316 125 103 1191 1157
is_linear=0
shrinkage=0.03


Tree=343
num_leaves=4
num_cat=0
split_feature=12 3 3
split_gain=6.40161 6.62433 7.70071
threshold=25.250000000000004 70.000000000000014 51.500000000000007
decision_type=2 2 2
left_child=-1 2 -2
right_child=1 -3 -4
leaf_value=0.019529536898571842 -0.003218135700260266 0.027822168424760235 -0.049180378059416031
leaf_weight=11.927348323166369 204.61637697787955 6.0765998214483252 3.3341910094022742
leaf_count=27 1240 11 16
internal_value=-0.00186082 -0.00305286 -0.00395507
internal_weight=225.955 214.027 207.951
internal_count=1294 1267 1256
is_linear=0
shrinkage=0.03


Tree=344
num_leaves=7
num_cat=0
split_feature=10 10 3 24 24 22
split_gain=5.22516 11.945 14.2278 7.37513 6.64359 4.22067
threshold=-2.5795803609221989e-16 -8.990038321089747e-17 33.500000000000007 0.55000000000000016 0.75000000000000011 13.196244954755933
decision_type=2 2 2 2 2 2
left_child=4 2 -2 -3 -1 -6
right_child=1 3 -4 -5 5 -7
leaf_value=-0.0162660319138557 -0.044990858705143612 0.025263214384597908 0.01505188585895418 -0.0012304334873293554 0.0044634650111696414 0.022969399729877726
leaf_weight=8.1359393908642215 11.436120456433857 10.039921274641527 5.1520375013351432 162.72195818950422 23.447298527928069 21.049090767279267
leaf_count=38 147 43 13 968 85 52
internal_value=0.000298579 -0.00202562 -0.0263425 0.000309224 0.00866011 0.0132177
internal_weight=241.982 189.35 16.5882 172.762 52.6323 44.4964
internal_count=1346 1171 160 1011 175 137
is_linear=0
shrinkage=0.03


Tree=345
num_leaves=7
num_cat=0
split_feature=11 12 21 18 3 18
split_gain=5.52015 8.14469 9.41868 5.35994 3.56896 3.66221
threshold=11.350000000000003 35.350000000000001 0.29751877346368455 200.50000000000003 44.500000000000007 258.50000000000006
decision_type=2 2 2 2 2 2
left_child=4 2 -2 -3 5 -1
right_child=1 3 -4 -5 -6 -7
leaf_value=0.0093127884700425975 -0.046072360988230018 -0.0061819498001331559 -0.0020379960975835765 0.0067120271815812897 0.021299273162005604 -0.0057019567637440248
leaf_weight=66.09028233634308 7.2087537937331971 45.47385323792696 11.108114484231917 80.167982526123524 16.347765371203423 18.772883533965796
leaf_count=214 68 282 52 590 34 92
internal_value=0.0030952 -0.000679292 -0.0193681 0.00204528 0.00846389 0.00599132
internal_weight=245.17 143.959 18.3169 125.642 101.211 84.8632
internal_count=1332 992 120 872 340 306
is_linear=0
shrinkage=0.03


Tree=346
num_leaves=5
num_cat=0
split_feature=20 0 16 15
split_gain=5.9623 6.56971 8.25934 7.5146
threshold=14.65 81.500000000000014 15.015151515151517 35.394444444444453
decision_type=2 2 2 2
left_child=1 2 -1 -3
right_child=-2 3 -4 -5
leaf_value=-0.036568218659947402 0.031545058205807421 0.031450939086091055 -0.0022530365399953097 0.0035387332372573883
leaf_weight=6.6507207995746276 5.6945977313444009 9.5574545413255674 124.20664441306144 94.640349481254816
leaf_count=120 38 15 884 282
internal_value=0.00121324 0.000478402 -0.00399708 0.00609896
internal_weight=240.75 235.055 130.857 104.198
internal_count=1339 1301 1004 297
is_linear=0
shrinkage=0.03


Tree=347
num_leaves=7
num_cat=0
split_feature=21 22 24 24 14 20
split_gain=7.42286 8.63761 15.4835 8.12769 7.80129 7.26494
threshold=0.43683654828479396 11.850000000000003 1.1500000000000001 1.4500000000000002 0.99999999989472854 12.750000000000002
decision_type=2 2 2 2 2 2
left_child=4 3 -3 -2 5 -1
right_child=1 2 -4 -5 -6 -7
leaf_value=0.0055608161528458181 -0.012969468381814059 -0.013025403010815291 0.014959517315221344 -0.058831408879032591 0.033823317317771863 -0.018574342669327129
leaf_weight=129.69767241826048 23.241458208649423 38.243165606516413 33.276148295029998 4.0897859428077927 8.0541007556021196 12.28816264902707
leaf_count=637 163 213 102 23 16 194
internal_value=0.000896065 -0.00548682 -4.71939e-06 -0.0198321 0.00510129 0.00347204
internal_weight=248.89 98.8506 71.5193 27.3312 150.04 141.986
internal_count=1348 501 315 186 847 831
is_linear=0
shrinkage=0.03


Tree=348
num_leaves=7
num_cat=0
split_feature=0 20 5 11 12 11
split_gain=4.50787 6.83875 7.17235 5.25511 9.71389 7.93562
threshold=46.500000000000007 7.7500000000000009 3.5000000000000004 13.92933761438915 41.45000000000001 13.450000000000001
decision_type=2 2 2 2 2 2
left_child=1 -1 -3 5 -5 -2
right_child=3 2 -4 4 -6 -7
leaf_value=-0.054697064236493252 0.0024357751312364365 0.01891039579190994 -0.02292362483260486 0.041226839905229309 0.0038620638407836768 -0.024660411623505348
leaf_weight=2.9317060364410308 186.8850313781295 6.5645313672721377 8.4187536891549808 8.6861693621613103 22.43734294292517 10.261766139185054
leaf_count=27 734 20 290 26 150 80
internal_value=0.0016967 -0.0127941 -0.00459515 0.00283396 0.0142901 0.00102538
internal_weight=246.185 17.915 14.9833 228.27 31.1235 197.147
internal_count=1327 337 310 990 176 814
is_linear=0
shrinkage=0.03


Tree=349
num_leaves=5
num_cat=0
split_feature=20 14 20 6
split_gain=5.2117 4.99993 12.1142 6.19962
threshold=15.15 1.1825474821923402e-22 7.2500000000000009 1.186207745328435e-19
decision_type=2 2 2 2
left_child=1 2 -1 -3
right_child=-2 3 -4 -5
leaf_value=-0.049223764437328059 0.037313665950306267 0.011453378164952082 0.011627057528664272 -0.0037252853363935671
leaf_weight=3.0969871431589118 3.6863188780844203 28.993508498184383 59.783187866909429 147.03877533273771
leaf_count=17 14 94 340 861
internal_value=0.00191476 0.00136857 0.00863002 -0.00122527
internal_weight=242.599 238.912 62.8802 176.032
internal_count=1326 1312 357 955
is_linear=0
shrinkage=0.03


Tree=350
num_leaves=8
num_cat=0
split_feature=23 23 7 10 10 24 10
split_gain=4.87731 10.4707 6.46084 5.49918 14.0744 5.59021 1.42776
threshold=231.50000000000003 245.50000000000003 14.129346529544881 -8.2365978998534688e-17 -3.6391133999896209e-16 3.5500000000000003 0.0049097433679954885
decision_type=2 2 2 2 2 2 2
left_child=3 6 -3 4 -1 -5 -2
right_child=1 2 -4 5 -6 -7 -8
leaf_value=0.0029349628204523009 -0.032478850031705614 -0.032175226828923889 0.0038736303795923696 0.0070906186596201067 -0.034264862154074455 -0.02821221630652836 -0.061986238165558628
leaf_weight=42.752607372356579 3.6498328538145861 5.3081394445616743 28.492855626391247 145.31537047517486 11.647377925110048 4.1522866608574978 2.4777102810330689
leaf_count=150 39 92 148 734 116 21 24
internal_value=0.00125952 -0.00832853 -0.00178752 0.00313739 -0.00502975 0.00610989 -0.0444103
internal_weight=243.796 39.9285 33.801 203.868 54.4 149.468 6.12754
internal_count=1324 303 240 1021 266 755 63
is_linear=0
shrinkage=0.03


Tree=351
num_leaves=8
num_cat=0
split_feature=12 13 15 22 23 16 15
split_gain=5.99732 7.45855 15.4525 7.3274 5.81448 5.77214 3.90152
threshold=38.850000000000001 1.5408907505113183 36.305555555555564 10.705512089049128 58.000000000000007 16.103942652329753 36.527777777777779
decision_type=2 2 2 2 2 2 2
left_child=1 4 -3 6 -1 -5 -2
right_child=3 2 -4 5 -6 -7 -8
leaf_value=0.017711829821568898 -0.057192592825422682 0.006626800322289057 -0.043249037823849354 0.031280057057217724 -0.0016992944949443805 0.0074170855741855458 -0.0071024539644570601
leaf_weight=15.504301883280275 1.8934711678884912 11.20491159334779 11.157676834613083 11.110224669799207 133.25659511762206 51.000140859163366 5.3644508257275447
leaf_count=39 22 34 55 89 674 334 61
internal_value=0.000911752 -0.00210455 -0.0182584 0.00835263 0.00032379 0.0116857 -0.0201701
internal_weight=240.492 171.123 22.3626 69.3683 148.761 62.1104 7.25792
internal_count=1308 802 89 506 713 423 83
is_linear=0
shrinkage=0.03


Tree=352
num_leaves=8
num_cat=0
split_feature=10 19 0 20 20 20 15
split_gain=4.95357 10.1153 11.5228 4.29952 10.3989 5.57247 3.76879
threshold=0.036922910984343887 12.550000000000002 75.500000000000014 11.64977454245494 11.950000000000001 10.950000000000001 36.394444444444453
decision_type=2 2 2 2 2 2 2
left_child=3 2 -2 5 -5 -1 -3
right_child=1 6 -4 4 -6 -7 -8
leaf_value=0.0037527273465821236 -0.036792695367385636 -0.0053832121942006348 -0.0026307580890817593 -0.039062773265260128 0.0019409816411273934 0.019197198348390222 0.022676449364264287
leaf_weight=116.17337729467545 13.78902969881892 6.867492021527144 24.991980958729982 6.5525066107511512 36.993038295651786 25.671496921917424 11.559274366125463
leaf_count=464 177 31 72 58 346 110 57
internal_value=0.00163522 -0.00608185 -0.0147774 0.00401656 -0.00422905 0.00654791 0.0122189
internal_weight=242.598 57.2078 38.781 185.39 43.5455 141.845 18.4268
internal_count=1315 337 249 978 404 574 88
is_linear=0
shrinkage=0.03


Tree=353
num_leaves=8
num_cat=0
split_feature=22 3 6 11 20 5 19
split_gain=5.48201 5.87531 5.97824 5.17987 13.7068 9.95832 4.88646
threshold=11.050000000000002 17.045973619977513 8.3062457333731777e-25 13.92933761438915 12.550000000000002 12.500000000000002 11.450000000000001
decision_type=2 2 2 2 2 2 2
left_child=1 2 -1 4 -2 -5 -3
right_child=3 6 -4 5 -6 -7 -8
leaf_value=0.0014905533005331617 0.0014731856579576132 -0.019560109239358959 -0.041209528224644167 0.02032397329483691 -0.045928216403620631 -0.025232824444756965 0.017180547287227441
leaf_weight=4.4667471256107119 178.58995658915956 5.6730584064498526 8.6956691747764108 27.069103550282307 5.6644267216324797 5.1380837891483671 7.6528256647288799
leaf_count=16 769 32 188 135 75 112 23
internal_value=0.000379791 -0.0125026 -0.026719 0.0019562 1.59516e-05 0.0130562 0.00153942
internal_weight=242.95 26.4883 13.1624 216.462 184.254 32.2072 13.3259
internal_count=1350 259 204 1091 844 247 55
is_linear=0
shrinkage=0.03


Tree=354
num_leaves=4
num_cat=0
split_feature=23 23 3
split_gain=3.87923 10.488 5.23877
threshold=35.000000000000007 58.000000000000007 6.5000000000000009
decision_type=2 2 2
left_child=-1 -2 -3
right_child=1 2 -4
leaf_value=-0.022749868872962785 0.030877923907917881 0.023082516940310032 0.00015288455887460037
leaf_weight=5.6386062558740369 11.125393106602131 9.3398144427919743 225.03538220212795
leaf_count=24 26 82 1209
internal_value=0.00185253 0.00241759 0.00106663
internal_weight=251.139 245.501 234.375
internal_count=1341 1317 1291
is_linear=0
shrinkage=0.03


Tree=355
num_leaves=7
num_cat=0
split_feature=16 6 17 16 11 13
split_gain=6.1108 10.2928 9.28451 8.0052 7.98732 6.13351
threshold=17.261208576998055 0.45214975187856121 10.350000000000003 17.471405228758172 10.850000000000003 0.51643594767341361
decision_type=2 2 2 2 2 2
left_child=1 4 -3 -2 -1 -5
right_child=3 2 -4 5 -6 -7
leaf_value=0.02630033021273101 0.028892547016846591 0.042595287706013778 -0.024372429443329045 0.015248689737451962 -0.0070753814504925534 -0.0020094907561526575
leaf_weight=9.6625307016074675 9.3798588300123793 1.9807406265754242 31.411146880593151 21.482467936119065 19.430043887346983 135.02054405678064
leaf_count=28 38 18 385 100 95 649
internal_value=-0.00103902 -0.00903493 -0.0204 0.00197287 0.00400971 0.000359462
internal_weight=228.367 62.4845 33.3919 165.883 29.0926 156.503
internal_count=1313 526 403 787 123 749
is_linear=0
shrinkage=0.03


Tree=356
num_leaves=4
num_cat=0
split_feature=11 12 23
split_gain=5.67814 5.20363 4.7541
threshold=7.7500000000000009 24.550000000000004 39.500000000000007
decision_type=2 2 2
left_child=-1 -2 -3
right_child=1 2 -4
leaf_value=-0.03621712821406968 0.031398474591224149 -0.03169686729940447 0.0029618428484858455
leaf_weight=3.3496647439897052 5.7138639837503424 3.6190773649141184 225.60125041479478
leaf_count=15 9 18 1273
internal_value=0.00256658 0.00311955 0.00241463
internal_weight=238.284 234.934 229.22
internal_count=1315 1300 1291
is_linear=0
shrinkage=0.03


Tree=357
num_leaves=8
num_cat=0
split_feature=15 7 7 16 17 4 5
split_gain=4.39192 16.7163 11.1202 6.18729 8.36777 5.1227 0.962922
threshold=37.083333333333336 12.500000000000002 26.500000000000004 22.505102040816329 19.650000000000002 1.7087722769326193e-29 7.5000000000000009
decision_type=2 2 2 2 2 2 2
left_child=3 6 -3 5 -5 -1 -2
right_child=1 2 -4 4 -6 -7 -8
leaf_value=0.0017788510513066498 0.034548938154513091 -0.054556680420840775 0.0065539555373896495 -0.023812799771374675 0.015864707784205567 0.015139551725342024 0.011778399846248191
leaf_weight=166.30869690864347 3.8424552525393691 8.0363538826350105 4.0207295008003703 16.716053511714566 6.7014793753623954 30.575953386258334 2.9582146651810035
leaf_count=985 11 63 15 94 16 105 37
internal_value=0.000930408 -0.0129649 -0.0341778 0.00211984 -0.0124581 0.00385375 0.024644
internal_weight=239.16 18.8578 12.0571 220.302 23.4175 196.885 6.80067
internal_count=1326 126 78 1200 110 1090 48
is_linear=0
shrinkage=0.03


Tree=358
num_leaves=7
num_cat=0
split_feature=16 19 17 1 0 13
split_gain=6.07377 11.0049 7.82918 5.46695 7.92678 4.67936
threshold=21.468269230769234 6.2500000000000009 18.650000000000002 5.3376416284434258 75.500000000000014 0.51643594767341361
decision_type=2 2 2 2 2 2
left_child=3 -2 -3 5 -5 -1
right_child=1 2 -4 4 -6 -7
leaf_value=0.031168940360802571 -0.047434793972869593 -0.012543424326804326 0.021418130578666716 -0.011482929783730899 0.0039468189650644246 0.0067469554782621398
leaf_weight=8.1927586793899518 6.1343377581797531 22.901037775445733 8.3318250328302366 42.977896233962383 98.971502855420113 51.115085495635867
leaf_count=22 36 129 19 641 307 170
internal_value=0.000408822 -0.0106989 -0.00348368 0.00247117 -0.000724833 0.0101206
internal_weight=238.624 37.3672 31.2329 201.257 141.949 59.3078
internal_count=1324 184 148 1140 948 192
is_linear=0
shrinkage=0.03


Tree=359
num_leaves=7
num_cat=0
split_feature=20 20 20 17 21 17
split_gain=5.27668 7.02889 12.9784 5.96571 3.33979 5.63171
threshold=13.950000000000001 11.64977454245494 11.850000000000003 16.250000000000004 0.37105611154025714 36.050000000000004
decision_type=2 2 2 2 2 2
left_child=1 3 -3 -1 5 -2
right_child=4 2 -4 -5 -6 -7
leaf_value=0.0050655973807504839 -0.03283040147495625 -0.057746164378578269 -0.0059034772298076337 -0.0069397839397711972 0.031953123863588312 0.04603629644861762
leaf_weight=129.91247047611978 2.2027303773211298 4.9286403751466414 36.763575296266936 52.22882563341409 7.3650065883994102 1.2933470010757449
leaf_count=603 59 46 383 202 25 1
internal_value=7.0491e-05 -0.000920396 -0.0120321 0.00162307 0.0204914 -0.00365427
internal_weight=234.695 223.834 41.6922 182.141 10.8611 3.49608
internal_count=1319 1234 429 805 85 60
is_linear=0
shrinkage=0.03


Tree=360
num_leaves=7
num_cat=0
split_feature=17 0 14 17 20 12
split_gain=4.10447 10.4053 8.74009 7.96313 20.9746 7.66568
threshold=11.450000000000001 84.500000000000014 1.6914486802666355e-05 13.250000000000002 11.450000000000001 37.45000000000001
decision_type=2 2 2 2 2 2
left_child=1 2 -1 4 -2 -5
right_child=3 -3 -4 5 -6 -7
leaf_value=-0.029670456041036786 -0.0011336721877411961 0.029502586988430002 0.012746188001532897 -0.0036343273292855456 -0.040154505788153619 0.010695024655270054
leaf_weight=7.7086897706613007 49.090396210318431 13.240121096372603 10.100856983801348 91.892198780784383 16.586705643916503 52.967358798254281
leaf_count=148 261 28 48 345 239 278
internal_value=-0.000821725 0.00936064 -0.00561345 -0.00232341 -0.0109884 0.00160515
internal_weight=241.586 31.0497 17.8095 210.537 65.6771 144.86
internal_count=1347 224 196 1123 500 623
is_linear=0
shrinkage=0.03


Tree=361
num_leaves=6
num_cat=0
split_feature=12 16 7 14 16
split_gain=7.71434 9.52953 7.93017 7.8323 4.03188
threshold=27.850000000000005 19.174442190669374 65.500000000000014 1.1825474821923402e-22 17.85696040868455
decision_type=2 2 2 2 2
left_child=1 4 3 -2 -1
right_child=2 -3 -4 -5 -6
leaf_value=-0.01914718702653908 0.011409490042869253 -0.04802525416949003 0.034019060764748581 -0.0016758926214223337 0.014730354279998527
leaf_weight=6.3633011970669049 56.417120180092752 6.0768407853320232 7.1375371366739264 152.30804105626885 6.2841539345681667
leaf_count=32 342 29 11 877 17
internal_value=0.00132206 -0.0171496 0.00292432 0.00186101 -0.00231442
internal_weight=234.587 18.7243 215.863 208.725 12.6475
internal_count=1308 78 1230 1219 49
is_linear=0
shrinkage=0.03


Tree=362
num_leaves=8
num_cat=0
split_feature=18 20 18 18 20 17 18
split_gain=8.80114 6.91018 8.41452 7.13575 6.76827 9.13326 4.17706
threshold=158.50000000000003 7.9500000000000011 202.50000000000003 165.50000000000003 11.64977454245494 13.891353689366598 152.50000000000003
decision_type=2 2 2 2 2 2 2
left_child=4 2 -2 -3 6 -6 -1
right_child=1 3 -4 -5 5 -7 -8
leaf_value=0.0094427159638354255 -0.06871337500973157 -0.042841106204630192 -0.012435064004419826 -0.0013040050407692855 -0.055870650969823889 0.0083619696835434375 0.033923963891276575
leaf_weight=48.918066907674074 2.9839518694207063 3.8151325486833221 12.033802384976296 152.95022194128251 3.2297680610790831 5.1999308709055185 7.1951992725953451
leaf_count=159 17 30 63 976 40 23 15
internal_value=-0.000628493 -0.00417719 -0.0236173 -0.00231488 0.00881648 -0.0162482 0.0125819
internal_weight=236.326 171.783 15.0178 156.765 64.543 8.4297 56.1133
internal_count=1323 1086 80 1006 237 63 174
is_linear=0
shrinkage=0.03


Tree=363
num_leaves=7
num_cat=0
split_feature=10 20 24 10 11 13
split_gain=5.42389 7.10435 5.9603 4.59567 4.91764 2.96793
threshold=-0.039359364158821832 9.1500000000000004 1.0500000000000003 -0.017258561576828313 9.3500000000000032 0.81002590309704026
decision_type=2 2 2 2 2 2
left_child=1 -1 -3 5 -5 -2
right_child=3 2 -4 4 -6 -7
leaf_value=0.011451618590685676 0.026155099860045564 -0.059313657942006597 -0.010617446989525591 -0.012261574309442521 0.0023409285173478446 0.0024908759609237161
leaf_weight=5.0287680123001328 11.03689207788557 4.1816904251463693 4.9280376173555851 23.454508445225656 180.40919366228627 8.4004423534497601
leaf_count=17 25 25 23 95 1118 27
internal_value=0.000848908 -0.0171706 -0.0329707 0.00198983 0.000660911 0.0159279
internal_weight=237.44 14.1385 9.10973 223.301 203.864 19.4373
internal_count=1330 65 48 1265 1213 52
is_linear=0
shrinkage=0.03


Tree=364
num_leaves=8
num_cat=0
split_feature=3 0 20 20 18 12 14
split_gain=4.64453 5.78862 6.4808 5.06168 8.32612 6.41595 4.79775
threshold=15.500000000000002 83.500000000000014 13.950000000000001 11.64977454245494 238.50000000000003 35.95000000000001 1.4107439172480668e-23
decision_type=2 2 2 2 2 2 2
left_child=1 2 -1 5 -5 -2 -3
right_child=3 6 -4 4 -6 -7 -8
leaf_value=-0.00082950659143404305 -0.0043668605782758154 0.0384122390456067 0.02985898446220878 -0.0063769022016380641 -0.050190045764110278 0.011538053714359099 0.0096401159225177491
leaf_weight=70.074051220435649 79.628991790115833 7.6213081330060986 6.7937054869253179 20.816984758246694 4.8047018630895755 31.999653417617083 16.52698914334178
leaf_count=672 269 14 57 100 57 96 50
internal_value=0.0010257 0.00590797 0.0018828 -0.00256765 -0.014593 0.000192469 0.0187207
internal_weight=238.266 101.016 76.8678 137.25 25.6217 111.629 24.1483
internal_count=1315 793 729 522 157 365 64
is_linear=0
shrinkage=0.03


Tree=365
num_leaves=8
num_cat=0
split_feature=10 0 15 10 10 17 10
split_gain=5.39319 7.40251 11.3012 5.6028 5.51133 12.6255 5.36277
threshold=-2.5795803609221989e-16 62.500000000000007 36.361111111111121 -0.031468602089813412 -8.990038321089747e-17 30.700000000000006 -7.6723331756677813e-17
decision_type=2 2 2 2 2 2 2
left_child=1 2 -1 -3 5 -2 -6
right_child=4 3 -4 -5 6 -7 -8
leaf_value=0.013117944188247018 -0.028891841480480299 -6.9788169075364566e-05 -0.054592001162744819 0.021732375799683044 0.031376196312518471 0.035416550670058188 -0.0002502661760550737
leaf_weight=5.3089114595204574 14.600897734868342 16.050806850194927 3.8111482947133482 31.286050961352888 4.9689265498891464 3.3845198377966872 167.01598375587491
leaf_count=24 142 50 43 65 21 5 983
internal_value=0.00143049 0.00957161 -0.0151771 0.0143398 -0.00098895 -0.0167902 0.000663474
internal_weight=246.427 56.4569 9.12006 47.3369 189.97 17.9854 171.985
internal_count=1333 182 67 115 1151 147 1004
is_linear=0
shrinkage=0.03


Tree=366
num_leaves=4
num_cat=0
split_feature=19 19 23
split_gain=5.21617 5.02983 5.52165
threshold=2.4500000000000006 3.7500000000000004 58.000000000000007
decision_type=2 2 2
left_child=-1 -2 -3
right_child=1 2 -4
leaf_value=0.023245257765626328 -0.032804796899381164 0.020187285914252201 -0.0013133008260475354
leaf_weight=8.381237783469258 4.3492433964274815 11.318866112269459 213.91644219087902
leaf_count=20 30 29 1264
internal_value=-1.22483e-06 -0.000849863 -0.000232821
internal_weight=237.966 229.585 225.235
internal_count=1343 1323 1293
is_linear=0
shrinkage=0.03


Tree=367
num_leaves=5
num_cat=0
split_feature=3 17 0 22
split_gain=8.11325 7.26029 8.97709 6.23961
threshold=63.500000000000007 11.450000000000001 84.500000000000014 13.727874724494662
decision_type=2 2 2 2
left_child=1 2 -1 -3
right_child=-2 3 -4 -5
leaf_value=-0.00095531595990654139 0.03164939315481205 -0.0072234537672806265 0.032905586487325 0.0038567479386526294
leaf_weight=17.486328866565604 6.9463178664445868 129.25814527185867 11.802982762455938 70.792284071212634
leaf_count=196 12 826 22 272
internal_value=-0.000292596 -0.00126007 0.0126899 -0.00330248
internal_weight=236.286 229.34 29.2893 200.05
internal_count=1328 1316 218 1098
is_linear=0
shrinkage=0.03


Tree=368
num_leaves=4
num_cat=0
split_feature=23 23 18
split_gain=5.06894 5.46902 10.1844
threshold=35.000000000000007 58.000000000000007 87.500000000000014
decision_type=2 2 2
left_child=-1 -2 -3
right_child=1 2 -4
leaf_value=-0.032359195381110276 0.022018776796699939 -0.065097774031854613 0.00041511981124438437
leaf_weight=4.2310776552185407 10.421560415532438 2.1560717336833468 225.08999696013052
leaf_count=21 30 15 1269
internal_value=0.000188672 0.000768106 -0.000206455
internal_weight=241.899 237.668 227.246
internal_count=1335 1314 1284
is_linear=0
shrinkage=0.03


Tree=369
num_leaves=5
num_cat=0
split_feature=20 20 9 16
split_gain=5.86153 6.28331 10.2319 3.89366
threshold=15.15 12.750000000000002 1.5000000000000002 18.106203007518801
decision_type=2 2 2 2
left_child=1 3 -3 -1
right_child=-2 2 -4 -5
leaf_value=-0.0033101330572997971 0.038507987209992919 0.0058341332358359923 -0.040517035462341755 0.004786913896149065
leaf_weight=94.127633651485667 3.5954019404016426 8.4873116314411181 8.6593389287590963 123.68227142898832
leaf_count=596 14 45 204 485
internal_value=0.000492968 -8.87536e-05 -0.017574 0.00128773
internal_weight=238.552 234.957 17.1467 217.81
internal_count=1344 1330 249 1081
is_linear=0
shrinkage=0.03


Tree=370
num_leaves=8
num_cat=0
split_feature=17 12 20 16 23 0 20
split_gain=4.78407 10.7957 9.80597 11.1999 7.86523 7.75826 7.13383
threshold=13.395122025559912 37.45000000000001 9.9500000000000011 17.983870967741939 158.50000000000003 77.500000000000014 10.350000000000003
decision_type=2 2 2 2 2 2 2
left_child=2 6 3 -1 -4 -3 -2
right_child=1 5 4 -5 -6 -7 -8
leaf_value=-0.01818555108398668 0.00068031266454559648 -7.1860031854647575e-05 -0.033985950897905085 0.015756438394091989 -0.0075431420931694557 0.022985686082434981 -0.021236845852876565
leaf_weight=12.603219995740799 65.369763504248112 22.392475736676715 13.379040785832329 28.614466999191791 41.606930118054152 31.762856960296631 16.80108577106148
leaf_count=91 230 199 142 73 426 70 94
internal_value=-0.000562203 0.00305262 -0.00568462 0.00537792 -0.0139771 0.0134517 -0.00380099
internal_weight=232.53 136.326 96.2037 41.2177 54.986 54.1553 82.1708
internal_count=1325 593 732 164 568 269 324
is_linear=0
shrinkage=0.03


Tree=371
num_leaves=7
num_cat=0
split_feature=20 20 23 17 22 21
split_gain=3.70714 6.96739 5.07253 3.70072 3.69496 2.17225
threshold=13.950000000000001 13.050000000000002 196.50000000000003 11.750000000000002 13.361973972804606 0.49169607701043111
decision_type=2 2 2 2 2 2
left_child=1 3 -2 -1 -3 -4
right_child=2 4 5 -5 -6 -7
leaf_value=0.010474603886424299 -0.020848562880369296 -0.043035409419827073 0.012786674509345548 0.00020416207446741734 0.0067456020006177644 0.043290236462422943
leaf_weight=37.9376267765183 2.2655010449234387 4.8170346311526364 3.796183336991815 188.28565590147628 1.86009209533222 4.7055624797940254
leaf_count=241 32 102 37 891 14 12
internal_value=0.00183069 0.00103506 0.0190404 0.00192651 -0.0291676 0.0296698
internal_weight=243.668 232.9 10.7672 226.223 6.67713 8.50175
internal_count=1329 1248 81 1132 116 49
is_linear=0
shrinkage=0.03


Tree=372
num_leaves=5
num_cat=0
split_feature=19 14 14 17
split_gain=3.65366 5.03602 7.343 5.10153
threshold=3.2500000000000004 1.1825474821923402e-22 7.6939561636187029e-24 20.107403160789548
decision_type=2 2 2 2
left_child=-1 2 -2 -3
right_child=1 3 -4 -5
leaf_value=0.019271394984432175 0.0045515673518053534 0.0012793163339361868 0.031764799241247949 -0.01463995292552377
leaf_weight=11.56993445381522 49.907626269327011 150.76249062747229 10.867040328681467 20.592037726193666
leaf_count=33 313 836 39 82
internal_value=0.00281791 0.00199783 0.00941753 -0.000633736
internal_weight=243.699 232.129 60.7747 171.355
internal_count=1303 1270 352 918
is_linear=0
shrinkage=0.03


Tree=373
num_leaves=7
num_cat=0
split_feature=14 14 14 19 10 0
split_gain=6.38732 8.94059 7.29 7.15754 5.30418 0.370782
threshold=3.9140662874604723e-25 2.0469570061820052e-23 4.7261583672093421e-26 2.7500000000000004 7.9691135198220552e-18 85.500000000000014
decision_type=2 2 2 2 2 2
left_child=2 5 4 -3 -1 -2
right_child=1 3 -4 -5 -6 -7
leaf_value=0.011021768003841815 -0.036618263460610152 0.023920466128352018 0.034749868171036695 -0.0041584128060625789 -0.013061676096487609 -0.053496069136405609
leaf_weight=25.121153507847339 2.4254963346756986 8.5801381627097708 7.9611443241010411 171.11982317920774 12.240964832366442 2.2657943069934845
leaf_count=140 47 21 34 994 92 11
internal_value=-0.00140493 -0.00388508 0.00868518 -0.00281773 0.0031313 -0.0447699
internal_weight=229.715 184.391 45.3233 179.7 37.3621 4.69129
internal_count=1339 1073 266 1015 232 58
is_linear=0
shrinkage=0.03


Tree=374
num_leaves=7
num_cat=0
split_feature=0 17 11 23 15 23
split_gain=3.384 7.12912 6.36516 4.5594 7.17932 5.71984
threshold=86.500000000000014 11.450000000000001 12.65 275.50000000000006 36.861111111111121 253.50000000000003
decision_type=2 2 2 2 2 2
left_child=3 -2 -3 5 -5 -1
right_child=1 2 -4 4 -6 -7
leaf_value=-0.00067436065911048531 0.031827715118939108 -0.0031762810147346024 0.018332846930653603 -0.037601056468999604 0.01119329763250051 0.024101637822693537
leaf_weight=151.91185447666794 9.2200308553874475 40.291234008967876 17.876214541494846 7.0729820819105935 4.4034171303501353 8.8761792790610325
leaf_count=965 18 125 42 97 29 59
internal_value=0.00161911 0.00731884 0.00343398 -0.000610548 -0.018879 0.000693379
internal_weight=239.652 67.3875 58.1674 172.264 11.4764 160.788
internal_count=1335 185 167 1150 126 1024
is_linear=0
shrinkage=0.03


Tree=375
num_leaves=8
num_cat=0
split_feature=17 22 24 6 10 7 14
split_gain=4.61749 6.32378 10.1113 5.28673 5.1509 7.84416 4.94346
threshold=11.750000000000002 12.739948218989413 2.5500000000000003 1.186207745328435e-19 -4.0447500017867857e-17 45.500000000000007 2.068982525310773e-22
decision_type=2 2 2 2 2 2 2
left_child=4 2 -2 -3 5 -1 -6
right_child=1 3 -4 -5 6 -7 -8
leaf_value=-0.022866248498590345 -0.009819580852971117 0.017799928461854634 0.034970728963392962 0.001105557692138397 0.032812606029821952 0.033134957245486901 0.0074976225049226556
leaf_weight=7.8023835760541242 72.77251382637769 20.569441920146346 4.8376469463109961 100.41247862053569 11.411871122429149 3.1639354079961777 17.726908076903783
leaf_count=93 501 71 10 445 57 5 134
internal_value=0.00153129 -0.000343786 -0.00702768 0.00394395 0.0108163 -0.00670912 0.0174119
internal_weight=238.697 198.592 77.6102 120.982 40.1051 10.9663 29.1388
internal_count=1316 1027 511 516 289 98 191
is_linear=0
shrinkage=0.03


Tree=376
num_leaves=7
num_cat=0
split_feature=15 7 19 23 23 0
split_gain=4.83887 7.64041 4.05604 6.76166 6.34951 0.154282
threshold=37.305555555555564 22.106904677394294 13.15 108.50000000000001 283.50000000000006 76.500000000000014
decision_type=2 2 2 2 2 2
left_child=2 5 4 -4 -1 -2
right_child=1 -3 3 -5 -6 -7
leaf_value=0.0017388086808773327 -0.044202662110086659 0.014568838066523215 -0.027711738484968534 0.01414205191105713 -0.030445492818583879 -0.056036494831926367
leaf_weight=181.46493028581608 2.125364459236152 2.8562392834573984 3.7852248586714259 42.247503502760082 5.6898723086342207 1.8586151450872419
leaf_count=994 38 11 16 193 61 8
internal_value=0.00199305 -0.0228772 0.00272259 0.0107005 0.000760343 -0.0497234
internal_weight=240.028 6.84022 233.188 46.0327 187.155 3.98398
internal_count=1321 57 1264 209 1055 46
is_linear=0
shrinkage=0.03


Tree=377
num_leaves=7
num_cat=0
split_feature=19 10 13 22 17 5
split_gain=4.53178 8.78162 10.3088 6.91245 7.34835 4.47123
threshold=10.350000000000003 -0.092429700563408518 0.95000000000000007 10.548976403577937 11.750000000000002 8.5000000000000018
decision_type=2 2 2 2 2 2
left_child=1 -1 -3 5 -5 -2
right_child=3 2 -4 4 -6 -7
leaf_value=0.034788794165675561 -0.064579991621493527 -0.012855911826062893 0.0039806693041442463 0.024588004576269591 0.0029045862395423927 -0.0029483914867409707
leaf_weight=5.2486112415790549 2.0185668980702749 68.276837564713787 62.865319077158347 17.235894013429061 76.488016824354418 2.2295339286793023
leaf_count=13 16 577 246 72 379 26
internal_value=0.00027354 -0.00326211 -0.004785 0.00519566 0.00689218 -0.0322338
internal_weight=234.363 136.391 131.142 97.972 93.7239 4.2481
internal_count=1329 836 823 493 451 42
is_linear=0
shrinkage=0.03


Tree=378
num_leaves=5
num_cat=0
split_feature=12 20 14 14
split_gain=6.8991 4.98345 9.08603 4.82622
threshold=25.250000000000004 7.5500000000000007 3.0682008744854222e-05 3.9140662874604723e-25
decision_type=2 2 2 2
left_child=-1 2 -2 -3
right_child=1 3 -4 -5
leaf_value=0.022238772308408532 -0.044857118820721319 0.0092286019167360945 0.0039200885881177467 -0.0022545351717851705
leaf_weight=11.990241698920725 6.3753810510970634 41.168521817016881 7.4573452398180962 164.81372656289022
leaf_count=25 39 256 30 986
internal_value=7.87301e-05 -0.00113003 -0.0185609 4.05353e-05
internal_weight=231.805 219.815 13.8327 205.982
internal_count=1336 1311 69 1242
is_linear=0
shrinkage=0.03


Tree=379
num_leaves=7
num_cat=0
split_feature=11 3 11 23 3 18
split_gain=5.0657 13.2297 6.13567 4.96525 5.27049 5.0079
threshold=11.350000000000003 44.500000000000007 11.950000000000001 285.50000000000006 44.500000000000007 423.50000000000006
decision_type=2 2 2 2 2 2
left_child=3 2 -2 4 -1 -5
right_child=1 -3 -4 5 -6 -7
leaf_value=0.0044542370452039619 -0.016816988534670653 -0.071446823003426321 0.0011043373122069406 -0.039280640375078849 0.022924450688290961 0.0070998704706001841
leaf_weight=80.815507026854903 20.471750528551638 2.5001726364716879 107.36795734590851 4.2522883778437954 16.793689474463463 4.130322951823473
leaf_count=285 120 15 832 32 32 16
internal_value=0.000858613 -0.00310214 -0.00176551 0.00572921 0.00763204 -0.0164278
internal_weight=236.332 130.34 127.84 105.992 97.6092 8.38261
internal_count=1332 967 952 365 317 48
is_linear=0
shrinkage=0.03


Tree=380
num_leaves=4
num_cat=0
split_feature=23 23 18
split_gain=5.93231 7.59552 6.08924
threshold=35.000000000000007 58.000000000000007 104.50000000000001
decision_type=2 2 2
left_child=-1 -2 -3
right_child=1 2 -4
leaf_value=-0.033310560877696703 0.026141457478597151 -0.031143085907550667 0.0012030753940436157
leaf_weight=4.4598577450960866 10.834681456908582 5.3701161406934252 212.80714884912595
leaf_count=22 28 30 1250
internal_value=0.000957097 0.00162444 0.000406922
internal_weight=233.472 229.012 218.177
internal_count=1330 1308 1280
is_linear=0
shrinkage=0.03


Tree=381
num_leaves=7
num_cat=0
split_feature=20 23 16 20 12 23
split_gain=4.61371 3.82065 3.36877 5.81291 2.80827 1.48733
threshold=13.950000000000001 196.50000000000003 14.58854166666667 7.7500000000000009 25.250000000000004 214.50000000000003
decision_type=2 2 2 2 2 2
left_child=2 -2 3 -1 -4 -3
right_child=1 5 4 -5 -6 -7
leaf_value=0.0355215462723113 -0.015851301435067619 0.042790982901957118 0.015420148718971511 -0.034991179233899154 0.00065744303888736963 0.017659274704787727
leaf_weight=1.3237255662679661 2.0253052294719955 4.1675491826608759 12.257061857730148 5.1297743653994985 215.38504431920592 4.3123754456173629
leaf_count=2 33 12 28 92 1144 40
internal_value=0.00171919 0.0211688 0.000846377 -0.0205278 0.00145232 0.0300105
internal_weight=244.601 10.5052 234.096 6.4535 227.642 8.47992
internal_count=1351 85 1266 94 1172 52
is_linear=0
shrinkage=0.03


Tree=382
num_leaves=8
num_cat=0
split_feature=18 19 18 20 22 23 20
split_gain=5.28894 10.5071 11.2277 8.69215 5.31844 8.91555 7.35195
threshold=158.50000000000003 10.350000000000003 175.50000000000003 11.350000000000003 13.850000000000003 133.50000000000003 10.700185191285511
decision_type=2 2 2 2 2 2 2
left_child=4 3 -3 -2 6 -6 -1
right_child=1 2 -4 -5 5 -7 -8
leaf_value=0.008292438121294033 -0.016960541496402557 -0.04614036082938458 0.0072224651813506489 0.0033714077338733691 0.007546169014120912 0.046320993322715956 -0.022982956622603794
leaf_weight=26.714523839764297 54.13279394840356 3.7034063143655649 84.888457457185723 29.095145528030116 19.818116428330544 7.3038052208721629 9.058258669683708
leaf_count=84 357 24 428 276 63 10 81
internal_value=0.000525791 -0.00219883 0.00499174 -0.00985282 0.00796909 0.017988 0.000372992
internal_weight=234.715 171.82 88.5919 83.2279 62.8947 27.1219 35.7728
internal_count=1323 1085 452 633 238 73 165
is_linear=0
shrinkage=0.03


Tree=383
num_leaves=8
num_cat=0
split_feature=10 4 7 12 21 0 10
split_gain=5.42411 8.7876 7.29081 4.65821 6.25065 5.74443 1.99672
threshold=0.053798539445588982 6.2308480693022697e-25 29.500000000000004 39.650000000000013 0.37105611154025714 46.500000000000007 0.13657242882375212
decision_type=2 2 2 2 2 2 2
left_child=3 2 -2 5 -5 -1 -3
right_child=1 6 -4 4 -6 -7 -8
leaf_value=-0.03628903957857222 -0.030380329475911176 -0.0018117105958069611 0.00090463505655204233 -0.00067135946395748664 0.022830042907773847 0.00048583239695257341 0.020869383563079356
leaf_weight=3.9279430857859543 18.722305050352592 6.8514443244785053 10.444071495905517 20.567476623458788 20.178015270153992 142.87677707639523 7.1270683100447059
leaf_count=105 197 25 29 257 98 615 18
internal_value=-0.000213647 -0.00980457 -0.0191776 0.00199269 0.010967 -0.000498125 0.00975245
internal_weight=230.695 43.1449 29.1664 187.55 40.7455 146.805 13.9785
internal_count=1344 269 226 1075 355 720 43
is_linear=0
shrinkage=0.03


Tree=384
num_leaves=5
num_cat=0
split_feature=13 5 19 12
split_gain=4.27481 4.08708 9.35458 6.00555
threshold=0.35000000000000003 13.500000000000002 12.050000000000002 33.250000000000007
decision_type=2 2 2 2
left_child=-1 3 -3 -2
right_child=1 2 -4 -5
leaf_value=0.030054638820745234 0.01022382072438347 -0.0016478615413257854 -0.031891642658590402 -0.0020230360939235011
leaf_weight=4.2293361760675898 55.313080880790949 56.65238235151628 10.989934539771637 103.40701695089228
leaf_count=10 173 501 103 549
internal_value=0.000171661 -0.00038667 -0.00656161 0.00224493
internal_weight=230.592 226.362 67.6423 158.72
internal_count=1336 1326 604 722
is_linear=0
shrinkage=0.03


Tree=385
num_leaves=8
num_cat=0
split_feature=0 22 4 8 4 22 2
split_gain=6.00927 5.67771 4.11967 4.7306 3.36936 2.88908 2.31894
threshold=37.500000000000007 13.450000000000001 0.14401864594698063 1.5000000000000002 0.99999999996230382 12.505137156758233 1.5000000000000002
decision_type=2 2 2 2 2 2 2
left_child=1 5 3 -2 -4 -1 -3
right_child=2 6 4 -5 -6 -7 -8
leaf_value=-0.026230767738749276 -0.02790569872252506 0.032312895273264544 0.037823906129054612 0.0016838312476281979 0.0057344042053766083 -0.070876224705848298 -0.012538683992198315
leaf_weight=4.6614781797397864 4.9794380646198979 1.7526070475578306 5.0057415738701803 207.52476587088313 7.152821097522974 1.8114429753040893 2.5425598635338247
leaf_count=149 24 6 10 988 39 58 47
internal_value=0.0009129 -0.0209797 0.00196221 0.000990484 0.0189458 -0.0387248 0.00576263
internal_weight=235.431 10.7681 224.663 212.504 12.1586 6.47292 4.29517
internal_count=1321 260 1061 1012 49 207 53
is_linear=0
shrinkage=0.03


Tree=386
num_leaves=7
num_cat=0
split_feature=0 10 10 0 10 18
split_gain=7.02959 5.09099 8.26452 6.57388 4.5814 4.34155
threshold=49.500000000000007 -2.5795803609221989e-16 -1.4072942146751597e-16 74.500000000000014 -0.025124898255208489 201.50000000000003
decision_type=2 2 2 2 2 2
left_child=4 3 -3 -2 -1 -6
right_child=1 2 -4 -5 5 -7
leaf_value=0.015375431618839801 -0.0044003283708690675 -0.032290526391768569 0.0016307981646022963 0.019216540239057986 -0.0044565182370410765 -0.03769080160159935
leaf_weight=3.2460643551312414 15.882996407337485 6.7231477233581236 167.83123019558843 31.937619261443615 6.0080753347137934 8.6035685861133953
leaf_count=19 70 63 753 68 93 284
internal_value=0.00124589 0.00270015 0.000324282 0.0113725 -0.0168634 -0.0240254
internal_weight=240.233 222.375 174.554 47.8206 17.8577 14.6116
internal_count=1350 954 816 138 396 377
is_linear=0
shrinkage=0.03


Tree=387
num_leaves=4
num_cat=0
split_feature=12 13 12
split_gain=3.88551 4.9354 4.68356
threshold=25.350000000000005 0.35000000000000003 26.950000000000003
decision_type=2 2 2
left_child=-1 -2 -3
right_child=1 2 -4
leaf_value=0.015030253319047985 0.033940560607281477 -0.029647841539279612 -0.0012281011356078189
leaf_weight=13.841834887862204 3.5074548739939919 5.3519908282905808 209.85673588945065
leaf_count=32 11 28 1259
internal_value=-0.000384029 -0.00135955 -0.00193487
internal_weight=232.558 218.716 215.209
internal_count=1330 1298 1287
is_linear=0
shrinkage=0.03


Tree=388
num_leaves=7
num_cat=0
split_feature=24 13 5 16 16 6
split_gain=7.82142 16.8012 5.83658 5.02595 7.71602 4.50523
threshold=1.6500000000000001 1.8500000000000003 4.5000000000000009 25.150268336314848 24.043560606060613 0.99999993280445099
decision_type=2 2 2 2 2 2
left_child=3 2 -2 4 -1 -3
right_child=1 5 -4 -5 -6 -7
leaf_value=0.0012540886114171537 -0.0099841346087895209 0.016666047627823765 -0.057497171433757099 0.021024572553079362 -0.043166370186334277 -0.014049984562384557
leaf_weight=184.2668207960669 3.2799826338887241 9.8509792387485522 8.0077534811571223 11.278496491722761 3.5879354625940314 7.6234946986660352
leaf_count=1134 14 26 52 29 24 35
internal_value=-0.000538711 -0.0151624 -0.0436909 0.00157349 0.000405679 0.00326573
internal_weight=227.895 28.7622 11.2877 199.133 187.855 17.4745
internal_count=1314 127 66 1187 1158 61
is_linear=0
shrinkage=0.03


Tree=389
num_leaves=6
num_cat=0
split_feature=21 13 19 10 21
split_gain=4.42526 6.39649 4.22648 4.33155 1.77396
threshold=1.644504125348863 0.51643594767341361 2.7500000000000004 -0.0338291265575636 1.9562385687196022
decision_type=2 2 2 2 2
left_child=2 -2 -1 -4 -3
right_child=1 4 3 -5 -6
leaf_value=0.020588744963277256 0.019457085128353861 -0.047292669163536652 -0.014402272676127519 0.0026222640756514036 -0.017209460989426988
leaf_weight=10.953704783692954 2.9125686623156053 3.8050030302256346 14.411007846239952 201.78477519197622 3.2891326961107552
leaf_count=27 9 34 65 1179 31
internal_value=0.00154844 -0.0179762 0.00240857 0.00148746 -0.0333449
internal_weight=237.156 10.0067 227.149 216.196 7.09414
internal_count=1345 74 1271 1244 65
is_linear=0
shrinkage=0.03


Tree=390
num_leaves=5
num_cat=0
split_feature=24 17 0 20
split_gain=3.78595 5.20821 8.38857 6.92325
threshold=5.0500000000000007 11.450000000000001 67.500000000000014 10.250000000000002
decision_type=2 2 2 2
left_child=1 2 -1 -3
right_child=-2 3 -4 -5
leaf_value=-0.025085089197660403 -0.028340062664594851 0.0041233414624836156 0.020038759094614056 -0.0069174700996017299
leaf_weight=4.3943213899619904 4.0606396421790114 115.36849840451032 23.733693004120141 91.778808504866902
leaf_count=135 21 431 83 674
internal_value=0.000380677 0.000876371 0.0129893 -0.000768407
internal_weight=239.336 235.275 28.128 207.147
internal_count=1344 1323 218 1105
is_linear=0
shrinkage=0.03


Tree=391
num_leaves=7
num_cat=0
split_feature=10 16 16 0 20 16
split_gain=4.06312 10.8477 6.86013 5.12014 5.13814 4.9634
threshold=-0.031468602089813412 19.723636363636366 18.014705882352946 34.500000000000007 7.9500000000000011 20.037749287749293
decision_type=2 2 2 2 2 2
left_child=1 2 -1 4 -2 -5
right_child=3 -3 -4 5 -6 -7
leaf_value=-0.017866663130388996 -0.064205162707821006 -0.045137335887612873 0.023282109824108659 0.00050313100421845521 -0.0078927256823047055 0.010434587393768888
leaf_weight=7.2698732623830455 1.8397431592456976 6.0042890757322303 7.3157531544566154 140.57160016545095 7.0330005479045212 66.816073915688321
leaf_count=36 13 31 18 784 207 233
internal_value=0.00153563 -0.0111987 0.00277244 0.00274805 -0.019569 0.00370284
internal_weight=236.85 20.5899 14.5856 216.26 8.87274 207.388
internal_count=1322 85 54 1237 220 1017
is_linear=0
shrinkage=0.03


Tree=392
num_leaves=7
num_cat=0
split_feature=22 22 5 20 15 5
split_gain=3.78766 11.0775 5.68888 5.33344 4.19113 3.38125
threshold=15.250000000000002 14.704137237679953 12.500000000000002 6.5500000000000007 36.472222222222229 14.500000000000002
decision_type=2 2 2 2 2 2
left_child=1 3 4 -1 -2 -4
right_child=2 -3 5 -5 -6 -7
leaf_value=-0.030112613021992501 0.0034675735061257813 -0.043428201722431205 -0.024026159782933019 0.0012243033862635367 0.030147356592728367 0.0052498609443727634
leaf_weight=5.0151323187164953 8.8181391144171375 5.3222806660924098 5.1093208678066739 192.93359616835369 13.27925352938473 11.637941726483405
leaf_count=21 31 33 24 1166 30 40
internal_value=0.00092231 -0.00071799 0.00950587 0.000430367 0.0195006 -0.00368178
internal_weight=242.116 203.271 38.8447 197.949 22.0974 16.7473
internal_count=1345 1220 125 1187 61 64
is_linear=0
shrinkage=0.03


Tree=393
num_leaves=6
num_cat=0
split_feature=13 24 15 4 6
split_gain=3.62343 7.18309 11.4762 4.57097 3.01157
threshold=1.8500000000000003 1.6500000000000001 36.250000000000007 1.1162680223507022e-12 0.99999999690331343
decision_type=2 2 2 2 2
left_child=1 3 -3 -1 -2
right_child=4 2 -4 -5 -6
leaf_value=-0.00087883643583059321 0.021327960324714963 0.0081698931571073212 -0.042804095705977506 0.013109349920431614 -0.0025751576670894546
leaf_weight=178.66850539983716 12.80464877933264 7.1775298472493914 8.9091434925794584 23.828600908629596 7.5355055248364797
leaf_count=1126 32 24 50 84 30
internal_value=0.000361374 -0.000765615 -0.0200606 0.000767206 0.0124725
internal_weight=238.924 218.584 16.0867 202.497 20.3402
internal_count=1346 1284 74 1210 62
is_linear=0
shrinkage=0.03


Tree=394
num_leaves=4
num_cat=0
split_feature=24 13 24
split_gain=5.84646 5.02216 4.9372
threshold=3.5500000000000003 1.8500000000000003 1.6500000000000001
decision_type=2 2 2
left_child=1 2 -1
right_child=-2 -3 -4
leaf_value=0.0020925020979226804 -0.032848246985821672 0.02124898513019207 -0.014695139218427959
leaf_weight=194.03278765309369 4.4786553876474491 11.308500263839958 17.161320785060525
leaf_count=1184 26 28 69
internal_value=0.00108821 0.00177131 0.000728363
internal_weight=226.981 222.503 211.194
internal_count=1307 1281 1253
is_linear=0
shrinkage=0.03


Tree=395
num_leaves=5
num_cat=0
split_feature=19 19 3 19
split_gain=6.75849 4.32563 8.65794 6.18915
threshold=2.7500000000000004 8.4500000000000011 7.5000000000000009 8.7500000000000018
decision_type=2 2 2 2
left_child=-1 2 -2 -3
right_child=1 3 -4 -5
leaf_value=0.024953052113413192 0.023398724417802889 0.023732089422433749 -0.0093970911777227755 0.00081067474109142591
leaf_weight=9.8364584688097221 8.0615314744645712 11.516568619641474 71.499684973910917 133.51575916487491
leaf_count=22 74 44 461 739
internal_value=0.000613148 -0.00045286 -0.00607406 0.00263079
internal_weight=234.43 224.594 79.5612 145.032
internal_count=1340 1318 535 783
is_linear=0
shrinkage=0.03


Tree=396
num_leaves=8
num_cat=0
split_feature=14 15 12 11 0 5 14
split_gain=6.06538 9.31358 7.88093 9.736 6.30199 5.6501 5.02659
threshold=3.9140662874604723e-25 36.69444444444445 38.850000000000001 12.950000000000001 71.500000000000014 14.500000000000002 1.0513829913859381e-31
decision_type=2 2 2 2 2 2 2
left_child=1 4 3 -2 -1 -4 -3
right_child=2 6 5 -5 -6 -7 -8
leaf_value=-0.0016742379370281511 -0.0045037649271615892 0.0080394572722563631 0.009674107200710054 -0.045002316568543109 0.023727487267528206 -0.03452148664559624 -0.044017520971910563
leaf_weight=13.046746157342566 121.69505987176672 2.858032730408012 51.005004395847209 5.5878025240963316 26.941895098425448 2.7434312612749627 4.0139626997406594
leaf_count=114 569 10 307 62 73 112 64
internal_value=0.000275933 0.00989556 -0.00221414 -0.00628168 0.0154399 0.00741827 -0.0223673
internal_weight=227.892 46.8606 181.031 127.283 39.9886 53.7484 6.872
internal_count=1311 261 1050 631 187 419 74
is_linear=0
shrinkage=0.03


Tree=397
num_leaves=7
num_cat=0
split_feature=14 14 14 19 3 13
split_gain=3.85734 9.64822 6.36594 6.24367 5.80364 0.280762
threshold=6.6211535279572973e-17 1.8626520165501188e-15 2.4586471907475776e-17 13.15 10.500000000000002 0.95000000000000007
decision_type=2 2 2 2 2 2
left_child=2 5 4 -3 -1 -2
right_child=1 3 -4 -5 -6 -7
leaf_value=-0.020946836158153622 -0.037444186638690979 -0.0033496310966380704 0.038714017781333009 0.011197317603388572 0.0069787601547512566 -0.052257396210345898
leaf_weight=7.3955433683004221 2.8938490707660085 122.06079031247646 5.1700141249457365 33.937766808085144 71.001488353358582 1.9126496557146309
leaf_count=145 41 628 20 148 366 13
internal_value=0.00124231 -0.0014748 0.00647075 -0.000184916 0.00434441 -0.0433388
internal_weight=244.372 160.805 83.567 155.999 78.397 4.8065
internal_count=1361 830 531 776 511 54
is_linear=0
shrinkage=0.03


Tree=398
num_leaves=7
num_cat=0
split_feature=20 20 14 23 15 6
split_gain=3.52743 3.65564 12.9323 2.86168 1.59074 1.68396
threshold=14.250000000000002 12.750000000000002 0.88260051715473675 229.50000000000003 36.138888888888893 3.3557747518817134e-05
decision_type=2 2 2 2 2 2
left_child=1 3 -3 -1 -2 -6
right_child=4 2 -4 -5 5 -7
leaf_value=0.0041879901702192484 0.039413176788742656 -0.040901127495486939 0.01670916999748023 -0.0048703105150384096 0.030148336985086878 -0.004602932100371296
leaf_weight=178.46961670799647 2.9484248417429617 7.2925653785932791 6.7554161106236279 38.087095130584203 2.3602918535470963 2.6798315176274627
leaf_count=834 9 167 27 242 5 45
internal_value=0.00231175 0.00163282 -0.0131974 0.00259485 0.0219102 0.0116711
internal_weight=238.593 230.605 14.048 216.557 7.98855 5.04012
internal_count=1329 1270 194 1076 59 50
is_linear=0
shrinkage=0.03


Tree=399
num_leaves=4
num_cat=0
split_feature=12 12 13
split_gain=6.26177 8.31996 3.99809
threshold=25.250000000000004 26.800000000000001 0.35000000000000003
decision_type=2 2 2
left_child=-1 -2 -3
right_child=1 2 -4
leaf_value=0.019863597146626749 -0.045229914412881218 0.029542113301863113 -0.0023600316839542429
leaf_weight=11.74316720664501 4.0491308933123937 3.5969256423413745 207.16717845405219
leaf_count=25 26 10 1282
internal_value=-0.00146781 -0.00263393 -0.00181559
internal_weight=226.556 214.813 210.764
internal_count=1343 1318 1292
is_linear=0
shrinkage=0.03


end of trees

feature_importances:
admission_age=247
wbc_min=149
rr_mean=137
hemoglobin_min=122
bun_min=119
pt_min=115
platelet_min=115
motor_slope=108
pt_max=108
temp_min=107
prob_m1=103
platelet_max=89
creatinine_min=88
gcs_total_first=87
bun_max=72
prob_m2=70
hematocrit_max=62
gcs_eye_first=61
hemoglobin_max=61
prob_m3=60
motor_sd=55
creatinine_max=55
motor_last=48
motor_max=46
gcs_motor_first=7

parameters:
[boosting: gbdt]
[objective: binary]
[metric: binary_logloss]
[tree_learner: serial]
[device_type: cpu]
[data_sample_strategy: bagging]
[data: ]
[valid: ]
[num_iterations: 400]
[learning_rate: 0.03]
[num_leaves: 15]
[num_threads: 4]
[seed: 42]
[deterministic: 0]
[force_col_wise: 0]
[force_row_wise: 0]
[histogram_pool_size: -1]
[max_depth: 3]
[min_data_in_leaf: 20]
[min_sum_hessian_in_leaf: 0.001]
[bagging_fraction: 0.8]
[pos_bagging_fraction: 1]
[neg_bagging_fraction: 1]
[bagging_freq: 1]
[bagging_seed: 400]
[bagging_by_query: 0]
[feature_fraction: 0.8]
[feature_fraction_bynode: 1]
[feature_fraction_seed: 30056]
[extra_trees: 0]
[extra_seed: 12879]
[early_stopping_round: 0]
[early_stopping_min_delta: 0]
[first_metric_only: 0]
[max_delta_step: 0]
[lambda_l1: 0]
[lambda_l2: 0]
[linear_lambda: 0]
[min_gain_to_split: 0]
[drop_rate: 0.1]
[max_drop: 50]
[skip_drop: 0.5]
[xgboost_dart_mode: 0]
[uniform_drop: 0]
[drop_seed: 17869]
[top_rate: 0.2]
[other_rate: 0.1]
[min_data_per_group: 100]
[max_cat_threshold: 32]
[cat_l2: 10]
[cat_smooth: 10]
[max_cat_to_onehot: 4]
[top_k: 20]
[monotone_constraints: ]
[monotone_constraints_method: basic]
[monotone_penalty: 0]
[feature_contri: ]
[forcedsplits_filename: ]
[refit_decay_rate: 0.9]
[cegb_tradeoff: 1]
[cegb_penalty_split: 0]
[cegb_penalty_feature_lazy: ]
[cegb_penalty_feature_coupled: ]
[path_smooth: 0]
[interaction_constraints: ]
[verbosity: -1]
[saved_feature_importance_type: 0]
[use_quantized_grad: 0]
[num_grad_quant_bins: 4]
[quant_train_renew_leaf: 0]
[stochastic_rounding: 1]
[linear_tree: 0]
[max_bin: 255]
[max_bin_by_feature: ]
[min_data_in_bin: 3]
[bin_construct_sample_cnt: 200000]
[data_random_seed: 175]
[is_enable_sparse: 1]
[enable_bundle: 1]
[use_missing: 1]
[zero_as_missing: 0]
[feature_pre_filter: 1]
[pre_partition: 0]
[two_round: 0]
[header: 0]
[label_column: ]
[weight_column: ]
[group_column: ]
[ignore_column: ]
[categorical_feature: ]
[forcedbins_filename: ]
[precise_float_parser: 0]
[parser_config_file: ]
[objective_seed: 16083]
[num_class: 1]
[is_unbalance: 0]
[scale_pos_weight: 5.69758]
[sigmoid: 1]
[boost_from_average: 1]
[reg_sqrt: 0]
[alpha: 0.9]
[fair_c: 1]
[poisson_max_delta_step: 0.7]
[tweedie_variance_power: 1.5]
[lambdarank_truncation_level: 30]
[lambdarank_norm: 1]
[label_gain: ]
[lambdarank_position_bias_regularization: 0]
[eval_at: ]
[multi_error_top_k: 1]
[auc_mu_weights: ]
[num_machines: 1]
[local_listen_port: 12400]
[time_out: 120]
[machine_list_filename: ]
[machines: ]
[gpu_platform_id: -1]
[gpu_device_id: -1]
[gpu_device_id_list: ]
[gpu_use_dp: 0]
[num_gpu: 1]

end of parameters

pandas_categorical:[]
